ISO-10303-21;
HEADER;
FILE_DESCRIPTION (( 'STEP AP203' ),
    '1' );
FILE_NAME ('8080.STEP',
    '2026-09-03T07:25:55',
    ( 'YSGS' ),
    ( 'HP' ),
    'SwSTEP 2.0',
    'SolidWorks 2021',
    '' );
FILE_SCHEMA (( 'CONFIG_CONTROL_DESIGN' ));
ENDSEC;

DATA;
#1 = LINE ( 'NONE', #1173, #5155 ) ;
#2 = AXIS2_PLACEMENT_3D ( 'NONE', #323, #349, #1154 ) ;
#3 = CARTESIAN_POINT ( 'NONE',  ( 59.00000000000000000, 0.000000000000000000, -5.099999999999996092 ) ) ;
#4 = EDGE_LOOP ( 'NONE', ( #879, #528, #5190, #1530 ) ) ;
#5 = EDGE_CURVE ( 'NONE', #3063, #4497, #4032, .T. ) ;
#6 = EDGE_LOOP ( 'NONE', ( #4138, #5108, #3768, #3311 ) ) ;
#7 = DIRECTION ( 'NONE',  ( -1.000000000000000000, 0.000000000000000000, -0.000000000000000000 ) ) ;
#8 = DIRECTION ( 'NONE',  ( -0.000000000000000000, -1.000000000000000000, -0.000000000000000000 ) ) ;
#9 = DIRECTION ( 'NONE',  ( -0.000000000000000000, -1.000000000000000000, -0.000000000000000000 ) ) ;
#10 = EDGE_LOOP ( 'NONE', ( #1692, #2446 ) ) ;
#11 = DIRECTION ( 'NONE',  ( 0.000000000000000000, 0.000000000000000000, -1.000000000000000000 ) ) ;
#12 = APPROVAL_STATUS ( 'not_yet_approved' ) ;
#13 = DIRECTION ( 'NONE',  ( -0.000000000000000000, -1.000000000000000000, -0.000000000000000000 ) ) ;
#14 = EDGE_CURVE ( 'NONE', #88, #5024, #4884, .T. ) ;
#15 = CARTESIAN_POINT ( 'NONE',  ( -20.00000000000000711, 0.000000000000000000, 15.99999999999997691 ) ) ;
#16 = VERTEX_POINT ( 'NONE', #5179 ) ;
#17 = AXIS2_PLACEMENT_3D ( 'NONE', #2255, #3913, #976 ) ;
#18 = LINE ( 'NONE', #4135, #5041 ) ;
#19 = CARTESIAN_POINT ( 'NONE',  ( 35.89999999999999147, 1500.000000000000000, 18.99999999999999645 ) ) ;
#20 = ORIENTED_EDGE ( 'NONE', *, *, #2149, .T. ) ;
#21 = DIRECTION ( 'NONE',  ( -0.000000000000000000, -1.000000000000000000, -0.000000000000000000 ) ) ;
#22 = ORIENTED_EDGE ( 'NONE', *, *, #1076, .F. ) ;
#23 = CIRCLE ( 'NONE', #709, 3.999999999999996447 ) ;
#24 = DIRECTION ( 'NONE',  ( 0.7071067811865474617, 0.000000000000000000, -0.7071067811865474617 ) ) ;
#25 = CYLINDRICAL_SURFACE ( 'NONE', #1162, 3.399999999999999023 ) ;
#26 = DIRECTION ( 'NONE',  ( 0.000000000000000000, 1.000000000000000000, -0.000000000000000000 ) ) ;
#27 = ORIENTED_EDGE ( 'NONE', *, *, #345, .F. ) ;
#28 = VECTOR ( 'NONE', #4546, 1000.000000000000000 ) ;
#29 = EDGE_LOOP ( 'NONE', ( #479, #592, #3176, #1004 ) ) ;
#30 = ADVANCED_FACE ( 'NONE', ( #5261 ), #1619, .F. ) ;
#31 = CARTESIAN_POINT ( 'NONE',  ( 32.59999999999998721, 1500.000000000000000, -32.59999999999998721 ) ) ;
#32 = CARTESIAN_POINT ( 'NONE',  ( -19.00000000000000711, 1500.000000000000000, -34.89999999999999147 ) ) ;
#33 = PLANE ( 'NONE',  #2682 ) ;
#34 = EDGE_LOOP ( 'NONE', ( #4618, #5126, #123, #3298 ) ) ;
#35 = DIRECTION ( 'NONE',  ( -0.7071067811865477948, 0.000000000000000000, -0.7071067811865473507 ) ) ;
#36 =( NAMED_UNIT ( * ) PLANE_ANGLE_UNIT ( ) SI_UNIT ( $, .RADIAN. ) );
#37 = ADVANCED_FACE ( 'NONE', ( #813 ), #4056, .T. ) ;
#38 = EDGE_CURVE ( 'NONE', #4802, #288, #2166, .T. ) ;
#39 = PLANE ( 'NONE',  #2368 ) ;
#40 = VECTOR ( 'NONE', #534, 1000.000000000000000 ) ;
#41 = DIRECTION ( 'NONE',  ( 0.000000000000000000, 0.000000000000000000, 1.000000000000000000 ) ) ;
#42 = LINE ( 'NONE', #2542, #3400 ) ;
#43 = CARTESIAN_POINT ( 'NONE',  ( -13.79289321881344144, 1500.000000000000000, -29.03553390593274841 ) ) ;
#44 = AXIS2_PLACEMENT_3D ( 'NONE', #697, #3142, #3522 ) ;
#45 = CARTESIAN_POINT ( 'NONE',  ( -7.400000000000003908, 0.000000000000000000, -4.571572875253809620 ) ) ;
#46 = ORIENTED_EDGE ( 'NONE', *, *, #593, .F. ) ;
#47 = DIRECTION ( 'NONE',  ( 0.000000000000000000, 0.000000000000000000, 1.000000000000000000 ) ) ;
#48 = LINE ( 'NONE', #4565, #2578 ) ;
#49 = EDGE_CURVE ( 'NONE', #5049, #4224, #1700, .T. ) ;
#50 = CARTESIAN_POINT ( 'NONE',  ( 34.89999999999999147, 0.000000000000000000, -56.50000000000000711 ) ) ;
#51 = ADVANCED_FACE ( 'NONE', ( #3778 ), #119, .F. ) ;
#52 = LINE ( 'NONE', #848, #3538 ) ;
#53 = VERTEX_POINT ( 'NONE', #4529 ) ;
#54 = ORIENTED_EDGE ( 'NONE', *, *, #3990, .T. ) ;
#55 = AXIS2_PLACEMENT_3D ( 'NONE', #4399, #1108, #1588 ) ;
#56 = FACE_OUTER_BOUND ( 'NONE', #1698, .T. ) ;
#57 = DIRECTION ( 'NONE',  ( -0.000000000000000000, -0.000000000000000000, 1.000000000000000000 ) ) ;
#58 = CARTESIAN_POINT ( 'NONE',  ( 55.49999999999999289, 1500.000000000000000, -50.25735931288068770 ) ) ;
#59 = ORIENTED_EDGE ( 'NONE', *, *, #896, .T. ) ;
#60 = VERTEX_POINT ( 'NONE', #837 ) ;
#61 = DIRECTION ( 'NONE',  ( 0.000000000000000000, 0.000000000000000000, 1.000000000000000000 ) ) ;
#62 = VECTOR ( 'NONE', #1171, 1000.000000000000000 ) ;
#63 = DIRECTION ( 'NONE',  ( -1.000000000000000000, 0.000000000000000000, -3.363588555182245366E-16 ) ) ;
#64 = FACE_OUTER_BOUND ( 'NONE', #2073, .T. ) ;
#65 = VECTOR ( 'NONE', #4161, 1000.000000000000000 ) ;
#66 = ORIENTED_EDGE ( 'NONE', *, *, #345, .T. ) ;
#67 = LINE ( 'NONE', #888, #4491 ) ;
#68 = ADVANCED_FACE ( 'NONE', ( #436 ), #2488, .T. ) ;
#69 = CARTESIAN_POINT ( 'NONE',  ( 59.00000000000000000, 0.000000000000000000, -45.10000000000000142 ) ) ;
#70 = LINE ( 'NONE', #43, #4096 ) ;
#71 = VECTOR ( 'NONE', #859, 1000.000000000000000 ) ;
#72 = DIRECTION ( 'NONE',  ( -3.469446951953634896E-16, 0.000000000000000000, -1.000000000000000000 ) ) ;
#73 = ORIENTED_EDGE ( 'NONE', *, *, #2429, .T. ) ;
#74 = ORIENTED_EDGE ( 'NONE', *, *, #5243, .T. ) ;
#75 = CARTESIAN_POINT ( 'NONE',  ( -13.79289321881344144, 1500.000000000000000, -10.96446609406724448 ) ) ;
#76 = AXIS2_PLACEMENT_3D ( 'NONE', #2187, #1452, #3077 ) ;
#77 = DIRECTION ( 'NONE',  ( -0.000000000000000000, -1.000000000000000000, -0.000000000000000000 ) ) ;
#78 = CARTESIAN_POINT ( 'NONE',  ( 60.00000000000000000, 1500.000000000000000, -45.10000000000000853 ) ) ;
#79 = FACE_OUTER_BOUND ( 'NONE', #714, .T. ) ;
#80 = EDGE_CURVE ( 'NONE', #333, #3599, #5174, .T. ) ;
#81 = ORIENTED_EDGE ( 'NONE', *, *, #4926, .T. ) ;
#82 = ORIENTED_EDGE ( 'NONE', *, *, #1064, .F. ) ;
#83 = VECTOR ( 'NONE', #3253, 1000.000000000000000 ) ;
#84 = DIRECTION ( 'NONE',  ( 0.000000000000000000, 0.000000000000000000, -1.000000000000000000 ) ) ;
#85 = LINE ( 'NONE', #3309, #1907 ) ;
#86 = LINE ( 'NONE', #2131, #4197 ) ;
#87 = ORIENTED_EDGE ( 'NONE', *, *, #3210, .F. ) ;
#88 = VERTEX_POINT ( 'NONE', #1371 ) ;
#89 = DIRECTION ( 'NONE',  ( 0.000000000000000000, 0.000000000000000000, -1.000000000000000000 ) ) ;
#90 = CARTESIAN_POINT ( 'NONE',  ( -14.50000000000000533, 1500.000000000000000, -11.25735931288071612 ) ) ;
#91 = CARTESIAN_POINT ( 'NONE',  ( 55.49999999999999289, 0.000000000000000000, 5.100000000000010303 ) ) ;
#92 = ORIENTED_EDGE ( 'NONE', *, *, #5078, .T. ) ;
#93 = CARTESIAN_POINT ( 'NONE',  ( 34.89999999999998437, 1500.000000000000000, -60.00000000000000000 ) ) ;
#94 = CARTESIAN_POINT ( 'NONE',  ( -14.50000000000000000, 1500.000000000000000, -51.25735931288070901 ) ) ;
#95 = CARTESIAN_POINT ( 'NONE',  ( -15.50000000000000355, 0.000000000000000000, 5.100000000000010303 ) ) ;
#96 = EDGE_CURVE ( 'NONE', #1905, #3855, #42, .T. ) ;
#97 = CARTESIAN_POINT ( 'NONE',  ( -4.100000000000006750, 1500.000000000000000, -56.49999999999999289 ) ) ;
#98 = VERTEX_POINT ( 'NONE', #4105 ) ;
#99 = ORIENTED_EDGE ( 'NONE', *, *, #2505, .T. ) ;
#100 = DIRECTION ( 'NONE',  ( -0.000000000000000000, -1.000000000000000000, -0.000000000000000000 ) ) ;
#101 = CARTESIAN_POINT ( 'NONE',  ( 56.49999999999999289, 1500.000000000000000, 4.100000000000003197 ) ) ;
#102 = PLANE ( 'NONE',  #2249 ) ;
#103 = DIRECTION ( 'NONE',  ( 1.000000000000000000, 0.000000000000000000, -0.000000000000000000 ) ) ;
#104 = ORIENTED_EDGE ( 'NONE', *, *, #2806, .T. ) ;
#105 = VECTOR ( 'NONE', #3009, 1000.000000000000000 ) ;
#106 = PRODUCT_DEFINITION ( '未知', '', #1535, #502 ) ;
#107 = LINE ( 'NONE', #3816, #935 ) ;
#108 = CARTESIAN_POINT ( 'NONE',  ( 53.79289321881343255, 1500.000000000000000, -29.03553390593274841 ) ) ;
#109 = VECTOR ( 'NONE', #3973, 1000.000000000000000 ) ;
#110 = DIRECTION ( 'NONE',  ( 1.000000000000000000, 0.000000000000000000, 0.000000000000000000 ) ) ;
#111 = ORIENTED_EDGE ( 'NONE', *, *, #283, .F. ) ;
#112 = VERTEX_POINT ( 'NONE', #1346 ) ;
#113 = CARTESIAN_POINT ( 'NONE',  ( 56.49999999999999289, 0.000000000000000000, -45.10000000000000142 ) ) ;
#114 = CARTESIAN_POINT ( 'NONE',  ( -20.00000000000000711, 1500.000000000000000, -55.99999999999997868 ) ) ;
#115 = EDGE_CURVE ( 'NONE', #1114, #3694, #1786, .T. ) ;
#116 = VERTEX_POINT ( 'NONE', #4934 ) ;
#117 = PLANE ( 'NONE',  #5008 ) ;
#118 = AXIS2_PLACEMENT_3D ( 'NONE', #1846, #241, #5082 ) ;
#119 = PLANE ( 'NONE',  #2198 ) ;
#120 = DIRECTION ( 'NONE',  ( 0.000000000000000000, 0.000000000000000000, -1.000000000000000000 ) ) ;
#121 = AXIS2_PLACEMENT_3D ( 'NONE', #2768, #2423, #3198 ) ;
#122 = DIRECTION ( 'NONE',  ( 0.000000000000000000, 0.000000000000000000, 1.000000000000000000 ) ) ;
#123 = ORIENTED_EDGE ( 'NONE', *, *, #2489, .F. ) ;
#124 = VECTOR ( 'NONE', #1383, 1000.000000000000000 ) ;
#125 = ORIENTED_EDGE ( 'NONE', *, *, #4926, .F. ) ;
#126 = FACE_OUTER_BOUND ( 'NONE', #192, .T. ) ;
#127 = VECTOR ( 'NONE', #1356, 1000.000000000000000 ) ;
#128 = ADVANCED_FACE ( 'NONE', ( #2892 ), #1290, .F. ) ;
#129 = CARTESIAN_POINT ( 'NONE',  ( -20.00000000000000711, 1500.000000000000000, 5.100000000000010303 ) ) ;
#130 = EDGE_CURVE ( 'NONE', #5061, #2642, #3724, .T. ) ;
#131 = AXIS2_PLACEMENT_3D ( 'NONE', #4367, #5142, #1503 ) ;
#132 = DIRECTION ( 'NONE',  ( 0.000000000000000000, 0.000000000000000000, -1.000000000000000000 ) ) ;
#133 = DIRECTION ( 'NONE',  ( -0.000000000000000000, -1.000000000000000000, -0.000000000000000000 ) ) ;
#134 = ORIENTED_EDGE ( 'NONE', *, *, #1189, .F. ) ;
#135 = EDGE_CURVE ( 'NONE', #3552, #4700, #4134, .T. ) ;
#136 = EDGE_CURVE ( 'NONE', #2857, #2769, #1101, .T. ) ;
#137 = FACE_OUTER_BOUND ( 'NONE', #3234, .T. ) ;
#138 = CARTESIAN_POINT ( 'NONE',  ( 55.99999999999997158, 0.000000000000000000, 20.00000000000000355 ) ) ;
#139 = DIRECTION ( 'NONE',  ( -0.000000000000000000, -1.000000000000000000, 0.000000000000000000 ) ) ;
#140 = ORIENTED_EDGE ( 'NONE', *, *, #503, .F. ) ;
#141 = ORIENTED_EDGE ( 'NONE', *, *, #1459, .T. ) ;
#142 = VECTOR ( 'NONE', #383, 1000.000000000000000 ) ;
#143 = FACE_OUTER_BOUND ( 'NONE', #2547, .T. ) ;
#144 = AXIS2_PLACEMENT_3D ( 'NONE', #3968, #4814, #1998 ) ;
#145 = FACE_OUTER_BOUND ( 'NONE', #1333, .T. ) ;
#146 = VERTEX_POINT ( 'NONE', #1779 ) ;
#147 = EDGE_CURVE ( 'NONE', #968, #2688, #3294, .T. ) ;
#148 = CARTESIAN_POINT ( 'NONE',  ( 47.39999999999999147, 0.000000000000000000, 4.571572875253811397 ) ) ;
#149 = DIRECTION ( 'NONE',  ( -0.000000000000000000, -1.000000000000000000, -0.000000000000000000 ) ) ;
#150 = ADVANCED_FACE ( 'NONE', ( #2063 ), #2139, .T. ) ;
#151 = LINE ( 'NONE', #3460, #3137 ) ;
#152 = DIRECTION ( 'NONE',  ( 0.000000000000000000, 0.000000000000000000, -1.000000000000000000 ) ) ;
#153 = ORIENTED_EDGE ( 'NONE', *, *, #437, .T. ) ;
#154 = CARTESIAN_POINT ( 'NONE',  ( 45.09999999999998721, 0.000000000000000000, -59.00000000000000000 ) ) ;
#155 = VERTEX_POINT ( 'NONE', #4987 ) ;
#156 = CARTESIAN_POINT ( 'NONE',  ( -19.00000000000000000, 0.000000000000000000, 4.100000000000003197 ) ) ;
#157 = PLANE ( 'NONE',  #4694 ) ;
#158 = DIRECTION ( 'NONE',  ( 0.000000000000000000, 0.000000000000000000, 1.000000000000000000 ) ) ;
#159 = PLANE ( 'NONE',  #642 ) ;
#160 = AXIS2_PLACEMENT_3D ( 'NONE', #3266, #1243, #2465 ) ;
#161 = ORIENTED_EDGE ( 'NONE', *, *, #4904, .F. ) ;
#162 = VECTOR ( 'NONE', #3159, 1000.000000000000000 ) ;
#163 = CARTESIAN_POINT ( 'NONE',  ( -14.50000000000000000, 1500.000000000000000, -51.25735931288070901 ) ) ;
#164 = DIRECTION ( 'NONE',  ( -0.000000000000000000, -1.000000000000000000, -0.000000000000000000 ) ) ;
#165 = LINE ( 'NONE', #1337, #4622 ) ;
#166 = EDGE_CURVE ( 'NONE', #649, #2903, #4583, .T. ) ;
#167 = ORIENTED_EDGE ( 'NONE', *, *, #2884, .T. ) ;
#168 = AXIS2_PLACEMENT_3D ( 'NONE', #3264, #4055, #3751 ) ;
#169 = ORIENTED_EDGE ( 'NONE', *, *, #537, .T. ) ;
#170 = DIRECTION ( 'NONE',  ( 0.000000000000000000, 0.000000000000000000, 1.000000000000000000 ) ) ;
#171 = VECTOR ( 'NONE', #959, 1000.000000000000000 ) ;
#172 = DIRECTION ( 'NONE',  ( 0.000000000000000000, 0.000000000000000000, -1.000000000000000000 ) ) ;
#173 = VECTOR ( 'NONE', #4385, 1000.000000000000000 ) ;
#174 = CC_DESIGN_APPROVAL ( #493, ( #1111 ) ) ;
#175 = VERTEX_POINT ( 'NONE', #4478 ) ;
#176 = CARTESIAN_POINT ( 'NONE',  ( 55.50000000000000000, 1500.000000000000000, -18.32842712474619162 ) ) ;
#177 = DIRECTION ( 'NONE',  ( -1.000000000000000000, -0.000000000000000000, -0.000000000000000000 ) ) ;
#178 = DIRECTION ( 'NONE',  ( 0.000000000000000000, 0.000000000000000000, -1.000000000000000000 ) ) ;
#179 = FACE_OUTER_BOUND ( 'NONE', #1434, .T. ) ;
#180 = ORIENTED_EDGE ( 'NONE', *, *, #982, .F. ) ;
#181 = DIRECTION ( 'NONE',  ( 0.7071067811865476838, -0.000000000000000000, -0.7071067811865474617 ) ) ;
#182 = ORIENTED_EDGE ( 'NONE', *, *, #2671, .F. ) ;
#183 = VERTEX_POINT ( 'NONE', #1264 ) ;
#184 = CARTESIAN_POINT ( 'NONE',  ( 50.25735931288071612, 0.000000000000000000, -54.50000000000000711 ) ) ;
#185 = CARTESIAN_POINT ( 'NONE',  ( 34.89999999999998437, 1500.000000000000000, -55.50000000000000711 ) ) ;
#186 = ORIENTED_EDGE ( 'NONE', *, *, #2326, .F. ) ;
#187 = EDGE_CURVE ( 'NONE', #3579, #3306, #3731, .T. ) ;
#188 = AXIS2_PLACEMENT_3D ( 'NONE', #113, #1825, #2562 ) ;
#189 = CARTESIAN_POINT ( 'NONE',  ( 34.89999999999999147, 1500.000000000000000, 19.00000000000000355 ) ) ;
#190 = DIRECTION ( 'NONE',  ( 0.000000000000000000, 0.000000000000000000, 1.000000000000000000 ) ) ;
#191 = DIRECTION ( 'NONE',  ( 0.000000000000000000, 1.000000000000000000, 0.000000000000000000 ) ) ;
#192 = EDGE_LOOP ( 'NONE', ( #1770, #4446, #4927, #1557 ) ) ;
#193 = ORIENTED_EDGE ( 'NONE', *, *, #4359, .F. ) ;
#194 = DIRECTION ( 'NONE',  ( 0.000000000000000000, 0.000000000000000000, 1.000000000000000000 ) ) ;
#195 = AXIS2_PLACEMENT_3D ( 'NONE', #1624, #3648, #4430 ) ;
#196 = LINE ( 'NONE', #539, #927 ) ;
#197 = ORIENTED_EDGE ( 'NONE', *, *, #1288, .F. ) ;
#198 = DIRECTION ( 'NONE',  ( -1.000000000000000000, 0.000000000000000000, 0.000000000000000000 ) ) ;
#199 = DIRECTION ( 'NONE',  ( 0.000000000000000000, 0.000000000000000000, -1.000000000000000000 ) ) ;
#200 = ADVANCED_FACE ( 'NONE', ( #2091 ), #4610, .F. ) ;
#201 = EDGE_CURVE ( 'NONE', #4670, #1295, #4322, .T. ) ;
#202 = DIRECTION ( 'NONE',  ( -0.000000000000000000, -0.000000000000000000, -1.000000000000000000 ) ) ;
#203 = ORIENTED_EDGE ( 'NONE', *, *, #767, .T. ) ;
#204 = DIRECTION ( 'NONE',  ( 1.000000000000000000, -0.000000000000000000, -1.897293910993923175E-16 ) ) ;
#205 = EDGE_LOOP ( 'NONE', ( #3544, #663, #1968, #2959 ) ) ;
#206 = ORIENTED_EDGE ( 'NONE', *, *, #532, .T. ) ;
#207 = CIRCLE ( 'NONE', #121, 1.000000000000000888 ) ;
#208 = CARTESIAN_POINT ( 'NONE',  ( 34.89999999999999147, 1500.000000000000000, 16.50000000000000355 ) ) ;
#209 = CARTESIAN_POINT ( 'NONE',  ( -7.400000000000003020, 1500.000000000000000, -44.57157287525380696 ) ) ;
#210 = AXIS2_PLACEMENT_3D ( 'NONE', #2842, #4962, #815 ) ;
#211 = VECTOR ( 'NONE', #4117, 1000.000000000000000 ) ;
#212 = EDGE_LOOP ( 'NONE', ( #5117, #3490, #1977, #4672 ) ) ;
#213 = CARTESIAN_POINT ( 'NONE',  ( -20.00000000000000711, 1500.000000000000000, 15.99999999999997691 ) ) ;
#214 = VECTOR ( 'NONE', #1329, 1000.000000000000000 ) ;
#215 = EDGE_CURVE ( 'NONE', #2978, #4683, #4211, .T. ) ;
#216 = CIRCLE ( 'NONE', #3367, 0.9999999999999940048 ) ;
#217 = EDGE_CURVE ( 'NONE', #4802, #4303, #1029, .T. ) ;
#218 = DIRECTION ( 'NONE',  ( -3.363588555182245366E-16, 0.000000000000000000, 1.000000000000000000 ) ) ;
#219 = CARTESIAN_POINT ( 'NONE',  ( 56.49999999999999289, 1500.000000000000000, -4.099999999999996092 ) ) ;
#220 = VECTOR ( 'NONE', #5046, 1000.000000000000000 ) ;
#221 = LINE ( 'NONE', #2666, #2676 ) ;
#222 = ORIENTED_EDGE ( 'NONE', *, *, #997, .F. ) ;
#223 = ORIENTED_EDGE ( 'NONE', *, *, #1285, .F. ) ;
#224 = CARTESIAN_POINT ( 'NONE',  ( 4.571572875253802515, 0.000000000000000000, 7.399999999999996803 ) ) ;
#225 = CARTESIAN_POINT ( 'NONE',  ( -14.50000000000000533, 1500.000000000000000, -29.74264068711928033 ) ) ;
#226 = EDGE_LOOP ( 'NONE', ( #1219, #2706, #3122, #4044 ) ) ;
#227 = ORIENTED_EDGE ( 'NONE', *, *, #3212, .T. ) ;
#228 = CARTESIAN_POINT ( 'NONE',  ( -10.25735931288070013, 1500.000000000000000, -55.50000000000000711 ) ) ;
#229 = CARTESIAN_POINT ( 'NONE',  ( -15.50000000000000711, 1500.000000000000000, -29.74264068711930165 ) ) ;
#230 = EDGE_CURVE ( 'NONE', #3336, #3351, #1001, .T. ) ;
#231 = VECTOR ( 'NONE', #1710, 1000.000000000000000 ) ;
#232 = CIRCLE ( 'NONE', #1678, 1.000000000000000888 ) ;
#233 = DIRECTION ( 'NONE',  ( -0.000000000000000000, -1.000000000000000000, -0.000000000000000000 ) ) ;
#234 = EDGE_CURVE ( 'NONE', #3312, #3035, #4140, .T. ) ;
#235 = CARTESIAN_POINT ( 'NONE',  ( 55.50000000000000000, 0.000000000000000000, -10.25735931288069125 ) ) ;
#236 = ORIENTED_EDGE ( 'NONE', *, *, #2173, .F. ) ;
#237 = ORIENTED_EDGE ( 'NONE', *, *, #3115, .T. ) ;
#238 = CARTESIAN_POINT ( 'NONE',  ( 44.57157287525380696, 1500.000000000000000, 7.399999999999998579 ) ) ;
#239 = DIRECTION ( 'NONE',  ( 1.000000000000000000, 0.000000000000000000, -0.000000000000000000 ) ) ;
#240 = ORIENTED_EDGE ( 'NONE', *, *, #4208, .F. ) ;
#241 = DIRECTION ( 'NONE',  ( -1.000000000000000000, 0.000000000000000000, 3.363588555182249310E-16 ) ) ;
#242 = PLANE ( 'NONE',  #5181 ) ;
#243 = CARTESIAN_POINT ( 'NONE',  ( 58.99999999999998579, 1500.000000000000000, -35.89999999999999858 ) ) ;
#244 = EDGE_CURVE ( 'NONE', #2641, #1177, #2246, .T. ) ;
#245 = CARTESIAN_POINT ( 'NONE',  ( 54.50000000000000000, 1500.000000000000000, -10.25735931288071434 ) ) ;
#246 = ORIENTED_EDGE ( 'NONE', *, *, #2868, .F. ) ;
#247 = EDGE_LOOP ( 'NONE', ( #5153, #4442, #2307, #3257 ) ) ;
#248 = FACE_OUTER_BOUND ( 'NONE', #3634, .T. ) ;
#249 = ORIENTED_EDGE ( 'NONE', *, *, #4678, .F. ) ;
#250 = CIRCLE ( 'NONE', #2113, 1.000000000000000888 ) ;
#251 = DIRECTION ( 'NONE',  ( 0.000000000000000000, 1.000000000000000000, -0.000000000000000000 ) ) ;
#252 = AXIS2_PLACEMENT_3D ( 'NONE', #5149, #4801, #357 ) ;
#253 = ORIENTED_EDGE ( 'NONE', *, *, #341, .F. ) ;
#254 = ORIENTED_EDGE ( 'NONE', *, *, #830, .T. ) ;
#255 = DIRECTION ( 'NONE',  ( 1.000000000000000000, 0.000000000000000000, 0.000000000000000000 ) ) ;
#256 = DIRECTION ( 'NONE',  ( 9.486469554969614641E-17, 0.000000000000000000, 1.000000000000000000 ) ) ;
#257 = CARTESIAN_POINT ( 'NONE',  ( 35.42842712474618594, 1500.000000000000000, 7.399999999999996803 ) ) ;
#258 = VECTOR ( 'NONE', #2859, 1000.000000000000000 ) ;
#259 = DIRECTION ( 'NONE',  ( 0.000000000000000000, 0.000000000000000000, -1.000000000000000000 ) ) ;
#260 = VERTEX_POINT ( 'NONE', #2649 ) ;
#261 = ORIENTED_EDGE ( 'NONE', *, *, #3432, .T. ) ;
#262 = EDGE_LOOP ( 'NONE', ( #2965, #3532, #910, #5201 ) ) ;
#263 = EDGE_CURVE ( 'NONE', #4804, #2641, #1831, .T. ) ;
#264 = DIRECTION ( 'NONE',  ( -0.7071067811865475727, 0.000000000000000000, -0.7071067811865474617 ) ) ;
#265 = PLANE ( 'NONE',  #3451 ) ;
#266 = ORIENTED_EDGE ( 'NONE', *, *, #3252, .F. ) ;
#267 = CARTESIAN_POINT ( 'NONE',  ( 50.25735931288071612, 0.000000000000000000, 14.50000000000000178 ) ) ;
#268 = EDGE_CURVE ( 'NONE', #1537, #3153, #3082, .T. ) ;
#269 = CARTESIAN_POINT ( 'NONE',  ( 55.49999999999999289, 0.000000000000000000, -50.25735931288068770 ) ) ;
#270 = PLANE ( 'NONE',  #2591 ) ;
#271 = ORIENTED_EDGE ( 'NONE', *, *, #1476, .T. ) ;
#272 = ORIENTED_EDGE ( 'NONE', *, *, #782, .T. ) ;
#273 = VECTOR ( 'NONE', #1461, 1000.000000000000000 ) ;
#274 = VERTEX_POINT ( 'NONE', #2622 ) ;
#275 = DIRECTION ( 'NONE',  ( -0.000000000000000000, -1.000000000000000000, -0.000000000000000000 ) ) ;
#276 = DIRECTION ( 'NONE',  ( 0.000000000000000000, 0.000000000000000000, 1.000000000000000000 ) ) ;
#277 = VERTEX_POINT ( 'NONE', #2192 ) ;
#278 = DIRECTION ( 'NONE',  ( -1.000000000000000000, 0.000000000000000000, -0.000000000000000000 ) ) ;
#279 = LINE ( 'NONE', #5147, #1670 ) ;
#280 = AXIS2_PLACEMENT_3D ( 'NONE', #2174, #2097, #4192 ) ;
#281 = EDGE_CURVE ( 'NONE', #3770, #1172, #1602, .T. ) ;
#282 = DIRECTION ( 'NONE',  ( -1.000000000000000000, -0.000000000000000000, -0.000000000000000000 ) ) ;
#283 = EDGE_CURVE ( 'NONE', #1481, #4344, #4636, .T. ) ;
#284 = AXIS2_PLACEMENT_3D ( 'NONE', #4122, #476, #4949 ) ;
#285 = CARTESIAN_POINT ( 'NONE',  ( 47.39999999999999147, 0.000000000000000000, -4.571572875253809620 ) ) ;
#286 = VERTEX_POINT ( 'NONE', #4240 ) ;
#287 = ORIENTED_EDGE ( 'NONE', *, *, #2702, .T. ) ;
#288 = VERTEX_POINT ( 'NONE', #684 ) ;
#289 = CARTESIAN_POINT ( 'NONE',  ( 55.49999999999999289, 1500.000000000000000, 5.100000000000010303 ) ) ;
#290 = DIRECTION ( 'NONE',  ( 0.000000000000000000, 0.000000000000000000, -1.000000000000000000 ) ) ;
#291 = VERTEX_POINT ( 'NONE', #3535 ) ;
#292 = EDGE_CURVE ( 'NONE', #4901, #3680, #3884, .T. ) ;
#293 = DIRECTION ( 'NONE',  ( -0.000000000000000000, -1.000000000000000000, -0.000000000000000000 ) ) ;
#294 = DIRECTION ( 'NONE',  ( 0.000000000000000000, 0.000000000000000000, -1.000000000000000000 ) ) ;
#295 = EDGE_CURVE ( 'NONE', #405, #3983, #1890, .T. ) ;
#296 = AXIS2_PLACEMENT_3D ( 'NONE', #3995, #2851, #3167 ) ;
#297 = CARTESIAN_POINT ( 'NONE',  ( -15.50000000000000711, 1500.000000000000000, -21.67157287525380482 ) ) ;
#298 = ORIENTED_EDGE ( 'NONE', *, *, #5007, .T. ) ;
#299 = ORIENTED_EDGE ( 'NONE', *, *, #675, .T. ) ;
#300 = EDGE_CURVE ( 'NONE', #5214, #4690, #1861, .T. ) ;
#301 = VECTOR ( 'NONE', #2491, 1000.000000000000000 ) ;
#302 = CARTESIAN_POINT ( 'NONE',  ( 44.09999999999999432, 0.000000000000000000, -58.99999999999999289 ) ) ;
#303 = CARTESIAN_POINT ( 'NONE',  ( 4.099999999999992539, 0.000000000000000000, 16.50000000000001066 ) ) ;
#304 = ORIENTED_EDGE ( 'NONE', *, *, #4207, .T. ) ;
#305 = DIRECTION ( 'NONE',  ( 0.000000000000000000, 0.000000000000000000, -1.000000000000000000 ) ) ;
#306 = LINE ( 'NONE', #5230, #489 ) ;
#307 = EDGE_CURVE ( 'NONE', #4025, #2930, #1153, .T. ) ;
#308 = DIRECTION ( 'NONE',  ( -0.000000000000000000, -1.000000000000000000, -0.000000000000000000 ) ) ;
#309 = ORIENTED_EDGE ( 'NONE', *, *, #3272, .F. ) ;
#310 = CIRCLE ( 'NONE', #4637, 0.9999999999999940048 ) ;
#311 = ORIENTED_EDGE ( 'NONE', *, *, #3929, .T. ) ;
#312 = ORIENTED_EDGE ( 'NONE', *, *, #817, .F. ) ;
#313 = CARTESIAN_POINT ( 'NONE',  ( 55.99999999999997158, 1500.000000000000000, -60.00000000000000000 ) ) ;
#314 = FACE_OUTER_BOUND ( 'NONE', #3492, .T. ) ;
#315 = ORIENTED_EDGE ( 'NONE', *, *, #4896, .F. ) ;
#316 = LINE ( 'NONE', #4336, #2415 ) ;
#317 = CYLINDRICAL_SURFACE ( 'NONE', #3369, 1.000000000000000888 ) ;
#318 = DIRECTION ( 'NONE',  ( -0.000000000000000000, -1.000000000000000000, -0.000000000000000000 ) ) ;
#319 = ORIENTED_EDGE ( 'NONE', *, *, #2982, .T. ) ;
#320 = ORIENTED_EDGE ( 'NONE', *, *, #1406, .T. ) ;
#321 = VECTOR ( 'NONE', #512, 1000.000000000000000 ) ;
#322 = EDGE_CURVE ( 'NONE', #4846, #4804, #4297, .T. ) ;
#323 = CARTESIAN_POINT ( 'NONE',  ( -14.50000000000000533, 1500.000000000000000, -10.25735931288071434 ) ) ;
#324 = PLANE ( 'NONE',  #3621 ) ;
#325 = DIRECTION ( 'NONE',  ( 0.000000000000000000, 0.000000000000000000, -1.000000000000000000 ) ) ;
#326 = ORIENTED_EDGE ( 'NONE', *, *, #1522, .T. ) ;
#327 = CIRCLE ( 'NONE', #3224, 1.000000000000000888 ) ;
#328 = FACE_OUTER_BOUND ( 'NONE', #3062, .T. ) ;
#329 = VECTOR ( 'NONE', #2515, 1000.000000000000000 ) ;
#330 = LINE ( 'NONE', #759, #3981 ) ;
#331 = AXIS2_PLACEMENT_3D ( 'NONE', #2693, #2292, #618 ) ;
#332 = CYLINDRICAL_SURFACE ( 'NONE', #2973, 1.000000000000000888 ) ;
#333 = VERTEX_POINT ( 'NONE', #3934 ) ;
#334 = ORIENTED_EDGE ( 'NONE', *, *, #4809, .F. ) ;
#335 = ORIENTED_EDGE ( 'NONE', *, *, #484, .T. ) ;
#336 = VECTOR ( 'NONE', #4475, 1000.000000000000000 ) ;
#337 = CARTESIAN_POINT ( 'NONE',  ( -7.400000000000003020, 1500.000000000000000, -44.57157287525380696 ) ) ;
#338 = CYLINDRICAL_SURFACE ( 'NONE', #2848, 4.000000000000000000 ) ;
#339 = ORIENTED_EDGE ( 'NONE', *, *, #2263, .F. ) ;
#340 = DIRECTION ( 'NONE',  ( -0.000000000000000000, -1.000000000000000000, -0.000000000000000000 ) ) ;
#341 = EDGE_CURVE ( 'NONE', #2253, #3745, #2278, .T. ) ;
#342 = DIRECTION ( 'NONE',  ( -0.000000000000000000, -1.000000000000000000, -0.000000000000000000 ) ) ;
#343 = EDGE_CURVE ( 'NONE', #3136, #4727, #3430, .T. ) ;
#344 = DIRECTION ( 'NONE',  ( 0.000000000000000000, 1.000000000000000000, -0.000000000000000000 ) ) ;
#345 = EDGE_CURVE ( 'NONE', #4894, #3749, #279, .T. ) ;
#346 = ORIENTED_EDGE ( 'NONE', *, *, #4896, .T. ) ;
#347 = ORIENTED_EDGE ( 'NONE', *, *, #2231, .F. ) ;
#348 = ORIENTED_EDGE ( 'NONE', *, *, #1485, .T. ) ;
#349 = DIRECTION ( 'NONE',  ( -0.000000000000000000, -1.000000000000000000, -0.000000000000000000 ) ) ;
#350 = DIRECTION ( 'NONE',  ( -1.000000000000000000, 0.000000000000000000, 0.000000000000000000 ) ) ;
#351 = CARTESIAN_POINT ( 'NONE',  ( -19.00000000000000000, 1500.000000000000000, -4.099999999999996092 ) ) ;
#352 = ORIENTED_EDGE ( 'NONE', *, *, #4453, .T. ) ;
#353 = CARTESIAN_POINT ( 'NONE',  ( 5.100000000000000533, 1500.000000000000000, 20.00000000000000355 ) ) ;
#354 = CIRCLE ( 'NONE', #4171, 3.400000000000000355 ) ;
#355 = DIRECTION ( 'NONE',  ( 0.7071067811865477948, 0.000000000000000000, -0.7071067811865473507 ) ) ;
#356 = VECTOR ( 'NONE', #1595, 1000.000000000000000 ) ;
#357 = DIRECTION ( 'NONE',  ( 0.000000000000000000, 0.000000000000000000, -1.000000000000000000 ) ) ;
#358 = ORIENTED_EDGE ( 'NONE', *, *, #1251, .F. ) ;
#359 = EDGE_CURVE ( 'NONE', #2792, #4965, #2730, .T. ) ;
#360 = EDGE_CURVE ( 'NONE', #5017, #16, #3130, .T. ) ;
#361 = VERTEX_POINT ( 'NONE', #3092 ) ;
#362 = DIRECTION ( 'NONE',  ( 0.000000000000000000, 0.000000000000000000, -1.000000000000000000 ) ) ;
#363 = VECTOR ( 'NONE', #3714, 1000.000000000000000 ) ;
#364 = LINE ( 'NONE', #716, #3706 ) ;
#365 = EDGE_LOOP ( 'NONE', ( #1904, #197 ) ) ;
#366 = DIRECTION ( 'NONE',  ( -0.000000000000000000, -1.000000000000000000, -0.000000000000000000 ) ) ;
#367 = ORIENTED_EDGE ( 'NONE', *, *, #1797, .F. ) ;
#368 = DIRECTION ( 'NONE',  ( 2.690870844145801815E-15, -0.000000000000000000, 1.000000000000000000 ) ) ;
#369 = DIRECTION ( 'NONE',  ( -0.000000000000000000, -1.000000000000000000, -0.000000000000000000 ) ) ;
#370 = ADVANCED_FACE ( 'NONE', ( #5160 ), #1876, .F. ) ;
#371 = EDGE_LOOP ( 'NONE', ( #1228, #3284, #1021, #2480 ) ) ;
#372 = EDGE_LOOP ( 'NONE', ( #141, #568, #180, #4070 ) ) ;
#373 = ORIENTED_EDGE ( 'NONE', *, *, #4034, .F. ) ;
#374 = EDGE_CURVE ( 'NONE', #2797, #5061, #1413, .T. ) ;
#375 = EDGE_CURVE ( 'NONE', #4380, #2450, #5132, .T. ) ;
#376 = VECTOR ( 'NONE', #1498, 1000.000000000000000 ) ;
#377 = LINE ( 'NONE', #4873, #3145 ) ;
#378 = CARTESIAN_POINT ( 'NONE',  ( 32.59999999999998721, 0.000000000000000000, -7.400000000000003908 ) ) ;
#379 = FACE_OUTER_BOUND ( 'NONE', #4473, .T. ) ;
#380 = VECTOR ( 'NONE', #948, 1000.000000000000000 ) ;
#381 = VERTEX_POINT ( 'NONE', #2637 ) ;
#382 = AXIS2_PLACEMENT_3D ( 'NONE', #2026, #2448, #3576 ) ;
#383 = DIRECTION ( 'NONE',  ( -0.000000000000000000, -1.000000000000000000, -0.000000000000000000 ) ) ;
#384 = FACE_OUTER_BOUND ( 'NONE', #4045, .T. ) ;
#385 = FACE_OUTER_BOUND ( 'NONE', #2979, .T. ) ;
#386 = EDGE_LOOP ( 'NONE', ( #1051, #3558, #1512, #701 ) ) ;
#387 = ORIENTED_EDGE ( 'NONE', *, *, #4627, .T. ) ;
#388 = DIRECTION ( 'NONE',  ( 0.000000000000000000, 0.000000000000000000, 1.000000000000000000 ) ) ;
#389 = EDGE_CURVE ( 'NONE', #4224, #5159, #3710, .T. ) ;
#390 = CARTESIAN_POINT ( 'NONE',  ( 55.50000000000000000, 1500.000000000000000, -21.67157287525380482 ) ) ;
#391 = VECTOR ( 'NONE', #2752, 1000.000000000000000 ) ;
#392 = VERTEX_POINT ( 'NONE', #4311 ) ;
#393 = DIRECTION ( 'NONE',  ( -0.000000000000000000, -0.000000000000000000, -1.000000000000000000 ) ) ;
#394 = ORIENTED_EDGE ( 'NONE', *, *, #4238, .F. ) ;
#395 = AXIS2_PLACEMENT_3D ( 'NONE', #2719, #4227, #559 ) ;
#396 = LINE ( 'NONE', #2742, #1766 ) ;
#397 = DIRECTION ( 'NONE',  ( 0.000000000000000000, 0.000000000000000000, -1.000000000000000000 ) ) ;
#398 = ORIENTED_EDGE ( 'NONE', *, *, #5007, .F. ) ;
#399 = EDGE_LOOP ( 'NONE', ( #4508, #1814, #707, #2709 ) ) ;
#400 = ORIENTED_EDGE ( 'NONE', *, *, #4845, .T. ) ;
#401 = ADVANCED_FACE ( 'NONE', ( #4650 ), #4734, .F. ) ;
#402 = CARTESIAN_POINT ( 'NONE',  ( 50.25735931288068059, 1500.000000000000000, 15.50000000000000355 ) ) ;
#403 = CARTESIAN_POINT ( 'NONE',  ( 39.99999999999999289, 0.000000000000000000, -3.399999999999999023 ) ) ;
#404 = CARTESIAN_POINT ( 'NONE',  ( -15.50000000000000178, 0.000000000000000000, 10.25735931288069303 ) ) ;
#405 = VERTEX_POINT ( 'NONE', #2340 ) ;
#406 = DIRECTION ( 'NONE',  ( -0.000000000000000000, -1.000000000000000000, 0.000000000000000000 ) ) ;
#407 = LINE ( 'NONE', #3316, #3652 ) ;
#408 = CIRCLE ( 'NONE', #4402, 3.399999999999999023 ) ;
#409 = DIRECTION ( 'NONE',  ( -0.000000000000000000, -1.000000000000000000, -0.000000000000000000 ) ) ;
#410 = ORIENTED_EDGE ( 'NONE', *, *, #2671, .T. ) ;
#411 = CLOSED_SHELL ( 'NONE', ( #4994, #2039, #2085, #1067, #1211, #30, #2725, #401, #1871, #983, #2315, #5026, #2898, #3117, #811, #832, #2424, #3931, #51, #4833, #1083, #2475, #2373, #2573, #2723, #1062, #3195, #1015, #3883, #5144, #2265, #4834, #128, #3900, #4325, #4928, #4193, #3756, #2708, #4789, #1224, #3461, #4078, #3289, #594, #3677, #1551, #4665, #3156, #2404, #3053, #4418, #1298, #2293, #4260, #2738, #1773, #5045, #1582, #688, #996, #3693, #694, #4278, #200, #4911, #2023, #2384, #657, #706, #2189, #2261, #2066, #1468, #4597, #4130, #3661, #3444, #4658, #4220, #2952, #1222, #3374, #1632, #5157, #4298, #150, #1533, #1112, #3459, #5143, #1553, #438, #1652, #605, #5199, #1734, #3141, #3353, #1338, #5104, #4744, #2162, #4778, #1161, #3918, #4276, #4517, #3784, #2962, #1305, #370, #2836, #2180, #3662, #1948, #1972, #2784, #4501, #452, #4995, #766, #3852, #3322, #426, #3277, #2882, #3175, #68, #5077, #1145, #3838, #3577, #2818, #4685, #2314, #1286, #1638, #3378, #3653, #2347, #4941, #2469, #1933, #3814, #4771, #1144, #4464, #2556, #37, #3529, #4268, #3392, #2687 ) ) ;
#412 = CARTESIAN_POINT ( 'NONE',  ( 35.42842712474618594, 1500.000000000000000, -47.39999999999999147 ) ) ;
#413 = CARTESIAN_POINT ( 'NONE',  ( -15.50000000000000711, 1500.000000000000000, -21.67157287525380482 ) ) ;
#414 = CIRCLE ( 'NONE', #252, 3.400000000000000355 ) ;
#415 = AXIS2_PLACEMENT_3D ( 'NONE', #1028, #969, #2245 ) ;
#416 = ORIENTED_EDGE ( 'NONE', *, *, #187, .T. ) ;
#417 = DIRECTION ( 'NONE',  ( -0.000000000000000000, -0.000000000000000000, -1.000000000000000000 ) ) ;
#418 = AXIS2_PLACEMENT_3D ( 'NONE', #5249, #2006, #2477 ) ;
#419 = EDGE_CURVE ( 'NONE', #1850, #2195, #2716, .T. ) ;
#420 = ORIENTED_EDGE ( 'NONE', *, *, #5221, .F. ) ;
#421 = LINE ( 'NONE', #4891, #231 ) ;
#422 = CC_DESIGN_APPROVAL ( #885, ( #106 ) ) ;
#423 = CARTESIAN_POINT ( 'NONE',  ( 39.99999999999999289, 0.000000000000000000, -39.99999999999999289 ) ) ;
#424 = VERTEX_POINT ( 'NONE', #1014 ) ;
#425 = ORIENTED_EDGE ( 'NONE', *, *, #359, .F. ) ;
#426 = ADVANCED_FACE ( 'NONE', ( #668 ), #3471, .F. ) ;
#427 = EDGE_CURVE ( 'NONE', #4662, #939, #4679, .T. ) ;
#428 = LINE ( 'NONE', #851, #3921 ) ;
#429 = PLANE ( 'NONE',  #806 ) ;
#430 = PLANE ( 'NONE',  #2081 ) ;
#431 = ORIENTED_EDGE ( 'NONE', *, *, #1963, .T. ) ;
#432 = DIRECTION ( 'NONE',  ( 0.000000000000000000, 0.000000000000000000, -1.000000000000000000 ) ) ;
#433 = DIRECTION ( 'NONE',  ( 0.000000000000000000, 1.000000000000000000, -0.000000000000000000 ) ) ;
#434 = CARTESIAN_POINT ( 'NONE',  ( 50.25735931288068059, 0.000000000000000000, 15.50000000000000355 ) ) ;
#435 = LINE ( 'NONE', #2090, #3143 ) ;
#436 = FACE_OUTER_BOUND ( 'NONE', #6, .T. ) ;
#437 = EDGE_CURVE ( 'NONE', #3674, #4369, #316, .T. ) ;
#438 = ADVANCED_FACE ( 'NONE', ( #1924 ), #2290, .F. ) ;
#439 = CARTESIAN_POINT ( 'NONE',  ( 47.39999999999999147, 1500.000000000000000, -44.57157287525380696 ) ) ;
#440 = LINE ( 'NONE', #1267, #2593 ) ;
#441 = EDGE_LOOP ( 'NONE', ( #1548, #4544, #3337, #2332 ) ) ;
#442 = CARTESIAN_POINT ( 'NONE',  ( 7.399999999999996803, 0.000000000000000000, -44.57157287525379985 ) ) ;
#443 = VECTOR ( 'NONE', #2490, 1000.000000000000000 ) ;
#444 = CARTESIAN_POINT ( 'NONE',  ( 34.89999999999998437, 1500.000000000000000, 15.50000000000000355 ) ) ;
#445 = FACE_OUTER_BOUND ( 'NONE', #4788, .T. ) ;
#446 = FACE_OUTER_BOUND ( 'NONE', #5269, .T. ) ;
#447 = EDGE_LOOP ( 'NONE', ( #346, #4018, #3997, #1309 ) ) ;
#448 = ORIENTED_EDGE ( 'NONE', *, *, #2899, .T. ) ;
#449 = PLANE ( 'NONE',  #4157 ) ;
#450 = DIRECTION ( 'NONE',  ( 0.000000000000000000, 1.000000000000000000, -0.000000000000000000 ) ) ;
#451 = LINE ( 'NONE', #938, #40 ) ;
#452 = ADVANCED_FACE ( 'NONE', ( #1517 ), #644, .F. ) ;
#453 = ORIENTED_EDGE ( 'NONE', *, *, #3771, .F. ) ;
#454 = ORIENTED_EDGE ( 'NONE', *, *, #3590, .T. ) ;
#455 = LINE ( 'NONE', #2109, #3119 ) ;
#456 = DIRECTION ( 'NONE',  ( 0.000000000000000000, 0.000000000000000000, 1.000000000000000000 ) ) ;
#457 = CYLINDRICAL_SURFACE ( 'NONE', #2366, 1.000000000000000888 ) ;
#458 = VECTOR ( 'NONE', #4163, 1000.000000000000000 ) ;
#459 = VECTOR ( 'NONE', #4573, 1000.000000000000000 ) ;
#460 = ORIENTED_EDGE ( 'NONE', *, *, #322, .T. ) ;
#461 = DIRECTION ( 'NONE',  ( 0.7071067811865472397, 0.000000000000000000, 0.7071067811865479058 ) ) ;
#462 = DIRECTION ( 'NONE',  ( 0.000000000000000000, 0.000000000000000000, -1.000000000000000000 ) ) ;
#463 = AXIS2_PLACEMENT_3D ( 'NONE', #3434, #5169, #1529 ) ;
#464 = FACE_OUTER_BOUND ( 'NONE', #3727, .T. ) ;
#465 = EDGE_CURVE ( 'NONE', #547, #155, #1120, .T. ) ;
#466 = CARTESIAN_POINT ( 'NONE',  ( 4.099999999999992539, 1500.000000000000000, 16.50000000000001066 ) ) ;
#467 = ORIENTED_EDGE ( 'NONE', *, *, #616, .F. ) ;
#468 = DIRECTION ( 'NONE',  ( -0.000000000000000000, -1.000000000000000000, -0.000000000000000000 ) ) ;
#469 = CIRCLE ( 'NONE', #900, 3.400000000000000355 ) ;
#470 = CARTESIAN_POINT ( 'NONE',  ( 29.74264068711927322, 0.000000000000000000, 15.50000000000000178 ) ) ;
#471 = LINE ( 'NONE', #1331, #1323 ) ;
#472 = DIRECTION ( 'NONE',  ( 0.000000000000000000, 1.000000000000000000, 0.000000000000000000 ) ) ;
#473 = ORIENTED_EDGE ( 'NONE', *, *, #666, .T. ) ;
#474 = ORIENTED_EDGE ( 'NONE', *, *, #4058, .F. ) ;
#475 = LINE ( 'NONE', #4443, #1961 ) ;
#476 = DIRECTION ( 'NONE',  ( 1.000000000000000000, 0.000000000000000000, 0.000000000000000000 ) ) ;
#477 = LINE ( 'NONE', #3743, #3452 ) ;
#478 = ORIENTED_EDGE ( 'NONE', *, *, #4144, .F. ) ;
#479 = ORIENTED_EDGE ( 'NONE', *, *, #2173, .T. ) ;
#480 = CARTESIAN_POINT ( 'NONE',  ( 45.09999999999998721, 1500.000000000000000, 19.00000000000000355 ) ) ;
#481 = EDGE_CURVE ( 'NONE', #2799, #1203, #3571, .T. ) ;
#482 = DIRECTION ( 'NONE',  ( 1.000000000000000000, 0.000000000000000000, 0.000000000000000000 ) ) ;
#483 = LINE ( 'NONE', #434, #5085 ) ;
#484 = EDGE_CURVE ( 'NONE', #1196, #4918, #3069, .T. ) ;
#485 = ORIENTED_EDGE ( 'NONE', *, *, #1620, .F. ) ;
#486 = CARTESIAN_POINT ( 'NONE',  ( -15.50000000000000711, 0.000000000000000000, -21.67157287525380482 ) ) ;
#487 = DIRECTION ( 'NONE',  ( -1.897293910993923175E-16, 0.000000000000000000, -1.000000000000000000 ) ) ;
#488 = CARTESIAN_POINT ( 'NONE',  ( -13.79289321881343433, 0.000000000000000000, -50.96446609406724093 ) ) ;
#489 = VECTOR ( 'NONE', #2354, 1000.000000000000000 ) ;
#490 = DIRECTION ( 'NONE',  ( 0.000000000000000000, 0.000000000000000000, 1.000000000000000000 ) ) ;
#491 = ORIENTED_EDGE ( 'NONE', *, *, #1093, .F. ) ;
#492 = VERTEX_POINT ( 'NONE', #2662 ) ;
#493 = APPROVAL ( #913, '未指定' ) ;
#494 = CARTESIAN_POINT ( 'NONE',  ( 5.100000000000000533, 1500.000000000000000, 20.00000000000000355 ) ) ;
#495 = AXIS2_PLACEMENT_3D ( 'NONE', #2135, #2436, #3774 ) ;
#496 = LINE ( 'NONE', #129, #4871 ) ;
#497 = CIRCLE ( 'NONE', #4326, 1.000000000000000888 ) ;
#498 = CARTESIAN_POINT ( 'NONE',  ( -4.100000000000006750, 0.000000000000000000, -56.49999999999999289 ) ) ;
#499 = DIRECTION ( 'NONE',  ( -0.000000000000000000, -1.000000000000000000, -0.000000000000000000 ) ) ;
#500 = VERTEX_POINT ( 'NONE', #5109 ) ;
#501 = EDGE_CURVE ( 'NONE', #4677, #979, #469, .T. ) ;
#502 = DESIGN_CONTEXT ( 'detailed design', #2800, 'design' ) ;
#503 = EDGE_CURVE ( 'NONE', #4263, #2864, #1587, .T. ) ;
#504 = AXIS2_PLACEMENT_3D ( 'NONE', #1767, #1390, #3013 ) ;
#505 = EDGE_CURVE ( 'NONE', #610, #2114, #3193, .T. ) ;
#506 = DIRECTION ( 'NONE',  ( 0.000000000000000000, 0.000000000000000000, -1.000000000000000000 ) ) ;
#507 = CARTESIAN_POINT ( 'NONE',  ( -6.938893903907228378E-15, 0.000000000000000000, -39.99999999999999289 ) ) ;
#508 = CARTESIAN_POINT ( 'NONE',  ( -15.99999999999997868, 1500.000000000000000, 20.00000000000000355 ) ) ;
#509 = ORIENTED_EDGE ( 'NONE', *, *, #4004, .T. ) ;
#510 = ORIENTED_EDGE ( 'NONE', *, *, #5136, .T. ) ;
#511 = LINE ( 'NONE', #2134, #4347 ) ;
#512 = DIRECTION ( 'NONE',  ( 3.363588555182252268E-16, 0.000000000000000000, -1.000000000000000000 ) ) ;
#513 = ORIENTED_EDGE ( 'NONE', *, *, #4012, .T. ) ;
#514 = EDGE_CURVE ( 'NONE', #4643, #547, #4039, .T. ) ;
#515 = CARTESIAN_POINT ( 'NONE',  ( -7.400000000000003020, 1500.000000000000000, 4.571572875253811397 ) ) ;
#516 = DIRECTION ( 'NONE',  ( -1.000000000000000000, 0.000000000000000000, -1.897293910993923175E-16 ) ) ;
#517 = CARTESIAN_POINT ( 'NONE',  ( 39.99999999999999289, 1500.000000000000000, 3.399999999999999023 ) ) ;
#518 = DIRECTION ( 'NONE',  ( -3.363588555182249803E-16, -0.000000000000000000, -1.000000000000000000 ) ) ;
#519 = EDGE_CURVE ( 'NONE', #4662, #1840, #3628, .T. ) ;
#520 = EDGE_CURVE ( 'NONE', #500, #3914, #4061, .T. ) ;
#521 = ORIENTED_EDGE ( 'NONE', *, *, #3038, .T. ) ;
#522 = VECTOR ( 'NONE', #3540, 1000.000000000000000 ) ;
#523 = ORIENTED_EDGE ( 'NONE', *, *, #1522, .F. ) ;
#524 = DIRECTION ( 'NONE',  ( -1.000000000000000000, -0.000000000000000000, -0.000000000000000000 ) ) ;
#525 = FACE_OUTER_BOUND ( 'NONE', #2656, .T. ) ;
#526 = DIRECTION ( 'NONE',  ( -3.469446951953635389E-16, -0.000000000000000000, -1.000000000000000000 ) ) ;
#527 = CARTESIAN_POINT ( 'NONE',  ( 56.49999999999999289, 1500.000000000000000, -35.89999999999999858 ) ) ;
#528 = ORIENTED_EDGE ( 'NONE', *, *, #1476, .F. ) ;
#529 = VECTOR ( 'NONE', #3963, 1000.000000000000000 ) ;
#530 = DIRECTION ( 'NONE',  ( 0.000000000000000000, 1.000000000000000000, -0.000000000000000000 ) ) ;
#531 = DIRECTION ( 'NONE',  ( -0.000000000000000000, -1.000000000000000000, -0.000000000000000000 ) ) ;
#532 = EDGE_CURVE ( 'NONE', #2642, #4277, #2088, .T. ) ;
#533 = AXIS2_PLACEMENT_3D ( 'NONE', #108, #1740, #4572 ) ;
#534 = DIRECTION ( 'NONE',  ( 1.000000000000000000, -0.000000000000000000, -2.690870844145796293E-15 ) ) ;
#535 = ORIENTED_EDGE ( 'NONE', *, *, #481, .T. ) ;
#536 = ORIENTED_EDGE ( 'NONE', *, *, #3738, .T. ) ;
#537 = EDGE_CURVE ( 'NONE', #2492, #1116, #3598, .T. ) ;
#538 = CARTESIAN_POINT ( 'NONE',  ( -20.00000000000000711, 1500.000000000000000, -55.99999999999997868 ) ) ;
#539 = CARTESIAN_POINT ( 'NONE',  ( 4.571572875253802515, 0.000000000000000000, 7.399999999999996803 ) ) ;
#540 = ORIENTED_EDGE ( 'NONE', *, *, #360, .T. ) ;
#541 = CARTESIAN_POINT ( 'NONE',  ( -4.100000000000006750, 1500.000000000000000, 16.50000000000001066 ) ) ;
#542 = VECTOR ( 'NONE', #4252, 1000.000000000000000 ) ;
#543 = DIRECTION ( 'NONE',  ( 0.000000000000000000, 0.000000000000000000, 1.000000000000000000 ) ) ;
#544 = CARTESIAN_POINT ( 'NONE',  ( 5.100000000000000533, 1500.000000000000000, -60.00000000000000000 ) ) ;
#545 = VECTOR ( 'NONE', #3095, 1000.000000000000000 ) ;
#546 = DIRECTION ( 'NONE',  ( 0.000000000000000000, 1.000000000000000000, -0.000000000000000000 ) ) ;
#547 = VERTEX_POINT ( 'NONE', #4783 ) ;
#548 = VECTOR ( 'NONE', #4356, 1000.000000000000000 ) ;
#549 = DIRECTION ( 'NONE',  ( -0.000000000000000000, -1.000000000000000000, -0.000000000000000000 ) ) ;
#550 = ORIENTED_EDGE ( 'NONE', *, *, #2985, .T. ) ;
#551 = CARTESIAN_POINT ( 'NONE',  ( 60.00000000000000000, 1500.000000000000000, -55.99999999999997868 ) ) ;
#552 = AXIS2_PLACEMENT_3D ( 'NONE', #2873, #133, #2472 ) ;
#553 = EDGE_CURVE ( 'NONE', #1177, #5024, #2845, .T. ) ;
#554 = CARTESIAN_POINT ( 'NONE',  ( -20.00000000000000711, 1500.000000000000000, -5.100000000000003197 ) ) ;
#555 = LINE ( 'NONE', #1466, #4110 ) ;
#556 = DIRECTION ( 'NONE',  ( -0.7071067811865480168, 0.000000000000000000, 0.7071067811865470176 ) ) ;
#557 = ORIENTED_EDGE ( 'NONE', *, *, #4516, .F. ) ;
#558 = DIRECTION ( 'NONE',  ( 0.000000000000000000, 0.000000000000000000, 1.000000000000000000 ) ) ;
#559 = DIRECTION ( 'NONE',  ( 0.000000000000000000, -0.000000000000000000, 1.000000000000000000 ) ) ;
#560 = LINE ( 'NONE', #1308, #3704 ) ;
#561 = VERTEX_POINT ( 'NONE', #2068 ) ;
#562 = ORIENTED_EDGE ( 'NONE', *, *, #2127, .F. ) ;
#563 = VECTOR ( 'NONE', #781, 1000.000000000000000 ) ;
#564 = DIRECTION ( 'NONE',  ( -0.000000000000000000, -1.000000000000000000, -0.000000000000000000 ) ) ;
#565 = EDGE_CURVE ( 'NONE', #1092, #561, #820, .T. ) ;
#566 = AXIS2_PLACEMENT_3D ( 'NONE', #2824, #1121, #5211 ) ;
#567 = FACE_OUTER_BOUND ( 'NONE', #4198, .T. ) ;
#568 = ORIENTED_EDGE ( 'NONE', *, *, #2929, .F. ) ;
#569 = LINE ( 'NONE', #3457, #1105 ) ;
#570 = CARTESIAN_POINT ( 'NONE',  ( 55.50000000000000000, 0.000000000000000000, -18.32842712474619162 ) ) ;
#571 = EDGE_CURVE ( 'NONE', #4137, #88, #2047, .T. ) ;
#572 = CARTESIAN_POINT ( 'NONE',  ( -13.79289321881343433, 1500.000000000000000, 10.96446609406724626 ) ) ;
#573 = LINE ( 'NONE', #3030, #1837 ) ;
#574 = EDGE_LOOP ( 'NONE', ( #74, #2881, #3520, #3970 ) ) ;
#575 = LINE ( 'NONE', #3835, #2823 ) ;
#576 = ORIENTED_EDGE ( 'NONE', *, *, #3359, .F. ) ;
#577 = CARTESIAN_POINT ( 'NONE',  ( 50.25735931288068059, 1500.000000000000000, 15.50000000000000355 ) ) ;
#578 = ORIENTED_EDGE ( 'NONE', *, *, #4852, .F. ) ;
#579 = VECTOR ( 'NONE', #1987, 1000.000000000000000 ) ;
#580 = DIRECTION ( 'NONE',  ( 0.000000000000000000, 1.000000000000000000, 0.000000000000000000 ) ) ;
#581 = LINE ( 'NONE', #1897, #725 ) ;
#582 = DIRECTION ( 'NONE',  ( 0.000000000000000000, 1.000000000000000000, -0.000000000000000000 ) ) ;
#583 = AXIS2_PLACEMENT_3D ( 'NONE', #3879, #1857, #3480 ) ;
#584 = EDGE_CURVE ( 'NONE', #1475, #3465, #1654, .T. ) ;
#585 = ORIENTED_EDGE ( 'NONE', *, *, #4702, .F. ) ;
#586 = AXIS2_PLACEMENT_3D ( 'NONE', #2568, #1675, #543 ) ;
#587 = CARTESIAN_POINT ( 'NONE',  ( 47.39999999999999147, 1500.000000000000000, -35.42842712474618594 ) ) ;
#588 = LINE ( 'NONE', #4709, #3315 ) ;
#589 = DIRECTION ( 'NONE',  ( -2.690870844145799842E-15, 0.000000000000000000, 1.000000000000000000 ) ) ;
#590 = EDGE_LOOP ( 'NONE', ( #1287, #2944, #2814, #4761 ) ) ;
#591 = VECTOR ( 'NONE', #4159, 1000.000000000000000 ) ;
#592 = ORIENTED_EDGE ( 'NONE', *, *, #2536, .F. ) ;
#593 = EDGE_CURVE ( 'NONE', #3650, #3646, #5267, .T. ) ;
#594 = ADVANCED_FACE ( 'NONE', ( #1973 ), #2764, .T. ) ;
#595 = DIRECTION ( 'NONE',  ( -0.000000000000000000, -1.000000000000000000, -0.000000000000000000 ) ) ;
#596 = VECTOR ( 'NONE', #1722, 1000.000000000000000 ) ;
#597 = DATE_AND_TIME ( #3878, #1359 ) ;
#598 = CARTESIAN_POINT ( 'NONE',  ( -14.50000000000000000, 0.000000000000000000, 10.25735931288071612 ) ) ;
#599 = ORIENTED_EDGE ( 'NONE', *, *, #754, .T. ) ;
#600 = FACE_OUTER_BOUND ( 'NONE', #2594, .T. ) ;
#601 = CARTESIAN_POINT ( 'NONE',  ( 35.89999999999999147, 1500.000000000000000, -56.49999999999999289 ) ) ;
#602 = LINE ( 'NONE', #4611, #1097 ) ;
#603 = CARTESIAN_POINT ( 'NONE',  ( -14.50000000000000000, 0.000000000000000000, -50.25735931288070901 ) ) ;
#604 = ORIENTED_EDGE ( 'NONE', *, *, #845, .T. ) ;
#605 = ADVANCED_FACE ( 'NONE', ( #4433 ), #3992, .F. ) ;
#606 = CARTESIAN_POINT ( 'NONE',  ( 47.39999999999999147, 0.000000000000000000, -44.57157287525380696 ) ) ;
#607 = VERTEX_POINT ( 'NONE', #4889 ) ;
#608 = ORIENTED_EDGE ( 'NONE', *, *, #2326, .T. ) ;
#609 = EDGE_CURVE ( 'NONE', #4441, #2029, #3047, .T. ) ;
#610 = VERTEX_POINT ( 'NONE', #1570 ) ;
#611 = DIRECTION ( 'NONE',  ( -0.000000000000000000, -1.000000000000000000, -0.000000000000000000 ) ) ;
#612 = DIRECTION ( 'NONE',  ( -0.000000000000000000, -0.000000000000000000, -1.000000000000000000 ) ) ;
#613 = ORIENTED_EDGE ( 'NONE', *, *, #2248, .F. ) ;
#614 = CARTESIAN_POINT ( 'NONE',  ( 55.49999999999999289, 0.000000000000000000, -45.10000000000000853 ) ) ;
#615 = AXIS2_PLACEMENT_3D ( 'NONE', #5023, #2575, #634 ) ;
#616 = EDGE_CURVE ( 'NONE', #2058, #3477, #5239, .T. ) ;
#617 = FACE_OUTER_BOUND ( 'NONE', #1523, .T. ) ;
#618 = DIRECTION ( 'NONE',  ( 0.000000000000000000, 0.000000000000000000, -1.000000000000000000 ) ) ;
#619 = DIRECTION ( 'NONE',  ( 0.000000000000000000, 0.000000000000000000, -1.000000000000000000 ) ) ;
#620 = ORIENTED_EDGE ( 'NONE', *, *, #4372, .T. ) ;
#621 = VECTOR ( 'NONE', #1542, 1000.000000000000000 ) ;
#622 = ORIENTED_EDGE ( 'NONE', *, *, #3209, .T. ) ;
#623 = PLANE ( 'NONE',  #2057 ) ;
#624 = APPROVAL_STATUS ( 'not_yet_approved' ) ;
#625 = AXIS2_PLACEMENT_3D ( 'NONE', #184, #611, #2228 ) ;
#626 = EDGE_CURVE ( 'NONE', #2029, #4489, #4013, .T. ) ;
#627 = DIRECTION ( 'NONE',  ( 0.000000000000000000, 1.000000000000000000, -0.000000000000000000 ) ) ;
#628 = ORIENTED_EDGE ( 'NONE', *, *, #136, .T. ) ;
#629 = LINE ( 'NONE', #3908, #1355 ) ;
#630 = DIRECTION ( 'NONE',  ( 0.000000000000000000, 1.000000000000000000, 0.000000000000000000 ) ) ;
#631 = CARTESIAN_POINT ( 'NONE',  ( 39.99999999999999289, 1500.000000000000000, 0.000000000000000000 ) ) ;
#632 = VECTOR ( 'NONE', #4707, 1000.000000000000000 ) ;
#633 = ORIENTED_EDGE ( 'NONE', *, *, #4065, .F. ) ;
#634 = DIRECTION ( 'NONE',  ( 0.000000000000000000, 0.000000000000000000, 1.000000000000000000 ) ) ;
#635 = EDGE_LOOP ( 'NONE', ( #4305, #3034, #5248, #3344 ) ) ;
#636 = ORIENTED_EDGE ( 'NONE', *, *, #915, .F. ) ;
#637 = EDGE_CURVE ( 'NONE', #2133, #1653, #1000, .T. ) ;
#638 = ORIENTED_EDGE ( 'NONE', *, *, #5, .F. ) ;
#639 = CIRCLE ( 'NONE', #3180, 1.000000000000007772 ) ;
#640 = CARTESIAN_POINT ( 'NONE',  ( 53.79289321881342545, 1500.000000000000000, 10.96446609406724626 ) ) ;
#641 = DIRECTION ( 'NONE',  ( 1.000000000000000000, 0.000000000000000000, -0.000000000000000000 ) ) ;
#642 = AXIS2_PLACEMENT_3D ( 'NONE', #3417, #1792, #5031 ) ;
#643 = ORIENTED_EDGE ( 'NONE', *, *, #1856, .F. ) ;
#644 = PLANE ( 'NONE',  #118 ) ;
#645 = DIRECTION ( 'NONE',  ( 0.000000000000000000, 0.000000000000000000, -1.000000000000000000 ) ) ;
#646 = DIRECTION ( 'NONE',  ( 0.000000000000000000, 0.000000000000000000, 1.000000000000000000 ) ) ;
#647 = FACE_OUTER_BOUND ( 'NONE', #768, .T. ) ;
#648 = ORIENTED_EDGE ( 'NONE', *, *, #3416, .T. ) ;
#649 = VERTEX_POINT ( 'NONE', #1598 ) ;
#650 = LINE ( 'NONE', #2272, #1640 ) ;
#651 = ORIENTED_EDGE ( 'NONE', *, *, #584, .F. ) ;
#652 = FACE_OUTER_BOUND ( 'NONE', #5088, .T. ) ;
#653 = AXIS2_PLACEMENT_3D ( 'NONE', #3783, #2602, #47 ) ;
#654 = ORIENTED_EDGE ( 'NONE', *, *, #1634, .T. ) ;
#655 = ORIENTED_EDGE ( 'NONE', *, *, #1720, .F. ) ;
#656 = DIRECTION ( 'NONE',  ( 3.363588555182255226E-16, 0.000000000000000000, -1.000000000000000000 ) ) ;
#657 = ADVANCED_FACE ( 'NONE', ( #4839 ), #793, .T. ) ;
#658 = DIRECTION ( 'NONE',  ( 1.000000000000000000, 0.000000000000000000, 1.449035556190463914E-16 ) ) ;
#659 = AXIS2_PLACEMENT_3D ( 'NONE', #1273, #3707, #1682 ) ;
#660 = DIRECTION ( 'NONE',  ( -0.000000000000000000, -1.000000000000000000, -0.000000000000000000 ) ) ;
#661 = CARTESIAN_POINT ( 'NONE',  ( 4.571572875253802515, 1500.000000000000000, 7.399999999999996803 ) ) ;
#662 = EDGE_LOOP ( 'NONE', ( #1100, #2801, #712, #3641 ) ) ;
#663 = ORIENTED_EDGE ( 'NONE', *, *, #3096, .F. ) ;
#664 = DIRECTION ( 'NONE',  ( -0.000000000000000000, -1.000000000000000000, -0.000000000000000000 ) ) ;
#665 = DIRECTION ( 'NONE',  ( 0.000000000000000000, 0.000000000000000000, -1.000000000000000000 ) ) ;
#666 = EDGE_CURVE ( 'NONE', #2876, #5096, #2549, .T. ) ;
#667 = ORIENTED_EDGE ( 'NONE', *, *, #857, .T. ) ;
#668 = FACE_OUTER_BOUND ( 'NONE', #1349, .T. ) ;
#669 = CARTESIAN_POINT ( 'NONE',  ( -15.50000000000000178, 0.000000000000000000, -50.25735931288068770 ) ) ;
#670 = VECTOR ( 'NONE', #3699, 1000.000000000000000 ) ;
#671 = CARTESIAN_POINT ( 'NONE',  ( 29.74264068711927322, 0.000000000000000000, -54.50000000000000711 ) ) ;
#672 = EDGE_LOOP ( 'NONE', ( #963, #1618, #4153, #2601 ) ) ;
#673 = AXIS2_PLACEMENT_3D ( 'NONE', #2511, #2435, #482 ) ;
#674 = ORIENTED_EDGE ( 'NONE', *, *, #3528, .T. ) ;
#675 = EDGE_CURVE ( 'NONE', #951, #2864, #867, .T. ) ;
#676 = EDGE_LOOP ( 'NONE', ( #2312, #1540, #3922, #747 ) ) ;
#677 = EDGE_CURVE ( 'NONE', #1738, #3136, #3189, .T. ) ;
#678 = DIRECTION ( 'NONE',  ( -0.000000000000000000, -0.000000000000000000, 1.000000000000000000 ) ) ;
#679 = AXIS2_PLACEMENT_3D ( 'NONE', #3645, #3938, #3213 ) ;
#680 = CIRCLE ( 'NONE', #3404, 1.000000000000000888 ) ;
#681 = ORIENTED_EDGE ( 'NONE', *, *, #4437, .F. ) ;
#682 = VECTOR ( 'NONE', #2322, 1000.000000000000000 ) ;
#683 = LINE ( 'NONE', #2379, #2520 ) ;
#684 = CARTESIAN_POINT ( 'NONE',  ( 60.00000000000000000, 0.000000000000000000, 15.99999999999997691 ) ) ;
#685 = LINE ( 'NONE', #5256, #3907 ) ;
#686 = AXIS2_PLACEMENT_3D ( 'NONE', #882, #4027, #456 ) ;
#687 = EDGE_CURVE ( 'NONE', #1045, #3035, #4139, .T. ) ;
#688 = ADVANCED_FACE ( 'NONE', ( #1707 ), #926, .F. ) ;
#689 = CARTESIAN_POINT ( 'NONE',  ( -15.99999999999997868, 1500.000000000000000, 20.00000000000000355 ) ) ;
#690 = ORIENTED_EDGE ( 'NONE', *, *, #2644, .T. ) ;
#691 = ORIENTED_EDGE ( 'NONE', *, *, #4375, .F. ) ;
#692 = CARTESIAN_POINT ( 'NONE',  ( -10.96446609406725159, 1500.000000000000000, -53.79289321881343255 ) ) ;
#693 = EDGE_CURVE ( 'NONE', #3775, #5164, #4993, .T. ) ;
#694 = ADVANCED_FACE ( 'NONE', ( #1297 ), #4218, .F. ) ;
#695 = DIRECTION ( 'NONE',  ( 0.000000000000000000, 0.000000000000000000, -1.000000000000000000 ) ) ;
#696 = ORIENTED_EDGE ( 'NONE', *, *, #2657, .T. ) ;
#697 = CARTESIAN_POINT ( 'NONE',  ( -14.50000000000000000, 1500.000000000000000, -50.25735931288070901 ) ) ;
#698 = DIRECTION ( 'NONE',  ( -0.000000000000000000, -1.000000000000000000, -0.000000000000000000 ) ) ;
#699 = DIRECTION ( 'NONE',  ( -0.000000000000000000, -1.000000000000000000, -0.000000000000000000 ) ) ;
#700 = ORIENTED_EDGE ( 'NONE', *, *, #1010, .F. ) ;
#701 = ORIENTED_EDGE ( 'NONE', *, *, #2086, .T. ) ;
#702 = AXIS2_PLACEMENT_3D ( 'NONE', #2911, #3746, #89 ) ;
#703 = EDGE_CURVE ( 'NONE', #1866, #4576, #1835, .T. ) ;
#704 = DIRECTION ( 'NONE',  ( 0.000000000000000000, 1.000000000000000000, -0.000000000000000000 ) ) ;
#705 = FACE_OUTER_BOUND ( 'NONE', #5056, .T. ) ;
#706 = ADVANCED_FACE ( 'NONE', ( #126 ), #4191, .F. ) ;
#707 = ORIENTED_EDGE ( 'NONE', *, *, #2410, .F. ) ;
#708 = CARTESIAN_POINT ( 'NONE',  ( 54.50000000000000000, 1500.000000000000000, -29.74264068711928033 ) ) ;
#709 = AXIS2_PLACEMENT_3D ( 'NONE', #4558, #3725, #892 ) ;
#710 = LINE ( 'NONE', #1509, #579 ) ;
#711 = CARTESIAN_POINT ( 'NONE',  ( -4.100000000000004974, 1500.000000000000000, -58.99999999999999289 ) ) ;
#712 = ORIENTED_EDGE ( 'NONE', *, *, #3496, .F. ) ;
#713 = ORIENTED_EDGE ( 'NONE', *, *, #1538, .F. ) ;
#714 = EDGE_LOOP ( 'NONE', ( #3182, #738, #4957, #3017 ) ) ;
#715 = CARTESIAN_POINT ( 'NONE',  ( 58.99999999999998579, 1500.000000000000000, -44.10000000000000142 ) ) ;
#716 = CARTESIAN_POINT ( 'NONE',  ( 60.00000000000000000, 1500.000000000000000, -55.99999999999997868 ) ) ;
#717 = ORIENTED_EDGE ( 'NONE', *, *, #4613, .T. ) ;
#718 = DIRECTION ( 'NONE',  ( 0.000000000000000000, 0.000000000000000000, -1.000000000000000000 ) ) ;
#719 = EDGE_CURVE ( 'NONE', #1034, #735, #3299, .T. ) ;
#720 = FACE_OUTER_BOUND ( 'NONE', #3584, .T. ) ;
#721 = VECTOR ( 'NONE', #3015, 1000.000000000000000 ) ;
#722 = FACE_OUTER_BOUND ( 'NONE', #2243, .T. ) ;
#723 = ORIENTED_EDGE ( 'NONE', *, *, #4194, .T. ) ;
#724 = EDGE_LOOP ( 'NONE', ( #4844, #4427, #478, #3325 ) ) ;
#725 = VECTOR ( 'NONE', #4195, 1000.000000000000000 ) ;
#726 = VECTOR ( 'NONE', #1507, 1000.000000000000000 ) ;
#727 = CARTESIAN_POINT ( 'NONE',  ( 54.49999999999999289, 0.000000000000000000, 10.25735931288071612 ) ) ;
#728 = CARTESIAN_POINT ( 'NONE',  ( -13.79289321881344144, 0.000000000000000000, -29.03553390593274841 ) ) ;
#729 = CARTESIAN_POINT ( 'NONE',  ( -15.50000000000000533, 1500.000000000000000, -5.100000000000004086 ) ) ;
#730 = EDGE_LOOP ( 'NONE', ( #3031, #651, #339, #3597 ) ) ;
#731 = VECTOR ( 'NONE', #3245, 999.9999999999998863 ) ;
#732 = DIRECTION ( 'NONE',  ( 0.000000000000000000, 1.000000000000000000, 0.000000000000000000 ) ) ;
#733 = CARTESIAN_POINT ( 'NONE',  ( -16.50000000000001066, 0.000000000000000000, -44.10000000000000142 ) ) ;
#734 = DIRECTION ( 'NONE',  ( 0.000000000000000000, 1.000000000000000000, -0.000000000000000000 ) ) ;
#735 = VERTEX_POINT ( 'NONE', #3730 ) ;
#736 = CIRCLE ( 'NONE', #4467, 1.000000000000000888 ) ;
#737 = ORIENTED_EDGE ( 'NONE', *, *, #295, .F. ) ;
#738 = ORIENTED_EDGE ( 'NONE', *, *, #501, .T. ) ;
#739 = EDGE_CURVE ( 'NONE', #1978, #1432, #4617, .T. ) ;
#740 = CARTESIAN_POINT ( 'NONE',  ( 50.25735931288071612, 1500.000000000000000, -54.50000000000000711 ) ) ;
#741 = FACE_OUTER_BOUND ( 'NONE', #34, .T. ) ;
#742 = ORIENTED_EDGE ( 'NONE', *, *, #519, .F. ) ;
#743 = DIRECTION ( 'NONE',  ( 1.000000000000000000, -0.000000000000000000, -0.000000000000000000 ) ) ;
#744 = DIRECTION ( 'NONE',  ( -0.000000000000000000, -1.000000000000000000, -0.000000000000000000 ) ) ;
#745 = AXIS2_PLACEMENT_3D ( 'NONE', #1753, #2117, #4557 ) ;
#746 = DIRECTION ( 'NONE',  ( 0.000000000000000000, 0.000000000000000000, 1.000000000000000000 ) ) ;
#747 = ORIENTED_EDGE ( 'NONE', *, *, #1372, .T. ) ;
#748 = EDGE_LOOP ( 'NONE', ( #2046, #3527, #5087, #674 ) ) ;
#749 = ORIENTED_EDGE ( 'NONE', *, *, #666, .F. ) ;
#750 = VECTOR ( 'NONE', #5123, 1000.000000000000000 ) ;
#751 = LINE ( 'NONE', #4341, #3067 ) ;
#752 = CARTESIAN_POINT ( 'NONE',  ( -15.50000000000000711, 1500.000000000000000, -10.25735931288069125 ) ) ;
#753 = CARTESIAN_POINT ( 'NONE',  ( -15.50000000000000000, 0.000000000000000000, -34.89999999999998437 ) ) ;
#754 = EDGE_CURVE ( 'NONE', #3199, #2226, #3352, .T. ) ;
#755 = EDGE_CURVE ( 'NONE', #4277, #2397, #978, .T. ) ;
#756 = ORIENTED_EDGE ( 'NONE', *, *, #1387, .T. ) ;
#757 = VECTOR ( 'NONE', #4764, 1000.000000000000000 ) ;
#758 = FACE_BOUND ( 'NONE', #940, .T. ) ;
#759 = CARTESIAN_POINT ( 'NONE',  ( 7.399999999999996803, 0.000000000000000000, 4.571572875253806956 ) ) ;
#760 = DIRECTION ( 'NONE',  ( 0.000000000000000000, 1.000000000000000000, -0.000000000000000000 ) ) ;
#761 = ORIENTED_EDGE ( 'NONE', *, *, #3977, .F. ) ;
#762 = ORIENTED_EDGE ( 'NONE', *, *, #3750, .T. ) ;
#763 = VECTOR ( 'NONE', #4073, 1000.000000000000000 ) ;
#764 = CARTESIAN_POINT ( 'NONE',  ( 44.09999999999999432, 0.000000000000000000, 16.50000000000001066 ) ) ;
#765 = DIRECTION ( 'NONE',  ( -1.000000000000000000, -0.000000000000000000, -0.000000000000000000 ) ) ;
#766 = ADVANCED_FACE ( 'NONE', ( #1787 ), #1732, .F. ) ;
#767 = EDGE_CURVE ( 'NONE', #4738, #4120, #2947, .T. ) ;
#768 = EDGE_LOOP ( 'NONE', ( #358, #2777, #335, #3246 ) ) ;
#769 = CARTESIAN_POINT ( 'NONE',  ( 55.50000000000000000, 1500.000000000000000, -21.67157287525380482 ) ) ;
#770 = ORIENTED_EDGE ( 'NONE', *, *, #4310, .F. ) ;
#771 = PLANE ( 'NONE',  #1082 ) ;
#772 = DIRECTION ( 'NONE',  ( -0.000000000000000000, -1.000000000000000000, 0.000000000000000000 ) ) ;
#773 = VERTEX_POINT ( 'NONE', #5025 ) ;
#774 = ORIENTED_EDGE ( 'NONE', *, *, #1872, .F. ) ;
#775 = ORIENTED_EDGE ( 'NONE', *, *, #2220, .T. ) ;
#776 = EDGE_CURVE ( 'NONE', #2978, #1947, #1759, .T. ) ;
#777 = CARTESIAN_POINT ( 'NONE',  ( 10.25735931288071612, 1500.000000000000000, 14.50000000000000178 ) ) ;
#778 = DIRECTION ( 'NONE',  ( 1.000000000000000000, 0.000000000000000000, 0.000000000000000000 ) ) ;
#779 = CARTESIAN_POINT ( 'NONE',  ( -15.50000000000000178, 1500.000000000000000, -50.25735931288068770 ) ) ;
#780 = EDGE_LOOP ( 'NONE', ( #4466, #2089, #1258, #4248 ) ) ;
#781 = DIRECTION ( 'NONE',  ( -0.000000000000000000, -1.000000000000000000, -0.000000000000000000 ) ) ;
#782 = EDGE_CURVE ( 'NONE', #2169, #146, #1270, .T. ) ;
#783 = LINE ( 'NONE', #3339, #3575 ) ;
#784 = FACE_OUTER_BOUND ( 'NONE', #724, .T. ) ;
#785 = AXIS2_PLACEMENT_3D ( 'NONE', #208, #5028, #2258 ) ;
#786 = DIRECTION ( 'NONE',  ( -7.245177780952317104E-17, 0.000000000000000000, 1.000000000000000000 ) ) ;
#787 = ORIENTED_EDGE ( 'NONE', *, *, #3738, .F. ) ;
#788 = EDGE_LOOP ( 'NONE', ( #5238, #681, #3619, #4569 ) ) ;
#789 = DIRECTION ( 'NONE',  ( -1.000000000000000000, 0.000000000000000000, -0.000000000000000000 ) ) ;
#790 = PLANE ( 'NONE',  #2931 ) ;
#791 = ORIENTED_EDGE ( 'NONE', *, *, #1095, .F. ) ;
#792 = APPROVAL ( #624, '未指定' ) ;
#793 = CYLINDRICAL_SURFACE ( 'NONE', #5228, 1.000000000000000888 ) ;
#794 = ORIENTED_EDGE ( 'NONE', *, *, #3766, .T. ) ;
#795 = CARTESIAN_POINT ( 'NONE',  ( -15.50000000000000355, 1500.000000000000000, 5.100000000000010303 ) ) ;
#796 = DIRECTION ( 'NONE',  ( -0.000000000000000000, -1.000000000000000000, -0.000000000000000000 ) ) ;
#797 = ORIENTED_EDGE ( 'NONE', *, *, #3700, .F. ) ;
#798 = ORIENTED_EDGE ( 'NONE', *, *, #1285, .T. ) ;
#799 = ORIENTED_EDGE ( 'NONE', *, *, #96, .F. ) ;
#800 = VECTOR ( 'NONE', #796, 1000.000000000000000 ) ;
#801 = FACE_OUTER_BOUND ( 'NONE', #3950, .T. ) ;
#802 = DIRECTION ( 'NONE',  ( -0.000000000000000000, -1.000000000000000000, -0.000000000000000000 ) ) ;
#803 = CARTESIAN_POINT ( 'NONE',  ( -16.50000000000000355, 1500.000000000000000, -34.89999999999999147 ) ) ;
#804 = AXIS2_PLACEMENT_3D ( 'NONE', #2443, #3754, #3296 ) ;
#805 = VERTEX_POINT ( 'NONE', #4112 ) ;
#806 = AXIS2_PLACEMENT_3D ( 'NONE', #2007, #1206, #2855 ) ;
#807 = DIRECTION ( 'NONE',  ( -0.000000000000000000, -1.000000000000000000, 0.000000000000000000 ) ) ;
#808 = CARTESIAN_POINT ( 'NONE',  ( 60.00000000000000000, 0.000000000000000000, 15.99999999999997691 ) ) ;
#809 = VECTOR ( 'NONE', #1556, 1000.000000000000000 ) ;
#810 = CARTESIAN_POINT ( 'NONE',  ( 39.99999999999999289, 1500.000000000000000, -36.59999999999999432 ) ) ;
#811 = ADVANCED_FACE ( 'NONE', ( #3081 ), #2648, .T. ) ;
#812 = LINE ( 'NONE', #486, #4747 ) ;
#813 = FACE_OUTER_BOUND ( 'NONE', #4285, .T. ) ;
#814 = DIRECTION ( 'NONE',  ( -0.000000000000000000, -1.000000000000000000, -0.000000000000000000 ) ) ;
#815 = DIRECTION ( 'NONE',  ( 1.000000000000000000, 0.000000000000000000, -3.363588555182244873E-16 ) ) ;
#816 = EDGE_CURVE ( 'NONE', #4980, #2771, #569, .T. ) ;
#817 = EDGE_CURVE ( 'NONE', #3861, #175, #680, .T. ) ;
#818 = CIRCLE ( 'NONE', #702, 1.000000000000000888 ) ;
#819 = EDGE_LOOP ( 'NONE', ( #2042, #737, #3163, #3833 ) ) ;
#820 = LINE ( 'NONE', #1220, #3149 ) ;
#821 = ORIENTED_EDGE ( 'NONE', *, *, #2585, .T. ) ;
#822 = VECTOR ( 'NONE', #744, 1000.000000000000000 ) ;
#823 = LINE ( 'NONE', #4067, #1070 ) ;
#824 = CARTESIAN_POINT ( 'NONE',  ( 50.25735931288071612, 1500.000000000000000, 14.50000000000000178 ) ) ;
#825 = ORIENTED_EDGE ( 'NONE', *, *, #3196, .F. ) ;
#826 = ORIENTED_EDGE ( 'NONE', *, *, #3474, .F. ) ;
#827 = CARTESIAN_POINT ( 'NONE',  ( 5.099999999999999645, 0.000000000000000000, -55.50000000000000711 ) ) ;
#828 = DIRECTION ( 'NONE',  ( -0.000000000000000000, -1.000000000000000000, -0.000000000000000000 ) ) ;
#829 = CARTESIAN_POINT ( 'NONE',  ( 4.099999999999993427, 0.000000000000000000, -58.99999999999999289 ) ) ;
#830 = EDGE_CURVE ( 'NONE', #3775, #4441, #3027, .T. ) ;
#831 = EDGE_LOOP ( 'NONE', ( #3251, #1381 ) ) ;
#832 = ADVANCED_FACE ( 'NONE', ( #600 ), #4264, .F. ) ;
#833 = FACE_OUTER_BOUND ( 'NONE', #4893, .T. ) ;
#834 = CARTESIAN_POINT ( 'NONE',  ( -15.50000000000000711, 0.000000000000000000, -29.74264068711930165 ) ) ;
#835 = VECTOR ( 'NONE', #1160, 1000.000000000000000 ) ;
#836 = LINE ( 'NONE', #4905, #4241 ) ;
#837 = CARTESIAN_POINT ( 'NONE',  ( 55.49999999999999289, 1500.000000000000000, -45.10000000000000853 ) ) ;
#838 = CYLINDRICAL_SURFACE ( 'NONE', #4228, 3.399999999999999023 ) ;
#839 = EDGE_CURVE ( 'NONE', #3646, #288, #2974, .T. ) ;
#840 = FACE_OUTER_BOUND ( 'NONE', #4315, .T. ) ;
#841 = CIRCLE ( 'NONE', #3230, 0.9999999999999991118 ) ;
#842 = ORIENTED_EDGE ( 'NONE', *, *, #4823, .T. ) ;
#843 = CARTESIAN_POINT ( 'NONE',  ( 47.39999999999999147, 1500.000000000000000, -4.571572875253809620 ) ) ;
#844 = AXIS2_PLACEMENT_3D ( 'NONE', #3713, #4047, #7 ) ;
#845 = EDGE_CURVE ( 'NONE', #2230, #1905, #629, .T. ) ;
#846 = DIRECTION ( 'NONE',  ( -0.000000000000000000, -1.000000000000000000, -0.000000000000000000 ) ) ;
#847 = CARTESIAN_POINT ( 'NONE',  ( -10.96446609406725337, 0.000000000000000000, 13.79289321881343788 ) ) ;
#848 = CARTESIAN_POINT ( 'NONE',  ( 5.099999999999999645, 1500.000000000000000, -55.50000000000000711 ) ) ;
#849 = ORIENTED_EDGE ( 'NONE', *, *, #3521, .F. ) ;
#850 = ORIENTED_EDGE ( 'NONE', *, *, #3989, .F. ) ;
#851 = CARTESIAN_POINT ( 'NONE',  ( 5.099999999999999645, 1500.000000000000000, 15.50000000000000355 ) ) ;
#852 = DIRECTION ( 'NONE',  ( -1.000000000000000000, 0.000000000000000000, 0.000000000000000000 ) ) ;
#853 = FACE_OUTER_BOUND ( 'NONE', #3222, .T. ) ;
#854 = ORIENTED_EDGE ( 'NONE', *, *, #4780, .T. ) ;
#855 = EDGE_LOOP ( 'NONE', ( #717, #4351, #3330, #1376 ) ) ;
#856 = DIRECTION ( 'NONE',  ( 0.000000000000000000, 0.000000000000000000, -1.000000000000000000 ) ) ;
#857 = EDGE_CURVE ( 'NONE', #1805, #2298, #4635, .T. ) ;
#858 =( LENGTH_UNIT ( ) NAMED_UNIT ( * ) SI_UNIT ( .MILLI., .METRE. ) );
#859 = DIRECTION ( 'NONE',  ( -0.000000000000000000, -1.000000000000000000, -0.000000000000000000 ) ) ;
#860 = ORIENTED_EDGE ( 'NONE', *, *, #1266, .F. ) ;
#861 = CARTESIAN_POINT ( 'NONE',  ( 32.59999999999998721, 1500.000000000000000, -7.400000000000003908 ) ) ;
#862 = CARTESIAN_POINT ( 'NONE',  ( -19.00000000000000711, 1500.000000000000000, 5.100000000000003197 ) ) ;
#863 = VECTOR ( 'NONE', #564, 1000.000000000000000 ) ;
#864 = LINE ( 'NONE', #1755, #5171 ) ;
#865 = CARTESIAN_POINT ( 'NONE',  ( 45.09999999999998721, 1500.000000000000000, -59.00000000000000000 ) ) ;
#866 = ORIENTED_EDGE ( 'NONE', *, *, #1687, .F. ) ;
#867 = LINE ( 'NONE', #577, #889 ) ;
#868 = AXIS2_PLACEMENT_3D ( 'NONE', #2632, #4675, #3414 ) ;
#869 = DIRECTION ( 'NONE',  ( 9.486469554969615873E-17, 0.000000000000000000, -1.000000000000000000 ) ) ;
#870 = DIRECTION ( 'NONE',  ( 0.000000000000000000, 1.000000000000000000, -0.000000000000000000 ) ) ;
#871 = DIRECTION ( 'NONE',  ( 0.000000000000000000, 0.000000000000000000, -1.000000000000000000 ) ) ;
#872 = ORIENTED_EDGE ( 'NONE', *, *, #2100, .F. ) ;
#873 = EDGE_CURVE ( 'NONE', #4581, #4497, #3484, .T. ) ;
#874 = VERTEX_POINT ( 'NONE', #1806 ) ;
#875 = DIRECTION ( 'NONE',  ( 1.000000000000000000, 0.000000000000000000, -0.000000000000000000 ) ) ;
#876 = LINE ( 'NONE', #2961, #363 ) ;
#877 = CARTESIAN_POINT ( 'NONE',  ( 35.89999999999999147, 0.000000000000000000, 16.50000000000001066 ) ) ;
#878 = ORIENTED_EDGE ( 'NONE', *, *, #1457, .F. ) ;
#879 = ORIENTED_EDGE ( 'NONE', *, *, #359, .T. ) ;
#880 = CARTESIAN_POINT ( 'NONE',  ( -16.50000000000000355, 1500.000000000000000, -45.10000000000000142 ) ) ;
#881 = AXIS2_PLACEMENT_3D ( 'NONE', #3794, #4600, #962 ) ;
#882 = CARTESIAN_POINT ( 'NONE',  ( 39.99999999999999289, 1500.000000000000000, -39.99999999999999289 ) ) ;
#883 = CARTESIAN_POINT ( 'NONE',  ( 45.09999999999999432, 1500.000000000000000, -56.50000000000000711 ) ) ;
#884 = VECTOR ( 'NONE', #290, 1000.000000000000000 ) ;
#885 = APPROVAL ( #12, '未指定' ) ;
#886 = AXIS2_PLACEMENT_3D ( 'NONE', #1332, #3276, #556 ) ;
#887 = VERTEX_POINT ( 'NONE', #2971 ) ;
#888 = CARTESIAN_POINT ( 'NONE',  ( -4.571572875253814949, 1500.000000000000000, -32.59999999999998721 ) ) ;
#889 = VECTOR ( 'NONE', #3703, 1000.000000000000000 ) ;
#890 = DIRECTION ( 'NONE',  ( 1.897293910993923175E-16, 0.000000000000000000, -1.000000000000000000 ) ) ;
#891 = AXIS2_PLACEMENT_3D ( 'NONE', #3953, #546, #2221 ) ;
#892 = DIRECTION ( 'NONE',  ( 0.000000000000000000, 0.000000000000000000, -1.000000000000000000 ) ) ;
#893 = VECTOR ( 'NONE', #2703, 1000.000000000000000 ) ;
#894 = PLANE ( 'NONE',  #2757 ) ;
#895 = ORIENTED_EDGE ( 'NONE', *, *, #5093, .T. ) ;
#896 = EDGE_CURVE ( 'NONE', #4870, #4093, #3402, .T. ) ;
#897 = ORIENTED_EDGE ( 'NONE', *, *, #5254, .T. ) ;
#898 = DIRECTION ( 'NONE',  ( -0.000000000000000000, -1.000000000000000000, 0.000000000000000000 ) ) ;
#899 = EDGE_CURVE ( 'NONE', #2225, #1423, #2217, .T. ) ;
#900 = AXIS2_PLACEMENT_3D ( 'NONE', #1469, #1068, #3923 ) ;
#901 = CARTESIAN_POINT ( 'NONE',  ( 44.09999999999999432, 1500.000000000000000, 16.50000000000001066 ) ) ;
#902 = CARTESIAN_POINT ( 'NONE',  ( -19.00000000000000000, 1500.000000000000000, -35.89999999999999858 ) ) ;
#903 = CARTESIAN_POINT ( 'NONE',  ( -15.50000000000000711, 1500.000000000000000, -18.32842712474619162 ) ) ;
#904 = ORIENTED_EDGE ( 'NONE', *, *, #4372, .F. ) ;
#905 = AXIS2_PLACEMENT_3D ( 'NONE', #2182, #3871, #190 ) ;
#906 = VECTOR ( 'NONE', #656, 1000.000000000000000 ) ;
#907 = DIRECTION ( 'NONE',  ( 1.000000000000000000, 0.000000000000000000, 3.363588555182245366E-16 ) ) ;
#908 = CARTESIAN_POINT ( 'NONE',  ( 7.399999999999997691, 1500.000000000000000, -32.59999999999998721 ) ) ;
#909 = CYLINDRICAL_SURFACE ( 'NONE', #881, 0.9999999999999940048 ) ;
#910 = ORIENTED_EDGE ( 'NONE', *, *, #1042, .F. ) ;
#911 = ORIENTED_EDGE ( 'NONE', *, *, #3539, .F. ) ;
#912 = LINE ( 'NONE', #4447, #3469 ) ;
#913 = APPROVAL_STATUS ( 'not_yet_approved' ) ;
#914 = EDGE_CURVE ( 'NONE', #5208, #492, #736, .T. ) ;
#915 = EDGE_CURVE ( 'NONE', #4008, #4581, #232, .T. ) ;
#916 = CARTESIAN_POINT ( 'NONE',  ( -4.100000000000004974, 0.000000000000000000, -58.99999999999999289 ) ) ;
#917 = VECTOR ( 'NONE', #3909, 1000.000000000000000 ) ;
#918 = ORIENTED_EDGE ( 'NONE', *, *, #4454, .F. ) ;
#919 = DIRECTION ( 'NONE',  ( 0.000000000000000000, 0.000000000000000000, -1.000000000000000000 ) ) ;
#920 = CARTESIAN_POINT ( 'NONE',  ( -15.50000000000000355, 1500.000000000000000, -45.10000000000000853 ) ) ;
#921 = CARTESIAN_POINT ( 'NONE',  ( 35.89999999999999147, 1500.000000000000000, 18.99999999999999645 ) ) ;
#922 = AXIS2_PLACEMENT_3D ( 'NONE', #1085, #3980, #4826 ) ;
#923 = FACE_OUTER_BOUND ( 'NONE', #2345, .T. ) ;
#924 = EDGE_LOOP ( 'NONE', ( #550, #1742, #4132, #3716 ) ) ;
#925 = ORIENTED_EDGE ( 'NONE', *, *, #1886, .T. ) ;
#926 = PLANE ( 'NONE',  #2252 ) ;
#927 = VECTOR ( 'NONE', #4689, 1000.000000000000000 ) ;
#928 = EDGE_CURVE ( 'NONE', #4137, #1177, #3827, .T. ) ;
#929 = DIRECTION ( 'NONE',  ( -1.449035556190463174E-16, 0.000000000000000000, -1.000000000000000000 ) ) ;
#930 = VECTOR ( 'NONE', #1796, 1000.000000000000000 ) ;
#931 = CARTESIAN_POINT ( 'NONE',  ( 58.99999999999998579, 1500.000000000000000, -44.10000000000000142 ) ) ;
#932 = EDGE_CURVE ( 'NONE', #4352, #60, #1829, .T. ) ;
#933 = LINE ( 'NONE', #2553, #4716 ) ;
#934 = ORIENTED_EDGE ( 'NONE', *, *, #1599, .T. ) ;
#935 = VECTOR ( 'NONE', #3363, 1000.000000000000000 ) ;
#936 = PLANE ( 'NONE',  #1193 ) ;
#937 = FACE_OUTER_BOUND ( 'NONE', #2951, .T. ) ;
#938 = CARTESIAN_POINT ( 'NONE',  ( 34.89999999999998437, 0.000000000000000000, -55.50000000000000711 ) ) ;
#939 = VERTEX_POINT ( 'NONE', #148 ) ;
#940 = EDGE_LOOP ( 'NONE', ( #4434, #261 ) ) ;
#941 = CARTESIAN_POINT ( 'NONE',  ( 34.89999999999998437, 1500.000000000000000, -55.50000000000000711 ) ) ;
#942 = CARTESIAN_POINT ( 'NONE',  ( 60.00000000000000000, 1500.000000000000000, 15.99999999999997691 ) ) ;
#943 = VERTEX_POINT ( 'NONE', #999 ) ;
#944 = DIRECTION ( 'NONE',  ( -1.000000000000000000, 0.000000000000000000, 0.000000000000000000 ) ) ;
#945 = EDGE_CURVE ( 'NONE', #4688, #2792, #310, .T. ) ;
#946 = CARTESIAN_POINT ( 'NONE',  ( -7.400000000000003020, 0.000000000000000000, 4.571572875253811397 ) ) ;
#947 = DIRECTION ( 'NONE',  ( -0.000000000000000000, -1.000000000000000000, -0.000000000000000000 ) ) ;
#948 = DIRECTION ( 'NONE',  ( 3.469446951953635389E-16, 0.000000000000000000, 1.000000000000000000 ) ) ;
#949 = ORIENTED_EDGE ( 'NONE', *, *, #3178, .F. ) ;
#950 = AXIS2_PLACEMENT_3D ( 'NONE', #1022, #3823, #1046 ) ;
#951 = VERTEX_POINT ( 'NONE', #1052 ) ;
#952 = DIRECTION ( 'NONE',  ( -0.000000000000000000, -1.000000000000000000, -0.000000000000000000 ) ) ;
#953 = CARTESIAN_POINT ( 'NONE',  ( 34.89999999999998437, 0.000000000000000000, 20.00000000000000355 ) ) ;
#954 = DIRECTION ( 'NONE',  ( -0.7071067811865477948, 0.000000000000000000, 0.7071067811865473507 ) ) ;
#955 = CARTESIAN_POINT ( 'NONE',  ( 34.89999999999999147, 0.000000000000000000, 16.50000000000000355 ) ) ;
#956 = EDGE_CURVE ( 'NONE', #968, #2797, #2677, .T. ) ;
#957 = ORIENTED_EDGE ( 'NONE', *, *, #2816, .T. ) ;
#958 = VECTOR ( 'NONE', #981, 1000.000000000000000 ) ;
#959 = DIRECTION ( 'NONE',  ( -3.363588555182249803E-16, -0.000000000000000000, -1.000000000000000000 ) ) ;
#960 = CARTESIAN_POINT ( 'NONE',  ( 58.99999999999998579, 1500.000000000000000, 4.100000000000003197 ) ) ;
#961 = CIRCLE ( 'NONE', #2663, 3.400000000000000355 ) ;
#962 = DIRECTION ( 'NONE',  ( 0.000000000000000000, 0.000000000000000000, -1.000000000000000000 ) ) ;
#963 = ORIENTED_EDGE ( 'NONE', *, *, #2548, .T. ) ;
#964 = ORIENTED_EDGE ( 'NONE', *, *, #1687, .T. ) ;
#965 = DIRECTION ( 'NONE',  ( 0.000000000000000000, 0.000000000000000000, -1.000000000000000000 ) ) ;
#966 = SHAPE_DEFINITION_REPRESENTATION ( #1657, #4875 ) ;
#967 = CARTESIAN_POINT ( 'NONE',  ( -19.00000000000000000, 1500.000000000000000, -44.10000000000000142 ) ) ;
#968 = VERTEX_POINT ( 'NONE', #3375 ) ;
#969 = DIRECTION ( 'NONE',  ( 0.000000000000000000, 0.000000000000000000, 1.000000000000000000 ) ) ;
#970 = DIRECTION ( 'NONE',  ( 0.000000000000000000, 0.000000000000000000, 1.000000000000000000 ) ) ;
#971 = CARTESIAN_POINT ( 'NONE',  ( 35.89999999999999147, 0.000000000000000000, 16.50000000000001066 ) ) ;
#972 = EDGE_CURVE ( 'NONE', #3629, #4482, #1345, .T. ) ;
#973 = CARTESIAN_POINT ( 'NONE',  ( 60.00000000000000000, 0.000000000000000000, -5.100000000000003197 ) ) ;
#974 = ORIENTED_EDGE ( 'NONE', *, *, #2566, .T. ) ;
#975 = AXIS2_PLACEMENT_3D ( 'NONE', #865, #3349, #3679 ) ;
#976 = DIRECTION ( 'NONE',  ( 0.000000000000000000, 0.000000000000000000, -1.000000000000000000 ) ) ;
#977 = ORIENTED_EDGE ( 'NONE', *, *, #514, .T. ) ;
#978 = LINE ( 'NONE', #4940, #4304 ) ;
#979 = VERTEX_POINT ( 'NONE', #1558 ) ;
#980 = AXIS2_PLACEMENT_3D ( 'NONE', #1094, #1900, #1496 ) ;
#981 = DIRECTION ( 'NONE',  ( 1.000000000000000000, 0.000000000000000000, 1.897293910993923175E-16 ) ) ;
#982 = EDGE_CURVE ( 'NONE', #1824, #4417, #2353, .T. ) ;
#983 = ADVANCED_FACE ( 'NONE', ( #1482, #1506, #3154, #4345, #3979, #758 ), #1985, .F. ) ;
#984 = DIRECTION ( 'NONE',  ( 0.000000000000000000, 0.000000000000000000, -1.000000000000000000 ) ) ;
#985 = CARTESIAN_POINT ( 'NONE',  ( -6.938893903907228378E-15, 0.000000000000000000, -39.99999999999999289 ) ) ;
#986 = EDGE_LOOP ( 'NONE', ( #1058, #1819, #3820, #3382 ) ) ;
#987 = LINE ( 'NONE', #4172, #3831 ) ;
#988 = PLANE ( 'NONE',  #395 ) ;
#989 = FACE_OUTER_BOUND ( 'NONE', #2010, .T. ) ;
#990 = ORIENTED_EDGE ( 'NONE', *, *, #343, .T. ) ;
#991 = ORIENTED_EDGE ( 'NONE', *, *, #1623, .F. ) ;
#992 = VECTOR ( 'NONE', #1613, 1000.000000000000000 ) ;
#993 = CARTESIAN_POINT ( 'NONE',  ( -20.00000000000000711, 1500.000000000000000, -45.10000000000000853 ) ) ;
#994 = PERSON_AND_ORGANIZATION_ROLE ( 'classification_officer' ) ;
#995 = PLANE ( 'NONE',  #4233 ) ;
#996 = ADVANCED_FACE ( 'NONE', ( #328 ), #2729, .F. ) ;
#997 = EDGE_CURVE ( 'NONE', #2225, #361, #1962, .T. ) ;
#998 = EDGE_LOOP ( 'NONE', ( #654, #2631, #3807, #3875 ) ) ;
#999 = CARTESIAN_POINT ( 'NONE',  ( 7.399999999999996803, 1500.000000000000000, 4.571572875253806956 ) ) ;
#1000 = CIRCLE ( 'NONE', #4647, 1.000000000000000888 ) ;
#1001 = LINE ( 'NONE', #3105, #2361 ) ;
#1002 = PLANE ( 'NONE',  #5000 ) ;
#1003 = FACE_OUTER_BOUND ( 'NONE', #1918, .T. ) ;
#1004 = ORIENTED_EDGE ( 'NONE', *, *, #3125, .T. ) ;
#1005 = CARTESIAN_POINT ( 'NONE',  ( 32.59999999999998721, 0.000000000000000000, 4.571572875253806956 ) ) ;
#1006 = ORIENTED_EDGE ( 'NONE', *, *, #4584, .F. ) ;
#1007 = ORIENTED_EDGE ( 'NONE', *, *, #3740, .T. ) ;
#1008 = AXIS2_PLACEMENT_3D ( 'NONE', #412, #4532, #1676 ) ;
#1009 = CARTESIAN_POINT ( 'NONE',  ( -15.50000000000000711, 0.000000000000000000, -10.25735931288069125 ) ) ;
#1010 = EDGE_CURVE ( 'NONE', #4369, #4124, #2351, .T. ) ;
#1011 = DIRECTION ( 'NONE',  ( -0.000000000000000000, -1.000000000000000000, -0.000000000000000000 ) ) ;
#1012 = VECTOR ( 'NONE', #4156, 1000.000000000000000 ) ;
#1013 = ORIENTED_EDGE ( 'NONE', *, *, #2098, .T. ) ;
#1014 = CARTESIAN_POINT ( 'NONE',  ( 32.59999999999998721, 0.000000000000000000, 4.571572875253806956 ) ) ;
#1015 = ADVANCED_FACE ( 'NONE', ( #4371 ), #2779, .F. ) ;
#1016 = EDGE_CURVE ( 'NONE', #874, #3744, #683, .T. ) ;
#1017 = DIRECTION ( 'NONE',  ( -0.000000000000000000, -1.000000000000000000, -0.000000000000000000 ) ) ;
#1018 = DIRECTION ( 'NONE',  ( -0.000000000000000000, -1.000000000000000000, 0.000000000000000000 ) ) ;
#1019 = LINE ( 'NONE', #1041, #3020 ) ;
#1020 = ORIENTED_EDGE ( 'NONE', *, *, #4975, .T. ) ;
#1021 = ORIENTED_EDGE ( 'NONE', *, *, #4607, .F. ) ;
#1022 = CARTESIAN_POINT ( 'NONE',  ( 56.00000000000000000, 1500.000000000000000, 16.00000000000000355 ) ) ;
#1023 = AXIS2_PLACEMENT_3D ( 'NONE', #4976, #5083, #558 ) ;
#1024 = APPROVAL_DATE_TIME ( #597, #493 ) ;
#1025 = CARTESIAN_POINT ( 'NONE',  ( 55.50000000000000000, 1500.000000000000000, -18.32842712474619162 ) ) ;
#1026 = ORIENTED_EDGE ( 'NONE', *, *, #4845, .F. ) ;
#1027 = EDGE_CURVE ( 'NONE', #1047, #2389, #2325, .T. ) ;
#1028 = CARTESIAN_POINT ( 'NONE',  ( -10.25735931288070013, 1500.000000000000000, 15.50000000000000355 ) ) ;
#1029 = LINE ( 'NONE', #3028, #3479 ) ;
#1030 = CARTESIAN_POINT ( 'NONE',  ( -20.00000000000000711, 1500.000000000000000, -45.10000000000000853 ) ) ;
#1031 = ORIENTED_EDGE ( 'NONE', *, *, #3115, .F. ) ;
#1032 = CARTESIAN_POINT ( 'NONE',  ( 35.89999999999999147, 1500.000000000000000, -56.49999999999999289 ) ) ;
#1033 = ORIENTED_EDGE ( 'NONE', *, *, #4879, .F. ) ;
#1034 = VERTEX_POINT ( 'NONE', #3933 ) ;
#1035 = FACE_OUTER_BOUND ( 'NONE', #3148, .T. ) ;
#1036 = CARTESIAN_POINT ( 'NONE',  ( 58.99999999999998579, 1500.000000000000000, -4.099999999999996092 ) ) ;
#1037 = ORIENTED_EDGE ( 'NONE', *, *, #1178, .F. ) ;
#1038 = CARTESIAN_POINT ( 'NONE',  ( 53.79289321881343255, 1500.000000000000000, -10.96446609406724448 ) ) ;
#1039 = DIRECTION ( 'NONE',  ( 0.000000000000000000, 1.000000000000000000, 0.000000000000000000 ) ) ;
#1040 = LINE ( 'NONE', #243, #930 ) ;
#1041 = CARTESIAN_POINT ( 'NONE',  ( 55.50000000000000000, 1500.000000000000000, -10.25735931288069125 ) ) ;
#1042 = EDGE_CURVE ( 'NONE', #5214, #1047, #3208, .T. ) ;
#1043 = VERTEX_POINT ( 'NONE', #4825 ) ;
#1044 = CIRCLE ( 'NONE', #1133, 1.000000000000000888 ) ;
#1045 = VERTEX_POINT ( 'NONE', #353 ) ;
#1046 = DIRECTION ( 'NONE',  ( 0.000000000000000000, 0.000000000000000000, -1.000000000000000000 ) ) ;
#1047 = VERTEX_POINT ( 'NONE', #1912 ) ;
#1048 = VECTOR ( 'NONE', #778, 1000.000000000000000 ) ;
#1049 = CARTESIAN_POINT ( 'NONE',  ( -16.50000000000001066, 1500.000000000000000, 4.100000000000003197 ) ) ;
#1050 = ORIENTED_EDGE ( 'NONE', *, *, #4503, .T. ) ;
#1051 = ORIENTED_EDGE ( 'NONE', *, *, #3252, .T. ) ;
#1052 = CARTESIAN_POINT ( 'NONE',  ( 50.25735931288068059, 1500.000000000000000, 15.50000000000000355 ) ) ;
#1053 = DIRECTION ( 'NONE',  ( 0.000000000000000000, 0.000000000000000000, -1.000000000000000000 ) ) ;
#1054 = CARTESIAN_POINT ( 'NONE',  ( 45.09999999999999432, 0.000000000000000000, 15.50000000000000355 ) ) ;
#1055 = EDGE_CURVE ( 'NONE', #5131, #1369, #3040, .T. ) ;
#1056 = LINE ( 'NONE', #661, #1898 ) ;
#1057 = ORIENTED_EDGE ( 'NONE', *, *, #3131, .F. ) ;
#1058 = ORIENTED_EDGE ( 'NONE', *, *, #914, .F. ) ;
#1059 = CIRCLE ( 'NONE', #2498, 0.9999999999999974465 ) ;
#1060 = PLANE ( 'NONE',  #868 ) ;
#1061 = CARTESIAN_POINT ( 'NONE',  ( 32.59999999999998721, 1500.000000000000000, -44.57157287525379985 ) ) ;
#1062 = ADVANCED_FACE ( 'NONE', ( #1186 ), #3585, .F. ) ;
#1063 = AXIS2_PLACEMENT_3D ( 'NONE', #3407, #3127, #3832 ) ;
#1064 = EDGE_CURVE ( 'NONE', #3744, #1043, #3613, .T. ) ;
#1065 = CIRCLE ( 'NONE', #1834, 1.000000000000000888 ) ;
#1066 = ORIENTED_EDGE ( 'NONE', *, *, #3590, .F. ) ;
#1067 = ADVANCED_FACE ( 'NONE', ( #3534 ), #2810, .F. ) ;
#1068 = DIRECTION ( 'NONE',  ( 0.000000000000000000, 1.000000000000000000, 0.000000000000000000 ) ) ;
#1069 = VECTOR ( 'NONE', #1637, 1000.000000000000000 ) ;
#1070 = VECTOR ( 'NONE', #3733, 1000.000000000000000 ) ;
#1071 = DIRECTION ( 'NONE',  ( -0.000000000000000000, -1.000000000000000000, -0.000000000000000000 ) ) ;
#1072 = CARTESIAN_POINT ( 'NONE',  ( -15.99999999999997868, 0.000000000000000000, 20.00000000000000355 ) ) ;
#1073 = VERTEX_POINT ( 'NONE', #2403 ) ;
#1074 = ORIENTED_EDGE ( 'NONE', *, *, #14, .T. ) ;
#1075 = ORIENTED_EDGE ( 'NONE', *, *, #1539, .T. ) ;
#1076 = EDGE_CURVE ( 'NONE', #4985, #3996, #4386, .T. ) ;
#1077 = DIRECTION ( 'NONE',  ( -0.000000000000000000, -1.000000000000000000, -0.000000000000000000 ) ) ;
#1078 = EDGE_CURVE ( 'NONE', #2102, #547, #1889, .T. ) ;
#1079 = ORIENTED_EDGE ( 'NONE', *, *, #2798, .F. ) ;
#1080 = DIRECTION ( 'NONE',  ( 0.000000000000000000, 0.000000000000000000, -1.000000000000000000 ) ) ;
#1081 = CARTESIAN_POINT ( 'NONE',  ( 44.09999999999999432, 0.000000000000000000, -56.49999999999999289 ) ) ;
#1082 = AXIS2_PLACEMENT_3D ( 'NONE', #4041, #1974, #2316 ) ;
#1083 = ADVANCED_FACE ( 'NONE', ( #1235 ), #1669, .F. ) ;
#1084 = EDGE_CURVE ( 'NONE', #887, #5049, #2059, .T. ) ;
#1085 = CARTESIAN_POINT ( 'NONE',  ( 56.49999999999999289, 0.000000000000000000, -34.89999999999999147 ) ) ;
#1086 = CARTESIAN_POINT ( 'NONE',  ( 4.571572875253802515, 1500.000000000000000, -47.39999999999999147 ) ) ;
#1087 = ORIENTED_EDGE ( 'NONE', *, *, #565, .T. ) ;
#1088 = ORIENTED_EDGE ( 'NONE', *, *, #899, .F. ) ;
#1089 = ORIENTED_EDGE ( 'NONE', *, *, #2867, .F. ) ;
#1090 = CARTESIAN_POINT ( 'NONE',  ( -19.00000000000000000, 1500.000000000000000, 4.100000000000003197 ) ) ;
#1091 = DIRECTION ( 'NONE',  ( -0.000000000000000000, -1.000000000000000000, -0.000000000000000000 ) ) ;
#1092 = VERTEX_POINT ( 'NONE', #3258 ) ;
#1093 = EDGE_CURVE ( 'NONE', #3158, #4344, #912, .T. ) ;
#1094 = CARTESIAN_POINT ( 'NONE',  ( -15.50000000000000711, 1500.000000000000000, -29.74264068711930165 ) ) ;
#1095 = EDGE_CURVE ( 'NONE', #4918, #5131, #1245, .T. ) ;
#1096 = FACE_BOUND ( 'NONE', #365, .T. ) ;
#1097 = VECTOR ( 'NONE', #2219, 1000.000000000000000 ) ;
#1098 = DIRECTION ( 'NONE',  ( 0.7071067811865477948, 0.000000000000000000, 0.7071067811865473507 ) ) ;
#1099 = ORIENTED_EDGE ( 'NONE', *, *, #2982, .F. ) ;
#1100 = ORIENTED_EDGE ( 'NONE', *, *, #4454, .T. ) ;
#1101 = CIRCLE ( 'NONE', #745, 0.9999999999999940048 ) ;
#1102 = LINE ( 'NONE', #1554, #2795 ) ;
#1103 = VECTOR ( 'NONE', #308, 1000.000000000000000 ) ;
#1104 = DIRECTION ( 'NONE',  ( 0.7071067811865473507, 0.000000000000000000, 0.7071067811865477948 ) ) ;
#1105 = VECTOR ( 'NONE', #2165, 1000.000000000000000 ) ;
#1106 = ORIENTED_EDGE ( 'NONE', *, *, #4596, .T. ) ;
#1107 = VECTOR ( 'NONE', #4625, 1000.000000000000000 ) ;
#1108 = DIRECTION ( 'NONE',  ( -1.000000000000000000, 0.000000000000000000, 0.000000000000000000 ) ) ;
#1109 = DIRECTION ( 'NONE',  ( -0.000000000000000000, -1.000000000000000000, -0.000000000000000000 ) ) ;
#1110 = CARTESIAN_POINT ( 'NONE',  ( 53.79289321881343255, 0.000000000000000000, -10.96446609406724448 ) ) ;
#1111 = SECURITY_CLASSIFICATION ( '', '', #4234 ) ;
#1112 = ADVANCED_FACE ( 'NONE', ( #2940 ), #4498, .T. ) ;
#1113 = DIRECTION ( 'NONE',  ( -0.000000000000000000, -1.000000000000000000, -0.000000000000000000 ) ) ;
#1114 = VERTEX_POINT ( 'NONE', #1311 ) ;
#1115 = VERTEX_POINT ( 'NONE', #4552 ) ;
#1116 = VERTEX_POINT ( 'NONE', #1721 ) ;
#1117 = CARTESIAN_POINT ( 'NONE',  ( 50.25735931288068059, 1500.000000000000000, 15.50000000000000355 ) ) ;
#1118 = DIRECTION ( 'NONE',  ( 0.7071067811865482389, 0.000000000000000000, 0.7071067811865469066 ) ) ;
#1119 = EDGE_LOOP ( 'NONE', ( #3916, #4537, #3304, #153 ) ) ;
#1120 = LINE ( 'NONE', #2262, #3101 ) ;
#1121 = DIRECTION ( 'NONE',  ( -0.000000000000000000, -1.000000000000000000, -0.000000000000000000 ) ) ;
#1122 = EDGE_CURVE ( 'NONE', #4093, #274, #2861, .T. ) ;
#1123 = CARTESIAN_POINT ( 'NONE',  ( -15.50000000000000355, 1500.000000000000000, 5.100000000000010303 ) ) ;
#1124 = ORIENTED_EDGE ( 'NONE', *, *, #1321, .T. ) ;
#1125 = ORIENTED_EDGE ( 'NONE', *, *, #2442, .F. ) ;
#1126 = VECTOR ( 'NONE', #549, 1000.000000000000000 ) ;
#1127 = CARTESIAN_POINT ( 'NONE',  ( 44.09999999999999432, 1500.000000000000000, 16.50000000000001066 ) ) ;
#1128 = CARTESIAN_POINT ( 'NONE',  ( -19.00000000000000711, 0.000000000000000000, 5.100000000000003197 ) ) ;
#1129 = LINE ( 'NONE', #303, #380 ) ;
#1130 = EDGE_CURVE ( 'NONE', #1114, #3815, #4474, .T. ) ;
#1131 = ORIENTED_EDGE ( 'NONE', *, *, #1703, .F. ) ;
#1132 = CARTESIAN_POINT ( 'NONE',  ( 7.399999999999997691, 0.000000000000000000, -7.400000000000003908 ) ) ;
#1133 = AXIS2_PLACEMENT_3D ( 'NONE', #3987, #4754, #2841 ) ;
#1134 = DIRECTION ( 'NONE',  ( 0.000000000000000000, 0.000000000000000000, 1.000000000000000000 ) ) ;
#1135 = FACE_OUTER_BOUND ( 'NONE', #2992, .T. ) ;
#1136 = ORIENTED_EDGE ( 'NONE', *, *, #4391, .T. ) ;
#1137 = DIRECTION ( 'NONE',  ( -0.000000000000000000, -1.000000000000000000, -0.000000000000000000 ) ) ;
#1138 = ORIENTED_EDGE ( 'NONE', *, *, #4160, .F. ) ;
#1139 = CARTESIAN_POINT ( 'NONE',  ( 60.00000000000000000, 1500.000000000000000, 5.100000000000010303 ) ) ;
#1140 = CARTESIAN_POINT ( 'NONE',  ( 5.099999999999992539, 1500.000000000000000, 16.50000000000000355 ) ) ;
#1141 = ORIENTED_EDGE ( 'NONE', *, *, #2819, .F. ) ;
#1142 = DIRECTION ( 'NONE',  ( 0.000000000000000000, 0.000000000000000000, -1.000000000000000000 ) ) ;
#1143 = VECTOR ( 'NONE', #4711, 1000.000000000000000 ) ;
#1144 = ADVANCED_FACE ( 'NONE', ( #833 ), #2534, .T. ) ;
#1145 = ADVANCED_FACE ( 'NONE', ( #4854 ), #3286, .T. ) ;
#1146 = AXIS2_PLACEMENT_3D ( 'NONE', #4512, #870, #1301 ) ;
#1147 = DIRECTION ( 'NONE',  ( -0.000000000000000000, -1.000000000000000000, -0.000000000000000000 ) ) ;
#1148 = VECTOR ( 'NONE', #1098, 999.9999999999998863 ) ;
#1149 = DIRECTION ( 'NONE',  ( 0.000000000000000000, 0.000000000000000000, -1.000000000000000000 ) ) ;
#1150 = ORIENTED_EDGE ( 'NONE', *, *, #1042, .T. ) ;
#1151 = ORIENTED_EDGE ( 'NONE', *, *, #1649, .T. ) ;
#1152 = ORIENTED_EDGE ( 'NONE', *, *, #2024, .F. ) ;
#1153 = CIRCLE ( 'NONE', #4628, 1.000000000000000000 ) ;
#1154 = DIRECTION ( 'NONE',  ( 0.000000000000000000, 0.000000000000000000, 1.000000000000000000 ) ) ;
#1155 = DIRECTION ( 'NONE',  ( -1.000000000000000000, 0.000000000000000000, 0.000000000000000000 ) ) ;
#1156 = FACE_OUTER_BOUND ( 'NONE', #4712, .T. ) ;
#1157 = ORIENTED_EDGE ( 'NONE', *, *, #4065, .T. ) ;
#1158 = DIRECTION ( 'NONE',  ( 0.000000000000000000, 0.000000000000000000, -1.000000000000000000 ) ) ;
#1159 = EDGE_CURVE ( 'NONE', #4576, #1850, #3967, .T. ) ;
#1160 = DIRECTION ( 'NONE',  ( -1.000000000000000000, 0.000000000000000000, 0.000000000000000000 ) ) ;
#1161 = ADVANCED_FACE ( 'NONE', ( #4100 ), #2458, .T. ) ;
#1162 = AXIS2_PLACEMENT_3D ( 'NONE', #4487, #4970, #2872 ) ;
#1163 = CARTESIAN_POINT ( 'NONE',  ( 29.03553390593274131, 1500.000000000000000, 13.79289321881343788 ) ) ;
#1164 = ORIENTED_EDGE ( 'NONE', *, *, #2862, .T. ) ;
#1165 = AXIS2_PLACEMENT_3D ( 'NONE', #3695, #807, #856 ) ;
#1166 = ORIENTED_EDGE ( 'NONE', *, *, #1649, .F. ) ;
#1167 = ORIENTED_EDGE ( 'NONE', *, *, #481, .F. ) ;
#1168 = DIRECTION ( 'NONE',  ( 0.000000000000000000, 0.000000000000000000, 1.000000000000000000 ) ) ;
#1169 = DIRECTION ( 'NONE',  ( 0.000000000000000000, 0.000000000000000000, 1.000000000000000000 ) ) ;
#1170 = ORIENTED_EDGE ( 'NONE', *, *, #3021, .F. ) ;
#1171 = DIRECTION ( 'NONE',  ( -0.000000000000000000, -1.000000000000000000, -0.000000000000000000 ) ) ;
#1172 = VERTEX_POINT ( 'NONE', #4902 ) ;
#1173 = CARTESIAN_POINT ( 'NONE',  ( 35.89999999999999147, 1500.000000000000000, -58.99999999999999289 ) ) ;
#1174 = VECTOR ( 'NONE', #256, 1000.000000000000000 ) ;
#1175 = LINE ( 'NONE', #3225, #4456 ) ;
#1176 = ORIENTED_EDGE ( 'NONE', *, *, #1373, .F. ) ;
#1177 = VERTEX_POINT ( 'NONE', #2510 ) ;
#1178 = EDGE_CURVE ( 'NONE', #1407, #155, #1259, .T. ) ;
#1179 = EDGE_LOOP ( 'NONE', ( #287, #3207, #4830, #2513 ) ) ;
#1180 = AXIS2_PLACEMENT_3D ( 'NONE', #4348, #4005, #4374 ) ;
#1181 = CARTESIAN_POINT ( 'NONE',  ( 5.099999999999993427, 0.000000000000000000, -59.00000000000000000 ) ) ;
#1182 = DIRECTION ( 'NONE',  ( -0.000000000000000000, -1.000000000000000000, -0.000000000000000000 ) ) ;
#1183 = DIRECTION ( 'NONE',  ( 0.000000000000000000, 0.000000000000000000, 1.000000000000000000 ) ) ;
#1184 = VERTEX_POINT ( 'NONE', #4524 ) ;
#1185 = VECTOR ( 'NONE', #4605, 1000.000000000000000 ) ;
#1186 = FACE_OUTER_BOUND ( 'NONE', #1344, .T. ) ;
#1187 = CIRCLE ( 'NONE', #2543, 1.000000000000007772 ) ;
#1188 = PLANE ( 'NONE',  #5258 ) ;
#1189 = EDGE_CURVE ( 'NONE', #2667, #4688, #455, .T. ) ;
#1190 = LINE ( 'NONE', #4748, #1615 ) ;
#1191 = ORIENTED_EDGE ( 'NONE', *, *, #3287, .T. ) ;
#1192 = EDGE_LOOP ( 'NONE', ( #4245, #2296, #186, #4272 ) ) ;
#1193 = AXIS2_PLACEMENT_3D ( 'NONE', #2234, #218, #907 ) ;
#1194 = LINE ( 'NONE', #1139, #1559 ) ;
#1195 = LINE ( 'NONE', #5130, #3536 ) ;
#1196 = VERTEX_POINT ( 'NONE', #2083 ) ;
#1197 = CARTESIAN_POINT ( 'NONE',  ( -13.79289321881344144, 0.000000000000000000, -29.03553390593274841 ) ) ;
#1198 = VERTEX_POINT ( 'NONE', #3718 ) ;
#1199 = DIRECTION ( 'NONE',  ( -0.000000000000000000, -1.000000000000000000, -0.000000000000000000 ) ) ;
#1200 = DIRECTION ( 'NONE',  ( -0.7071067811865479058, 0.000000000000000000, -0.7071067811865471286 ) ) ;
#1201 = ORIENTED_EDGE ( 'NONE', *, *, #5242, .T. ) ;
#1202 = ORIENTED_EDGE ( 'NONE', *, *, #2052, .F. ) ;
#1203 = VERTEX_POINT ( 'NONE', #3313 ) ;
#1204 = EDGE_CURVE ( 'NONE', #3996, #4352, #818, .T. ) ;
#1205 = FACE_OUTER_BOUND ( 'NONE', #2509, .T. ) ;
#1206 = DIRECTION ( 'NONE',  ( 2.690870844145795898E-15, 0.000000000000000000, -1.000000000000000000 ) ) ;
#1207 = CARTESIAN_POINT ( 'NONE',  ( 39.99999999999999289, 0.000000000000000000, -39.99999999999999289 ) ) ;
#1208 = ORIENTED_EDGE ( 'NONE', *, *, #1567, .F. ) ;
#1209 = CARTESIAN_POINT ( 'NONE',  ( -15.50000000000000711, 1500.000000000000000, -18.32842712474619162 ) ) ;
#1210 = PERSON_AND_ORGANIZATION ( #4996, #4064 ) ;
#1211 = ADVANCED_FACE ( 'NONE', ( #2239 ), #1341, .F. ) ;
#1212 = DIRECTION ( 'NONE',  ( 0.000000000000000000, 0.000000000000000000, 1.000000000000000000 ) ) ;
#1213 = VECTOR ( 'NONE', #664, 1000.000000000000000 ) ;
#1214 = CARTESIAN_POINT ( 'NONE',  ( -4.571572875253815837, 0.000000000000000000, 7.399999999999998579 ) ) ;
#1215 = ORIENTED_EDGE ( 'NONE', *, *, #3539, .T. ) ;
#1216 = DIRECTION ( 'NONE',  ( -1.000000000000000000, 0.000000000000000000, 0.000000000000000000 ) ) ;
#1217 = VECTOR ( 'NONE', #3785, 1000.000000000000114 ) ;
#1218 = CARTESIAN_POINT ( 'NONE',  ( 5.100000000000000533, 0.000000000000000000, 20.00000000000000355 ) ) ;
#1219 = ORIENTED_EDGE ( 'NONE', *, *, #1518, .F. ) ;
#1220 = CARTESIAN_POINT ( 'NONE',  ( 7.399999999999997691, 1500.000000000000000, -7.400000000000003908 ) ) ;
#1221 = EDGE_LOOP ( 'NONE', ( #2416, #2271, #3442, #4807, #4294, #1966, #1660, #1800, #613, #643, #1296, #4040, #1719, #3160, #4741, #1350, #1088, #1275, #2521, #2120 ) ) ;
#1222 = ADVANCED_FACE ( 'NONE', ( #3049 ), #623, .F. ) ;
#1223 = CARTESIAN_POINT ( 'NONE',  ( 32.59999999999998721, 0.000000000000000000, -44.57157287525379985 ) ) ;
#1224 = ADVANCED_FACE ( 'NONE', ( #4657 ), #5089, .T. ) ;
#1225 = DIRECTION ( 'NONE',  ( -1.000000000000000000, 0.000000000000000000, 3.363588555182252761E-16 ) ) ;
#1226 = EDGE_CURVE ( 'NONE', #3063, #968, #2996, .T. ) ;
#1227 = ORIENTED_EDGE ( 'NONE', *, *, #675, .F. ) ;
#1228 = ORIENTED_EDGE ( 'NONE', *, *, #2247, .T. ) ;
#1229 = AXIS2_PLACEMENT_3D ( 'NONE', #2106, #2559, #3391 ) ;
#1230 = CARTESIAN_POINT ( 'NONE',  ( 4.099999999999993427, 1500.000000000000000, -58.99999999999999289 ) ) ;
#1231 = LINE ( 'NONE', #2349, #3523 ) ;
#1232 = CARTESIAN_POINT ( 'NONE',  ( 55.50000000000000000, 1500.000000000000000, -29.74264068711930165 ) ) ;
#1233 = VECTOR ( 'NONE', #4010, 1000.000000000000000 ) ;
#1234 = ORIENTED_EDGE ( 'NONE', *, *, #2210, .F. ) ;
#1235 = FACE_OUTER_BOUND ( 'NONE', #3215, .T. ) ;
#1236 = EDGE_CURVE ( 'NONE', #5128, #3965, #1365, .T. ) ;
#1237 = CALENDAR_DATE ( 2026, 3, 9 ) ;
#1238 = EDGE_CURVE ( 'NONE', #4574, #116, #3849, .T. ) ;
#1239 = FACE_OUTER_BOUND ( 'NONE', #399, .T. ) ;
#1240 = DIRECTION ( 'NONE',  ( -0.000000000000000000, -1.000000000000000000, -0.000000000000000000 ) ) ;
#1241 = EDGE_CURVE ( 'NONE', #16, #4379, #3876, .T. ) ;
#1242 = EDGE_LOOP ( 'NONE', ( #3606, #3618, #4644, #4720 ) ) ;
#1243 = DIRECTION ( 'NONE',  ( 0.000000000000000000, 1.000000000000000000, 0.000000000000000000 ) ) ;
#1244 = DIRECTION ( 'NONE',  ( -1.000000000000000000, 0.000000000000000000, 0.000000000000000000 ) ) ;
#1245 = CIRCLE ( 'NONE', #1165, 1.000000000000000888 ) ;
#1246 = ORIENTED_EDGE ( 'NONE', *, *, #3676, .F. ) ;
#1247 = CARTESIAN_POINT ( 'NONE',  ( 59.00000000000000000, 1500.000000000000000, -45.10000000000000142 ) ) ;
#1248 = DIRECTION ( 'NONE',  ( -0.000000000000000000, -0.000000000000000000, -1.000000000000000000 ) ) ;
#1249 = CARTESIAN_POINT ( 'NONE',  ( 54.49999999999999289, 1500.000000000000000, 10.25735931288071612 ) ) ;
#1250 = CARTESIAN_POINT ( 'NONE',  ( 4.099999999999992539, 0.000000000000000000, 18.99999999999999645 ) ) ;
#1251 = EDGE_CURVE ( 'NONE', #5097, #5131, #2966, .T. ) ;
#1252 = ORIENTED_EDGE ( 'NONE', *, *, #4194, .F. ) ;
#1253 = ORIENTED_EDGE ( 'NONE', *, *, #4728, .T. ) ;
#1254 = CYLINDRICAL_SURFACE ( 'NONE', #418, 1.000000000000000888 ) ;
#1255 = PLANE ( 'NONE',  #533 ) ;
#1256 = DIRECTION ( 'NONE',  ( 0.000000000000000000, 0.000000000000000000, -1.000000000000000000 ) ) ;
#1257 = VERTEX_POINT ( 'NONE', #4687 ) ;
#1258 = ORIENTED_EDGE ( 'NONE', *, *, #767, .F. ) ;
#1259 = LINE ( 'NONE', #2885, #4726 ) ;
#1260 = VECTOR ( 'NONE', #4554, 1000.000000000000000 ) ;
#1261 = CARTESIAN_POINT ( 'NONE',  ( 35.42842712474618594, 1500.000000000000000, -47.39999999999999147 ) ) ;
#1262 = CIRCLE ( 'NONE', #1612, 1.000000000000000888 ) ;
#1263 = DIRECTION ( 'NONE',  ( 0.000000000000000000, 1.000000000000000000, -0.000000000000000000 ) ) ;
#1264 = CARTESIAN_POINT ( 'NONE',  ( 55.49999999999998579, 0.000000000000000000, -34.89999999999998437 ) ) ;
#1265 = DIRECTION ( 'NONE',  ( -1.000000000000000000, 0.000000000000000000, 0.000000000000000000 ) ) ;
#1266 = EDGE_CURVE ( 'NONE', #4124, #3899, #511, .T. ) ;
#1267 = CARTESIAN_POINT ( 'NONE',  ( 4.099999999999992539, 0.000000000000000000, -56.49999999999999289 ) ) ;
#1268 = VECTOR ( 'NONE', #1113, 1000.000000000000000 ) ;
#1269 = ORIENTED_EDGE ( 'NONE', *, *, #2616, .T. ) ;
#1270 = LINE ( 'NONE', #4509, #1590 ) ;
#1271 = VECTOR ( 'NONE', #3643, 1000.000000000000000 ) ;
#1272 = CARTESIAN_POINT ( 'NONE',  ( -6.522513992197128716E-15, 0.000000000000000000, 3.399999999999999467 ) ) ;
#1273 = CARTESIAN_POINT ( 'NONE',  ( -19.00000000000000711, 1500.000000000000000, -45.10000000000000142 ) ) ;
#1274 = CARTESIAN_POINT ( 'NONE',  ( -16.50000000000001066, 0.000000000000000000, -35.89999999999999858 ) ) ;
#1275 = ORIENTED_EDGE ( 'NONE', *, *, #1946, .F. ) ;
#1276 = ORIENTED_EDGE ( 'NONE', *, *, #2429, .F. ) ;
#1277 = CARTESIAN_POINT ( 'NONE',  ( 58.99999999999998579, 1500.000000000000000, -35.89999999999999858 ) ) ;
#1278 = DIRECTION ( 'NONE',  ( 0.000000000000000000, 0.000000000000000000, -1.000000000000000000 ) ) ;
#1279 = LINE ( 'NONE', #58, #4370 ) ;
#1280 = ORIENTED_EDGE ( 'NONE', *, *, #1226, .T. ) ;
#1281 = ORIENTED_EDGE ( 'NONE', *, *, #2281, .T. ) ;
#1282 = DIRECTION ( 'NONE',  ( -0.000000000000000000, -1.000000000000000000, -0.000000000000000000 ) ) ;
#1283 = APPROVAL_DATE_TIME ( #4930, #885 ) ;
#1284 = CARTESIAN_POINT ( 'NONE',  ( -4.100000000000006750, 0.000000000000000000, 16.50000000000001066 ) ) ;
#1285 = EDGE_CURVE ( 'NONE', #2195, #3914, #1979, .T. ) ;
#1286 = ADVANCED_FACE ( 'NONE', ( #3772 ), #1745, .T. ) ;
#1287 = ORIENTED_EDGE ( 'NONE', *, *, #3070, .T. ) ;
#1288 = EDGE_CURVE ( 'NONE', #4756, #1198, #354, .T. ) ;
#1289 = CARTESIAN_POINT ( 'NONE',  ( -5.100000000000006750, 0.000000000000000000, 16.50000000000000355 ) ) ;
#1290 = PLANE ( 'NONE',  #2630 ) ;
#1291 = AXIS2_PLACEMENT_3D ( 'NONE', #2993, #5039, #2213 ) ;
#1292 = DIRECTION ( 'NONE',  ( 0.000000000000000000, 0.000000000000000000, -1.000000000000000000 ) ) ;
#1293 = PLANE ( 'NONE',  #1573 ) ;
#1294 = AXIS2_PLACEMENT_3D ( 'NONE', #4506, #4886, #2516 ) ;
#1295 = VERTEX_POINT ( 'NONE', #2590 ) ;
#1296 = ORIENTED_EDGE ( 'NONE', *, *, #4863, .F. ) ;
#1297 = FACE_OUTER_BOUND ( 'NONE', #2318, .T. ) ;
#1298 = ADVANCED_FACE ( 'NONE', ( #3019 ), #1426, .T. ) ;
#1299 = CIRCLE ( 'NONE', #1479, 1.000000000000000000 ) ;
#1300 = CARTESIAN_POINT ( 'NONE',  ( -7.400000000000003908, 1500.000000000000000, -4.571572875253809620 ) ) ;
#1301 = DIRECTION ( 'NONE',  ( 0.000000000000000000, 0.000000000000000000, -1.000000000000000000 ) ) ;
#1302 = CYLINDRICAL_SURFACE ( 'NONE', #2501, 1.000000000000000888 ) ;
#1303 = ORIENTED_EDGE ( 'NONE', *, *, #1704, .F. ) ;
#1304 = EDGE_CURVE ( 'NONE', #1783, #3147, #4259, .T. ) ;
#1305 = ADVANCED_FACE ( 'NONE', ( #143 ), #1774, .F. ) ;
#1306 = FACE_OUTER_BOUND ( 'NONE', #4853, .T. ) ;
#1307 = CYLINDRICAL_SURFACE ( 'NONE', #2147, 1.000000000000000888 ) ;
#1308 = CARTESIAN_POINT ( 'NONE',  ( 58.99999999999998579, 1500.000000000000000, -4.099999999999996092 ) ) ;
#1309 = ORIENTED_EDGE ( 'NONE', *, *, #1093, .T. ) ;
#1310 = ORIENTED_EDGE ( 'NONE', *, *, #4468, .T. ) ;
#1311 = CARTESIAN_POINT ( 'NONE',  ( 29.74264068711927322, 1500.000000000000000, 15.50000000000000178 ) ) ;
#1312 = VECTOR ( 'NONE', #1741, 1000.000000000000000 ) ;
#1313 = CARTESIAN_POINT ( 'NONE',  ( 5.099999999999992539, 0.000000000000000000, -56.50000000000000711 ) ) ;
#1314 = DIRECTION ( 'NONE',  ( 0.7071067811865477948, 0.000000000000000000, 0.7071067811865473507 ) ) ;
#1315 = AXIS2_PLACEMENT_3D ( 'NONE', #390, #3624, #1118 ) ;
#1316 = VECTOR ( 'NONE', #4395, 1000.000000000000000 ) ;
#1317 = ORIENTED_EDGE ( 'NONE', *, *, #4750, .T. ) ;
#1318 = EDGE_CURVE ( 'NONE', #2102, #1407, #4205, .T. ) ;
#1319 = CARTESIAN_POINT ( 'NONE',  ( 39.99999999999999289, 1500.000000000000000, 0.000000000000000000 ) ) ;
#1320 = DIRECTION ( 'NONE',  ( 1.000000000000000000, 0.000000000000000000, 0.000000000000000000 ) ) ;
#1321 = EDGE_CURVE ( 'NONE', #4378, #4008, #1395, .T. ) ;
#1322 = CIRCLE ( 'NONE', #891, 1.000000000000000000 ) ;
#1323 = VECTOR ( 'NONE', #526, 1000.000000000000000 ) ;
#1324 = EDGE_CURVE ( 'NONE', #3111, #2922, #650, .T. ) ;
#1325 = DIRECTION ( 'NONE',  ( -0.7071067811865474617, 0.000000000000000000, 0.7071067811865474617 ) ) ;
#1326 = CARTESIAN_POINT ( 'NONE',  ( -16.00000000000000711, 1500.000000000000000, 16.00000000000000355 ) ) ;
#1327 = ORIENTED_EDGE ( 'NONE', *, *, #677, .F. ) ;
#1328 = ORIENTED_EDGE ( 'NONE', *, *, #4516, .T. ) ;
#1329 = DIRECTION ( 'NONE',  ( 0.7071067811865476838, -0.000000000000000000, -0.7071067811865474617 ) ) ;
#1330 = PLANE ( 'NONE',  #4266 ) ;
#1331 = CARTESIAN_POINT ( 'NONE',  ( -4.100000000000006750, 0.000000000000000000, 16.50000000000001066 ) ) ;
#1332 = CARTESIAN_POINT ( 'NONE',  ( 55.50000000000000000, 1500.000000000000000, -18.32842712474619162 ) ) ;
#1333 = EDGE_LOOP ( 'NONE', ( #5114, #1600, #2144, #4329 ) ) ;
#1334 = AXIS2_PLACEMENT_3D ( 'NONE', #1471, #5035, #1848 ) ;
#1335 = LINE ( 'NONE', #5002, #171 ) ;
#1336 = CARTESIAN_POINT ( 'NONE',  ( 45.09999999999999432, 1500.000000000000000, 15.50000000000000355 ) ) ;
#1337 = CARTESIAN_POINT ( 'NONE',  ( 44.09999999999999432, 1500.000000000000000, -56.49999999999999289 ) ) ;
#1338 = ADVANCED_FACE ( 'NONE', ( #248 ), #2669, .F. ) ;
#1339 = ORIENTED_EDGE ( 'NONE', *, *, #1389, .F. ) ;
#1340 = ORIENTED_EDGE ( 'NONE', *, *, #4299, .F. ) ;
#1341 = CYLINDRICAL_SURFACE ( 'NONE', #3854, 1.000000000000000888 ) ;
#1342 = PERSON_AND_ORGANIZATION ( #4996, #4064 ) ;
#1343 = PLANE ( 'NONE',  #2539 ) ;
#1344 = EDGE_LOOP ( 'NONE', ( #3410, #3682, #3898, #1490 ) ) ;
#1345 = LINE ( 'NONE', #4582, #4046 ) ;
#1346 = CARTESIAN_POINT ( 'NONE',  ( 60.00000000000000000, 0.000000000000000000, -55.99999999999997868 ) ) ;
#1347 = DIRECTION ( 'NONE',  ( -0.7071067811865475727, 0.000000000000000000, -0.7071067811865475727 ) ) ;
#1348 = DIRECTION ( 'NONE',  ( -0.000000000000000000, -1.000000000000000000, -0.000000000000000000 ) ) ;
#1349 = EDGE_LOOP ( 'NONE', ( #1317, #1033, #1813, #2574 ) ) ;
#1350 = ORIENTED_EDGE ( 'NONE', *, *, #2220, .F. ) ;
#1351 = DIRECTION ( 'NONE',  ( -1.000000000000000000, 0.000000000000000000, 0.000000000000000000 ) ) ;
#1352 = CARTESIAN_POINT ( 'NONE',  ( 32.59999999999998721, 0.000000000000000000, -44.57157287525379985 ) ) ;
#1353 = AXIS2_PLACEMENT_3D ( 'NONE', #1319, #1646, #4933 ) ;
#1354 = DIRECTION ( 'NONE',  ( -0.7071067811865473507, 0.000000000000000000, -0.7071067811865477948 ) ) ;
#1355 = VECTOR ( 'NONE', #198, 1000.000000000000000 ) ;
#1356 = DIRECTION ( 'NONE',  ( -0.000000000000000000, -1.000000000000000000, -0.000000000000000000 ) ) ;
#1357 = AXIS2_PLACEMENT_3D ( 'NONE', #727, #1077, #2348 ) ;
#1358 = VERTEX_POINT ( 'NONE', #4270 ) ;
#1359 = LOCAL_TIME ( 15, 25, 55.00000000000000000, #2994 ) ;
#1360 = CARTESIAN_POINT ( 'NONE',  ( -16.00000000000000711, 0.000000000000000000, -60.00000000000000711 ) ) ;
#1361 = DIRECTION ( 'NONE',  ( -0.000000000000000000, -1.000000000000000000, -0.000000000000000000 ) ) ;
#1362 = FACE_OUTER_BOUND ( 'NONE', #4737, .T. ) ;
#1363 = ORIENTED_EDGE ( 'NONE', *, *, #3990, .F. ) ;
#1364 = ORIENTED_EDGE ( 'NONE', *, *, #626, .F. ) ;
#1365 = LINE ( 'NONE', #2645, #4595 ) ;
#1366 = EDGE_CURVE ( 'NONE', #4378, #381, #4943, .T. ) ;
#1367 = PERSON_AND_ORGANIZATION_ROLE ( 'creator' ) ;
#1368 = LINE ( 'NONE', #4261, #5090 ) ;
#1369 = VERTEX_POINT ( 'NONE', #235 ) ;
#1370 = DIRECTION ( 'NONE',  ( -3.469446951953635389E-16, -0.000000000000000000, -1.000000000000000000 ) ) ;
#1371 = CARTESIAN_POINT ( 'NONE',  ( 55.50000000000000000, 1500.000000000000000, -21.67157287525380482 ) ) ;
#1372 = EDGE_CURVE ( 'NONE', #1092, #3744, #4671, .T. ) ;
#1373 = EDGE_CURVE ( 'NONE', #405, #260, #2654, .T. ) ;
#1374 = DIRECTION ( 'NONE',  ( -0.000000000000000000, -1.000000000000000000, -0.000000000000000000 ) ) ;
#1375 = CARTESIAN_POINT ( 'NONE',  ( 54.49999999999999289, 1500.000000000000000, -50.25735931288070901 ) ) ;
#1376 = ORIENTED_EDGE ( 'NONE', *, *, #215, .T. ) ;
#1377 = VECTOR ( 'NONE', #2615, 999.9999999999998863 ) ;
#1378 = DIRECTION ( 'NONE',  ( 1.000000000000000000, -0.000000000000000000, -0.000000000000000000 ) ) ;
#1379 = ORIENTED_EDGE ( 'NONE', *, *, #3303, .F. ) ;
#1380 = CARTESIAN_POINT ( 'NONE',  ( -16.00000000000000711, 0.000000000000000000, 16.00000000000000355 ) ) ;
#1381 = ORIENTED_EDGE ( 'NONE', *, *, #501, .F. ) ;
#1382 = LINE ( 'NONE', #1090, #3773 ) ;
#1383 = DIRECTION ( 'NONE',  ( -0.000000000000000000, -1.000000000000000000, -0.000000000000000000 ) ) ;
#1384 = LINE ( 'NONE', #4223, #2932 ) ;
#1385 = ORIENTED_EDGE ( 'NONE', *, *, #1945, .F. ) ;
#1386 = CIRCLE ( 'NONE', #3340, 1.000000000000000888 ) ;
#1387 = EDGE_CURVE ( 'NONE', #3928, #5214, #4769, .T. ) ;
#1388 = EDGE_CURVE ( 'NONE', #4733, #146, #4724, .T. ) ;
#1389 = EDGE_CURVE ( 'NONE', #4700, #2152, #3596, .T. ) ;
#1390 = DIRECTION ( 'NONE',  ( 0.000000000000000000, 1.000000000000000000, 0.000000000000000000 ) ) ;
#1391 = CYLINDRICAL_SURFACE ( 'NONE', #331, 1.000000000000007772 ) ;
#1392 = LINE ( 'NONE', #4978, #459 ) ;
#1393 = VERTEX_POINT ( 'NONE', #1784 ) ;
#1394 = ORIENTED_EDGE ( 'NONE', *, *, #1599, .F. ) ;
#1395 = LINE ( 'NONE', #993, #1552 ) ;
#1396 = PERSON_AND_ORGANIZATION_ROLE ( 'creator' ) ;
#1397 = CARTESIAN_POINT ( 'NONE',  ( 10.25735931288069480, 0.000000000000000000, -55.50000000000000000 ) ) ;
#1398 = ORIENTED_EDGE ( 'NONE', *, *, #945, .F. ) ;
#1399 = EDGE_CURVE ( 'NONE', #3481, #1955, #3808, .T. ) ;
#1400 = DIRECTION ( 'NONE',  ( -0.000000000000000000, -0.000000000000000000, 1.000000000000000000 ) ) ;
#1401 = DIRECTION ( 'NONE',  ( -0.000000000000000000, -1.000000000000000000, -0.000000000000000000 ) ) ;
#1402 = VECTOR ( 'NONE', #1651, 1000.000000000000000 ) ;
#1403 = DIRECTION ( 'NONE',  ( 2.690870844145799448E-15, 0.000000000000000000, -1.000000000000000000 ) ) ;
#1404 = AXIS2_PLACEMENT_3D ( 'NONE', #3, #344, #2369 ) ;
#1405 = CARTESIAN_POINT ( 'NONE',  ( 5.099999999999992539, 0.000000000000000000, 16.50000000000000355 ) ) ;
#1406 = EDGE_CURVE ( 'NONE', #2171, #4085, #1865, .T. ) ;
#1407 = VERTEX_POINT ( 'NONE', #2170 ) ;
#1408 = VECTOR ( 'NONE', #765, 1000.000000000000000 ) ;
#1409 = DIRECTION ( 'NONE',  ( -0.000000000000000000, -0.000000000000000000, -1.000000000000000000 ) ) ;
#1410 = ORIENTED_EDGE ( 'NONE', *, *, #520, .T. ) ;
#1411 = ORIENTED_EDGE ( 'NONE', *, *, #1489, .T. ) ;
#1412 = EDGE_LOOP ( 'NONE', ( #3438, #2675, #2588, #5027 ) ) ;
#1413 = CIRCLE ( 'NONE', #44, 1.000000000000000888 ) ;
#1414 = CARTESIAN_POINT ( 'NONE',  ( 5.099999999999993427, 1500.000000000000000, -59.00000000000000000 ) ) ;
#1415 = FACE_OUTER_BOUND ( 'NONE', #780, .T. ) ;
#1416 = VECTOR ( 'NONE', #393, 1000.000000000000000 ) ;
#1417 = ORIENTED_EDGE ( 'NONE', *, *, #2643, .F. ) ;
#1418 = DIRECTION ( 'NONE',  ( -0.000000000000000000, -1.000000000000000000, -0.000000000000000000 ) ) ;
#1419 = CARTESIAN_POINT ( 'NONE',  ( -20.00000000000000711, 1500.000000000000000, 15.99999999999997691 ) ) ;
#1420 = DIRECTION ( 'NONE',  ( 0.7071067811865477948, 0.000000000000000000, 0.7071067811865473507 ) ) ;
#1421 = EDGE_CURVE ( 'NONE', #361, #424, #3032, .T. ) ;
#1422 = LINE ( 'NONE', #1849, #545 ) ;
#1423 = VERTEX_POINT ( 'NONE', #5102 ) ;
#1424 = ORIENTED_EDGE ( 'NONE', *, *, #2912, .T. ) ;
#1425 = AXIS2_PLACEMENT_3D ( 'NONE', #4797, #2701, #1158 ) ;
#1426 = CYLINDRICAL_SURFACE ( 'NONE', #1291, 1.000000000000003553 ) ;
#1427 = DIRECTION ( 'NONE',  ( -0.000000000000000000, -1.000000000000000000, -0.000000000000000000 ) ) ;
#1428 = VERTEX_POINT ( 'NONE', #4699 ) ;
#1429 = DIRECTION ( 'NONE',  ( -0.000000000000000000, -1.000000000000000000, -0.000000000000000000 ) ) ;
#1430 = CARTESIAN_POINT ( 'NONE',  ( -7.400000000000003908, 1500.000000000000000, -4.571572875253809620 ) ) ;
#1431 = DIRECTION ( 'NONE',  ( 0.000000000000000000, 0.000000000000000000, 1.000000000000000000 ) ) ;
#1432 = VERTEX_POINT ( 'NONE', #2628 ) ;
#1433 = DIRECTION ( 'NONE',  ( 0.000000000000000000, 1.000000000000000000, -0.000000000000000000 ) ) ;
#1434 = EDGE_LOOP ( 'NONE', ( #3960, #3185, #2700, #454 ) ) ;
#1435 = ORIENTED_EDGE ( 'NONE', *, *, #1932, .F. ) ;
#1436 = EDGE_LOOP ( 'NONE', ( #794, #3464, #4713, #3087 ) ) ;
#1437 = AXIS2_PLACEMENT_3D ( 'NONE', #2407, #3537, #2380 ) ;
#1438 = EDGE_CURVE ( 'NONE', #1393, #5017, #1056, .T. ) ;
#1439 = DIRECTION ( 'NONE',  ( 1.000000000000000000, 0.000000000000000000, -9.486469554969614641E-17 ) ) ;
#1440 = LINE ( 'NONE', #1061, #3273 ) ;
#1441 = VECTOR ( 'NONE', #3609, 1000.000000000000000 ) ;
#1442 = ORIENTED_EDGE ( 'NONE', *, *, #3771, .T. ) ;
#1443 = DIRECTION ( 'NONE',  ( -0.000000000000000000, -0.000000000000000000, 1.000000000000000000 ) ) ;
#1444 = CARTESIAN_POINT ( 'NONE',  ( 56.49999999999999289, 0.000000000000000000, -4.099999999999996092 ) ) ;
#1445 = CARTESIAN_POINT ( 'NONE',  ( -6.522513992197128716E-15, 1500.000000000000000, -36.59999999999999432 ) ) ;
#1446 = LINE ( 'NONE', #4283, #376 ) ;
#1447 = VERTEX_POINT ( 'NONE', #606 ) ;
#1448 = EDGE_LOOP ( 'NONE', ( #92, #4601, #3654, #3506 ) ) ;
#1449 = DIRECTION ( 'NONE',  ( 0.000000000000000000, 0.000000000000000000, -1.000000000000000000 ) ) ;
#1450 = EDGE_CURVE ( 'NONE', #1653, #4738, #3463, .T. ) ;
#1451 = CIRCLE ( 'NONE', #686, 3.400000000000000355 ) ;
#1452 = DIRECTION ( 'NONE',  ( -0.000000000000000000, -1.000000000000000000, 0.000000000000000000 ) ) ;
#1453 = ORIENTED_EDGE ( 'NONE', *, *, #49, .T. ) ;
#1454 = VERTEX_POINT ( 'NONE', #2683 ) ;
#1455 = DIRECTION ( 'NONE',  ( 0.000000000000000000, 0.000000000000000000, -1.000000000000000000 ) ) ;
#1456 = CARTESIAN_POINT ( 'NONE',  ( 59.00000000000000000, 0.000000000000000000, 5.100000000000003197 ) ) ;
#1457 = EDGE_CURVE ( 'NONE', #4482, #4901, #2136, .T. ) ;
#1458 = LINE ( 'NONE', #2167, #4062 ) ;
#1459 = EDGE_CURVE ( 'NONE', #5159, #4561, #2196, .T. ) ;
#1460 = EDGE_CURVE ( 'NONE', #3694, #1428, #3005, .T. ) ;
#1461 = DIRECTION ( 'NONE',  ( 0.000000000000000000, 0.000000000000000000, -1.000000000000000000 ) ) ;
#1462 = ORIENTED_EDGE ( 'NONE', *, *, #609, .F. ) ;
#1463 = ORIENTED_EDGE ( 'NONE', *, *, #2086, .F. ) ;
#1464 = ORIENTED_EDGE ( 'NONE', *, *, #3989, .T. ) ;
#1465 = CARTESIAN_POINT ( 'NONE',  ( 44.09999999999998721, 0.000000000000000000, 18.99999999999999645 ) ) ;
#1466 = CARTESIAN_POINT ( 'NONE',  ( 60.00000000000000000, 0.000000000000000000, -55.99999999999997868 ) ) ;
#1467 = ORIENTED_EDGE ( 'NONE', *, *, #1159, .T. ) ;
#1468 = ADVANCED_FACE ( 'NONE', ( #5125 ), #1486, .F. ) ;
#1469 = CARTESIAN_POINT ( 'NONE',  ( 39.99999999999999289, 1500.000000000000000, -39.99999999999999289 ) ) ;
#1470 = DIRECTION ( 'NONE',  ( -0.000000000000000000, -1.000000000000000000, -0.000000000000000000 ) ) ;
#1471 = CARTESIAN_POINT ( 'NONE',  ( 56.00000000000000000, 0.000000000000000000, -56.00000000000000711 ) ) ;
#1472 = CARTESIAN_POINT ( 'NONE',  ( 56.49999999999999289, 1500.000000000000000, -35.89999999999999858 ) ) ;
#1473 = ORIENTED_EDGE ( 'NONE', *, *, #4113, .F. ) ;
#1474 = VECTOR ( 'NONE', #5154, 1000.000000000000000 ) ;
#1475 = VERTEX_POINT ( 'NONE', #4216 ) ;
#1476 = EDGE_CURVE ( 'NONE', #2230, #4965, #575, .T. ) ;
#1477 = EDGE_CURVE ( 'NONE', #939, #2744, #3437, .T. ) ;
#1478 = ORIENTED_EDGE ( 'NONE', *, *, #4851, .T. ) ;
#1479 = AXIS2_PLACEMENT_3D ( 'NONE', #1128, #3254, #4874 ) ;
#1480 = LINE ( 'NONE', #3999, #4147 ) ;
#1481 = VERTEX_POINT ( 'NONE', #1989 ) ;
#1482 = FACE_OUTER_BOUND ( 'NONE', #3280, .T. ) ;
#1483 = DIRECTION ( 'NONE',  ( 0.000000000000000000, 0.000000000000000000, -1.000000000000000000 ) ) ;
#1484 = CARTESIAN_POINT ( 'NONE',  ( -16.50000000000001066, 1500.000000000000000, -35.89999999999999858 ) ) ;
#1485 = EDGE_CURVE ( 'NONE', #3848, #2427, #3511, .T. ) ;
#1486 = PLANE ( 'NONE',  #2481 ) ;
#1487 = VERTEX_POINT ( 'NONE', #689 ) ;
#1488 = ORIENTED_EDGE ( 'NONE', *, *, #1539, .F. ) ;
#1489 = EDGE_CURVE ( 'NONE', #1073, #4733, #2329, .T. ) ;
#1490 = ORIENTED_EDGE ( 'NONE', *, *, #687, .T. ) ;
#1491 = LINE ( 'NONE', #2604, #3860 ) ;
#1492 = LINE ( 'NONE', #2817, #1832 ) ;
#1493 = AXIS2_PLACEMENT_3D ( 'NONE', #1140, #3943, #1970 ) ;
#1494 = AXIS2_PLACEMENT_3D ( 'NONE', #4023, #2031, #2375 ) ;
#1495 = ORIENTED_EDGE ( 'NONE', *, *, #1266, .T. ) ;
#1496 = DIRECTION ( 'NONE',  ( -3.363588555182252268E-16, 0.000000000000000000, 1.000000000000000000 ) ) ;
#1497 = CARTESIAN_POINT ( 'NONE',  ( 29.74264068711929099, 0.000000000000000000, -55.49999999999999289 ) ) ;
#1498 = DIRECTION ( 'NONE',  ( -1.000000000000000000, -0.000000000000000000, -0.000000000000000000 ) ) ;
#1499 = EDGE_LOOP ( 'NONE', ( #3140, #925, #4795, #2910 ) ) ;
#1500 = ORIENTED_EDGE ( 'NONE', *, *, #1204, .F. ) ;
#1501 = EDGE_CURVE ( 'NONE', #4417, #3709, #3829, .T. ) ;
#1502 = CARTESIAN_POINT ( 'NONE',  ( 18.32842712474620228, 0.000000000000000000, 15.50000000000000355 ) ) ;
#1503 = DIRECTION ( 'NONE',  ( 0.000000000000000000, 0.000000000000000000, 1.000000000000000000 ) ) ;
#1504 = VECTOR ( 'NONE', #4126, 1000.000000000000000 ) ;
#1505 = ORIENTED_EDGE ( 'NONE', *, *, #4861, .F. ) ;
#1506 = FACE_BOUND ( 'NONE', #5246, .T. ) ;
#1507 = DIRECTION ( 'NONE',  ( -0.7071067811865476838, -0.000000000000000000, 0.7071067811865474617 ) ) ;
#1508 = VECTOR ( 'NONE', #3355, 1000.000000000000000 ) ;
#1509 = CARTESIAN_POINT ( 'NONE',  ( -6.938893903907228378E-15, 1500.000000000000000, -43.39999999999999147 ) ) ;
#1510 = DIRECTION ( 'NONE',  ( 0.7071067811865473507, -0.000000000000000000, 0.7071067811865477948 ) ) ;
#1511 = ORIENTED_EDGE ( 'NONE', *, *, #945, .T. ) ;
#1512 = ORIENTED_EDGE ( 'NONE', *, *, #1639, .F. ) ;
#1513 = ORIENTED_EDGE ( 'NONE', *, *, #2999, .T. ) ;
#1514 = LINE ( 'NONE', #3545, #1474 ) ;
#1515 = PLANE ( 'NONE',  #2500 ) ;
#1516 = ORIENTED_EDGE ( 'NONE', *, *, #2623, .F. ) ;
#1517 = FACE_OUTER_BOUND ( 'NONE', #5075, .T. ) ;
#1518 = EDGE_CURVE ( 'NONE', #1043, #4523, #2381, .T. ) ;
#1519 = CARTESIAN_POINT ( 'NONE',  ( 18.32842712474620228, 1500.000000000000000, 15.50000000000000355 ) ) ;
#1520 = AXIS2_PLACEMENT_3D ( 'NONE', #2731, #4800, #2811 ) ;
#1521 = FACE_OUTER_BOUND ( 'NONE', #5119, .T. ) ;
#1522 = EDGE_CURVE ( 'NONE', #3694, #2876, #2732, .T. ) ;
#1523 = EDGE_LOOP ( 'NONE', ( #3863, #4674, #3502, #4295 ) ) ;
#1524 = ORIENTED_EDGE ( 'NONE', *, *, #4548, .F. ) ;
#1525 = VECTOR ( 'NONE', #1137, 1000.000000000000000 ) ;
#1526 = LINE ( 'NONE', #3150, #3059 ) ;
#1527 = CARTESIAN_POINT ( 'NONE',  ( 32.59999999999998721, 0.000000000000000000, -32.59999999999998721 ) ) ;
#1528 = VECTOR ( 'NONE', #1617, 1000.000000000000000 ) ;
#1529 = DIRECTION ( 'NONE',  ( 0.000000000000000000, 0.000000000000000000, -1.000000000000000000 ) ) ;
#1530 = ORIENTED_EDGE ( 'NONE', *, *, #4584, .T. ) ;
#1531 = CIRCLE ( 'NONE', #1708, 1.000000000000000888 ) ;
#1532 = CARTESIAN_POINT ( 'NONE',  ( 47.39999999999999147, 1500.000000000000000, -35.42842712474618594 ) ) ;
#1533 = ADVANCED_FACE ( 'NONE', ( #2705 ), #5231, .F. ) ;
#1534 = CARTESIAN_POINT ( 'NONE',  ( 54.50000000000000000, 0.000000000000000000, -29.74264068711928033 ) ) ;
#1535 = PRODUCT_DEFINITION_FORMATION_WITH_SPECIFIED_SOURCE ( '任何', '', #2793, .NOT_KNOWN. ) ;
#1536 = CARTESIAN_POINT ( 'NONE',  ( 4.099999999999992539, 1500.000000000000000, -56.49999999999999289 ) ) ;
#1537 = VERTEX_POINT ( 'NONE', #1592 ) ;
#1538 = EDGE_CURVE ( 'NONE', #4631, #2608, #3660, .T. ) ;
#1539 = EDGE_CURVE ( 'NONE', #2074, #4643, #1190, .T. ) ;
#1540 = ORIENTED_EDGE ( 'NONE', *, *, #2967, .F. ) ;
#1541 = ORIENTED_EDGE ( 'NONE', *, *, #4904, .T. ) ;
#1542 = DIRECTION ( 'NONE',  ( 0.000000000000000000, 0.000000000000000000, 1.000000000000000000 ) ) ;
#1543 = CARTESIAN_POINT ( 'NONE',  ( -20.00000000000000711, 1500.000000000000000, -55.99999999999997868 ) ) ;
#1544 = VERTEX_POINT ( 'NONE', #4403 ) ;
#1545 = DIRECTION ( 'NONE',  ( -0.000000000000000000, -1.000000000000000000, -0.000000000000000000 ) ) ;
#1546 = CARTESIAN_POINT ( 'NONE',  ( -19.00000000000000000, 1500.000000000000000, -4.099999999999996092 ) ) ;
#1547 = CARTESIAN_POINT ( 'NONE',  ( 5.099999999999993427, 1500.000000000000000, -60.00000000000000000 ) ) ;
#1548 = ORIENTED_EDGE ( 'NONE', *, *, #4290, .F. ) ;
#1549 = ORIENTED_EDGE ( 'NONE', *, *, #1477, .F. ) ;
#1550 = VERTEX_POINT ( 'NONE', #2781 ) ;
#1551 = ADVANCED_FACE ( 'NONE', ( #1135 ), #332, .F. ) ;
#1552 = VECTOR ( 'NONE', #4286, 1000.000000000000000 ) ;
#1553 = ADVANCED_FACE ( 'NONE', ( #3588 ), #5200, .F. ) ;
#1554 = CARTESIAN_POINT ( 'NONE',  ( 39.99999999999999289, 1500.000000000000000, -3.399999999999999023 ) ) ;
#1555 = LINE ( 'NONE', #752, #1316 ) ;
#1556 = DIRECTION ( 'NONE',  ( 3.469446951953635389E-16, 0.000000000000000000, 1.000000000000000000 ) ) ;
#1557 = ORIENTED_EDGE ( 'NONE', *, *, #2052, .T. ) ;
#1558 = CARTESIAN_POINT ( 'NONE',  ( 39.99999999999999289, 1500.000000000000000, -43.39999999999999147 ) ) ;
#1559 = VECTOR ( 'NONE', #2413, 1000.000000000000000 ) ;
#1560 = CARTESIAN_POINT ( 'NONE',  ( 7.399999999999996803, 0.000000000000000000, 4.571572875253806956 ) ) ;
#1561 = EDGE_CURVE ( 'NONE', #1198, #4756, #414, .T. ) ;
#1562 = CARTESIAN_POINT ( 'NONE',  ( -7.400000000000003020, 1500.000000000000000, -44.57157287525380696 ) ) ;
#1563 = ORIENTED_EDGE ( 'NONE', *, *, #1450, .T. ) ;
#1564 = VERTEX_POINT ( 'NONE', #4030 ) ;
#1565 = VERTEX_POINT ( 'NONE', #1562 ) ;
#1566 = LINE ( 'NONE', #715, #3089 ) ;
#1567 = EDGE_CURVE ( 'NONE', #1423, #424, #5177, .T. ) ;
#1568 = LINE ( 'NONE', #3188, #1408 ) ;
#1569 = ORIENTED_EDGE ( 'NONE', *, *, #830, .F. ) ;
#1570 = CARTESIAN_POINT ( 'NONE',  ( 44.57157287525380696, 1500.000000000000000, -47.39999999999999147 ) ) ;
#1571 = CIRCLE ( 'NONE', #1919, 1.000000000000000888 ) ;
#1572 = ORIENTED_EDGE ( 'NONE', *, *, #5235, .T. ) ;
#1573 = AXIS2_PLACEMENT_3D ( 'NONE', #4862, #3701, #1677 ) ;
#1574 = DIRECTION ( 'NONE',  ( -3.363588555182252761E-16, -0.000000000000000000, -1.000000000000000000 ) ) ;
#1575 = VECTOR ( 'NONE', #4567, 1000.000000000000000 ) ;
#1576 = DIRECTION ( 'NONE',  ( 0.000000000000000000, 1.000000000000000000, 0.000000000000000000 ) ) ;
#1577 = ORIENTED_EDGE ( 'NONE', *, *, #5095, .F. ) ;
#1578 = ORIENTED_EDGE ( 'NONE', *, *, #4312, .T. ) ;
#1579 = ORIENTED_EDGE ( 'NONE', *, *, #532, .F. ) ;
#1580 = VECTOR ( 'NONE', #952, 1000.000000000000000 ) ;
#1581 = AXIS2_PLACEMENT_3D ( 'NONE', #1809, #2626, #152 ) ;
#1582 = ADVANCED_FACE ( 'NONE', ( #385 ), #3181, .T. ) ;
#1583 = CARTESIAN_POINT ( 'NONE',  ( 55.49999999999999289, 1500.000000000000000, -45.10000000000000853 ) ) ;
#1584 = CARTESIAN_POINT ( 'NONE',  ( 5.100000000000000533, 1500.000000000000000, 20.00000000000000355 ) ) ;
#1585 = CARTESIAN_POINT ( 'NONE',  ( 53.79289321881342545, 0.000000000000000000, 10.96446609406724626 ) ) ;
#1586 = ORIENTED_EDGE ( 'NONE', *, *, #1388, .T. ) ;
#1587 = CIRCLE ( 'NONE', #2342, 0.9999999999999974465 ) ;
#1588 = DIRECTION ( 'NONE',  ( 0.000000000000000000, 0.000000000000000000, 1.000000000000000000 ) ) ;
#1589 = DIRECTION ( 'NONE',  ( 0.7071067811865480168, -0.000000000000000000, -0.7071067811865470176 ) ) ;
#1590 = VECTOR ( 'NONE', #2493, 1000.000000000000000 ) ;
#1591 = VECTOR ( 'NONE', #4758, 1000.000000000000000 ) ;
#1592 = CARTESIAN_POINT ( 'NONE',  ( -6.938893903907228378E-15, 1500.000000000000000, -3.399999999999999467 ) ) ;
#1593 = ORIENTED_EDGE ( 'NONE', *, *, #3740, .F. ) ;
#1594 = VERTEX_POINT ( 'NONE', #4349 ) ;
#1595 = DIRECTION ( 'NONE',  ( -0.000000000000000000, -1.000000000000000000, -0.000000000000000000 ) ) ;
#1596 = CARTESIAN_POINT ( 'NONE',  ( -7.400000000000003020, 0.000000000000000000, -44.57157287525380696 ) ) ;
#1597 = ORIENTED_EDGE ( 'NONE', *, *, #4437, .T. ) ;
#1598 = CARTESIAN_POINT ( 'NONE',  ( -7.400000000000003020, 0.000000000000000000, 4.571572875253811397 ) ) ;
#1599 = EDGE_CURVE ( 'NONE', #1978, #2492, #4377, .T. ) ;
#1600 = ORIENTED_EDGE ( 'NONE', *, *, #1321, .F. ) ;
#1601 = CARTESIAN_POINT ( 'NONE',  ( -4.571572875253815837, 1500.000000000000000, -47.39999999999999147 ) ) ;
#1602 = CIRCLE ( 'NONE', #4564, 1.000000000000000000 ) ;
#1603 = CARTESIAN_POINT ( 'NONE',  ( -4.571572875253815837, 1500.000000000000000, 7.399999999999998579 ) ) ;
#1604 = ORIENTED_EDGE ( 'NONE', *, *, #4910, .T. ) ;
#1605 = ORIENTED_EDGE ( 'NONE', *, *, #873, .T. ) ;
#1606 = ORIENTED_EDGE ( 'NONE', *, *, #1477, .T. ) ;
#1607 = VECTOR ( 'NONE', #4131, 1000.000000000000000 ) ;
#1608 = CARTESIAN_POINT ( 'NONE',  ( 53.79289321881342545, 1500.000000000000000, -50.96446609406724093 ) ) ;
#1609 = DIRECTION ( 'NONE',  ( 0.000000000000000000, 0.000000000000000000, 1.000000000000000000 ) ) ;
#1610 = CARTESIAN_POINT ( 'NONE',  ( 58.99999999999998579, 1500.000000000000000, -44.10000000000000142 ) ) ;
#1611 = ORIENTED_EDGE ( 'NONE', *, *, #1204, .T. ) ;
#1612 = AXIS2_PLACEMENT_3D ( 'NONE', #2484, #627, #2969 ) ;
#1613 = DIRECTION ( 'NONE',  ( -0.000000000000000000, -1.000000000000000000, -0.000000000000000000 ) ) ;
#1614 = LINE ( 'NONE', #2111, #596 ) ;
#1615 = VECTOR ( 'NONE', #3958, 1000.000000000000000 ) ;
#1616 = CARTESIAN_POINT ( 'NONE',  ( 50.25735931288068059, 1500.000000000000000, -55.50000000000000711 ) ) ;
#1617 = DIRECTION ( 'NONE',  ( 1.000000000000000000, 0.000000000000000000, 0.000000000000000000 ) ) ;
#1618 = ORIENTED_EDGE ( 'NONE', *, *, #3052, .F. ) ;
#1619 = CYLINDRICAL_SURFACE ( 'NONE', #3569, 1.000000000000000888 ) ;
#1620 = EDGE_CURVE ( 'NONE', #3926, #4631, #4327, .T. ) ;
#1621 = EDGE_CURVE ( 'NONE', #1295, #4589, #1939, .T. ) ;
#1622 = AXIS2_PLACEMENT_3D ( 'NONE', #4651, #1017, #1739 ) ;
#1623 = EDGE_CURVE ( 'NONE', #4642, #4489, #497, .T. ) ;
#1624 = CARTESIAN_POINT ( 'NONE',  ( -6.938893903907228378E-15, 0.000000000000000000, 0.000000000000000000 ) ) ;
#1625 = CARTESIAN_POINT ( 'NONE',  ( 55.49999999999999289, 1500.000000000000000, 5.100000000000010303 ) ) ;
#1626 = VERTEX_POINT ( 'NONE', #1214 ) ;
#1627 = CARTESIAN_POINT ( 'NONE',  ( 56.49999999999999289, 1500.000000000000000, 5.100000000000003197 ) ) ;
#1628 = ORIENTED_EDGE ( 'NONE', *, *, #4937, .F. ) ;
#1629 = CARTESIAN_POINT ( 'NONE',  ( 55.50000000000000000, 0.000000000000000000, -29.74264068711930165 ) ) ;
#1630 = CARTESIAN_POINT ( 'NONE',  ( 47.39999999999999147, 1500.000000000000000, -4.571572875253809620 ) ) ;
#1631 = ORIENTED_EDGE ( 'NONE', *, *, #3079, .T. ) ;
#1632 = ADVANCED_FACE ( 'NONE', ( #2062 ), #2041, .F. ) ;
#1633 = ORIENTED_EDGE ( 'NONE', *, *, #4393, .F. ) ;
#1634 = EDGE_CURVE ( 'NONE', #4111, #1712, #2460, .T. ) ;
#1635 = DIRECTION ( 'NONE',  ( 1.000000000000000000, 0.000000000000000000, -0.000000000000000000 ) ) ;
#1636 = CARTESIAN_POINT ( 'NONE',  ( 55.49999999999998579, 1500.000000000000000, -34.89999999999998437 ) ) ;
#1637 = DIRECTION ( 'NONE',  ( -0.000000000000000000, -1.000000000000000000, -0.000000000000000000 ) ) ;
#1638 = ADVANCED_FACE ( 'NONE', ( #2463 ), #2945, .T. ) ;
#1639 = EDGE_CURVE ( 'NONE', #1544, #3775, #1877, .T. ) ;
#1640 = VECTOR ( 'NONE', #3901, 1000.000000000000000 ) ;
#1641 = ORIENTED_EDGE ( 'NONE', *, *, #3510, .T. ) ;
#1642 = DIRECTION ( 'NONE',  ( 0.7071067811865473507, 0.000000000000000000, -0.7071067811865477948 ) ) ;
#1643 =( NAMED_UNIT ( * ) SI_UNIT ( $, .STERADIAN. ) SOLID_ANGLE_UNIT ( ) );
#1644 = CARTESIAN_POINT ( 'NONE',  ( -15.50000000000000711, 0.000000000000000000, -29.74264068711930165 ) ) ;
#1645 = VECTOR ( 'NONE', #2760, 1000.000000000000000 ) ;
#1646 = DIRECTION ( 'NONE',  ( 0.000000000000000000, 1.000000000000000000, -0.000000000000000000 ) ) ;
#1647 = VERTEX_POINT ( 'NONE', #4133 ) ;
#1648 = PLANE ( 'NONE',  #1008 ) ;
#1649 = EDGE_CURVE ( 'NONE', #5074, #2695, #67, .T. ) ;
#1650 = AXIS2_PLACEMENT_3D ( 'NONE', #3232, #802, #4366 ) ;
#1651 = DIRECTION ( 'NONE',  ( -0.000000000000000000, -1.000000000000000000, -0.000000000000000000 ) ) ;
#1652 = ADVANCED_FACE ( 'NONE', ( #1752 ), #117, .F. ) ;
#1653 = VERTEX_POINT ( 'NONE', #4504 ) ;
#1654 = LINE ( 'NONE', #4086, #3974 ) ;
#1655 = EDGE_LOOP ( 'NONE', ( #4946, #491, #4787, #2137 ) ) ;
#1656 = CARTESIAN_POINT ( 'NONE',  ( 35.89999999999999147, 1500.000000000000000, 16.50000000000001066 ) ) ;
#1657 = PRODUCT_DEFINITION_SHAPE ( 'NONE', 'NONE',  #106 ) ;
#1658 = CARTESIAN_POINT ( 'NONE',  ( 18.32842712474620228, 1500.000000000000000, -55.50000000000000711 ) ) ;
#1659 = CARTESIAN_POINT ( 'NONE',  ( -7.400000000000003020, 1500.000000000000000, 4.571572875253811397 ) ) ;
#1660 = ORIENTED_EDGE ( 'NONE', *, *, #3947, .F. ) ;
#1661 = ORIENTED_EDGE ( 'NONE', *, *, #3238, .T. ) ;
#1662 = CIRCLE ( 'NONE', #4451, 1.000000000000000888 ) ;
#1663 = CARTESIAN_POINT ( 'NONE',  ( -6.938893903907228378E-15, 1500.000000000000000, -39.99999999999999289 ) ) ;
#1664 = LINE ( 'NONE', #3742, #3946 ) ;
#1665 = CARTESIAN_POINT ( 'NONE',  ( 29.74264068711929099, 1500.000000000000000, -55.49999999999999289 ) ) ;
#1666 = ORIENTED_EDGE ( 'NONE', *, *, #2390, .T. ) ;
#1667 = VECTOR ( 'NONE', #5054, 1000.000000000000000 ) ;
#1668 = ORIENTED_EDGE ( 'NONE', *, *, #2616, .F. ) ;
#1669 = CYLINDRICAL_SURFACE ( 'NONE', #3206, 0.9999999999999991118 ) ;
#1670 = VECTOR ( 'NONE', #3000, 1000.000000000000000 ) ;
#1671 = EDGE_CURVE ( 'NONE', #1706, #4364, #2917, .T. ) ;
#1672 = DIRECTION ( 'NONE',  ( -0.000000000000000000, -1.000000000000000000, -0.000000000000000000 ) ) ;
#1673 = DIRECTION ( 'NONE',  ( 0.000000000000000000, 0.000000000000000000, -1.000000000000000000 ) ) ;
#1674 = CARTESIAN_POINT ( 'NONE',  ( 35.89999999999999147, 1500.000000000000000, -56.49999999999999289 ) ) ;
#1675 = DIRECTION ( 'NONE',  ( -0.000000000000000000, -1.000000000000000000, -0.000000000000000000 ) ) ;
#1676 = DIRECTION ( 'NONE',  ( 0.7071067811865474617, 0.000000000000000000, 0.7071067811865474617 ) ) ;
#1677 = DIRECTION ( 'NONE',  ( 0.7071067811865476838, 0.000000000000000000, -0.7071067811865474617 ) ) ;
#1678 = AXIS2_PLACEMENT_3D ( 'NONE', #3056, #2567, #1455 ) ;
#1679 = ORIENTED_EDGE ( 'NONE', *, *, #519, .T. ) ;
#1680 = CARTESIAN_POINT ( 'NONE',  ( -15.50000000000000711, 1500.000000000000000, -29.74264068711930165 ) ) ;
#1681 = CARTESIAN_POINT ( 'NONE',  ( 35.42842712474618594, 0.000000000000000000, -47.39999999999999147 ) ) ;
#1682 = DIRECTION ( 'NONE',  ( 0.000000000000000000, 0.000000000000000000, -1.000000000000000000 ) ) ;
#1683 = FACE_OUTER_BOUND ( 'NONE', #819, .T. ) ;
#1684 = ORIENTED_EDGE ( 'NONE', *, *, #2248, .T. ) ;
#1685 = ORIENTED_EDGE ( 'NONE', *, *, #1324, .T. ) ;
#1686 = VECTOR ( 'NONE', #743, 1000.000000000000000 ) ;
#1687 = EDGE_CURVE ( 'NONE', #2896, #3312, #435, .T. ) ;
#1688 = DIRECTION ( 'NONE',  ( 0.000000000000000000, 0.000000000000000000, 1.000000000000000000 ) ) ;
#1689 = CARTESIAN_POINT ( 'NONE',  ( -19.00000000000000711, 1500.000000000000000, -35.89999999999999858 ) ) ;
#1690 = CARTESIAN_POINT ( 'NONE',  ( 29.03553390593274131, 0.000000000000000000, 13.79289321881343788 ) ) ;
#1691 = ORIENTED_EDGE ( 'NONE', *, *, #3360, .T. ) ;
#1692 = ORIENTED_EDGE ( 'NONE', *, *, #2778, .T. ) ;
#1693 = DIRECTION ( 'NONE',  ( -0.000000000000000000, -1.000000000000000000, -0.000000000000000000 ) ) ;
#1694 = VECTOR ( 'NONE', #1589, 1000.000000000000000 ) ;
#1695 = PERSON_AND_ORGANIZATION_ROLE ( 'design_owner' ) ;
#1696 = CARTESIAN_POINT ( 'NONE',  ( 18.32842712474620228, 0.000000000000000000, -55.50000000000000711 ) ) ;
#1697 = AXIS2_PLACEMENT_3D ( 'NONE', #3341, #2860, #1314 ) ;
#1698 = EDGE_LOOP ( 'NONE', ( #1215, #1379, #2337, #2222 ) ) ;
#1699 = CARTESIAN_POINT ( 'NONE',  ( -4.100000000000006750, 1500.000000000000000, 16.50000000000001066 ) ) ;
#1700 = LINE ( 'NONE', #2972, #2457 ) ;
#1701 = FACE_OUTER_BOUND ( 'NONE', #441, .T. ) ;
#1702 = CARTESIAN_POINT ( 'NONE',  ( -16.50000000000001066, 1500.000000000000000, -4.099999999999996092 ) ) ;
#1703 = EDGE_CURVE ( 'NONE', #4441, #4642, #3673, .T. ) ;
#1704 = EDGE_CURVE ( 'NONE', #3815, #2876, #841, .T. ) ;
#1705 = ORIENTED_EDGE ( 'NONE', *, *, #1797, .T. ) ;
#1706 = VERTEX_POINT ( 'NONE', #4556 ) ;
#1707 = FACE_OUTER_BOUND ( 'NONE', #3809, .T. ) ;
#1708 = AXIS2_PLACEMENT_3D ( 'NONE', #4200, #1039, #1878 ) ;
#1709 = CARTESIAN_POINT ( 'NONE',  ( -4.100000000000005862, 1500.000000000000000, 18.99999999999999645 ) ) ;
#1710 = DIRECTION ( 'NONE',  ( -0.000000000000000000, -1.000000000000000000, -0.000000000000000000 ) ) ;
#1711 = CYLINDRICAL_SURFACE ( 'NONE', #4539, 3.400000000000000355 ) ;
#1712 = VERTEX_POINT ( 'NONE', #3319 ) ;
#1713 = ORIENTED_EDGE ( 'NONE', *, *, #2141, .F. ) ;
#1714 = DIRECTION ( 'NONE',  ( -0.000000000000000000, -1.000000000000000000, -0.000000000000000000 ) ) ;
#1715 = FACE_OUTER_BOUND ( 'NONE', #212, .T. ) ;
#1716 = DIRECTION ( 'NONE',  ( 0.000000000000000000, 0.000000000000000000, -1.000000000000000000 ) ) ;
#1717 = ORIENTED_EDGE ( 'NONE', *, *, #4480, .T. ) ;
#1718 = EDGE_CURVE ( 'NONE', #2695, #4773, #812, .T. ) ;
#1719 = ORIENTED_EDGE ( 'NONE', *, *, #571, .F. ) ;
#1720 = EDGE_CURVE ( 'NONE', #2896, #1045, #2888, .T. ) ;
#1721 = CARTESIAN_POINT ( 'NONE',  ( -16.50000000000001066, 0.000000000000000000, -4.099999999999996092 ) ) ;
#1722 = DIRECTION ( 'NONE',  ( -0.7071067811865472397, 0.000000000000000000, -0.7071067811865479058 ) ) ;
#1723 = CARTESIAN_POINT ( 'NONE',  ( 55.99999999999997158, 1500.000000000000000, -60.00000000000000000 ) ) ;
#1724 = ORIENTED_EDGE ( 'NONE', *, *, #1620, .T. ) ;
#1725 = CYLINDRICAL_SURFACE ( 'NONE', #3572, 1.000000000000000888 ) ;
#1726 = CARTESIAN_POINT ( 'NONE',  ( 4.571572875253802515, 1500.000000000000000, 7.399999999999996803 ) ) ;
#1727 = LINE ( 'NONE', #2140, #2745 ) ;
#1728 = PLANE ( 'NONE',  #210 ) ;
#1729 = AXIS2_PLACEMENT_3D ( 'NONE', #4997, #2924, #4510 ) ;
#1730 = ORIENTED_EDGE ( 'NONE', *, *, #4053, .F. ) ;
#1731 = VERTEX_POINT ( 'NONE', #93 ) ;
#1732 = PLANE ( 'NONE',  #5237 ) ;
#1733 = VECTOR ( 'NONE', #2470, 1000.000000000000000 ) ;
#1734 = ADVANCED_FACE ( 'NONE', ( #2541 ), #1725, .T. ) ;
#1735 = FACE_OUTER_BOUND ( 'NONE', #5115, .T. ) ;
#1736 = DIRECTION ( 'NONE',  ( 0.000000000000000000, 1.000000000000000000, -0.000000000000000000 ) ) ;
#1737 = DIRECTION ( 'NONE',  ( -0.000000000000000000, -1.000000000000000000, -0.000000000000000000 ) ) ;
#1738 = VERTEX_POINT ( 'NONE', #15 ) ;
#1739 = DIRECTION ( 'NONE',  ( 0.000000000000000000, 0.000000000000000000, -1.000000000000000000 ) ) ;
#1740 = DIRECTION ( 'NONE',  ( -0.7071067811865471286, 0.000000000000000000, 0.7071067811865479058 ) ) ;
#1741 = DIRECTION ( 'NONE',  ( -1.000000000000000000, -0.000000000000000000, -0.000000000000000000 ) ) ;
#1742 = ORIENTED_EDGE ( 'NONE', *, *, #49, .F. ) ;
#1743 = AXIS2_PLACEMENT_3D ( 'NONE', #2692, #4358, #718 ) ;
#1744 = ORIENTED_EDGE ( 'NONE', *, *, #3961, .F. ) ;
#1745 = PLANE ( 'NONE',  #2311 ) ;
#1746 = EDGE_CURVE ( 'NONE', #4985, #1866, #4958, .T. ) ;
#1747 = AXIS2_PLACEMENT_3D ( 'NONE', #671, #3949, #2720 ) ;
#1748 = DATE_AND_TIME ( #3050, #2206 ) ;
#1749 = LINE ( 'NONE', #1049, #4659 ) ;
#1750 = AXIS2_PLACEMENT_3D ( 'NONE', #4917, #3302, #4543 ) ;
#1751 = ORIENTED_EDGE ( 'NONE', *, *, #2339, .T. ) ;
#1752 = FACE_OUTER_BOUND ( 'NONE', #2828, .T. ) ;
#1753 = CARTESIAN_POINT ( 'NONE',  ( 29.74264068711927322, 1500.000000000000000, -54.50000000000000711 ) ) ;
#1754 = CIRCLE ( 'NONE', #3796, 1.000000000000000888 ) ;
#1755 = CARTESIAN_POINT ( 'NONE',  ( -4.100000000000006750, 1500.000000000000000, -56.49999999999999289 ) ) ;
#1756 = FACE_OUTER_BOUND ( 'NONE', #4204, .T. ) ;
#1757 = EDGE_LOOP ( 'NONE', ( #3998, #222, #4230, #3112 ) ) ;
#1758 = ORIENTED_EDGE ( 'NONE', *, *, #1901, .T. ) ;
#1759 = LINE ( 'NONE', #1680, #3635 ) ;
#1760 = DIRECTION ( 'NONE',  ( -0.000000000000000000, -1.000000000000000000, -0.000000000000000000 ) ) ;
#1761 = DIRECTION ( 'NONE',  ( -0.000000000000000000, -1.000000000000000000, -0.000000000000000000 ) ) ;
#1762 = VECTOR ( 'NONE', #3104, 1000.000000000000000 ) ;
#1763 = DIRECTION ( 'NONE',  ( -0.000000000000000000, -1.000000000000000000, -0.000000000000000000 ) ) ;
#1764 = EDGE_CURVE ( 'NONE', #4428, #3336, #836, .T. ) ;
#1765 = ORIENTED_EDGE ( 'NONE', *, *, #505, .T. ) ;
#1766 = VECTOR ( 'NONE', #2025, 1000.000000000000000 ) ;
#1767 = CARTESIAN_POINT ( 'NONE',  ( -16.50000000000000355, 0.000000000000000000, 5.100000000000003197 ) ) ;
#1768 = CARTESIAN_POINT ( 'NONE',  ( 60.00000000000000000, 1500.000000000000000, -5.100000000000003197 ) ) ;
#1769 = CARTESIAN_POINT ( 'NONE',  ( -15.50000000000000711, 1500.000000000000000, -29.74264068711930165 ) ) ;
#1770 = ORIENTED_EDGE ( 'NONE', *, *, #2241, .T. ) ;
#1771 = ORIENTED_EDGE ( 'NONE', *, *, #5243, .F. ) ;
#1772 = EDGE_CURVE ( 'NONE', #3632, #4562, #1040, .T. ) ;
#1773 = ADVANCED_FACE ( 'NONE', ( #3072 ), #1391, .T. ) ;
#1774 = CYLINDRICAL_SURFACE ( 'NONE', #2223, 1.000000000000000888 ) ;
#1775 = DATE_TIME_ROLE ( 'creation_date' ) ;
#1776 = CARTESIAN_POINT ( 'NONE',  ( -5.100000000000012967, 0.000000000000000000, -55.50000000000000711 ) ) ;
#1777 = ORIENTED_EDGE ( 'NONE', *, *, #4144, .T. ) ;
#1778 = DIRECTION ( 'NONE',  ( 0.000000000000000000, 0.000000000000000000, -1.000000000000000000 ) ) ;
#1779 = CARTESIAN_POINT ( 'NONE',  ( 5.099999999999992539, 0.000000000000000000, 15.50000000000000355 ) ) ;
#1780 = DIRECTION ( 'NONE',  ( 1.000000000000000000, 0.000000000000000000, 2.690870844145795898E-15 ) ) ;
#1781 = AXIS2_PLACEMENT_3D ( 'NONE', #5047, #3512, #1403 ) ;
#1782 = CYLINDRICAL_SURFACE ( 'NONE', #4292, 1.000000000000000888 ) ;
#1783 = VERTEX_POINT ( 'NONE', #5112 ) ;
#1784 = CARTESIAN_POINT ( 'NONE',  ( -4.571572875253815837, 1500.000000000000000, 7.399999999999998579 ) ) ;
#1785 = ORIENTED_EDGE ( 'NONE', *, *, #2585, .F. ) ;
#1786 = CIRCLE ( 'NONE', #586, 0.9999999999999991118 ) ;
#1787 = FACE_OUTER_BOUND ( 'NONE', #2426, .T. ) ;
#1788 = EDGE_CURVE ( 'NONE', #2651, #735, #588, .T. ) ;
#1789 = CARTESIAN_POINT ( 'NONE',  ( 56.49999999999999289, 0.000000000000000000, -44.10000000000000142 ) ) ;
#1790 = VECTOR ( 'NONE', #4452, 1000.000000000000000 ) ;
#1791 = CARTESIAN_POINT ( 'NONE',  ( 45.09999999999999432, 1500.000000000000000, 20.00000000000000355 ) ) ;
#1792 = DIRECTION ( 'NONE',  ( 0.7071067811865479058, -0.000000000000000000, 0.7071067811865471286 ) ) ;
#1793 = VECTOR ( 'NONE', #506, 1000.000000000000000 ) ;
#1794 = ORIENTED_EDGE ( 'NONE', *, *, #505, .F. ) ;
#1795 = DIRECTION ( 'NONE',  ( 1.000000000000000000, -0.000000000000000000, 0.000000000000000000 ) ) ;
#1796 = DIRECTION ( 'NONE',  ( -0.000000000000000000, -1.000000000000000000, -0.000000000000000000 ) ) ;
#1797 = EDGE_CURVE ( 'NONE', #4379, #4733, #4920, .T. ) ;
#1798 = FACE_OUTER_BOUND ( 'NONE', #590, .T. ) ;
#1799 = ORIENTED_EDGE ( 'NONE', *, *, #1856, .T. ) ;
#1800 = ORIENTED_EDGE ( 'NONE', *, *, #1324, .F. ) ;
#1801 = CARTESIAN_POINT ( 'NONE',  ( -6.938893903907228378E-15, 1500.000000000000000, -39.99999999999999289 ) ) ;
#1802 = PERSON_AND_ORGANIZATION ( #4996, #4064 ) ;
#1803 = EDGE_CURVE ( 'NONE', #1034, #3632, #1187, .T. ) ;
#1804 = DIRECTION ( 'NONE',  ( -0.000000000000000000, -1.000000000000000000, -0.000000000000000000 ) ) ;
#1805 = VERTEX_POINT ( 'NONE', #3924 ) ;
#1806 = CARTESIAN_POINT ( 'NONE',  ( -15.50000000000000711, 0.000000000000000000, -18.32842712474619162 ) ) ;
#1807 = DIRECTION ( 'NONE',  ( -0.000000000000000000, -1.000000000000000000, -0.000000000000000000 ) ) ;
#1808 = DIRECTION ( 'NONE',  ( 0.000000000000000000, 0.000000000000000000, -1.000000000000000000 ) ) ;
#1809 = CARTESIAN_POINT ( 'NONE',  ( 5.099999999999993427, 1500.000000000000000, 19.00000000000000355 ) ) ;
#1810 = VERTEX_POINT ( 'NONE', #1497 ) ;
#1811 = VECTOR ( 'NONE', #1378, 1000.000000000000000 ) ;
#1812 = DIRECTION ( 'NONE',  ( -0.000000000000000000, -1.000000000000000000, -0.000000000000000000 ) ) ;
#1813 = ORIENTED_EDGE ( 'NONE', *, *, #2816, .F. ) ;
#1814 = ORIENTED_EDGE ( 'NONE', *, *, #427, .F. ) ;
#1815 = EDGE_CURVE ( 'NONE', #2152, #4631, #4652, .T. ) ;
#1816 = VERTEX_POINT ( 'NONE', #4681 ) ;
#1817 = CARTESIAN_POINT ( 'NONE',  ( -20.00000000000000711, 0.000000000000000000, -34.89999999999998437 ) ) ;
#1818 = DIRECTION ( 'NONE',  ( 0.000000000000000000, 0.000000000000000000, -1.000000000000000000 ) ) ;
#1819 = ORIENTED_EDGE ( 'NONE', *, *, #4973, .T. ) ;
#1820 = DIRECTION ( 'NONE',  ( 1.000000000000000000, 0.000000000000000000, 1.449035556190463914E-16 ) ) ;
#1821 = CARTESIAN_POINT ( 'NONE',  ( 4.571572875253802515, 1500.000000000000000, 7.399999999999996803 ) ) ;
#1822 = PLANE ( 'NONE',  #2928 ) ;
#1823 = ORIENTED_EDGE ( 'NONE', *, *, #3843, .T. ) ;
#1824 = VERTEX_POINT ( 'NONE', #219 ) ;
#1825 = DIRECTION ( 'NONE',  ( 0.000000000000000000, 1.000000000000000000, 0.000000000000000000 ) ) ;
#1826 = DIRECTION ( 'NONE',  ( 0.000000000000000000, 0.000000000000000000, -1.000000000000000000 ) ) ;
#1827 = ORIENTED_EDGE ( 'NONE', *, *, #1988, .T. ) ;
#1828 = AXIS2_PLACEMENT_3D ( 'NONE', #3073, #191, #5113 ) ;
#1829 = LINE ( 'NONE', #5067, #2094 ) ;
#1830 = EDGE_CURVE ( 'NONE', #112, #3629, #2005, .T. ) ;
#1831 = LINE ( 'NONE', #4722, #3903 ) ;
#1832 = VECTOR ( 'NONE', #4408, 1000.000000000000000 ) ;
#1833 = CARTESIAN_POINT ( 'NONE',  ( 50.25735931288071612, 1500.000000000000000, 14.50000000000000178 ) ) ;
#1834 = AXIS2_PLACEMENT_3D ( 'NONE', #955, #472, #4169 ) ;
#1835 = CIRCLE ( 'NONE', #2507, 1.000000000000000888 ) ;
#1836 = ORIENTED_EDGE ( 'NONE', *, *, #5173, .T. ) ;
#1837 = VECTOR ( 'NONE', #2194, 1000.000000000000000 ) ;
#1838 = DIRECTION ( 'NONE',  ( -0.000000000000000000, -1.000000000000000000, -0.000000000000000000 ) ) ;
#1839 = VERTEX_POINT ( 'NONE', #669 ) ;
#1840 = VERTEX_POINT ( 'NONE', #3044 ) ;
#1841 = ORIENTED_EDGE ( 'NONE', *, *, #1016, .T. ) ;
#1842 = CARTESIAN_POINT ( 'NONE',  ( -7.400000000000003908, 1500.000000000000000, -35.42842712474618594 ) ) ;
#1843 = FACE_OUTER_BOUND ( 'NONE', #3542, .T. ) ;
#1844 = CC_DESIGN_PERSON_AND_ORGANIZATION_ASSIGNMENT ( #1210, #1695, ( #2793 ) ) ;
#1845 = ORIENTED_EDGE ( 'NONE', *, *, #4004, .F. ) ;
#1846 = CARTESIAN_POINT ( 'NONE',  ( -15.50000000000000711, 1500.000000000000000, -10.25735931288069125 ) ) ;
#1847 = CYLINDRICAL_SURFACE ( 'NONE', #4492, 1.000000000000000888 ) ;
#1848 = DIRECTION ( 'NONE',  ( 0.000000000000000000, 0.000000000000000000, 1.000000000000000000 ) ) ;
#1849 = CARTESIAN_POINT ( 'NONE',  ( 56.49999999999999289, 1500.000000000000000, 4.100000000000003197 ) ) ;
#1850 = VERTEX_POINT ( 'NONE', #269 ) ;
#1851 = VECTOR ( 'NONE', #3420, 1000.000000000000000 ) ;
#1852 = ORIENTED_EDGE ( 'NONE', *, *, #2009, .T. ) ;
#1853 = AXIS2_PLACEMENT_3D ( 'NONE', #2434, #4929, #3236 ) ;
#1854 = EDGE_CURVE ( 'NONE', #5096, #1955, #2665, .T. ) ;
#1855 = CARTESIAN_POINT ( 'NONE',  ( -16.50000000000000355, 1500.000000000000000, -45.10000000000000142 ) ) ;
#1856 = EDGE_CURVE ( 'NONE', #4894, #4181, #1902, .T. ) ;
#1857 = DIRECTION ( 'NONE',  ( 0.7071067811865477948, -0.000000000000000000, 0.7071067811865473507 ) ) ;
#1858 = ORIENTED_EDGE ( 'NONE', *, *, #3675, .T. ) ;
#1859 = ORIENTED_EDGE ( 'NONE', *, *, #1389, .T. ) ;
#1860 = DIRECTION ( 'NONE',  ( -0.000000000000000000, -1.000000000000000000, -0.000000000000000000 ) ) ;
#1861 = LINE ( 'NONE', #5099, #3279 ) ;
#1862 = LINE ( 'NONE', #572, #4827 ) ;
#1863 = AXIS2_PLACEMENT_3D ( 'NONE', #2412, #630, #970 ) ;
#1864 = EDGE_CURVE ( 'NONE', #3394, #1092, #4281, .T. ) ;
#1865 = LINE ( 'NONE', #4641, #1126 ) ;
#1866 = VERTEX_POINT ( 'NONE', #3120 ) ;
#1867 = EDGE_LOOP ( 'NONE', ( #2320, #2970, #655, #964 ) ) ;
#1868 = ORIENTED_EDGE ( 'NONE', *, *, #4353, .T. ) ;
#1869 = VECTOR ( 'NONE', #1374, 1000.000000000000000 ) ;
#1870 = DIRECTION ( 'NONE',  ( 0.000000000000000000, 0.000000000000000000, 1.000000000000000000 ) ) ;
#1871 = ADVANCED_FACE ( 'NONE', ( #3014, #5084, #5059, #4626, #4735, #1096 ), #988, .T. ) ;
#1872 = EDGE_CURVE ( 'NONE', #2028, #4522, #4983, .T. ) ;
#1873 = FACE_OUTER_BOUND ( 'NONE', #372, .T. ) ;
#1874 = CIRCLE ( 'NONE', #2, 1.000000000000000888 ) ;
#1875 = ORIENTED_EDGE ( 'NONE', *, *, #2747, .T. ) ;
#1876 = PLANE ( 'NONE',  #980 ) ;
#1877 = CIRCLE ( 'NONE', #5176, 1.000000000000000888 ) ;
#1878 = DIRECTION ( 'NONE',  ( 0.000000000000000000, 0.000000000000000000, 1.000000000000000000 ) ) ;
#1879 = DIRECTION ( 'NONE',  ( 3.469446951953620598E-16, 0.000000000000000000, -1.000000000000000000 ) ) ;
#1880 = CARTESIAN_POINT ( 'NONE',  ( -15.50000000000000711, 1500.000000000000000, -10.25735931288069125 ) ) ;
#1881 = ORIENTED_EDGE ( 'NONE', *, *, #2572, .F. ) ;
#1882 = ORIENTED_EDGE ( 'NONE', *, *, #553, .F. ) ;
#1883 = ORIENTED_EDGE ( 'NONE', *, *, #626, .T. ) ;
#1884 = EDGE_CURVE ( 'NONE', #1731, #3158, #3817, .T. ) ;
#1885 = LINE ( 'NONE', #1930, #1441 ) ;
#1886 = EDGE_CURVE ( 'NONE', #4756, #1115, #3473, .T. ) ;
#1887 = ORIENTED_EDGE ( 'NONE', *, *, #4310, .T. ) ;
#1888 = ORIENTED_EDGE ( 'NONE', *, *, #263, .T. ) ;
#1889 = LINE ( 'NONE', #2834, #142 ) ;
#1890 = LINE ( 'NONE', #601, #220 ) ;
#1891 = FACE_OUTER_BOUND ( 'NONE', #924, .T. ) ;
#1892 = CARTESIAN_POINT ( 'NONE',  ( 35.42842712474618594, 1500.000000000000000, 7.399999999999996803 ) ) ;
#1893 = ORIENTED_EDGE ( 'NONE', *, *, #2263, .T. ) ;
#1894 = ORIENTED_EDGE ( 'NONE', *, *, #343, .F. ) ;
#1895 = ORIENTED_EDGE ( 'NONE', *, *, #1318, .T. ) ;
#1896 = DIRECTION ( 'NONE',  ( -0.7071067811865472397, -0.000000000000000000, 0.7071067811865479058 ) ) ;
#1897 = CARTESIAN_POINT ( 'NONE',  ( 58.99999999999998579, 0.000000000000000000, 4.100000000000003197 ) ) ;
#1898 = VECTOR ( 'NONE', #204, 1000.000000000000000 ) ;
#1899 = ORIENTED_EDGE ( 'NONE', *, *, #514, .F. ) ;
#1900 = DIRECTION ( 'NONE',  ( -1.000000000000000000, 0.000000000000000000, -3.363588555182252268E-16 ) ) ;
#1901 = EDGE_CURVE ( 'NONE', #5017, #2107, #3845, .T. ) ;
#1902 = LINE ( 'NONE', #3524, #3204 ) ;
#1903 = CARTESIAN_POINT ( 'NONE',  ( -4.100000000000006750, 1500.000000000000000, -56.49999999999999289 ) ) ;
#1904 = ORIENTED_EDGE ( 'NONE', *, *, #1561, .F. ) ;
#1905 = VERTEX_POINT ( 'NONE', #4337 ) ;
#1906 = EDGE_LOOP ( 'NONE', ( #4118, #2371, #3847, #540 ) ) ;
#1907 = VECTOR ( 'NONE', #4923, 1000.000000000000000 ) ;
#1908 = PLANE ( 'NONE',  #4832 ) ;
#1909 = CARTESIAN_POINT ( 'NONE',  ( -14.50000000000000000, 0.000000000000000000, -51.25735931288070901 ) ) ;
#1910 = VERTEX_POINT ( 'NONE', #1223 ) ;
#1911 = EDGE_CURVE ( 'NONE', #1905, #2587, #4841, .T. ) ;
#1912 = CARTESIAN_POINT ( 'NONE',  ( 47.39999999999999147, 1500.000000000000000, -35.42842712474618594 ) ) ;
#1913 = DIRECTION ( 'NONE',  ( -0.000000000000000000, -1.000000000000000000, -0.000000000000000000 ) ) ;
#1914 = DIRECTION ( 'NONE',  ( -0.000000000000000000, -1.000000000000000000, -0.000000000000000000 ) ) ;
#1915 = CARTESIAN_POINT ( 'NONE',  ( 7.399999999999997691, 0.000000000000000000, -7.400000000000003908 ) ) ;
#1916 = ORIENTED_EDGE ( 'NONE', *, *, #166, .F. ) ;
#1917 = ORIENTED_EDGE ( 'NONE', *, *, #3521, .T. ) ;
#1918 = EDGE_LOOP ( 'NONE', ( #1500, #2991, #1467, #3436 ) ) ;
#1919 = AXIS2_PLACEMENT_3D ( 'NONE', #2963, #4174, #2079 ) ;
#1920 = CARTESIAN_POINT ( 'NONE',  ( 60.00000000000000000, 0.000000000000000000, 5.100000000000010303 ) ) ;
#1921 = CARTESIAN_POINT ( 'NONE',  ( 58.99999999999998579, 1500.000000000000000, -44.10000000000000142 ) ) ;
#1922 = AXIS2_PLACEMENT_3D ( 'NONE', #5263, #3267, #4909 ) ;
#1923 = ORIENTED_EDGE ( 'NONE', *, *, #1373, .T. ) ;
#1924 = FACE_OUTER_BOUND ( 'NONE', #3702, .T. ) ;
#1925 = LINE ( 'NONE', #3144, #822 ) ;
#1926 = DIRECTION ( 'NONE',  ( -0.000000000000000000, -1.000000000000000000, -0.000000000000000000 ) ) ;
#1927 = EDGE_CURVE ( 'NONE', #260, #277, #1, .T. ) ;
#1928 = ORIENTED_EDGE ( 'NONE', *, *, #1387, .F. ) ;
#1929 = ORIENTED_EDGE ( 'NONE', *, *, #3262, .F. ) ;
#1930 = CARTESIAN_POINT ( 'NONE',  ( -19.00000000000000000, 0.000000000000000000, -4.099999999999996092 ) ) ;
#1931 = CARTESIAN_POINT ( 'NONE',  ( -5.100000000000012079, 0.000000000000000000, -60.00000000000000000 ) ) ;
#1932 = EDGE_CURVE ( 'NONE', #2612, #1432, #4971, .T. ) ;
#1933 = ADVANCED_FACE ( 'NONE', ( #5244 ), #2367, .T. ) ;
#1934 = AXIS2_PLACEMENT_3D ( 'NONE', #4052, #406, #2034 ) ;
#1935 = ORIENTED_EDGE ( 'NONE', *, *, #4955, .F. ) ;
#1936 = DIRECTION ( 'NONE',  ( 0.000000000000000000, 0.000000000000000000, -1.000000000000000000 ) ) ;
#1937 = CARTESIAN_POINT ( 'NONE',  ( -4.100000000000006750, 1500.000000000000000, 16.50000000000001066 ) ) ;
#1938 = AXIS2_PLACEMENT_3D ( 'NONE', #1627, #21, #2821 ) ;
#1939 = LINE ( 'NONE', #515, #2802 ) ;
#1940 = ORIENTED_EDGE ( 'NONE', *, *, #2231, .T. ) ;
#1941 = CARTESIAN_POINT ( 'NONE',  ( -16.50000000000001066, 1500.000000000000000, -44.10000000000000142 ) ) ;
#1942 = VERTEX_POINT ( 'NONE', #2391 ) ;
#1943 = CARTESIAN_POINT ( 'NONE',  ( 50.25735931288068059, 1500.000000000000000, -55.50000000000000711 ) ) ;
#1944 = LINE ( 'NONE', #5236, #1997 ) ;
#1945 = EDGE_CURVE ( 'NONE', #183, #2853, #4361, .T. ) ;
#1946 = EDGE_CURVE ( 'NONE', #1184, #2225, #4387, .T. ) ;
#1947 = VERTEX_POINT ( 'NONE', #3197 ) ;
#1948 = ADVANCED_FACE ( 'NONE', ( #3630 ), #771, .F. ) ;
#1949 = CARTESIAN_POINT ( 'NONE',  ( 4.571572875253802515, 1500.000000000000000, -47.39999999999999147 ) ) ;
#1950 = VECTOR ( 'NONE', #282, 1000.000000000000000 ) ;
#1951 = DIRECTION ( 'NONE',  ( 0.7071067811865473507, 0.000000000000000000, 0.7071067811865477948 ) ) ;
#1952 = VECTOR ( 'NONE', #1804, 1000.000000000000000 ) ;
#1953 = LINE ( 'NONE', #1603, #800 ) ;
#1954 = ORIENTED_EDGE ( 'NONE', *, *, #1238, .F. ) ;
#1955 = VERTEX_POINT ( 'NONE', #3165 ) ;
#1956 = AXIS2_PLACEMENT_3D ( 'NONE', #69, #3752, #3347 ) ;
#1957 = DIRECTION ( 'NONE',  ( 0.000000000000000000, 0.000000000000000000, -1.000000000000000000 ) ) ;
#1958 = FACE_OUTER_BOUND ( 'NONE', #3959, .T. ) ;
#1959 = CARTESIAN_POINT ( 'NONE',  ( 55.50000000000000000, 0.000000000000000000, -29.74264068711930165 ) ) ;
#1960 = ORIENTED_EDGE ( 'NONE', *, *, #755, .F. ) ;
#1961 = VECTOR ( 'NONE', #84, 1000.000000000000000 ) ;
#1962 = LINE ( 'NONE', #4743, #2776 ) ;
#1963 = EDGE_CURVE ( 'NONE', #1184, #4838, #3601, .T. ) ;
#1964 = CARTESIAN_POINT ( 'NONE',  ( -5.100000000000012967, 0.000000000000000000, 15.50000000000000355 ) ) ;
#1965 = DIRECTION ( 'NONE',  ( 0.000000000000000000, 0.000000000000000000, -1.000000000000000000 ) ) ;
#1966 = ORIENTED_EDGE ( 'NONE', *, *, #1318, .F. ) ;
#1967 = ORIENTED_EDGE ( 'NONE', *, *, #1457, .T. ) ;
#1968 = ORIENTED_EDGE ( 'NONE', *, *, #4129, .F. ) ;
#1969 = LINE ( 'NONE', #3186, #5122 ) ;
#1970 = DIRECTION ( 'NONE',  ( 0.000000000000000000, 0.000000000000000000, -1.000000000000000000 ) ) ;
#1971 = ORIENTED_EDGE ( 'NONE', *, *, #3262, .T. ) ;
#1972 = ADVANCED_FACE ( 'NONE', ( #4016 ), #3574, .T. ) ;
#1973 = FACE_OUTER_BOUND ( 'NONE', #29, .T. ) ;
#1974 = DIRECTION ( 'NONE',  ( 1.000000000000000000, -0.000000000000000000, 0.000000000000000000 ) ) ;
#1975 = CARTESIAN_POINT ( 'NONE',  ( -10.25735931288072322, 0.000000000000000000, 15.50000000000000355 ) ) ;
#1976 = ORIENTED_EDGE ( 'NONE', *, *, #3834, .F. ) ;
#1977 = ORIENTED_EDGE ( 'NONE', *, *, #4012, .F. ) ;
#1978 = VERTEX_POINT ( 'NONE', #1546 ) ;
#1979 = CIRCLE ( 'NONE', #188, 1.000000000000000888 ) ;
#1980 = CARTESIAN_POINT ( 'NONE',  ( 35.42842712474618594, 1500.000000000000000, -47.39999999999999147 ) ) ;
#1981 = CARTESIAN_POINT ( 'NONE',  ( 7.399999999999997691, 1500.000000000000000, -7.400000000000003908 ) ) ;
#1982 = CIRCLE ( 'NONE', #195, 3.399999999999999467 ) ;
#1983 = LINE ( 'NONE', #2832, #4799 ) ;
#1984 = EDGE_LOOP ( 'NONE', ( #2197, #3054, #1176, #3939 ) ) ;
#1985 = PLANE ( 'NONE',  #2176 ) ;
#1986 = VECTOR ( 'NONE', #828, 1000.000000000000000 ) ;
#1987 = DIRECTION ( 'NONE',  ( -0.000000000000000000, -1.000000000000000000, -0.000000000000000000 ) ) ;
#1988 = EDGE_CURVE ( 'NONE', #291, #3749, #396, .T. ) ;
#1989 = CARTESIAN_POINT ( 'NONE',  ( 34.89999999999998437, 0.000000000000000000, -60.00000000000000000 ) ) ;
#1990 = ORIENTED_EDGE ( 'NONE', *, *, #130, .T. ) ;
#1991 = ORIENTED_EDGE ( 'NONE', *, *, #4813, .F. ) ;
#1992 = DIRECTION ( 'NONE',  ( 0.000000000000000000, 0.000000000000000000, -1.000000000000000000 ) ) ;
#1993 = DIRECTION ( 'NONE',  ( -1.000000000000000000, 0.000000000000000000, -0.000000000000000000 ) ) ;
#1994 = VERTEX_POINT ( 'NONE', #3223 ) ;
#1995 = DIRECTION ( 'NONE',  ( 0.000000000000000000, 1.000000000000000000, 0.000000000000000000 ) ) ;
#1996 = ORIENTED_EDGE ( 'NONE', *, *, #4343, .F. ) ;
#1997 = VECTOR ( 'NONE', #4806, 1000.000000000000000 ) ;
#1998 = DIRECTION ( 'NONE',  ( 0.000000000000000000, 0.000000000000000000, 1.000000000000000000 ) ) ;
#1999 = CIRCLE ( 'NONE', #382, 1.000000000000000000 ) ;
#2000 = CARTESIAN_POINT ( 'NONE',  ( 55.49999999999999289, 0.000000000000000000, 10.25735931288069303 ) ) ;
#2001 = ORIENTED_EDGE ( 'NONE', *, *, #4910, .F. ) ;
#2002 = ORIENTED_EDGE ( 'NONE', *, *, #234, .F. ) ;
#2003 = ORIENTED_EDGE ( 'NONE', *, *, #3834, .T. ) ;
#2004 = AXIS2_PLACEMENT_3D ( 'NONE', #3805, #4342, #122 ) ;
#2005 = CIRCLE ( 'NONE', #1334, 3.999999999999989786 ) ;
#2006 = DIRECTION ( 'NONE',  ( -0.000000000000000000, -1.000000000000000000, -0.000000000000000000 ) ) ;
#2007 = CARTESIAN_POINT ( 'NONE',  ( 5.099999999999999645, 1500.000000000000000, -55.50000000000000711 ) ) ;
#2008 = CARTESIAN_POINT ( 'NONE',  ( 60.00000000000000000, 1500.000000000000000, -5.100000000000003197 ) ) ;
#2009 = EDGE_CURVE ( 'NONE', #53, #4574, #4436, .T. ) ;
#2010 = EDGE_LOOP ( 'NONE', ( #1013, #1131, #1569, #4527 ) ) ;
#2011 = CARTESIAN_POINT ( 'NONE',  ( 5.099999999999992539, 1500.000000000000000, -56.50000000000000711 ) ) ;
#2012 = DIRECTION ( 'NONE',  ( -0.000000000000000000, -1.000000000000000000, -0.000000000000000000 ) ) ;
#2013 = VECTOR ( 'NONE', #4210, 1000.000000000000000 ) ;
#2014 = AXIS2_PLACEMENT_3D ( 'NONE', #50, #1736, #4462 ) ;
#2015 = DIRECTION ( 'NONE',  ( -0.000000000000000000, -1.000000000000000000, -0.000000000000000000 ) ) ;
#2016 = EDGE_LOOP ( 'NONE', ( #4767, #3041, #2273, #272 ) ) ;
#2017 = VERTEX_POINT ( 'NONE', #5187 ) ;
#2018 = CARTESIAN_POINT ( 'NONE',  ( 39.99999999999999289, 1500.000000000000000, -3.399999999999999023 ) ) ;
#2019 = FACE_OUTER_BOUND ( 'NONE', #2820, .T. ) ;
#2020 = ORIENTED_EDGE ( 'NONE', *, *, #4448, .T. ) ;
#2021 = CARTESIAN_POINT ( 'NONE',  ( 55.50000000000000000, 0.000000000000000000, -21.67157287525380482 ) ) ;
#2022 = ORIENTED_EDGE ( 'NONE', *, *, #4645, .F. ) ;
#2023 = ADVANCED_FACE ( 'NONE', ( #2766 ), #317, .T. ) ;
#2024 = EDGE_CURVE ( 'NONE', #2797, #1839, #4868, .T. ) ;
#2025 = DIRECTION ( 'NONE',  ( -1.000000000000000000, -0.000000000000000000, -0.000000000000000000 ) ) ;
#2026 = CARTESIAN_POINT ( 'NONE',  ( -19.00000000000000711, 1500.000000000000000, -5.099999999999996092 ) ) ;
#2027 = ORIENTED_EDGE ( 'NONE', *, *, #4359, .T. ) ;
#2028 = VERTEX_POINT ( 'NONE', #3948 ) ;
#2029 = VERTEX_POINT ( 'NONE', #5161 ) ;
#2030 = CARTESIAN_POINT ( 'NONE',  ( 4.571572875253802515, 0.000000000000000000, -47.39999999999999147 ) ) ;
#2031 = DIRECTION ( 'NONE',  ( -0.000000000000000000, -1.000000000000000000, 0.000000000000000000 ) ) ;
#2032 = LINE ( 'NONE', #4821, #809 ) ;
#2033 = ORIENTED_EDGE ( 'NONE', *, *, #1518, .T. ) ;
#2034 = DIRECTION ( 'NONE',  ( 0.000000000000000000, 0.000000000000000000, -1.000000000000000000 ) ) ;
#2035 = EDGE_CURVE ( 'NONE', #1816, #4263, #1925, .T. ) ;
#2036 = MECHANICAL_CONTEXT ( 'NONE', #4324, 'mechanical' ) ;
#2037 = AXIS2_PLACEMENT_3D ( 'NONE', #861, #3697, #4104 ) ;
#2038 = DIRECTION ( 'NONE',  ( 1.000000000000000000, 0.000000000000000000, -0.000000000000000000 ) ) ;
#2039 = ADVANCED_FACE ( 'NONE', ( #720 ), #2341, .F. ) ;
#2040 = VECTOR ( 'NONE', #2621, 1000.000000000000000 ) ;
#2041 = PLANE ( 'NONE',  #2633 ) ;
#2042 = ORIENTED_EDGE ( 'NONE', *, *, #2127, .T. ) ;
#2043 = AXIS2_PLACEMENT_3D ( 'NONE', #4127, #433, #4499 ) ;
#2044 = LINE ( 'NONE', #95, #443 ) ;
#2045 = LINE ( 'NONE', #97, #3877 ) ;
#2046 = ORIENTED_EDGE ( 'NONE', *, *, #839, .T. ) ;
#2047 = LINE ( 'NONE', #769, #3411 ) ;
#2048 = ORIENTED_EDGE ( 'NONE', *, *, #2566, .F. ) ;
#2049 = DIRECTION ( 'NONE',  ( -0.000000000000000000, -1.000000000000000000, -0.000000000000000000 ) ) ;
#2050 = CARTESIAN_POINT ( 'NONE',  ( -19.00000000000000000, 1500.000000000000000, -44.10000000000000142 ) ) ;
#2051 = EDGE_LOOP ( 'NONE', ( #4357, #3449, #4170, #3462 ) ) ;
#2052 = EDGE_CURVE ( 'NONE', #1653, #3599, #2495, .T. ) ;
#2053 = ORIENTED_EDGE ( 'NONE', *, *, #4480, .F. ) ;
#2054 = CYLINDRICAL_SURFACE ( 'NONE', #2378, 3.400000000000000355 ) ;
#2055 = CARTESIAN_POINT ( 'NONE',  ( 55.50000000000000000, 1500.000000000000000, -21.67157287525380482 ) ) ;
#2056 = DIRECTION ( 'NONE',  ( 0.7071067811865473507, 0.000000000000000000, -0.7071067811865477948 ) ) ;
#2057 = AXIS2_PLACEMENT_3D ( 'NONE', #941, #4232, #3370 ) ;
#2058 = VERTEX_POINT ( 'NONE', #4089 ) ;
#2059 = LINE ( 'NONE', #5253, #1504 ) ;
#2060 = PLANE ( 'NONE',  #3305 ) ;
#2061 = EDGE_CURVE ( 'NONE', #3147, #4008, #4168, .T. ) ;
#2062 = FACE_OUTER_BOUND ( 'NONE', #1984, .T. ) ;
#2063 = FACE_OUTER_BOUND ( 'NONE', #447, .T. ) ;
#2064 = CARTESIAN_POINT ( 'NONE',  ( -16.00000000000000711, 1500.000000000000000, -60.00000000000000711 ) ) ;
#2065 = DIRECTION ( 'NONE',  ( -0.7071067811865476838, -0.000000000000000000, 0.7071067811865473507 ) ) ;
#2066 = ADVANCED_FACE ( 'NONE', ( #3684 ), #2901, .T. ) ;
#2067 = ORIENTED_EDGE ( 'NONE', *, *, #4823, .F. ) ;
#2068 = CARTESIAN_POINT ( 'NONE',  ( 7.399999999999997691, 1500.000000000000000, -7.400000000000003908 ) ) ;
#2069 = EDGE_CURVE ( 'NONE', #2922, #4643, #4143, .T. ) ;
#2070 = DIRECTION ( 'NONE',  ( 0.000000000000000000, 0.000000000000000000, -1.000000000000000000 ) ) ;
#2071 = CYLINDRICAL_SURFACE ( 'NONE', #659, 1.000000000000000888 ) ;
#2072 = CARTESIAN_POINT ( 'NONE',  ( 5.099999999999992539, 1500.000000000000000, 16.50000000000000355 ) ) ;
#2073 = EDGE_LOOP ( 'NONE', ( #5260, #3368, #774, #167 ) ) ;
#2074 = VERTEX_POINT ( 'NONE', #3786 ) ;
#2075 = AXIS2_PLACEMENT_3D ( 'NONE', #3243, #4534, #3323 ) ;
#2076 = VECTOR ( 'NONE', #110, 1000.000000000000000 ) ;
#2077 = LINE ( 'NONE', #4922, #83 ) ;
#2078 = CARTESIAN_POINT ( 'NONE',  ( 55.99999999999997158, 0.000000000000000000, -60.00000000000000000 ) ) ;
#2079 = DIRECTION ( 'NONE',  ( 0.000000000000000000, 0.000000000000000000, 1.000000000000000000 ) ) ;
#2080 = ORIENTED_EDGE ( 'NONE', *, *, #2862, .F. ) ;
#2081 = AXIS2_PLACEMENT_3D ( 'NONE', #3174, #2056, #4793 ) ;
#2082 = ORIENTED_EDGE ( 'NONE', *, *, #1872, .T. ) ;
#2083 = CARTESIAN_POINT ( 'NONE',  ( 53.79289321881343255, 1500.000000000000000, -10.96446609406724448 ) ) ;
#2084 = VECTOR ( 'NONE', #3485, 1000.000000000000000 ) ;
#2085 = ADVANCED_FACE ( 'NONE', ( #3386 ), #25, .F. ) ;
#2086 = EDGE_CURVE ( 'NONE', #1544, #4727, #4566, .T. ) ;
#2087 = DIRECTION ( 'NONE',  ( -0.000000000000000000, -1.000000000000000000, -0.000000000000000000 ) ) ;
#2088 = CIRCLE ( 'NONE', #3580, 1.000000000000000888 ) ;
#2089 = ORIENTED_EDGE ( 'NONE', *, *, #4627, .F. ) ;
#2090 = CARTESIAN_POINT ( 'NONE',  ( 4.099999999999992539, 1500.000000000000000, 18.99999999999999645 ) ) ;
#2091 = FACE_OUTER_BOUND ( 'NONE', #3401, .T. ) ;
#2092 = CARTESIAN_POINT ( 'NONE',  ( 39.99999999999999289, 1500.000000000000000, 0.000000000000000000 ) ) ;
#2093 = DIRECTION ( 'NONE',  ( -0.000000000000000000, -1.000000000000000000, -0.000000000000000000 ) ) ;
#2094 = VECTOR ( 'NONE', #1400, 1000.000000000000000 ) ;
#2095 = ORIENTED_EDGE ( 'NONE', *, *, #3275, .T. ) ;
#2096 = DIRECTION ( 'NONE',  ( -2.690870844145801815E-15, 0.000000000000000000, -1.000000000000000000 ) ) ;
#2097 = DIRECTION ( 'NONE',  ( -0.000000000000000000, -1.000000000000000000, 0.000000000000000000 ) ) ;
#2098 = EDGE_CURVE ( 'NONE', #5164, #4642, #471, .T. ) ;
#2099 = CARTESIAN_POINT ( 'NONE',  ( -19.00000000000000000, 1500.000000000000000, 4.100000000000003197 ) ) ;
#2100 = EDGE_CURVE ( 'NONE', #4416, #4302, #4293, .T. ) ;
#2101 = PLANE ( 'NONE',  #4967 ) ;
#2102 = VERTEX_POINT ( 'NONE', #2849 ) ;
#2103 = EDGE_LOOP ( 'NONE', ( #4269, #1227, #825, #4939 ) ) ;
#2104 = LINE ( 'NONE', #827, #4072 ) ;
#2105 = DIRECTION ( 'NONE',  ( -0.000000000000000000, -1.000000000000000000, -0.000000000000000000 ) ) ;
#2106 = CARTESIAN_POINT ( 'NONE',  ( -5.100000000000005862, 1500.000000000000000, 19.00000000000000355 ) ) ;
#2107 = VERTEX_POINT ( 'NONE', #2552 ) ;
#2108 = ORIENTED_EDGE ( 'NONE', *, *, #3272, .T. ) ;
#2109 = CARTESIAN_POINT ( 'NONE',  ( 10.25735931288069480, 1500.000000000000000, -55.50000000000000000 ) ) ;
#2110 = AXIS2_PLACEMENT_3D ( 'NONE', #4770, #3560, #1134 ) ;
#2111 = CARTESIAN_POINT ( 'NONE',  ( -4.571572875253815837, 0.000000000000000000, -47.39999999999999147 ) ) ;
#2112 = LINE ( 'NONE', #1723, #71 ) ;
#2113 = AXIS2_PLACEMENT_3D ( 'NONE', #225, #3853, #3799 ) ;
#2114 = VERTEX_POINT ( 'NONE', #3274 ) ;
#2115 = DIRECTION ( 'NONE',  ( -0.7071067811865476838, -0.000000000000000000, 0.7071067811865473507 ) ) ;
#2116 = EDGE_CURVE ( 'NONE', #3482, #3928, #2150, .T. ) ;
#2117 = DIRECTION ( 'NONE',  ( -0.000000000000000000, -1.000000000000000000, 0.000000000000000000 ) ) ;
#2118 = CARTESIAN_POINT ( 'NONE',  ( 32.59999999999998721, 1500.000000000000000, -44.57157287525379985 ) ) ;
#2119 = CARTESIAN_POINT ( 'NONE',  ( 44.57157287525379985, 1500.000000000000000, -32.59999999999998721 ) ) ;
#2120 = ORIENTED_EDGE ( 'NONE', *, *, #4763, .F. ) ;
#2121 = ORIENTED_EDGE ( 'NONE', *, *, #5158, .F. ) ;
#2122 = CARTESIAN_POINT ( 'NONE',  ( 60.00000000000000000, 1500.000000000000000, -34.89999999999998437 ) ) ;
#2123 = CIRCLE ( 'NONE', #1357, 1.000000000000000888 ) ;
#2124 = LINE ( 'NONE', #4141, #4947 ) ;
#2125 = CARTESIAN_POINT ( 'NONE',  ( 55.50000000000000000, 1500.000000000000000, -29.74264068711930165 ) ) ;
#2126 = CARTESIAN_POINT ( 'NONE',  ( 39.99999999999999289, 0.000000000000000000, 3.399999999999999023 ) ) ;
#2127 = EDGE_CURVE ( 'NONE', #3465, #3983, #2519, .T. ) ;
#2128 = VERTEX_POINT ( 'NONE', #2099 ) ;
#2129 = DIRECTION ( 'NONE',  ( -0.000000000000000000, -1.000000000000000000, -0.000000000000000000 ) ) ;
#2130 = LINE ( 'NONE', #2530, #4950 ) ;
#2131 = CARTESIAN_POINT ( 'NONE',  ( -15.99999999999997868, 0.000000000000000000, -60.00000000000000000 ) ) ;
#2132 = EDGE_LOOP ( 'NONE', ( #1252, #1037, #2627, #1151 ) ) ;
#2133 = VERTEX_POINT ( 'NONE', #931 ) ;
#2134 = CARTESIAN_POINT ( 'NONE',  ( 44.09999999999999432, 0.000000000000000000, 16.50000000000001066 ) ) ;
#2135 = CARTESIAN_POINT ( 'NONE',  ( -10.25735931288072322, 0.000000000000000000, 14.50000000000000178 ) ) ;
#2136 = CIRCLE ( 'NONE', #2564, 1.000000000000000888 ) ;
#2137 = ORIENTED_EDGE ( 'NONE', *, *, #4696, .T. ) ;
#2138 = DIRECTION ( 'NONE',  ( 0.000000000000000000, 1.000000000000000000, 0.000000000000000000 ) ) ;
#2139 = CYLINDRICAL_SURFACE ( 'NONE', #4398, 1.000000000000000888 ) ;
#2140 = CARTESIAN_POINT ( 'NONE',  ( -7.400000000000003020, 1500.000000000000000, 4.571572875253811397 ) ) ;
#2141 = EDGE_CURVE ( 'NONE', #3658, #2114, #823, .T. ) ;
#2142 = CARTESIAN_POINT ( 'NONE',  ( -15.50000000000000355, 0.000000000000000000, -45.10000000000000853 ) ) ;
#2143 = VECTOR ( 'NONE', #1760, 1000.000000000000000 ) ;
#2144 = ORIENTED_EDGE ( 'NONE', *, *, #2411, .F. ) ;
#2145 = ORIENTED_EDGE ( 'NONE', *, *, #873, .F. ) ;
#2146 = DIRECTION ( 'NONE',  ( 0.7071067811865473507, -0.000000000000000000, 0.7071067811865477948 ) ) ;
#2147 = AXIS2_PLACEMENT_3D ( 'NONE', #3690, #531, #1278 ) ;
#2148 = LINE ( 'NONE', #1352, #2400 ) ;
#2149 = EDGE_CURVE ( 'NONE', #4181, #1910, #421, .T. ) ;
#2150 = LINE ( 'NONE', #2125, #4128 ) ;
#2151 = CYLINDRICAL_SURFACE ( 'NONE', #1750, 1.000000000000000888 ) ;
#2152 = VERTEX_POINT ( 'NONE', #498 ) ;
#2153 = CARTESIAN_POINT ( 'NONE',  ( 54.50000000000000000, 0.000000000000000000, -11.25735931288071612 ) ) ;
#2154 = DIRECTION ( 'NONE',  ( -0.7071067811865476838, -0.000000000000000000, 0.7071067811865474617 ) ) ;
#2155 = CARTESIAN_POINT ( 'NONE',  ( 58.99999999999998579, 0.000000000000000000, 4.100000000000003197 ) ) ;
#2156 = VERTEX_POINT ( 'NONE', #847 ) ;
#2157 = VERTEX_POINT ( 'NONE', #3328 ) ;
#2158 = DIRECTION ( 'NONE',  ( -0.000000000000000000, -1.000000000000000000, -0.000000000000000000 ) ) ;
#2159 = CIRCLE ( 'NONE', #4796, 1.000000000000000888 ) ;
#2160 = DIRECTION ( 'NONE',  ( 0.000000000000000000, 0.000000000000000000, -1.000000000000000000 ) ) ;
#2161 = CIRCLE ( 'NONE', #804, 1.000000000000000888 ) ;
#2162 = ADVANCED_FACE ( 'NONE', ( #445 ), #2071, .T. ) ;
#2163 = AXIS2_PLACEMENT_3D ( 'NONE', #3734, #4090, #103 ) ;
#2164 = ORIENTED_EDGE ( 'NONE', *, *, #3052, .T. ) ;
#2165 = DIRECTION ( 'NONE',  ( -0.000000000000000000, -1.000000000000000000, -0.000000000000000000 ) ) ;
#2166 = LINE ( 'NONE', #2918, #4486 ) ;
#2167 = CARTESIAN_POINT ( 'NONE',  ( 32.59999999999998721, 0.000000000000000000, -7.400000000000003908 ) ) ;
#2168 = CYLINDRICAL_SURFACE ( 'NONE', #463, 3.400000000000000355 ) ;
#2169 = VERTEX_POINT ( 'NONE', #4916 ) ;
#2170 = CARTESIAN_POINT ( 'NONE',  ( 7.399999999999997691, 1500.000000000000000, -32.59999999999998721 ) ) ;
#2171 = VERTEX_POINT ( 'NONE', #4944 ) ;
#2172 = DIRECTION ( 'NONE',  ( 0.000000000000000000, 0.000000000000000000, 1.000000000000000000 ) ) ;
#2173 = EDGE_CURVE ( 'NONE', #1594, #4602, #5241, .T. ) ;
#2174 = CARTESIAN_POINT ( 'NONE',  ( -10.25735931288072322, 0.000000000000000000, -54.50000000000000711 ) ) ;
#2175 = LINE ( 'NONE', #1791, #1667 ) ;
#2176 = AXIS2_PLACEMENT_3D ( 'NONE', #5146, #732, #4321 ) ;
#2177 = CARTESIAN_POINT ( 'NONE',  ( -19.00000000000000711, 0.000000000000000000, -35.89999999999999858 ) ) ;
#2178 = ORIENTED_EDGE ( 'NONE', *, *, #2955, .F. ) ;
#2179 = AXIS2_PLACEMENT_3D ( 'NONE', #1249, #2447, #3761 ) ;
#2180 = ADVANCED_FACE ( 'NONE', ( #4542 ), #102, .F. ) ;
#2181 = CARTESIAN_POINT ( 'NONE',  ( 34.89999999999998437, 1500.000000000000000, 20.00000000000000355 ) ) ;
#2182 = CARTESIAN_POINT ( 'NONE',  ( 45.09999999999999432, 1500.000000000000000, -56.50000000000000711 ) ) ;
#2183 = DIRECTION ( 'NONE',  ( 0.000000000000000000, 0.000000000000000000, -1.000000000000000000 ) ) ;
#2184 = EDGE_LOOP ( 'NONE', ( #4496, #1208, #775, #1478 ) ) ;
#2185 = ORIENTED_EDGE ( 'NONE', *, *, #4503, .F. ) ;
#2186 = CARTESIAN_POINT ( 'NONE',  ( 7.399999999999997691, 1500.000000000000000, -32.59999999999998721 ) ) ;
#2187 = CARTESIAN_POINT ( 'NONE',  ( 54.50000000000000000, 1500.000000000000000, -10.25735931288071434 ) ) ;
#2188 = ORIENTED_EDGE ( 'NONE', *, *, #5227, .T. ) ;
#2189 = ADVANCED_FACE ( 'NONE', ( #1415 ), #2984, .T. ) ;
#2190 = CIRCLE ( 'NONE', #160, 1.000000000000000888 ) ;
#2191 = DIRECTION ( 'NONE',  ( -0.000000000000000000, -1.000000000000000000, -0.000000000000000000 ) ) ;
#2192 = CARTESIAN_POINT ( 'NONE',  ( 35.89999999999999147, 0.000000000000000000, -58.99999999999999289 ) ) ;
#2193 = DIRECTION ( 'NONE',  ( 0.000000000000000000, 1.000000000000000000, -0.000000000000000000 ) ) ;
#2194 = DIRECTION ( 'NONE',  ( -0.000000000000000000, -1.000000000000000000, -0.000000000000000000 ) ) ;
#2195 = VERTEX_POINT ( 'NONE', #5079 ) ;
#2196 = LINE ( 'NONE', #2282, #1811 ) ;
#2197 = ORIENTED_EDGE ( 'NONE', *, *, #4548, .T. ) ;
#2198 = AXIS2_PLACEMENT_3D ( 'NONE', #1726, #487, #3802 ) ;
#2199 = ORIENTED_EDGE ( 'NONE', *, *, #5, .T. ) ;
#2200 = EDGE_LOOP ( 'NONE', ( #3171, #578, #3797, #2560 ) ) ;
#2201 = DIRECTION ( 'NONE',  ( 0.000000000000000000, 0.000000000000000000, -1.000000000000000000 ) ) ;
#2202 = VECTOR ( 'NONE', #786, 1000.000000000000000 ) ;
#2203 = DIRECTION ( 'NONE',  ( 0.000000000000000000, 0.000000000000000000, -1.000000000000000000 ) ) ;
#2204 = VECTOR ( 'NONE', #1470, 1000.000000000000000 ) ;
#2205 = ORIENTED_EDGE ( 'NONE', *, *, #166, .T. ) ;
#2206 = LOCAL_TIME ( 15, 25, 55.00000000000000000, #4660 ) ;
#2207 = CARTESIAN_POINT ( 'NONE',  ( 35.42842712474618594, 0.000000000000000000, 7.399999999999996803 ) ) ;
#2208 = DIRECTION ( 'NONE',  ( -1.000000000000000000, -0.000000000000000000, -0.000000000000000000 ) ) ;
#2209 = CARTESIAN_POINT ( 'NONE',  ( -19.00000000000000711, 0.000000000000000000, -34.89999999999999147 ) ) ;
#2210 = EDGE_CURVE ( 'NONE', #274, #3650, #2175, .T. ) ;
#2211 = ORIENTED_EDGE ( 'NONE', *, *, #739, .T. ) ;
#2212 = ORIENTED_EDGE ( 'NONE', *, *, #5165, .T. ) ;
#2213 = DIRECTION ( 'NONE',  ( 0.000000000000000000, 0.000000000000000000, -1.000000000000000000 ) ) ;
#2214 = CALENDAR_DATE ( 2026, 3, 9 ) ;
#2215 = DIRECTION ( 'NONE',  ( 0.000000000000000000, 0.000000000000000000, -1.000000000000000000 ) ) ;
#2216 = ORIENTED_EDGE ( 'NONE', *, *, #2603, .F. ) ;
#2217 = LINE ( 'NONE', #2595, #2013 ) ;
#2218 = CARTESIAN_POINT ( 'NONE',  ( -15.99999999999997868, 0.000000000000000000, 20.00000000000000355 ) ) ;
#2219 = DIRECTION ( 'NONE',  ( -0.7071067811865471286, -0.000000000000000000, 0.7071067811865479058 ) ) ;
#2220 = EDGE_CURVE ( 'NONE', #1423, #4846, #2259, .T. ) ;
#2221 = DIRECTION ( 'NONE',  ( 0.000000000000000000, 0.000000000000000000, -1.000000000000000000 ) ) ;
#2222 = ORIENTED_EDGE ( 'NONE', *, *, #1772, .T. ) ;
#2223 = AXIS2_PLACEMENT_3D ( 'NONE', #3395, #4603, #965 ) ;
#2224 = DIRECTION ( 'NONE',  ( 0.000000000000000000, 1.000000000000000000, -0.000000000000000000 ) ) ;
#2225 = VERTEX_POINT ( 'NONE', #4275 ) ;
#2226 = VERTEX_POINT ( 'NONE', #2580 ) ;
#2227 = ORIENTED_EDGE ( 'NONE', *, *, #4717, .F. ) ;
#2228 = DIRECTION ( 'NONE',  ( 0.000000000000000000, 0.000000000000000000, 1.000000000000000000 ) ) ;
#2229 = CARTESIAN_POINT ( 'NONE',  ( 55.99999999999997158, 1500.000000000000000, -60.00000000000000000 ) ) ;
#2230 = VERTEX_POINT ( 'NONE', #3841 ) ;
#2231 = EDGE_CURVE ( 'NONE', #381, #3063, #3039, .T. ) ;
#2232 = DIRECTION ( 'NONE',  ( 0.000000000000000000, 0.000000000000000000, -1.000000000000000000 ) ) ;
#2233 = CIRCLE ( 'NONE', #2319, 1.000000000000000888 ) ;
#2234 = CARTESIAN_POINT ( 'NONE',  ( 34.89999999999998437, 1500.000000000000000, 15.50000000000000355 ) ) ;
#2235 = CARTESIAN_POINT ( 'NONE',  ( -15.50000000000000711, 1500.000000000000000, -18.32842712474619162 ) ) ;
#2236 = CARTESIAN_POINT ( 'NONE',  ( 21.67157287525378706, 1500.000000000000000, -55.50000000000000711 ) ) ;
#2237 = ORIENTED_EDGE ( 'NONE', *, *, #3947, .T. ) ;
#2238 = EDGE_LOOP ( 'NONE', ( #2565, #4938, #4514, #2199 ) ) ;
#2239 = FACE_OUTER_BOUND ( 'NONE', #986, .T. ) ;
#2240 = PERSON_AND_ORGANIZATION ( #4996, #4064 ) ;
#2241 = EDGE_CURVE ( 'NONE', #3599, #112, #555, .T. ) ;
#2242 = CARTESIAN_POINT ( 'NONE',  ( -5.100000000000012079, 0.000000000000000000, 20.00000000000000355 ) ) ;
#2243 = EDGE_LOOP ( 'NONE', ( #599, #4146, #3124, #2763 ) ) ;
#2244 = CIRCLE ( 'NONE', #3872, 1.000000000000000888 ) ;
#2245 = DIRECTION ( 'NONE',  ( 1.000000000000000000, 0.000000000000000000, -0.000000000000000000 ) ) ;
#2246 = LINE ( 'NONE', #570, #917 ) ;
#2247 = EDGE_CURVE ( 'NONE', #2930, #1594, #581, .T. ) ;
#2248 = EDGE_CURVE ( 'NONE', #4181, #3111, #1440, .T. ) ;
#2249 = AXIS2_PLACEMENT_3D ( 'NONE', #902, #158, #641 ) ;
#2250 = LINE ( 'NONE', #257, #750 ) ;
#2251 = VECTOR ( 'NONE', #2581, 1000.000000000000000 ) ;
#2252 = AXIS2_PLACEMENT_3D ( 'NONE', #2577, #3384, #2096 ) ;
#2253 = VERTEX_POINT ( 'NONE', #2634 ) ;
#2254 = CIRCLE ( 'NONE', #5057, 1.000000000000000888 ) ;
#2255 = CARTESIAN_POINT ( 'NONE',  ( -5.100000000000006750, 0.000000000000000000, -56.50000000000000711 ) ) ;
#2256 = ORIENTED_EDGE ( 'NONE', *, *, #2555, .T. ) ;
#2257 = ORIENTED_EDGE ( 'NONE', *, *, #3416, .F. ) ;
#2258 = DIRECTION ( 'NONE',  ( 0.000000000000000000, 0.000000000000000000, -1.000000000000000000 ) ) ;
#2259 = LINE ( 'NONE', #5107, #4536 ) ;
#2260 = ORIENTED_EDGE ( 'NONE', *, *, #928, .F. ) ;
#2261 = ADVANCED_FACE ( 'NONE', ( #1843 ), #4648, .F. ) ;
#2262 = CARTESIAN_POINT ( 'NONE',  ( 7.399999999999997691, 0.000000000000000000, -32.59999999999998721 ) ) ;
#2263 = EDGE_CURVE ( 'NONE', #2769, #1475, #2690, .T. ) ;
#2265 = ADVANCED_FACE ( 'NONE', ( #2660 ), #3415, .F. ) ;
#2264 = VECTOR ( 'NONE', #4166, 1000.000000000000000 ) ;
#2266 = CARTESIAN_POINT ( 'NONE',  ( 34.89999999999998437, 0.000000000000000000, 15.50000000000000355 ) ) ;
#2267 = CARTESIAN_POINT ( 'NONE',  ( -4.100000000000006750, 0.000000000000000000, -56.49999999999999289 ) ) ;
#2268 = LINE ( 'NONE', #3475, #3270 ) ;
#2269 = VERTEX_POINT ( 'NONE', #4592 ) ;
#2270 = VECTOR ( 'NONE', #1574, 1000.000000000000000 ) ;
#2271 = ORIENTED_EDGE ( 'NONE', *, *, #1864, .F. ) ;
#2272 = CARTESIAN_POINT ( 'NONE',  ( 18.32842712474620228, 1500.000000000000000, -55.50000000000000711 ) ) ;
#2273 = ORIENTED_EDGE ( 'NONE', *, *, #3342, .F. ) ;
#2274 = PLANE ( 'NONE',  #3911 ) ;
#2275 = VERTEX_POINT ( 'NONE', #3867 ) ;
#2276 = VERTEX_POINT ( 'NONE', #3812 ) ;
#2277 = DIRECTION ( 'NONE',  ( 0.000000000000000000, 0.000000000000000000, 1.000000000000000000 ) ) ;
#2278 = LINE ( 'NONE', #3509, #4119 ) ;
#2279 = CARTESIAN_POINT ( 'NONE',  ( -13.79289321881344144, 0.000000000000000000, -10.96446609406724448 ) ) ;
#2280 = VECTOR ( 'NONE', #2596, 1000.000000000000000 ) ;
#2281 = EDGE_CURVE ( 'NONE', #1565, #2397, #5029, .T. ) ;
#2282 = CARTESIAN_POINT ( 'NONE',  ( 58.99999999999998579, 0.000000000000000000, -4.099999999999996092 ) ) ;
#2283 = ORIENTED_EDGE ( 'NONE', *, *, #4053, .T. ) ;
#2284 = ORIENTED_EDGE ( 'NONE', *, *, #3625, .F. ) ;
#2285 = ORIENTED_EDGE ( 'NONE', *, *, #4762, .T. ) ;
#2286 = CIRCLE ( 'NONE', #2875, 3.399999999999999023 ) ;
#2287 = CARTESIAN_POINT ( 'NONE',  ( -7.400000000000003908, 1500.000000000000000, -4.571572875253809620 ) ) ;
#2288 = DIRECTION ( 'NONE',  ( -0.000000000000000000, -1.000000000000000000, -0.000000000000000000 ) ) ;
#2289 = VERTEX_POINT ( 'NONE', #4222 ) ;
#2290 = PLANE ( 'NONE',  #2925 ) ;
#2291 = AXIS2_PLACEMENT_3D ( 'NONE', #3094, #1018, #2639 ) ;
#2292 = DIRECTION ( 'NONE',  ( -0.000000000000000000, -1.000000000000000000, -0.000000000000000000 ) ) ;
#2293 = ADVANCED_FACE ( 'NONE', ( #1873 ), #3066, .F. ) ;
#2294 = AXIS2_PLACEMENT_3D ( 'NONE', #777, #2748, #4365 ) ;
#2295 = CARTESIAN_POINT ( 'NONE',  ( 55.49999999999999289, 1500.000000000000000, 10.25735931288069303 ) ) ;
#2296 = ORIENTED_EDGE ( 'NONE', *, *, #3528, .F. ) ;
#2297 = ORIENTED_EDGE ( 'NONE', *, *, #2652, .F. ) ;
#2298 = VERTEX_POINT ( 'NONE', #3010 ) ;
#2299 = VECTOR ( 'NONE', #1688, 1000.000000000000000 ) ;
#2300 = DIRECTION ( 'NONE',  ( -0.7071067811865477948, 0.000000000000000000, -0.7071067811865473507 ) ) ;
#2301 = ORIENTED_EDGE ( 'NONE', *, *, #2999, .F. ) ;
#2302 = DIRECTION ( 'NONE',  ( 0.7071067811865476838, 0.000000000000000000, 0.7071067811865474617 ) ) ;
#2303 = DIRECTION ( 'NONE',  ( -0.000000000000000000, -1.000000000000000000, -0.000000000000000000 ) ) ;
#2304 = CARTESIAN_POINT ( 'NONE',  ( -6.938893903907228378E-15, 0.000000000000000000, -43.39999999999999147 ) ) ;
#2305 = CARTESIAN_POINT ( 'NONE',  ( 59.00000000000000000, 1500.000000000000000, -5.099999999999996092 ) ) ;
#2306 = ORIENTED_EDGE ( 'NONE', *, *, #115, .T. ) ;
#2307 = ORIENTED_EDGE ( 'NONE', *, *, #4698, .T. ) ;
#2308 = EDGE_CURVE ( 'NONE', #2492, #2770, #2336, .T. ) ;
#2309 = CARTESIAN_POINT ( 'NONE',  ( 44.09999999999998721, 1500.000000000000000, 18.99999999999999645 ) ) ;
#2310 = CARTESIAN_POINT ( 'NONE',  ( 60.00000000000000000, 1500.000000000000000, -5.100000000000003197 ) ) ;
#2311 = AXIS2_PLACEMENT_3D ( 'NONE', #4577, #4632, #194 ) ;
#2312 = ORIENTED_EDGE ( 'NONE', *, *, #1016, .F. ) ;
#2313 = CARTESIAN_POINT ( 'NONE',  ( 56.49999999999999289, 0.000000000000000000, -5.099999999999996092 ) ) ;
#2314 = ADVANCED_FACE ( 'NONE', ( #4705 ), #265, .T. ) ;
#2315 = ADVANCED_FACE ( 'NONE', ( #741 ), #338, .T. ) ;
#2316 = DIRECTION ( 'NONE',  ( 0.000000000000000000, 0.000000000000000000, -1.000000000000000000 ) ) ;
#2317 = DIRECTION ( 'NONE',  ( 0.000000000000000000, 0.000000000000000000, -1.000000000000000000 ) ) ;
#2318 = EDGE_LOOP ( 'NONE', ( #4440, #4550, #1577, #3627 ) ) ;
#2319 = AXIS2_PLACEMENT_3D ( 'NONE', #1414, #4306, #2201 ) ;
#2320 = ORIENTED_EDGE ( 'NONE', *, *, #234, .T. ) ;
#2321 = VECTOR ( 'NONE', #3793, 1000.000000000000000 ) ;
#2322 = DIRECTION ( 'NONE',  ( -1.000000000000000000, -0.000000000000000000, -0.000000000000000000 ) ) ;
#2323 = DIRECTION ( 'NONE',  ( -0.000000000000000000, -1.000000000000000000, -0.000000000000000000 ) ) ;
#2324 = ORIENTED_EDGE ( 'NONE', *, *, #2116, .F. ) ;
#2325 = LINE ( 'NONE', #1532, #563 ) ;
#2326 = EDGE_CURVE ( 'NONE', #274, #3168, #1492, .T. ) ;
#2327 = CARTESIAN_POINT ( 'NONE',  ( 54.49999999999999289, 0.000000000000000000, -51.25735931288070901 ) ) ;
#2328 = EDGE_CURVE ( 'NONE', #1550, #4151, #4431, .T. ) ;
#2329 = LINE ( 'NONE', #2408, #4152 ) ;
#2330 = ORIENTED_EDGE ( 'NONE', *, *, #1122, .T. ) ;
#2331 = ORIENTED_EDGE ( 'NONE', *, *, #2411, .T. ) ;
#2332 = ORIENTED_EDGE ( 'NONE', *, *, #4312, .F. ) ;
#2333 = VECTOR ( 'NONE', #4123, 1000.000000000000000 ) ;
#2334 = DIRECTION ( 'NONE',  ( -0.000000000000000000, -1.000000000000000000, -0.000000000000000000 ) ) ;
#2335 = DIRECTION ( 'NONE',  ( -0.000000000000000000, -1.000000000000000000, -0.000000000000000000 ) ) ;
#2336 = CIRCLE ( 'NONE', #5139, 1.000000000000000000 ) ;
#2337 = ORIENTED_EDGE ( 'NONE', *, *, #3293, .F. ) ;
#2338 = VECTOR ( 'NONE', #1109, 1000.000000000000000 ) ;
#2339 = EDGE_CURVE ( 'NONE', #3111, #2074, #5207, .T. ) ;
#2340 = CARTESIAN_POINT ( 'NONE',  ( 35.89999999999999147, 1500.000000000000000, -56.49999999999999289 ) ) ;
#2341 = CYLINDRICAL_SURFACE ( 'NONE', #3639, 3.400000000000000355 ) ;
#2342 = AXIS2_PLACEMENT_3D ( 'NONE', #267, #4279, #1142 ) ;
#2343 = DIRECTION ( 'NONE',  ( -0.000000000000000000, -1.000000000000000000, -0.000000000000000000 ) ) ;
#2344 = ORIENTED_EDGE ( 'NONE', *, *, #839, .F. ) ;
#2345 = EDGE_LOOP ( 'NONE', ( #2908, #1166, #4864, #2108 ) ) ;
#2346 = EDGE_CURVE ( 'NONE', #3709, #1034, #4383, .T. ) ;
#2347 = ADVANCED_FACE ( 'NONE', ( #2019 ), #2363, .T. ) ;
#2348 = DIRECTION ( 'NONE',  ( 0.000000000000000000, 0.000000000000000000, 1.000000000000000000 ) ) ;
#2349 = CARTESIAN_POINT ( 'NONE',  ( 58.99999999999998579, 0.000000000000000000, -35.89999999999999858 ) ) ;
#2350 = DIRECTION ( 'NONE',  ( -0.000000000000000000, -1.000000000000000000, -0.000000000000000000 ) ) ;
#2351 = CIRCLE ( 'NONE', #1425, 1.000000000000000888 ) ;
#2352 = ORIENTED_EDGE ( 'NONE', *, *, #3719, .T. ) ;
#2353 = LINE ( 'NONE', #3177, #1762 ) ;
#2354 = DIRECTION ( 'NONE',  ( -1.000000000000000000, -0.000000000000000000, -0.000000000000000000 ) ) ;
#2355 = EDGE_CURVE ( 'NONE', #4738, #112, #364, .T. ) ;
#2356 = VECTOR ( 'NONE', #3269, 1000.000000000000000 ) ;
#2357 = DIRECTION ( 'NONE',  ( 0.000000000000000000, 0.000000000000000000, 1.000000000000000000 ) ) ;
#2358 = ORIENTED_EDGE ( 'NONE', *, *, #3238, .F. ) ;
#2359 = DIRECTION ( 'NONE',  ( -0.000000000000000000, -1.000000000000000000, -0.000000000000000000 ) ) ;
#2360 = ORIENTED_EDGE ( 'NONE', *, *, #4607, .T. ) ;
#2361 = VECTOR ( 'NONE', #177, 1000.000000000000000 ) ;
#2362 = PLANE ( 'NONE',  #3600 ) ;
#2363 = PLANE ( 'NONE',  #1315 ) ;
#2364 = ORIENTED_EDGE ( 'NONE', *, *, #4779, .T. ) ;
#2365 = CARTESIAN_POINT ( 'NONE',  ( 56.49999999999999289, 1500.000000000000000, -44.10000000000000142 ) ) ;
#2366 = AXIS2_PLACEMENT_3D ( 'NONE', #883, #2087, #2914 ) ;
#2367 = PLANE ( 'NONE',  #2950 ) ;
#2368 = AXIS2_PLACEMENT_3D ( 'NONE', #2889, #1673, #4500 ) ;
#2369 = DIRECTION ( 'NONE',  ( 0.000000000000000000, 0.000000000000000000, -1.000000000000000000 ) ) ;
#2370 = ORIENTED_EDGE ( 'NONE', *, *, #3919, .F. ) ;
#2371 = ORIENTED_EDGE ( 'NONE', *, *, #3212, .F. ) ;
#2372 = EDGE_LOOP ( 'NONE', ( #4706, #1246, #2301, #4051 ) ) ;
#2373 = ADVANCED_FACE ( 'NONE', ( #5156 ), #3964, .T. ) ;
#2374 = DIRECTION ( 'NONE',  ( 0.000000000000000000, 0.000000000000000000, -1.000000000000000000 ) ) ;
#2375 = DIRECTION ( 'NONE',  ( 0.000000000000000000, 0.000000000000000000, -1.000000000000000000 ) ) ;
#2376 = CARTESIAN_POINT ( 'NONE',  ( -10.96446609406725337, 1500.000000000000000, 13.79289321881343788 ) ) ;
#2377 = ORIENTED_EDGE ( 'NONE', *, *, #4109, .F. ) ;
#2378 = AXIS2_PLACEMENT_3D ( 'NONE', #1663, #2398, #3689 ) ;
#2379 = CARTESIAN_POINT ( 'NONE',  ( -15.50000000000000711, 0.000000000000000000, -18.32842712474619162 ) ) ;
#2380 = DIRECTION ( 'NONE',  ( 1.000000000000000000, 0.000000000000000000, -0.000000000000000000 ) ) ;
#2381 = LINE ( 'NONE', #1915, #2202 ) ;
#2382 = ORIENTED_EDGE ( 'NONE', *, *, #1963, .F. ) ;
#2383 = ORIENTED_EDGE ( 'NONE', *, *, #4696, .F. ) ;
#2384 = ADVANCED_FACE ( 'NONE', ( #314 ), #1515, .F. ) ;
#2385 = DIRECTION ( 'NONE',  ( 0.000000000000000000, 1.000000000000000000, 0.000000000000000000 ) ) ;
#2386 = CARTESIAN_POINT ( 'NONE',  ( 53.79289321881343255, 1500.000000000000000, -10.96446609406724448 ) ) ;
#2387 = VERTEX_POINT ( 'NONE', #3988 ) ;
#2388 = DIRECTION ( 'NONE',  ( 0.000000000000000000, 0.000000000000000000, -1.000000000000000000 ) ) ;
#2389 = VERTEX_POINT ( 'NONE', #3595 ) ;
#2390 = EDGE_CURVE ( 'NONE', #4489, #3200, #1568, .T. ) ;
#2391 = CARTESIAN_POINT ( 'NONE',  ( 45.09999999999998721, 1500.000000000000000, -60.00000000000000000 ) ) ;
#2392 = EDGE_CURVE ( 'NONE', #4673, #1454, #1944, .T. ) ;
#2393 = CARTESIAN_POINT ( 'NONE',  ( 44.57157287525379985, 1500.000000000000000, -32.59999999999998721 ) ) ;
#2394 = EDGE_CURVE ( 'NONE', #1805, #3552, #1195, .T. ) ;
#2395 = ORIENTED_EDGE ( 'NONE', *, *, #4728, .F. ) ;
#2396 = ORIENTED_EDGE ( 'NONE', *, *, #300, .F. ) ;
#2397 = VERTEX_POINT ( 'NONE', #1596 ) ;
#2398 = DIRECTION ( 'NONE',  ( -0.000000000000000000, -1.000000000000000000, -0.000000000000000000 ) ) ;
#2399 = CARTESIAN_POINT ( 'NONE',  ( 60.00000000000000000, 0.000000000000000000, -45.10000000000000853 ) ) ;
#2400 = VECTOR ( 'NONE', #4591, 999.9999999999998863 ) ;
#2401 = CARTESIAN_POINT ( 'NONE',  ( -20.00000000000000711, 1500.000000000000000, 5.100000000000010303 ) ) ;
#2402 = ORIENTED_EDGE ( 'NONE', *, *, #4186, .T. ) ;
#2403 = CARTESIAN_POINT ( 'NONE',  ( 10.25735931288069480, 1500.000000000000000, 15.50000000000000178 ) ) ;
#2404 = ADVANCED_FACE ( 'NONE', ( #4836 ), #790, .F. ) ;
#2405 = VECTOR ( 'NONE', #8, 1000.000000000000000 ) ;
#2406 = DIRECTION ( 'NONE',  ( 0.000000000000000000, 0.000000000000000000, 1.000000000000000000 ) ) ;
#2407 = CARTESIAN_POINT ( 'NONE',  ( 7.399999999999997691, 1500.000000000000000, -32.59999999999998721 ) ) ;
#2408 = CARTESIAN_POINT ( 'NONE',  ( 10.25735931288069480, 1500.000000000000000, 15.50000000000000178 ) ) ;
#2409 = ORIENTED_EDGE ( 'NONE', *, *, #3700, .T. ) ;
#2410 = EDGE_CURVE ( 'NONE', #4302, #4662, #4755, .T. ) ;
#2411 = EDGE_CURVE ( 'NONE', #1783, #4378, #3114, .T. ) ;
#2412 = CARTESIAN_POINT ( 'NONE',  ( 5.099999999999993427, 0.000000000000000000, 19.00000000000000355 ) ) ;
#2413 = DIRECTION ( 'NONE',  ( -0.000000000000000000, -1.000000000000000000, -0.000000000000000000 ) ) ;
#2414 = DIRECTION ( 'NONE',  ( -0.7071067811865480168, 0.000000000000000000, 0.7071067811865470176 ) ) ;
#2415 = VECTOR ( 'NONE', #293, 1000.000000000000000 ) ;
#2416 = ORIENTED_EDGE ( 'NONE', *, *, #565, .F. ) ;
#2417 = CARTESIAN_POINT ( 'NONE',  ( 59.00000000000000000, 1500.000000000000000, -45.10000000000000142 ) ) ;
#2418 = VECTOR ( 'NONE', #2343, 1000.000000000000000 ) ;
#2419 = ORIENTED_EDGE ( 'NONE', *, *, #1621, .F. ) ;
#2420 = VECTOR ( 'NONE', #3441, 1000.000000000000000 ) ;
#2421 = DIRECTION ( 'NONE',  ( -0.7071067811865477948, 0.000000000000000000, 0.7071067811865473507 ) ) ;
#2422 = CIRCLE ( 'NONE', #4289, 3.400000000000000355 ) ;
#2423 = DIRECTION ( 'NONE',  ( 0.000000000000000000, 1.000000000000000000, -0.000000000000000000 ) ) ;
#2424 = ADVANCED_FACE ( 'NONE', ( #4333 ), #4732, .F. ) ;
#2425 = ORIENTED_EDGE ( 'NONE', *, *, #1634, .F. ) ;
#2426 = EDGE_LOOP ( 'NONE', ( #3593, #1593, #2734, #2188 ) ) ;
#2427 = VERTEX_POINT ( 'NONE', #3139 ) ;
#2428 = VECTOR ( 'NONE', #4214, 1000.000000000000114 ) ;
#2429 = EDGE_CURVE ( 'NONE', #2770, #3091, #2518, .T. ) ;
#2430 = PLANE ( 'NONE',  #844 ) ;
#2431 = LINE ( 'NONE', #4470, #1986 ) ;
#2432 = CARTESIAN_POINT ( 'NONE',  ( 4.099999999999992539, 1500.000000000000000, -56.49999999999999289 ) ) ;
#2433 = ORIENTED_EDGE ( 'NONE', *, *, #3769, .T. ) ;
#2434 = CARTESIAN_POINT ( 'NONE',  ( 7.399999999999997691, 1500.000000000000000, -32.59999999999998721 ) ) ;
#2435 = DIRECTION ( 'NONE',  ( 0.000000000000000000, 0.000000000000000000, 1.000000000000000000 ) ) ;
#2436 = DIRECTION ( 'NONE',  ( -0.000000000000000000, -1.000000000000000000, -0.000000000000000000 ) ) ;
#2437 = AXIS2_PLACEMENT_3D ( 'NONE', #880, #4077, #432 ) ;
#2438 = VECTOR ( 'NONE', #1761, 1000.000000000000000 ) ;
#2439 = DIRECTION ( 'NONE',  ( -0.000000000000000000, -1.000000000000000000, -0.000000000000000000 ) ) ;
#2440 = ORIENTED_EDGE ( 'NONE', *, *, #2798, .T. ) ;
#2441 = FACE_OUTER_BOUND ( 'NONE', #1655, .T. ) ;
#2442 = EDGE_CURVE ( 'NONE', #175, #4380, #2161, .T. ) ;
#2443 = CARTESIAN_POINT ( 'NONE',  ( -14.50000000000000533, 0.000000000000000000, -10.25735931288071434 ) ) ;
#2444 = ORIENTED_EDGE ( 'NONE', *, *, #2589, .F. ) ;
#2445 = CARTESIAN_POINT ( 'NONE',  ( -14.50000000000000000, 0.000000000000000000, -50.25735931288070901 ) ) ;
#2446 = ORIENTED_EDGE ( 'NONE', *, *, #3187, .T. ) ;
#2447 = DIRECTION ( 'NONE',  ( -0.000000000000000000, -1.000000000000000000, -0.000000000000000000 ) ) ;
#2448 = DIRECTION ( 'NONE',  ( 0.000000000000000000, 1.000000000000000000, 0.000000000000000000 ) ) ;
#2449 = ORIENTED_EDGE ( 'NONE', *, *, #982, .T. ) ;
#2450 = VERTEX_POINT ( 'NONE', #45 ) ;
#2451 = CC_DESIGN_PERSON_AND_ORGANIZATION_ASSIGNMENT ( #4178, #1396, ( #1535 ) ) ;
#2452 = AXIS2_PLACEMENT_3D ( 'NONE', #1534, #1914, #3179 ) ;
#2453 = DIRECTION ( 'NONE',  ( 1.000000000000000000, 0.000000000000000000, 2.690870844145795898E-15 ) ) ;
#2454 = CARTESIAN_POINT ( 'NONE',  ( -16.00000000000000711, 1500.000000000000000, -60.00000000000000711 ) ) ;
#2455 = CARTESIAN_POINT ( 'NONE',  ( -16.50000000000000355, 0.000000000000000000, -45.10000000000000142 ) ) ;
#2456 = ORIENTED_EDGE ( 'NONE', *, *, #3719, .F. ) ;
#2457 = VECTOR ( 'NONE', #149, 1000.000000000000000 ) ;
#2458 = CYLINDRICAL_SURFACE ( 'NONE', #2437, 1.000000000000000888 ) ;
#2459 = LINE ( 'NONE', #808, #336 ) ;
#2460 = CIRCLE ( 'NONE', #1353, 3.399999999999999023 ) ;
#2461 = DIRECTION ( 'NONE',  ( -1.000000000000000000, 0.000000000000000000, 0.000000000000000000 ) ) ;
#2462 = VECTOR ( 'NONE', #3844, 1000.000000000000000 ) ;
#2463 = FACE_OUTER_BOUND ( 'NONE', #2473, .T. ) ;
#2464 = CARTESIAN_POINT ( 'NONE',  ( 39.99999999999999289, 0.000000000000000000, 0.000000000000000000 ) ) ;
#2465 = DIRECTION ( 'NONE',  ( 0.000000000000000000, 0.000000000000000000, 1.000000000000000000 ) ) ;
#2466 = LINE ( 'NONE', #1625, #5055 ) ;
#2467 = ORIENTED_EDGE ( 'NONE', *, *, #1304, .F. ) ;
#2468 = DIRECTION ( 'NONE',  ( -0.000000000000000000, -1.000000000000000000, -0.000000000000000000 ) ) ;
#2469 = ADVANCED_FACE ( 'NONE', ( #4136 ), #894, .T. ) ;
#2470 = DIRECTION ( 'NONE',  ( -0.000000000000000000, -1.000000000000000000, -0.000000000000000000 ) ) ;
#2471 = DIRECTION ( 'NONE',  ( -0.000000000000000000, -1.000000000000000000, -0.000000000000000000 ) ) ;
#2472 = DIRECTION ( 'NONE',  ( 0.000000000000000000, 0.000000000000000000, 1.000000000000000000 ) ) ;
#2473 = EDGE_LOOP ( 'NONE', ( #3951, #4729, #460, #1888 ) ) ;
#2474 = ORIENTED_EDGE ( 'NONE', *, *, #1884, .T. ) ;
#2475 = ADVANCED_FACE ( 'NONE', ( #840 ), #1728, .F. ) ;
#2476 = EDGE_CURVE ( 'NONE', #4203, #2427, #4458, .T. ) ;
#2477 = DIRECTION ( 'NONE',  ( 0.000000000000000000, 0.000000000000000000, -1.000000000000000000 ) ) ;
#2478 = CARTESIAN_POINT ( 'NONE',  ( 50.96446609406724093, 0.000000000000000000, -53.79289321881343255 ) ) ;
#2479 = DIRECTION ( 'NONE',  ( 0.7071067811865474617, -0.000000000000000000, 0.7071067811865475727 ) ) ;
#2480 = ORIENTED_EDGE ( 'NONE', *, *, #3608, .T. ) ;
#2481 = AXIS2_PLACEMENT_3D ( 'NONE', #3110, #4615, #2600 ) ;
#2482 = ORIENTED_EDGE ( 'NONE', *, *, #3976, .F. ) ;
#2483 = DIRECTION ( 'NONE',  ( -0.000000000000000000, -1.000000000000000000, -0.000000000000000000 ) ) ;
#2484 = CARTESIAN_POINT ( 'NONE',  ( 34.89999999999999147, 1500.000000000000000, -56.50000000000000711 ) ) ;
#2485 = ORIENTED_EDGE ( 'NONE', *, *, #1064, .T. ) ;
#2486 = CIRCLE ( 'NONE', #3691, 1.000000000000007772 ) ;
#2487 = DIRECTION ( 'NONE',  ( -1.000000000000000000, 0.000000000000000000, 0.000000000000000000 ) ) ;
#2488 = CYLINDRICAL_SURFACE ( 'NONE', #4236, 1.000000000000000000 ) ;
#2489 = EDGE_CURVE ( 'NONE', #1203, #1487, #4287, .T. ) ;
#2490 = DIRECTION ( 'NONE',  ( -3.363588555182252761E-16, -0.000000000000000000, -1.000000000000000000 ) ) ;
#2491 = DIRECTION ( 'NONE',  ( -9.486469554969615873E-17, -0.000000000000000000, 1.000000000000000000 ) ) ;
#2492 = VERTEX_POINT ( 'NONE', #1702 ) ;
#2493 = DIRECTION ( 'NONE',  ( -0.000000000000000000, -1.000000000000000000, -0.000000000000000000 ) ) ;
#2494 = FACE_OUTER_BOUND ( 'NONE', #4404, .T. ) ;
#2495 = LINE ( 'NONE', #78, #4731 ) ;
#2496 = DIRECTION ( 'NONE',  ( 0.7071067811865477948, -0.000000000000000000, 0.7071067811865473507 ) ) ;
#2497 = ORIENTED_EDGE ( 'NONE', *, *, #2069, .T. ) ;
#2498 = AXIS2_PLACEMENT_3D ( 'NONE', #824, #772, #3685 ) ;
#2499 = ORIENTED_EDGE ( 'NONE', *, *, #3755, .F. ) ;
#2500 = AXIS2_PLACEMENT_3D ( 'NONE', #1921, #3218, #1993 ) ;
#2501 = AXIS2_PLACEMENT_3D ( 'NONE', #3762, #1763, #3708 ) ;
#2502 = CARTESIAN_POINT ( 'NONE',  ( 55.49999999999999289, 1500.000000000000000, -5.100000000000004086 ) ) ;
#2503 = LINE ( 'NONE', #1689, #4019 ) ;
#2504 = DIRECTION ( 'NONE',  ( 0.7071067811865475727, 0.000000000000000000, -0.7071067811865474617 ) ) ;
#2505 = EDGE_CURVE ( 'NONE', #2128, #2799, #3790, .T. ) ;
#2506 = ORIENTED_EDGE ( 'NONE', *, *, #281, .T. ) ;
#2507 = AXIS2_PLACEMENT_3D ( 'NONE', #4563, #898, #2523 ) ;
#2508 = CIRCLE ( 'NONE', #4969, 3.400000000000000355 ) ;
#2509 = EDGE_LOOP ( 'NONE', ( #1106, #4335, #1845, #299 ) ) ;
#2510 = CARTESIAN_POINT ( 'NONE',  ( 55.50000000000000000, 0.000000000000000000, -18.32842712474619162 ) ) ;
#2511 = CARTESIAN_POINT ( 'NONE',  ( 0.000000000000000000, 0.000000000000000000, 0.000000000000000000 ) ) ;
#2512 = CARTESIAN_POINT ( 'NONE',  ( 54.49999999999999289, 1500.000000000000000, -51.25735931288070901 ) ) ;
#2513 = ORIENTED_EDGE ( 'NONE', *, *, #1399, .T. ) ;
#2514 = DIRECTION ( 'NONE',  ( 0.000000000000000000, 0.000000000000000000, 1.000000000000000000 ) ) ;
#2515 = DIRECTION ( 'NONE',  ( -0.000000000000000000, -1.000000000000000000, -0.000000000000000000 ) ) ;
#2516 = DIRECTION ( 'NONE',  ( 0.000000000000000000, 0.000000000000000000, -1.000000000000000000 ) ) ;
#2517 = EDGE_CURVE ( 'NONE', #5074, #1564, #4059, .T. ) ;
#2518 = LINE ( 'NONE', #4481, #4714 ) ;
#2519 = CIRCLE ( 'NONE', #2014, 1.000000000000000888 ) ;
#2520 = VECTOR ( 'NONE', #2302, 1000.000000000000000 ) ;
#2521 = ORIENTED_EDGE ( 'NONE', *, *, #3675, .F. ) ;
#2522 = ORIENTED_EDGE ( 'NONE', *, *, #4975, .F. ) ;
#2523 = DIRECTION ( 'NONE',  ( 0.000000000000000000, 0.000000000000000000, -1.000000000000000000 ) ) ;
#2524 = DIRECTION ( 'NONE',  ( 0.000000000000000000, 1.000000000000000000, -0.000000000000000000 ) ) ;
#2525 = DIRECTION ( 'NONE',  ( 2.690870844145801815E-15, -0.000000000000000000, 1.000000000000000000 ) ) ;
#2526 = CARTESIAN_POINT ( 'NONE',  ( -15.50000000000000533, 1500.000000000000000, -5.100000000000004086 ) ) ;
#2527 = ORIENTED_EDGE ( 'NONE', *, *, #5212, .T. ) ;
#2528 = VECTOR ( 'NONE', #5019, 999.9999999999998863 ) ;
#2529 = CARTESIAN_POINT ( 'NONE',  ( -4.100000000000005862, 0.000000000000000000, 18.99999999999999645 ) ) ;
#2530 = CARTESIAN_POINT ( 'NONE',  ( 4.571572875253802515, 1500.000000000000000, -47.39999999999999147 ) ) ;
#2531 = DIRECTION ( 'NONE',  ( -1.000000000000000000, -0.000000000000000000, -0.000000000000000000 ) ) ;
#2532 = ORIENTED_EDGE ( 'NONE', *, *, #2673, .T. ) ;
#2533 = ORIENTED_EDGE ( 'NONE', *, *, #4034, .T. ) ;
#2534 = PLANE ( 'NONE',  #1853 ) ;
#2535 = AXIS2_PLACEMENT_3D ( 'NONE', #3348, #4106, #2865 ) ;
#2536 = EDGE_CURVE ( 'NONE', #1172, #4602, #2466, .T. ) ;
#2537 = PERSON_AND_ORGANIZATION ( #4996, #4064 ) ;
#2538 = CARTESIAN_POINT ( 'NONE',  ( 34.89999999999998437, 1500.000000000000000, 15.50000000000000355 ) ) ;
#2539 = AXIS2_PLACEMENT_3D ( 'NONE', #4291, #172, #4579 ) ;
#2540 = EDGE_LOOP ( 'NONE', ( #410, #4725, #2499, #4549 ) ) ;
#2541 = FACE_OUTER_BOUND ( 'NONE', #3864, .T. ) ;
#2542 = CARTESIAN_POINT ( 'NONE',  ( -4.571572875253815837, 1500.000000000000000, -47.39999999999999147 ) ) ;
#2543 = AXIS2_PLACEMENT_3D ( 'NONE', #4254, #4313, #646 ) ;
#2544 = CARTESIAN_POINT ( 'NONE',  ( 55.49999999999999289, 0.000000000000000000, -5.100000000000004086 ) ) ;
#2545 = FACE_OUTER_BOUND ( 'NONE', #4810, .T. ) ;
#2546 = ORIENTED_EDGE ( 'NONE', *, *, #4596, .F. ) ;
#2547 = EDGE_LOOP ( 'NONE', ( #2755, #2614, #585, #4038 ) ) ;
#2548 = EDGE_CURVE ( 'NONE', #2771, #3737, #440, .T. ) ;
#2549 = LINE ( 'NONE', #2954, #214 ) ;
#2550 = CIRCLE ( 'NONE', #3317, 1.000000000000000888 ) ;
#2551 = DIRECTION ( 'NONE',  ( -1.000000000000000000, 0.000000000000000000, 1.449035556190463174E-16 ) ) ;
#2552 = CARTESIAN_POINT ( 'NONE',  ( 10.96446609406724804, 1500.000000000000000, 13.79289321881343788 ) ) ;
#2553 = CARTESIAN_POINT ( 'NONE',  ( 44.57157287525380696, 1500.000000000000000, 7.399999999999998579 ) ) ;
#2554 = ORIENTED_EDGE ( 'NONE', *, *, #389, .F. ) ;
#2555 = EDGE_CURVE ( 'NONE', #2017, #2152, #2045, .T. ) ;
#2556 = ADVANCED_FACE ( 'NONE', ( #923 ), #1293, .T. ) ;
#2557 = LINE ( 'NONE', #587, #1793 ) ;
#2558 = LINE ( 'NONE', #4173, #2321 ) ;
#2559 = DIRECTION ( 'NONE',  ( -0.000000000000000000, -1.000000000000000000, -0.000000000000000000 ) ) ;
#2560 = ORIENTED_EDGE ( 'NONE', *, *, #817, .T. ) ;
#2561 = ORIENTED_EDGE ( 'NONE', *, *, #1886, .F. ) ;
#2562 = DIRECTION ( 'NONE',  ( 0.000000000000000000, 0.000000000000000000, 1.000000000000000000 ) ) ;
#2563 = CARTESIAN_POINT ( 'NONE',  ( -6.522513992197128716E-15, 1500.000000000000000, -36.59999999999999432 ) ) ;
#2564 = AXIS2_PLACEMENT_3D ( 'NONE', #154, #1433, #4301 ) ;
#2565 = ORIENTED_EDGE ( 'NONE', *, *, #2867, .T. ) ;
#2566 = EDGE_CURVE ( 'NONE', #1942, #607, #3620, .T. ) ;
#2567 = DIRECTION ( 'NONE',  ( 0.000000000000000000, 1.000000000000000000, -0.000000000000000000 ) ) ;
#2568 = CARTESIAN_POINT ( 'NONE',  ( 29.74264068711927322, 1500.000000000000000, 14.50000000000000178 ) ) ;
#2569 = CARTESIAN_POINT ( 'NONE',  ( 55.49999999999999289, 1500.000000000000000, -45.10000000000000853 ) ) ;
#2570 = CARTESIAN_POINT ( 'NONE',  ( 50.96446609406724093, 1500.000000000000000, -53.79289321881343255 ) ) ;
#2571 = AXIS2_PLACEMENT_3D ( 'NONE', #3300, #3385, #869 ) ;
#2572 = EDGE_CURVE ( 'NONE', #2397, #2058, #2920, .T. ) ;
#2573 = ADVANCED_FACE ( 'NONE', ( #2545 ), #4108, .F. ) ;
#2574 = ORIENTED_EDGE ( 'NONE', *, *, #4360, .T. ) ;
#2575 = DIRECTION ( 'NONE',  ( -0.000000000000000000, -1.000000000000000000, -0.000000000000000000 ) ) ;
#2576 = ORIENTED_EDGE ( 'NONE', *, *, #4256, .F. ) ;
#2577 = CARTESIAN_POINT ( 'NONE',  ( 55.50000000000000000, 1500.000000000000000, -29.74264068711930165 ) ) ;
#2578 = VECTOR ( 'NONE', #24, 1000.000000000000114 ) ;
#2579 = CARTESIAN_POINT ( 'NONE',  ( 56.49999999999999289, 1500.000000000000000, -34.89999999999999147 ) ) ;
#2580 = CARTESIAN_POINT ( 'NONE',  ( -19.00000000000000000, 0.000000000000000000, 4.100000000000003197 ) ) ;
#2581 = DIRECTION ( 'NONE',  ( -0.000000000000000000, -1.000000000000000000, -0.000000000000000000 ) ) ;
#2582 = ORIENTED_EDGE ( 'NONE', *, *, #896, .F. ) ;
#2583 = CARTESIAN_POINT ( 'NONE',  ( 10.96446609406724804, 1500.000000000000000, -53.79289321881343255 ) ) ;
#2584 = DIRECTION ( 'NONE',  ( 0.000000000000000000, 0.000000000000000000, -1.000000000000000000 ) ) ;
#2585 = EDGE_CURVE ( 'NONE', #2298, #2017, #4964, .T. ) ;
#2586 = LINE ( 'NONE', #508, #2076 ) ;
#2587 = VERTEX_POINT ( 'NONE', #4936 ) ;
#2588 = ORIENTED_EDGE ( 'NONE', *, *, #2024, .T. ) ;
#2589 = EDGE_CURVE ( 'NONE', #3240, #291, #2949, .T. ) ;
#2590 = CARTESIAN_POINT ( 'NONE',  ( -7.400000000000003020, 1500.000000000000000, 4.571572875253811397 ) ) ;
#2591 = AXIS2_PLACEMENT_3D ( 'NONE', #1903, #2640, #4629 ) ;
#2592 = DIRECTION ( 'NONE',  ( -0.000000000000000000, -1.000000000000000000, 0.000000000000000000 ) ) ;
#2593 = VECTOR ( 'NONE', #4084, 1000.000000000000000 ) ;
#2594 = EDGE_LOOP ( 'NONE', ( #1666, #1079, #2783, #1883 ) ) ;
#2595 = CARTESIAN_POINT ( 'NONE',  ( 32.59999999999998721, 1500.000000000000000, 4.571572875253806956 ) ) ;
#2596 = DIRECTION ( 'NONE',  ( -1.000000000000000000, -0.000000000000000000, -0.000000000000000000 ) ) ;
#2597 = CARTESIAN_POINT ( 'NONE',  ( 58.99999999999998579, 1500.000000000000000, -4.099999999999996092 ) ) ;
#2598 = CARTESIAN_POINT ( 'NONE',  ( -20.00000000000000711, 0.000000000000000000, -5.100000000000003197 ) ) ;
#2599 = ORIENTED_EDGE ( 'NONE', *, *, #80, .F. ) ;
#2600 = DIRECTION ( 'NONE',  ( 0.000000000000000000, 0.000000000000000000, -1.000000000000000000 ) ) ;
#2601 = ORIENTED_EDGE ( 'NONE', *, *, #816, .T. ) ;
#2602 = DIRECTION ( 'NONE',  ( 0.000000000000000000, 1.000000000000000000, 0.000000000000000000 ) ) ;
#2603 = EDGE_CURVE ( 'NONE', #3035, #3848, #3649, .T. ) ;
#2604 = CARTESIAN_POINT ( 'NONE',  ( 7.399999999999996803, 1500.000000000000000, -44.57157287525379985 ) ) ;
#2605 = DIRECTION ( 'NONE',  ( 0.000000000000000000, -0.000000000000000000, 1.000000000000000000 ) ) ;
#2606 = AXIS2_PLACEMENT_3D ( 'NONE', #5226, #4768, #3508 ) ;
#2607 = DIRECTION ( 'NONE',  ( 0.000000000000000000, 0.000000000000000000, -1.000000000000000000 ) ) ;
#2608 = VERTEX_POINT ( 'NONE', #1931 ) ;
#2609 = CARTESIAN_POINT ( 'NONE',  ( -16.00000000000000711, 1500.000000000000000, -56.00000000000000711 ) ) ;
#2610 = DIRECTION ( 'NONE',  ( 0.7071067811865476838, 0.000000000000000000, 0.7071067811865474617 ) ) ;
#2611 = DIRECTION ( 'NONE',  ( -0.000000000000000000, -1.000000000000000000, -0.000000000000000000 ) ) ;
#2612 = VERTEX_POINT ( 'NONE', #2598 ) ;
#2613 = AXIS2_PLACEMENT_3D ( 'NONE', #3164, #340, #2388 ) ;
#2614 = ORIENTED_EDGE ( 'NONE', *, *, #215, .F. ) ;
#2615 = DIRECTION ( 'NONE',  ( 0.7071067811865477948, 0.000000000000000000, 0.7071067811865473507 ) ) ;
#2616 = EDGE_CURVE ( 'NONE', #4085, #3312, #1129, .T. ) ;
#2617 = CALENDAR_DATE ( 2026, 3, 9 ) ;
#2618 = CARTESIAN_POINT ( 'NONE',  ( 53.79289321881343255, 0.000000000000000000, -29.03553390593274841 ) ) ;
#2619 = ORIENTED_EDGE ( 'NONE', *, *, #4360, .F. ) ;
#2620 = VECTOR ( 'NONE', #2461, 1000.000000000000000 ) ;
#2621 = DIRECTION ( 'NONE',  ( 1.000000000000000000, 0.000000000000000000, 0.000000000000000000 ) ) ;
#2622 = CARTESIAN_POINT ( 'NONE',  ( 45.09999999999999432, 1500.000000000000000, 20.00000000000000355 ) ) ;
#2623 = EDGE_CURVE ( 'NONE', #2847, #1257, #3361, .T. ) ;
#2624 = CARTESIAN_POINT ( 'NONE',  ( 60.00000000000000000, 1500.000000000000000, 5.100000000000010303 ) ) ;
#2625 = VECTOR ( 'NONE', #1427, 1000.000000000000000 ) ;
#2626 = DIRECTION ( 'NONE',  ( -0.000000000000000000, -1.000000000000000000, -0.000000000000000000 ) ) ;
#2627 = ORIENTED_EDGE ( 'NONE', *, *, #3607, .T. ) ;
#2628 = CARTESIAN_POINT ( 'NONE',  ( -19.00000000000000000, 0.000000000000000000, -4.099999999999996092 ) ) ;
#2629 = ORIENTED_EDGE ( 'NONE', *, *, #4861, .T. ) ;
#2630 = AXIS2_PLACEMENT_3D ( 'NONE', #4959, #890, #516 ) ;
#2631 = ORIENTED_EDGE ( 'NONE', *, *, #4290, .T. ) ;
#2632 = CARTESIAN_POINT ( 'NONE',  ( -15.50000000000000355, 1500.000000000000000, -45.10000000000000853 ) ) ;
#2633 = AXIS2_PLACEMENT_3D ( 'NONE', #1674, #2487, #2514 ) ;
#2634 = CARTESIAN_POINT ( 'NONE',  ( -6.522513992197128716E-15, 1500.000000000000000, 3.399999999999999467 ) ) ;
#2635 = CIRCLE ( 'NONE', #5012, 1.000000000000000888 ) ;
#2636 = EDGE_LOOP ( 'NONE', ( #246, #3507, #5180, #4164 ) ) ;
#2637 = CARTESIAN_POINT ( 'NONE',  ( -19.00000000000000000, 1500.000000000000000, -44.10000000000000142 ) ) ;
#2638 = LINE ( 'NONE', #5034, #1107 ) ;
#2639 = DIRECTION ( 'NONE',  ( 0.000000000000000000, 0.000000000000000000, -1.000000000000000000 ) ) ;
#2640 = DIRECTION ( 'NONE',  ( -1.000000000000000000, 0.000000000000000000, -3.469446951953620598E-16 ) ) ;
#2641 = VERTEX_POINT ( 'NONE', #4612 ) ;
#2642 = VERTEX_POINT ( 'NONE', #1909 ) ;
#2643 = EDGE_CURVE ( 'NONE', #146, #4085, #4719, .T. ) ;
#2644 = EDGE_CURVE ( 'NONE', #1358, #3658, #3531, .T. ) ;
#2645 = CARTESIAN_POINT ( 'NONE',  ( -20.00000000000000711, 1500.000000000000000, -34.89999999999998437 ) ) ;
#2646 = CARTESIAN_POINT ( 'NONE',  ( -14.50000000000000533, 0.000000000000000000, -29.74264068711928033 ) ) ;
#2647 = ORIENTED_EDGE ( 'NONE', *, *, #3360, .F. ) ;
#2648 = CYLINDRICAL_SURFACE ( 'NONE', #5265, 1.000000000000000888 ) ;
#2649 = CARTESIAN_POINT ( 'NONE',  ( 35.89999999999999147, 1500.000000000000000, -58.99999999999999289 ) ) ;
#2650 = DIRECTION ( 'NONE',  ( 0.000000000000000000, 0.000000000000000000, -1.000000000000000000 ) ) ;
#2651 = VERTEX_POINT ( 'NONE', #973 ) ;
#2652 = EDGE_CURVE ( 'NONE', #1839, #2642, #2254, .T. ) ;
#2653 = VECTOR ( 'NONE', #1409, 1000.000000000000000 ) ;
#2654 = LINE ( 'NONE', #1032, #273 ) ;
#2655 = ORIENTED_EDGE ( 'NONE', *, *, #4762, .F. ) ;
#2656 = EDGE_LOOP ( 'NONE', ( #4715, #761, #3932, #1281 ) ) ;
#2657 = EDGE_CURVE ( 'NONE', #4303, #2276, #1322, .T. ) ;
#2658 = PLANE ( 'NONE',  #3255 ) ;
#2659 = AXIS2_PLACEMENT_3D ( 'NONE', #4805, #3217, #1992 ) ;
#2660 = FACE_OUTER_BOUND ( 'NONE', #3393, .T. ) ;
#2661 = EDGE_LOOP ( 'NONE', ( #1967, #904, #2048, #1253 ) ) ;
#2662 = CARTESIAN_POINT ( 'NONE',  ( -13.79289321881344144, 1500.000000000000000, -10.96446609406724448 ) ) ;
#2663 = AXIS2_PLACEMENT_3D ( 'NONE', #507, #450, #2584 ) ;
#2664 = DIRECTION ( 'NONE',  ( -1.000000000000000000, 0.000000000000000000, -0.000000000000000000 ) ) ;
#2665 = LINE ( 'NONE', #3500, #1851 ) ;
#2666 = CARTESIAN_POINT ( 'NONE',  ( -13.79289321881343433, 1500.000000000000000, -50.96446609406724093 ) ) ;
#2667 = VERTEX_POINT ( 'NONE', #4244 ) ;
#2668 = ORIENTED_EDGE ( 'NONE', *, *, #3275, .F. ) ;
#2669 = PLANE ( 'NONE',  #5033 ) ;
#2670 = ORIENTED_EDGE ( 'NONE', *, *, #14, .F. ) ;
#2671 = EDGE_CURVE ( 'NONE', #1447, #1866, #2727, .T. ) ;
#2672 = CARTESIAN_POINT ( 'NONE',  ( 34.89999999999998437, 1500.000000000000000, -60.00000000000000000 ) ) ;
#2673 = EDGE_CURVE ( 'NONE', #1537, #2253, #5229, .T. ) ;
#2674 = ORIENTED_EDGE ( 'NONE', *, *, #3425, .T. ) ;
#2675 = ORIENTED_EDGE ( 'NONE', *, *, #374, .F. ) ;
#2676 = VECTOR ( 'NONE', #1926, 1000.000000000000000 ) ;
#2677 = LINE ( 'NONE', #4296, #906 ) ;
#2678 = CARTESIAN_POINT ( 'NONE',  ( -6.938893903907228378E-15, 1500.000000000000000, -3.399999999999999467 ) ) ;
#2679 = VECTOR ( 'NONE', #5048, 1000.000000000000000 ) ;
#2680 = LINE ( 'NONE', #5069, #1869 ) ;
#2681 = VECTOR ( 'NONE', #369, 1000.000000000000000 ) ;
#2682 = AXIS2_PLACEMENT_3D ( 'NONE', #351, #4445, #3667 ) ;
#2683 = CARTESIAN_POINT ( 'NONE',  ( 50.25735931288068059, 0.000000000000000000, -55.50000000000000711 ) ) ;
#2684 = ORIENTED_EDGE ( 'NONE', *, *, #1946, .T. ) ;
#2685 = VECTOR ( 'NONE', #1420, 999.9999999999998863 ) ;
#2686 = EDGE_LOOP ( 'NONE', ( #3358, #1464 ) ) ;
#2687 = ADVANCED_FACE ( 'NONE', ( #705 ), #2168, .F. ) ;
#2688 = VERTEX_POINT ( 'NONE', #2142 ) ;
#2689 = CARTESIAN_POINT ( 'NONE',  ( -4.571572875253815837, 1500.000000000000000, 7.399999999999998579 ) ) ;
#2690 = LINE ( 'NONE', #185, #4624 ) ;
#2691 = EDGE_LOOP ( 'NONE', ( #1511, #1006, #4952, #3589 ) ) ;
#2692 = CARTESIAN_POINT ( 'NONE',  ( -14.50000000000000000, 1500.000000000000000, 10.25735931288071612 ) ) ;
#2693 = CARTESIAN_POINT ( 'NONE',  ( 59.00000000000000000, 1500.000000000000000, -34.89999999999999147 ) ) ;
#2694 = CARTESIAN_POINT ( 'NONE',  ( 39.99999999999999289, 0.000000000000000000, -43.39999999999999147 ) ) ;
#2695 = VERTEX_POINT ( 'NONE', #3557 ) ;
#2696 = VECTOR ( 'NONE', #2610, 1000.000000000000000 ) ;
#2697 = EDGE_LOOP ( 'NONE', ( #2758, #3408, #1929, #1442 ) ) ;
#2698 = ORIENTED_EDGE ( 'NONE', *, *, #427, .T. ) ;
#2699 = DIRECTION ( 'NONE',  ( -0.7071067811865474617, 0.000000000000000000, -0.7071067811865474617 ) ) ;
#2700 = ORIENTED_EDGE ( 'NONE', *, *, #2346, .F. ) ;
#2701 = DIRECTION ( 'NONE',  ( 0.000000000000000000, 1.000000000000000000, -0.000000000000000000 ) ) ;
#2702 = EDGE_CURVE ( 'NONE', #1955, #4263, #3780, .T. ) ;
#2703 = DIRECTION ( 'NONE',  ( 1.000000000000000000, 0.000000000000000000, 0.000000000000000000 ) ) ;
#2704 = CARTESIAN_POINT ( 'NONE',  ( -7.400000000000003020, 1500.000000000000000, -44.57157287525380696 ) ) ;
#2705 = FACE_OUTER_BOUND ( 'NONE', #672, .T. ) ;
#2706 = ORIENTED_EDGE ( 'NONE', *, *, #3510, .F. ) ;
#2707 = EDGE_CURVE ( 'NONE', #1947, #4428, #3109, .T. ) ;
#2708 = ADVANCED_FACE ( 'NONE', ( #1756 ), #3380, .T. ) ;
#2709 = ORIENTED_EDGE ( 'NONE', *, *, #3851, .T. ) ;
#2710 = VECTOR ( 'NONE', #4213, 1000.000000000000000 ) ;
#2711 = CARTESIAN_POINT ( 'NONE',  ( 39.99999999999999289, 1500.000000000000000, -43.39999999999999147 ) ) ;
#2712 = LOCAL_TIME ( 15, 25, 55.00000000000000000, #4553 ) ;
#2713 = CARTESIAN_POINT ( 'NONE',  ( -10.25735931288072322, 1500.000000000000000, 14.50000000000000178 ) ) ;
#2714 = VECTOR ( 'NONE', #1320, 1000.000000000000000 ) ;
#2715 = ORIENTED_EDGE ( 'NONE', *, *, #360, .F. ) ;
#2716 = LINE ( 'NONE', #614, #542 ) ;
#2717 = AXIS2_PLACEMENT_3D ( 'NONE', #5259, #3562, #2357 ) ;
#2718 = VECTOR ( 'NONE', #4239, 1000.000000000000000 ) ;
#2719 = CARTESIAN_POINT ( 'NONE',  ( -16.00000000000000711, 1500.000000000000000, 16.00000000000000355 ) ) ;
#2720 = DIRECTION ( 'NONE',  ( 0.000000000000000000, 0.000000000000000000, -1.000000000000000000 ) ) ;
#2721 = ORIENTED_EDGE ( 'NONE', *, *, #1241, .F. ) ;
#2722 = ORIENTED_EDGE ( 'NONE', *, *, #1460, .T. ) ;
#2723 = ADVANCED_FACE ( 'NONE', ( #2977 ), #4587, .T. ) ;
#2724 = CC_DESIGN_SECURITY_CLASSIFICATION ( #1111, ( #1535 ) ) ;
#2725 = ADVANCED_FACE ( 'NONE', ( #1003 ), #1782, .F. ) ;
#2726 = CARTESIAN_POINT ( 'NONE',  ( 32.59999999999998721, 1500.000000000000000, -32.59999999999998721 ) ) ;
#2727 = LINE ( 'NONE', #3002, #2428 ) ;
#2728 = ORIENTED_EDGE ( 'NONE', *, *, #4256, .T. ) ;
#2729 = CYLINDRICAL_SURFACE ( 'NONE', #3291, 1.000000000000000888 ) ;
#2730 = LINE ( 'NONE', #4346, #726 ) ;
#2731 = CARTESIAN_POINT ( 'NONE',  ( -6.938893903907228378E-15, 1500.000000000000000, 0.000000000000000000 ) ) ;
#2732 = LINE ( 'NONE', #1163, #1268 ) ;
#2733 = EDGE_LOOP ( 'NONE', ( #2533, #5009, #1167, #762 ) ) ;
#2734 = ORIENTED_EDGE ( 'NONE', *, *, #3038, .F. ) ;
#2735 = ORIENTED_EDGE ( 'NONE', *, *, #2736, .F. ) ;
#2736 = EDGE_CURVE ( 'NONE', #1647, #98, #573, .T. ) ;
#2737 = CARTESIAN_POINT ( 'NONE',  ( -20.00000000000000711, 0.000000000000000000, -45.10000000000000853 ) ) ;
#2738 = ADVANCED_FACE ( 'NONE', ( #179 ), #4639, .F. ) ;
#2739 = DIRECTION ( 'NONE',  ( 0.000000000000000000, 0.000000000000000000, -1.000000000000000000 ) ) ;
#2740 = ORIENTED_EDGE ( 'NONE', *, *, #2884, .F. ) ;
#2741 = DIRECTION ( 'NONE',  ( 7.245177780952319570E-17, -0.000000000000000000, 1.000000000000000000 ) ) ;
#2742 = CARTESIAN_POINT ( 'NONE',  ( 32.59999999999998721, 0.000000000000000000, -32.59999999999998721 ) ) ;
#2743 = DIRECTION ( 'NONE',  ( 3.363588555182252761E-16, 0.000000000000000000, 1.000000000000000000 ) ) ;
#2744 = VERTEX_POINT ( 'NONE', #3692 ) ;
#2745 = VECTOR ( 'NONE', #4162, 1000.000000000000000 ) ;
#2746 = VERTEX_POINT ( 'NONE', #404 ) ;
#2747 = EDGE_CURVE ( 'NONE', #2171, #2896, #2032, .T. ) ;
#2748 = DIRECTION ( 'NONE',  ( -0.000000000000000000, -1.000000000000000000, 0.000000000000000000 ) ) ;
#2749 = CARTESIAN_POINT ( 'NONE',  ( -10.25735931288070013, 0.000000000000000000, -55.50000000000000711 ) ) ;
#2750 = DIRECTION ( 'NONE',  ( -0.000000000000000000, -1.000000000000000000, -0.000000000000000000 ) ) ;
#2751 = ORIENTED_EDGE ( 'NONE', *, *, #2247, .F. ) ;
#2752 = DIRECTION ( 'NONE',  ( 1.000000000000000000, -0.000000000000000000, -1.449035556190463174E-16 ) ) ;
#2753 = CARTESIAN_POINT ( 'NONE',  ( 45.09999999999998721, 0.000000000000000000, -60.00000000000000000 ) ) ;
#2754 = DIRECTION ( 'NONE',  ( 0.7071067811865477948, 0.000000000000000000, -0.7071067811865473507 ) ) ;
#2755 = ORIENTED_EDGE ( 'NONE', *, *, #4717, .T. ) ;
#2756 = ORIENTED_EDGE ( 'NONE', *, *, #1703, .T. ) ;
#2757 = AXIS2_PLACEMENT_3D ( 'NONE', #4560, #1244, #490 ) ;
#2758 = ORIENTED_EDGE ( 'NONE', *, *, #1932, .T. ) ;
#2759 = AXIS2_PLACEMENT_3D ( 'NONE', #803, #9, #325 ) ;
#2760 = DIRECTION ( 'NONE',  ( -0.000000000000000000, -0.000000000000000000, 1.000000000000000000 ) ) ;
#2761 = DIRECTION ( 'NONE',  ( -0.000000000000000000, -1.000000000000000000, -0.000000000000000000 ) ) ;
#2762 = VECTOR ( 'NONE', #4001, 1000.000000000000000 ) ;
#2763 = ORIENTED_EDGE ( 'NONE', *, *, #4751, .T. ) ;
#2764 = CYLINDRICAL_SURFACE ( 'NONE', #1938, 1.000000000000000000 ) ;
#2765 = EDGE_CURVE ( 'NONE', #1565, #3944, #1983, .T. ) ;
#2766 = FACE_OUTER_BOUND ( 'NONE', #5137, .T. ) ;
#2767 = VECTOR ( 'NONE', #3498, 1000.000000000000000 ) ;
#2768 = CARTESIAN_POINT ( 'NONE',  ( 45.09999999999999432, 1500.000000000000000, 16.50000000000000355 ) ) ;
#2769 = VERTEX_POINT ( 'NONE', #1665 ) ;
#2770 = VERTEX_POINT ( 'NONE', #729 ) ;
#2771 = VERTEX_POINT ( 'NONE', #829 ) ;
#2772 = LINE ( 'NONE', #4739, #4842 ) ;
#2773 = CARTESIAN_POINT ( 'NONE',  ( 53.79289321881343255, 1500.000000000000000, -10.96446609406724448 ) ) ;
#2774 = VECTOR ( 'NONE', #368, 1000.000000000000000 ) ;
#2775 = LINE ( 'NONE', #2880, #1069 ) ;
#2776 = VECTOR ( 'NONE', #4721, 1000.000000000000000 ) ;
#2777 = ORIENTED_EDGE ( 'NONE', *, *, #4780, .F. ) ;
#2778 = EDGE_CURVE ( 'NONE', #3060, #2157, #2508, .T. ) ;
#2779 = PLANE ( 'NONE',  #55 ) ;
#2780 = DIRECTION ( 'NONE',  ( 0.7071067811865477948, 0.000000000000000000, 0.7071067811865473507 ) ) ;
#2781 = CARTESIAN_POINT ( 'NONE',  ( -5.100000000000012079, 1500.000000000000000, -60.00000000000000000 ) ) ;
#2782 = VERTEX_POINT ( 'NONE', #5251 ) ;
#2783 = ORIENTED_EDGE ( 'NONE', *, *, #2895, .F. ) ;
#2784 = ADVANCED_FACE ( 'NONE', ( #1156 ), #33, .F. ) ;
#2785 = EDGE_CURVE ( 'NONE', #2667, #5170, #216, .T. ) ;
#2786 = AXIS2_PLACEMENT_3D ( 'NONE', #5068, #1913, #199 ) ;
#2787 = CARTESIAN_POINT ( 'NONE',  ( -20.00000000000000711, 0.000000000000000000, 15.99999999999997691 ) ) ;
#2788 = CARTESIAN_POINT ( 'NONE',  ( -16.00000000000000711, 1500.000000000000000, 16.00000000000000355 ) ) ;
#2789 = ORIENTED_EDGE ( 'NONE', *, *, #5013, .F. ) ;
#2790 = DIRECTION ( 'NONE',  ( 0.000000000000000000, 0.000000000000000000, 1.000000000000000000 ) ) ;
#2791 = CIRCLE ( 'NONE', #3396, 1.000000000000000888 ) ;
#2792 = VERTEX_POINT ( 'NONE', #3611 ) ;
#2793 = PRODUCT ( '8080', '8080', '', ( #2036 ) ) ;
#2794 = CARTESIAN_POINT ( 'NONE',  ( 32.59999999999998721, 1500.000000000000000, -44.57157287525379985 ) ) ;
#2795 = VECTOR ( 'NONE', #275, 1000.000000000000000 ) ;
#2796 = CARTESIAN_POINT ( 'NONE',  ( 53.79289321881343255, 0.000000000000000000, -29.03553390593274841 ) ) ;
#2797 = VERTEX_POINT ( 'NONE', #779 ) ;
#2798 = EDGE_CURVE ( 'NONE', #805, #3200, #2775, .T. ) ;
#2799 = VERTEX_POINT ( 'NONE', #2401 ) ;
#2800 = APPLICATION_CONTEXT ( 'configuration controlled 3d designs of mechanical parts and assemblies' ) ;
#2801 = ORIENTED_EDGE ( 'NONE', *, *, #484, .F. ) ;
#2802 = VECTOR ( 'NONE', #3723, 999.9999999999998863 ) ;
#2803 = LINE ( 'NONE', #1980, #3986 ) ;
#2804 = DIRECTION ( 'NONE',  ( 7.245177780952315872E-17, 0.000000000000000000, -1.000000000000000000 ) ) ;
#2805 = CARTESIAN_POINT ( 'NONE',  ( 10.25735931288071612, 1500.000000000000000, -54.50000000000000711 ) ) ;
#2806 = EDGE_CURVE ( 'NONE', #500, #2133, #4899, .T. ) ;
#2807 = EDGE_CURVE ( 'NONE', #88, #3240, #4075, .T. ) ;
#2808 = EDGE_LOOP ( 'NONE', ( #1887, #2735, #2185, #1765 ) ) ;
#2809 = VECTOR ( 'NONE', #4469, 1000.000000000000000 ) ;
#2810 = CYLINDRICAL_SURFACE ( 'NONE', #3803, 3.399999999999999467 ) ;
#2811 = DIRECTION ( 'NONE',  ( 0.000000000000000000, 0.000000000000000000, 1.000000000000000000 ) ) ;
#2812 = CARTESIAN_POINT ( 'NONE',  ( -19.00000000000000000, 1500.000000000000000, -4.099999999999996092 ) ) ;
#2813 = ORIENTED_EDGE ( 'NONE', *, *, #4109, .T. ) ;
#2814 = ORIENTED_EDGE ( 'NONE', *, *, #136, .F. ) ;
#2815 = CARTESIAN_POINT ( 'NONE',  ( 4.099999999999992539, 0.000000000000000000, 16.50000000000001066 ) ) ;
#2816 = EDGE_CURVE ( 'NONE', #4589, #53, #1754, .T. ) ;
#2817 = CARTESIAN_POINT ( 'NONE',  ( 55.99999999999997158, 1500.000000000000000, 20.00000000000000355 ) ) ;
#2818 = ADVANCED_FACE ( 'NONE', ( #379 ), #430, .T. ) ;
#2819 = EDGE_CURVE ( 'NONE', #3789, #2156, #4396, .T. ) ;
#2820 = EDGE_LOOP ( 'NONE', ( #2067, #2670, #5032, #3324 ) ) ;
#2821 = DIRECTION ( 'NONE',  ( 0.000000000000000000, 0.000000000000000000, -1.000000000000000000 ) ) ;
#2822 = ORIENTED_EDGE ( 'NONE', *, *, #3196, .T. ) ;
#2823 = VECTOR ( 'NONE', #1812, 1000.000000000000000 ) ;
#2824 = CARTESIAN_POINT ( 'NONE',  ( -19.00000000000000711, 1500.000000000000000, -5.099999999999996092 ) ) ;
#2825 = LINE ( 'NONE', #3602, #2418 ) ;
#2826 = ORIENTED_EDGE ( 'NONE', *, *, #1459, .F. ) ;
#2827 = VERTEX_POINT ( 'NONE', #753 ) ;
#2828 = EDGE_LOOP ( 'NONE', ( #2527, #4649, #799, #5006 ) ) ;
#2829 = CARTESIAN_POINT ( 'NONE',  ( 55.50000000000000000, 0.000000000000000000, -21.67157287525380482 ) ) ;
#2830 = DIRECTION ( 'NONE',  ( 0.7071067811865480168, -0.000000000000000000, -0.7071067811865470176 ) ) ;
#2831 = AXIS2_PLACEMENT_3D ( 'NONE', #5205, #2385, #388 ) ;
#2832 = CARTESIAN_POINT ( 'NONE',  ( -7.400000000000003908, 1500.000000000000000, -35.42842712474618594 ) ) ;
#2833 = VERTEX_POINT ( 'NONE', #1585 ) ;
#2834 = CARTESIAN_POINT ( 'NONE',  ( 7.399999999999996803, 1500.000000000000000, -44.57157287525379985 ) ) ;
#2835 = AXIS2_PLACEMENT_3D ( 'NONE', #3666, #5250, #3582 ) ;
#2836 = ADVANCED_FACE ( 'NONE', ( #4850 ), #4876, .T. ) ;
#2837 = CARTESIAN_POINT ( 'NONE',  ( 53.79289321881343255, 1500.000000000000000, -29.03553390593274841 ) ) ;
#2838 = LINE ( 'NONE', #4102, #3561 ) ;
#2839 = DIRECTION ( 'NONE',  ( -0.7071067811865479058, 0.000000000000000000, 0.7071067811865472397 ) ) ;
#2840 = ORIENTED_EDGE ( 'NONE', *, *, #5257, .T. ) ;
#2841 = DIRECTION ( 'NONE',  ( 0.000000000000000000, 0.000000000000000000, 1.000000000000000000 ) ) ;
#2842 = CARTESIAN_POINT ( 'NONE',  ( 5.099999999999999645, 1500.000000000000000, 15.50000000000000355 ) ) ;
#2843 = ORIENTED_EDGE ( 'NONE', *, *, #135, .T. ) ;
#2844 = CC_DESIGN_PERSON_AND_ORGANIZATION_ASSIGNMENT ( #2240, #994, ( #1111 ) ) ;
#2845 = LINE ( 'NONE', #2021, #5015 ) ;
#2846 = AXIS2_PLACEMENT_3D ( 'NONE', #3335, #4150, #3310 ) ;
#2847 = VERTEX_POINT ( 'NONE', #2432 ) ;
#2848 = AXIS2_PLACEMENT_3D ( 'NONE', #2788, #1091, #2739 ) ;
#2849 = CARTESIAN_POINT ( 'NONE',  ( 7.399999999999996803, 1500.000000000000000, -44.57157287525379985 ) ) ;
#2850 = CIRCLE ( 'NONE', #552, 1.000000000000000888 ) ;
#2851 = DIRECTION ( 'NONE',  ( 0.000000000000000000, 0.000000000000000000, 1.000000000000000000 ) ) ;
#2852 = ORIENTED_EDGE ( 'NONE', *, *, #3687, .F. ) ;
#2853 = VERTEX_POINT ( 'NONE', #1959 ) ;
#2854 = CARTESIAN_POINT ( 'NONE',  ( -15.99999999999997868, 1500.000000000000000, 20.00000000000000355 ) ) ;
#2855 = DIRECTION ( 'NONE',  ( -1.000000000000000000, 0.000000000000000000, -2.690870844145795898E-15 ) ) ;
#2856 = DIRECTION ( 'NONE',  ( -0.000000000000000000, -1.000000000000000000, -0.000000000000000000 ) ) ;
#2857 = VERTEX_POINT ( 'NONE', #4050 ) ;
#2858 = DIRECTION ( 'NONE',  ( 0.000000000000000000, 1.000000000000000000, 0.000000000000000000 ) ) ;
#2859 = DIRECTION ( 'NONE',  ( -3.469446951953620598E-16, -0.000000000000000000, 1.000000000000000000 ) ) ;
#2860 = DIRECTION ( 'NONE',  ( -0.7071067811865473507, 0.000000000000000000, 0.7071067811865477948 ) ) ;
#2861 = CIRCLE ( 'NONE', #4212, 0.9999999999999974465 ) ;
#2862 = EDGE_CURVE ( 'NONE', #3928, #2853, #3583, .T. ) ;
#2863 = DIRECTION ( 'NONE',  ( 0.000000000000000000, 0.000000000000000000, -1.000000000000000000 ) ) ;
#2864 = VERTEX_POINT ( 'NONE', #4472 ) ;
#2865 = DIRECTION ( 'NONE',  ( 0.000000000000000000, 0.000000000000000000, -1.000000000000000000 ) ) ;
#2866 = DIRECTION ( 'NONE',  ( 0.000000000000000000, 0.000000000000000000, 1.000000000000000000 ) ) ;
#2867 = EDGE_CURVE ( 'NONE', #4497, #2688, #2244, .T. ) ;
#2868 = EDGE_CURVE ( 'NONE', #5097, #887, #5134, .T. ) ;
#2869 = ORIENTED_EDGE ( 'NONE', *, *, #5185, .T. ) ;
#2870 = DIRECTION ( 'NONE',  ( 0.000000000000000000, 0.000000000000000000, 1.000000000000000000 ) ) ;
#2871 = DIRECTION ( 'NONE',  ( 0.000000000000000000, 1.000000000000000000, -0.000000000000000000 ) ) ;
#2872 = DIRECTION ( 'NONE',  ( 0.000000000000000000, 0.000000000000000000, -1.000000000000000000 ) ) ;
#2873 = CARTESIAN_POINT ( 'NONE',  ( -10.25735931288072322, 1500.000000000000000, 14.50000000000000178 ) ) ;
#2874 = VERTEX_POINT ( 'NONE', #4951 ) ;
#2875 = AXIS2_PLACEMENT_3D ( 'NONE', #3830, #2193, #2650 ) ;
#2876 = VERTEX_POINT ( 'NONE', #1690 ) ;
#2877 = AXIS2_PLACEMENT_3D ( 'NONE', #4856, #4476, #1212 ) ;
#2878 = CARTESIAN_POINT ( 'NONE',  ( 55.49999999999999289, 0.000000000000000000, 5.100000000000010303 ) ) ;
#2879 = DIRECTION ( 'NONE',  ( -1.000000000000000000, 0.000000000000000000, 0.000000000000000000 ) ) ;
#2880 = CARTESIAN_POINT ( 'NONE',  ( -10.25735931288072322, 1500.000000000000000, 15.50000000000000355 ) ) ;
#2881 = ORIENTED_EDGE ( 'NONE', *, *, #4142, .F. ) ;
#2882 = ADVANCED_FACE ( 'NONE', ( #1362 ), #3421, .T. ) ;
#2883 = ORIENTED_EDGE ( 'NONE', *, *, #956, .F. ) ;
#2884 = EDGE_CURVE ( 'NONE', #2028, #3680, #165, .T. ) ;
#2885 = CARTESIAN_POINT ( 'NONE',  ( 7.399999999999997691, 1500.000000000000000, -32.59999999999998721 ) ) ;
#2886 = EDGE_CURVE ( 'NONE', #4352, #1850, #1279, .T. ) ;
#2887 = APPLICATION_PROTOCOL_DEFINITION ( 'international standard', 'config_control_design', 1994, #4324 ) ;
#2888 = CIRCLE ( 'NONE', #168, 1.000000000000000888 ) ;
#2889 = CARTESIAN_POINT ( 'NONE',  ( 18.32842712474620228, 1500.000000000000000, 15.50000000000000355 ) ) ;
#2890 = VECTOR ( 'NONE', #63, 1000.000000000000000 ) ;
#2891 = DIRECTION ( 'NONE',  ( -0.000000000000000000, -1.000000000000000000, -0.000000000000000000 ) ) ;
#2892 = FACE_OUTER_BOUND ( 'NONE', #635, .T. ) ;
#2893 = FACE_OUTER_BOUND ( 'NONE', #3800, .T. ) ;
#2894 = DIRECTION ( 'NONE',  ( -0.000000000000000000, -1.000000000000000000, -0.000000000000000000 ) ) ;
#2895 = EDGE_CURVE ( 'NONE', #2029, #805, #4097, .T. ) ;
#2896 = VERTEX_POINT ( 'NONE', #2907 ) ;
#2897 = DIRECTION ( 'NONE',  ( 0.000000000000000000, 0.000000000000000000, 1.000000000000000000 ) ) ;
#2898 = ADVANCED_FACE ( 'NONE', ( #5036 ), #4495, .T. ) ;
#2899 = EDGE_CURVE ( 'NONE', #2608, #5105, #86, .T. ) ;
#2900 = DIRECTION ( 'NONE',  ( 0.000000000000000000, 0.000000000000000000, -1.000000000000000000 ) ) ;
#2901 = CYLINDRICAL_SURFACE ( 'NONE', #3806, 1.000000000000000888 ) ;
#2902 = DIRECTION ( 'NONE',  ( 0.000000000000000000, 0.000000000000000000, -1.000000000000000000 ) ) ;
#2903 = VERTEX_POINT ( 'NONE', #4924 ) ;
#2904 = ORIENTED_EDGE ( 'NONE', *, *, #3037, .F. ) ;
#2905 = DIRECTION ( 'NONE',  ( 0.000000000000000000, -0.000000000000000000, 1.000000000000000000 ) ) ;
#2906 = LINE ( 'NONE', #960, #28 ) ;
#2907 = CARTESIAN_POINT ( 'NONE',  ( 4.099999999999992539, 1500.000000000000000, 18.99999999999999645 ) ) ;
#2908 = ORIENTED_EDGE ( 'NONE', *, *, #1718, .F. ) ;
#2909 = VECTOR ( 'NONE', #3409, 1000.000000000000000 ) ;
#2910 = ORIENTED_EDGE ( 'NONE', *, *, #4531, .F. ) ;
#2911 = CARTESIAN_POINT ( 'NONE',  ( 54.49999999999999289, 1500.000000000000000, -50.25735931288070901 ) ) ;
#2912 = EDGE_CURVE ( 'NONE', #5061, #286, #1571, .T. ) ;
#2913 = AXIS2_PLACEMENT_3D ( 'NONE', #740, #3138, #1168 ) ;
#2914 = DIRECTION ( 'NONE',  ( 0.000000000000000000, 0.000000000000000000, -1.000000000000000000 ) ) ;
#2915 = EDGE_LOOP ( 'NONE', ( #4656, #1364, #1462, #2756 ) ) ;
#2916 = VECTOR ( 'NONE', #3036, 1000.000000000000000 ) ;
#2917 = LINE ( 'NONE', #3292, #1790 ) ;
#2918 = CARTESIAN_POINT ( 'NONE',  ( 60.00000000000000000, 1500.000000000000000, 15.99999999999997691 ) ) ;
#2919 = LINE ( 'NONE', #439, #670 ) ;
#2920 = LINE ( 'NONE', #4887, #301 ) ;
#2921 = ORIENTED_EDGE ( 'NONE', *, *, #5064, .T. ) ;
#2922 = VERTEX_POINT ( 'NONE', #3767 ) ;
#2923 = DIRECTION ( 'NONE',  ( 0.7071067811865473507, 0.000000000000000000, -0.7071067811865477948 ) ) ;
#2924 = DIRECTION ( 'NONE',  ( 0.000000000000000000, 0.000000000000000000, 1.000000000000000000 ) ) ;
#2925 = AXIS2_PLACEMENT_3D ( 'NONE', #1949, #3869, #3548 ) ;
#2926 = DIRECTION ( 'NONE',  ( -0.000000000000000000, -1.000000000000000000, -0.000000000000000000 ) ) ;
#2927 = LINE ( 'NONE', #527, #127 ) ;
#2928 = AXIS2_PLACEMENT_3D ( 'NONE', #3551, #4682, #3447 ) ;
#2929 = EDGE_CURVE ( 'NONE', #4417, #4561, #560, .T. ) ;
#2930 = VERTEX_POINT ( 'NONE', #2155 ) ;
#2931 = AXIS2_PLACEMENT_3D ( 'NONE', #2386, #5183, #2414 ) ;
#2932 = VECTOR ( 'NONE', #4621, 1000.000000000000000 ) ;
#2933 = DIRECTION ( 'NONE',  ( 0.000000000000000000, -0.000000000000000000, 1.000000000000000000 ) ) ;
#2934 = PLANE ( 'NONE',  #284 ) ;
#2935 = CARTESIAN_POINT ( 'NONE',  ( -10.25735931288070013, 1500.000000000000000, 15.50000000000000355 ) ) ;
#2936 = ORIENTED_EDGE ( 'NONE', *, *, #1236, .T. ) ;
#2937 = VECTOR ( 'NONE', #100, 1000.000000000000000 ) ;
#2938 = AXIS2_PLACEMENT_3D ( 'NONE', #4989, #1348, #4766 ) ;
#2939 = ORIENTED_EDGE ( 'NONE', *, *, #3493, .T. ) ;
#2940 = FACE_OUTER_BOUND ( 'NONE', #4606, .T. ) ;
#2941 = APPROVAL_ROLE ( '' ) ;
#2942 = CARTESIAN_POINT ( 'NONE',  ( -19.00000000000000000, 0.000000000000000000, -44.10000000000000142 ) ) ;
#2943 = CC_DESIGN_PERSON_AND_ORGANIZATION_ASSIGNMENT ( #1342, #4155, ( #1535 ) ) ;
#2944 = ORIENTED_EDGE ( 'NONE', *, *, #3431, .F. ) ;
#2945 = PLANE ( 'NONE',  #2037 ) ;
#2946 = DIRECTION ( 'NONE',  ( -0.000000000000000000, -1.000000000000000000, -0.000000000000000000 ) ) ;
#2947 = CIRCLE ( 'NONE', #653, 3.999999999999989786 ) ;
#2948 = LINE ( 'NONE', #517, #4742 ) ;
#2949 = LINE ( 'NONE', #2119, #458 ) ;
#2950 = AXIS2_PLACEMENT_3D ( 'NONE', #2794, #2421, #1951 ) ;
#2951 = EDGE_LOOP ( 'NONE', ( #1882, #2260, #5038, #1074 ) ) ;
#2952 = ADVANCED_FACE ( 'NONE', ( #1798 ), #909, .F. ) ;
#2953 = ORIENTED_EDGE ( 'NONE', *, *, #5203, .F. ) ;
#2954 = CARTESIAN_POINT ( 'NONE',  ( 35.42842712474618594, 0.000000000000000000, 7.399999999999996803 ) ) ;
#2955 = EDGE_CURVE ( 'NONE', #1487, #1544, #2586, .T. ) ;
#2956 = CARTESIAN_POINT ( 'NONE',  ( 4.099999999999992539, 0.000000000000000000, -56.49999999999999289 ) ) ;
#2957 = CARTESIAN_POINT ( 'NONE',  ( 45.09999999999998721, 1500.000000000000000, -59.00000000000000000 ) ) ;
#2958 = DIRECTION ( 'NONE',  ( 0.7071067811865473507, 0.000000000000000000, -0.7071067811865477948 ) ) ;
#2959 = ORIENTED_EDGE ( 'NONE', *, *, #2536, .T. ) ;
#2960 = PLANE ( 'NONE',  #4413 ) ;
#2961 = CARTESIAN_POINT ( 'NONE',  ( 7.399999999999996803, 1500.000000000000000, 4.571572875253806956 ) ) ;
#2962 = ADVANCED_FACE ( 'NONE', ( #853 ), #4202, .F. ) ;
#2963 = CARTESIAN_POINT ( 'NONE',  ( -14.50000000000000000, 1500.000000000000000, -50.25735931288070901 ) ) ;
#2964 = EDGE_LOOP ( 'NONE', ( #1606, #1473, #742, #2698 ) ) ;
#2965 = ORIENTED_EDGE ( 'NONE', *, *, #3210, .T. ) ;
#2966 = LINE ( 'NONE', #3478, #5197 ) ;
#2967 = EDGE_CURVE ( 'NONE', #3394, #874, #1392, .T. ) ;
#2968 = EDGE_CURVE ( 'NONE', #1810, #3465, #451, .T. ) ;
#2969 = DIRECTION ( 'NONE',  ( 0.000000000000000000, 0.000000000000000000, -1.000000000000000000 ) ) ;
#2970 = ORIENTED_EDGE ( 'NONE', *, *, #687, .F. ) ;
#2971 = CARTESIAN_POINT ( 'NONE',  ( 55.50000000000000000, 1500.000000000000000, -10.25735931288069125 ) ) ;
#2972 = CARTESIAN_POINT ( 'NONE',  ( 55.49999999999999289, 1500.000000000000000, -5.100000000000004086 ) ) ;
#2973 = AXIS2_PLACEMENT_3D ( 'NONE', #4006, #4426, #1965 ) ;
#2974 = CIRCLE ( 'NONE', #3663, 3.999999999999998224 ) ;
#2975 = PLANE ( 'NONE',  #3221 ) ;
#2976 = AXIS2_PLACEMENT_3D ( 'NONE', #3904, #251, #3505 ) ;
#2977 = FACE_OUTER_BOUND ( 'NONE', #1867, .T. ) ;
#2978 = VERTEX_POINT ( 'NONE', #1769 ) ;
#2979 = EDGE_LOOP ( 'NONE', ( #1328, #2022, #1976, #3781 ) ) ;
#2980 = DIRECTION ( 'NONE',  ( 0.000000000000000000, 0.000000000000000000, -1.000000000000000000 ) ) ;
#2981 = APPROVAL_PERSON_ORGANIZATION ( #1802, #493, #3371 ) ;
#2982 = EDGE_CURVE ( 'NONE', #2427, #4364, #4521, .T. ) ;
#2983 = CARTESIAN_POINT ( 'NONE',  ( 32.59999999999998721, 0.000000000000000000, -32.59999999999998721 ) ) ;
#2984 = CYLINDRICAL_SURFACE ( 'NONE', #3024, 3.999999999999989786 ) ;
#2985 = EDGE_CURVE ( 'NONE', #1369, #4224, #477, .T. ) ;
#2986 = DIRECTION ( 'NONE',  ( -0.000000000000000000, -1.000000000000000000, -0.000000000000000000 ) ) ;
#2987 = ORIENTED_EDGE ( 'NONE', *, *, #135, .F. ) ;
#2988 = CARTESIAN_POINT ( 'NONE',  ( -20.00000000000000711, 1500.000000000000000, -34.89999999999998437 ) ) ;
#2989 = LINE ( 'NONE', #908, #4182 ) ;
#2990 = DIRECTION ( 'NONE',  ( -0.000000000000000000, -1.000000000000000000, -0.000000000000000000 ) ) ;
#2991 = ORIENTED_EDGE ( 'NONE', *, *, #4578, .T. ) ;
#2992 = EDGE_LOOP ( 'NONE', ( #1604, #4992, #872, #3428 ) ) ;
#2993 = CARTESIAN_POINT ( 'NONE',  ( 56.49999999999999289, 1500.000000000000000, -5.099999999999996092 ) ) ;
#2994 = COORDINATED_UNIVERSAL_TIME_OFFSET ( 8, 0, .AHEAD. ) ;
#2995 = CARTESIAN_POINT ( 'NONE',  ( 44.09999999999999432, 1500.000000000000000, 16.50000000000001066 ) ) ;
#2996 = CIRCLE ( 'NONE', #3683, 1.000000000000000888 ) ;
#2997 = ORIENTED_EDGE ( 'NONE', *, *, #2328, .F. ) ;
#2998 = CARTESIAN_POINT ( 'NONE',  ( 56.00000000000000000, 0.000000000000000000, 16.00000000000000355 ) ) ;
#2999 = EDGE_CURVE ( 'NONE', #4428, #392, #1446, .T. ) ;
#3000 = DIRECTION ( 'NONE',  ( -0.000000000000000000, -1.000000000000000000, -0.000000000000000000 ) ) ;
#3001 = LINE ( 'NONE', #4695, #4908 ) ;
#3002 = CARTESIAN_POINT ( 'NONE',  ( 47.39999999999999147, 0.000000000000000000, -44.57157287525380696 ) ) ;
#3003 = CIRCLE ( 'NONE', #280, 1.000000000000000888 ) ;
#3004 = ORIENTED_EDGE ( 'NONE', *, *, #2346, .T. ) ;
#3005 = LINE ( 'NONE', #1892, #5116 ) ;
#3006 = ORIENTED_EDGE ( 'NONE', *, *, #5030, .F. ) ;
#3007 = DIRECTION ( 'NONE',  ( 0.000000000000000000, 0.000000000000000000, 1.000000000000000000 ) ) ;
#3008 = ORIENTED_EDGE ( 'NONE', *, *, #1438, .F. ) ;
#3009 = DIRECTION ( 'NONE',  ( -0.000000000000000000, -1.000000000000000000, -0.000000000000000000 ) ) ;
#3010 = CARTESIAN_POINT ( 'NONE',  ( -5.100000000000012967, 1500.000000000000000, -55.50000000000000711 ) ) ;
#3011 = FACE_OUTER_BOUND ( 'NONE', #3383, .T. ) ;
#3012 = ORIENTED_EDGE ( 'NONE', *, *, #1501, .T. ) ;
#3013 = DIRECTION ( 'NONE',  ( 0.000000000000000000, 0.000000000000000000, 1.000000000000000000 ) ) ;
#3014 = FACE_BOUND ( 'NONE', #831, .T. ) ;
#3015 = DIRECTION ( 'NONE',  ( 1.000000000000000000, 0.000000000000000000, 0.000000000000000000 ) ) ;
#3016 = ORIENTED_EDGE ( 'NONE', *, *, #230, .F. ) ;
#3017 = ORIENTED_EDGE ( 'NONE', *, *, #3187, .F. ) ;
#3018 = EDGE_CURVE ( 'NONE', #887, #1369, #1019, .T. ) ;
#3019 = FACE_OUTER_BOUND ( 'NONE', #3795, .T. ) ;
#3020 = VECTOR ( 'NONE', #2611, 1000.000000000000000 ) ;
#3021 = EDGE_CURVE ( 'NONE', #3351, #3965, #639, .T. ) ;
#3022 = DATE_TIME_ROLE ( 'classification_date' ) ;
#3023 = DIRECTION ( 'NONE',  ( -7.245177780952317104E-17, 0.000000000000000000, 1.000000000000000000 ) ) ;
#3024 = AXIS2_PLACEMENT_3D ( 'NONE', #4620, #1011, #2203 ) ;
#3025 = ORIENTED_EDGE ( 'NONE', *, *, #1639, .T. ) ;
#3026 = VECTOR ( 'NONE', #3894, 999.9999999999998863 ) ;
#3027 = LINE ( 'NONE', #541, #4330 ) ;
#3028 = CARTESIAN_POINT ( 'NONE',  ( 60.00000000000000000, 1500.000000000000000, 15.99999999999997691 ) ) ;
#3029 = FACE_OUTER_BOUND ( 'NONE', #2103, .T. ) ;
#3030 = CARTESIAN_POINT ( 'NONE',  ( 35.42842712474618594, 1500.000000000000000, -47.39999999999999147 ) ) ;
#3031 = ORIENTED_EDGE ( 'NONE', *, *, #2968, .T. ) ;
#3032 = LINE ( 'NONE', #1005, #4088 ) ;
#3033 = ORIENTED_EDGE ( 'NONE', *, *, #703, .T. ) ;
#3034 = ORIENTED_EDGE ( 'NONE', *, *, #1399, .F. ) ;
#3035 = VERTEX_POINT ( 'NONE', #3873 ) ;
#3036 = DIRECTION ( 'NONE',  ( 0.7071067811865474617, -0.000000000000000000, -0.7071067811865476838 ) ) ;
#3037 = EDGE_CURVE ( 'NONE', #286, #4277, #221, .T. ) ;
#3038 = EDGE_CURVE ( 'NONE', #492, #4670, #3045, .T. ) ;
#3039 = LINE ( 'NONE', #3892, #2420 ) ;
#3040 = CIRCLE ( 'NONE', #2606, 1.000000000000000888 ) ;
#3041 = ORIENTED_EDGE ( 'NONE', *, *, #1406, .F. ) ;
#3042 = CARTESIAN_POINT ( 'NONE',  ( -13.79289321881344144, 0.000000000000000000, -10.96446609406724448 ) ) ;
#3043 = DIRECTION ( 'NONE',  ( 0.000000000000000000, 0.000000000000000000, -1.000000000000000000 ) ) ;
#3044 = CARTESIAN_POINT ( 'NONE',  ( 47.39999999999999147, 1500.000000000000000, -4.571572875253809620 ) ) ;
#3045 = LINE ( 'NONE', #3846, #1148 ) ;
#3046 = EDGE_LOOP ( 'NONE', ( #5152, #5150, #1684, #1751 ) ) ;
#3047 = CIRCLE ( 'NONE', #3297, 1.000000000000000888 ) ;
#3048 = ORIENTED_EDGE ( 'NONE', *, *, #4613, .F. ) ;
#3049 = FACE_OUTER_BOUND ( 'NONE', #730, .T. ) ;
#3050 = CALENDAR_DATE ( 2026, 3, 9 ) ;
#3051 = DIRECTION ( 'NONE',  ( -0.000000000000000000, -1.000000000000000000, -0.000000000000000000 ) ) ;
#3052 = EDGE_CURVE ( 'NONE', #2847, #3737, #2268, .T. ) ;
#3053 = ADVANCED_FACE ( 'NONE', ( #647 ), #5060, .F. ) ;
#3054 = ORIENTED_EDGE ( 'NONE', *, *, #1927, .F. ) ;
#3055 = VECTOR ( 'NONE', #3615, 1000.000000000000000 ) ;
#3056 = CARTESIAN_POINT ( 'NONE',  ( -19.00000000000000711, 0.000000000000000000, -45.10000000000000142 ) ) ;
#3057 = DIRECTION ( 'NONE',  ( 0.000000000000000000, 0.000000000000000000, -1.000000000000000000 ) ) ;
#3058 = DIRECTION ( 'NONE',  ( 9.486469554969614641E-17, 0.000000000000000000, 1.000000000000000000 ) ) ;
#3059 = VECTOR ( 'NONE', #3172, 1000.000000000000000 ) ;
#3060 = VERTEX_POINT ( 'NONE', #2694 ) ;
#3061 = CARTESIAN_POINT ( 'NONE',  ( -15.99999999999997868, 1500.000000000000000, -60.00000000000000000 ) ) ;
#3062 = EDGE_LOOP ( 'NONE', ( #3711, #2396, #1928, #1164 ) ) ;
#3063 = VERTEX_POINT ( 'NONE', #4654 ) ;
#3064 = ORIENTED_EDGE ( 'NONE', *, *, #972, .T. ) ;
#3065 = CARTESIAN_POINT ( 'NONE',  ( 35.89999999999999147, 0.000000000000000000, -56.49999999999999289 ) ) ;
#3066 = PLANE ( 'NONE',  #4885 ) ;
#3067 = VECTOR ( 'NONE', #4318, 1000.000000000000000 ) ;
#3068 = VERTEX_POINT ( 'NONE', #4229 ) ;
#3069 = LINE ( 'NONE', #1038, #2767 ) ;
#3070 = EDGE_CURVE ( 'NONE', #3491, #1810, #4882, .T. ) ;
#3071 = CYLINDRICAL_SURFACE ( 'NONE', #1622, 0.9999999999999940048 ) ;
#3072 = FACE_OUTER_BOUND ( 'NONE', #2051, .T. ) ;
#3073 = CARTESIAN_POINT ( 'NONE',  ( 45.09999999999998721, 0.000000000000000000, 19.00000000000000355 ) ) ;
#3074 = ORIENTED_EDGE ( 'NONE', *, *, #217, .T. ) ;
#3075 = ORIENTED_EDGE ( 'NONE', *, *, #3359, .T. ) ;
#3076 = DIRECTION ( 'NONE',  ( -0.000000000000000000, -1.000000000000000000, -0.000000000000000000 ) ) ;
#3077 = DIRECTION ( 'NONE',  ( 0.000000000000000000, 0.000000000000000000, -1.000000000000000000 ) ) ;
#3078 = ORIENTED_EDGE ( 'NONE', *, *, #4092, .T. ) ;
#3079 = EDGE_CURVE ( 'NONE', #1564, #3394, #4338, .T. ) ;
#3080 = ORIENTED_EDGE ( 'NONE', *, *, #3821, .F. ) ;
#3081 = FACE_OUTER_BOUND ( 'NONE', #2915, .T. ) ;
#3082 = LINE ( 'NONE', #2678, #4824 ) ;
#3083 = LINE ( 'NONE', #4185, #2710 ) ;
#3084 = CARTESIAN_POINT ( 'NONE',  ( -19.00000000000000711, 1500.000000000000000, -45.10000000000000142 ) ) ;
#3085 = ORIENTED_EDGE ( 'NONE', *, *, #4468, .F. ) ;
#3086 = ORIENTED_EDGE ( 'NONE', *, *, #3976, .T. ) ;
#3087 = ORIENTED_EDGE ( 'NONE', *, *, #3228, .T. ) ;
#3088 = DIRECTION ( 'NONE',  ( 0.7071067811865477948, 0.000000000000000000, -0.7071067811865473507 ) ) ;
#3089 = VECTOR ( 'NONE', #2334, 1000.000000000000000 ) ;
#3090 = CARTESIAN_POINT ( 'NONE',  ( -16.50000000000000355, 1500.000000000000000, -5.099999999999996092 ) ) ;
#3091 = VERTEX_POINT ( 'NONE', #1880 ) ;
#3092 = CARTESIAN_POINT ( 'NONE',  ( 21.67157287525378706, 0.000000000000000000, 15.50000000000000355 ) ) ;
#3093 = AXIS2_PLACEMENT_3D ( 'NONE', #2055, #2879, #4494 ) ;
#3094 = CARTESIAN_POINT ( 'NONE',  ( 10.25735931288071612, 0.000000000000000000, 14.50000000000000178 ) ) ;
#3095 = DIRECTION ( 'NONE',  ( -0.000000000000000000, -1.000000000000000000, -0.000000000000000000 ) ) ;
#3096 = EDGE_CURVE ( 'NONE', #4416, #3226, #5086, .T. ) ;
#3097 = ORIENTED_EDGE ( 'NONE', *, *, #2061, .F. ) ;
#3098 = ORIENTED_EDGE ( 'NONE', *, *, #2819, .T. ) ;
#3099 = ORIENTED_EDGE ( 'NONE', *, *, #5110, .T. ) ;
#3100 = DIRECTION ( 'NONE',  ( -0.7071067811865475727, 0.000000000000000000, 0.7071067811865474617 ) ) ;
#3101 = VECTOR ( 'NONE', #2741, 1000.000000000000000 ) ;
#3102 = ORIENTED_EDGE ( 'NONE', *, *, #2241, .F. ) ;
#3103 = VECTOR ( 'NONE', #318, 1000.000000000000000 ) ;
#3104 = DIRECTION ( 'NONE',  ( 1.000000000000000000, -0.000000000000000000, -0.000000000000000000 ) ) ;
#3105 = CARTESIAN_POINT ( 'NONE',  ( -19.00000000000000000, 0.000000000000000000, -35.89999999999999858 ) ) ;
#3106 = AXIS2_PLACEMENT_3D ( 'NONE', #2713, #3546, #695 ) ;
#3107 = LINE ( 'NONE', #1110, #1694 ) ;
#3108 = AXIS2_PLACEMENT_3D ( 'NONE', #2072, #26, #2902 ) ;
#3109 = CIRCLE ( 'NONE', #2004, 1.000000000000000888 ) ;
#3110 = CARTESIAN_POINT ( 'NONE',  ( 44.09999999999999432, 1500.000000000000000, -56.49999999999999289 ) ) ;
#3111 = VERTEX_POINT ( 'NONE', #2236 ) ;
#3112 = ORIENTED_EDGE ( 'NONE', *, *, #1567, .T. ) ;
#3113 = DIRECTION ( 'NONE',  ( -0.7071067811865473507, 0.000000000000000000, -0.7071067811865477948 ) ) ;
#3114 = LINE ( 'NONE', #1543, #4199 ) ;
#3115 = EDGE_CURVE ( 'NONE', #3899, #3650, #4961, .T. ) ;
#3116 = VERTEX_POINT ( 'NONE', #1472 ) ;
#3117 = ADVANCED_FACE ( 'NONE', ( #989 ), #1822, .F. ) ;
#3118 = DIRECTION ( 'NONE',  ( 0.000000000000000000, 0.000000000000000000, 1.000000000000000000 ) ) ;
#3119 = VECTOR ( 'NONE', #1282, 1000.000000000000000 ) ;
#3120 = CARTESIAN_POINT ( 'NONE',  ( 53.79289321881342545, 0.000000000000000000, -50.96446609406724093 ) ) ;
#3121 = DIRECTION ( 'NONE',  ( -0.000000000000000000, -1.000000000000000000, -0.000000000000000000 ) ) ;
#3122 = ORIENTED_EDGE ( 'NONE', *, *, #4763, .T. ) ;
#3123 = VECTOR ( 'NONE', #2208, 1000.000000000000000 ) ;
#3124 = ORIENTED_EDGE ( 'NONE', *, *, #4559, .F. ) ;
#3125 = EDGE_CURVE ( 'NONE', #3770, #1594, #1422, .T. ) ;
#3126 = FACE_OUTER_BOUND ( 'NONE', #1906, .T. ) ;
#3127 = DIRECTION ( 'NONE',  ( 0.000000000000000000, 1.000000000000000000, 0.000000000000000000 ) ) ;
#3128 = ORIENTED_EDGE ( 'NONE', *, *, #4391, .F. ) ;
#3129 = CARTESIAN_POINT ( 'NONE',  ( -6.938893903907228378E-15, 1500.000000000000000, 0.000000000000000000 ) ) ;
#3130 = LINE ( 'NONE', #4745, #2338 ) ;
#3131 = EDGE_CURVE ( 'NONE', #4838, #361, #3925, .T. ) ;
#3132 = CARTESIAN_POINT ( 'NONE',  ( 58.99999999999998579, 0.000000000000000000, -35.89999999999999858 ) ) ;
#3133 = DIRECTION ( 'NONE',  ( 0.000000000000000000, 0.000000000000000000, -1.000000000000000000 ) ) ;
#3134 = ORIENTED_EDGE ( 'NONE', *, *, #4439, .F. ) ;
#3135 = EDGE_LOOP ( 'NONE', ( #5240, #1202, #4691, #1157 ) ) ;
#3136 = VERTEX_POINT ( 'NONE', #1072 ) ;
#3137 = VECTOR ( 'NONE', #1780, 1000.000000000000000 ) ;
#3138 = DIRECTION ( 'NONE',  ( -0.000000000000000000, -1.000000000000000000, -0.000000000000000000 ) ) ;
#3139 = CARTESIAN_POINT ( 'NONE',  ( 35.89999999999999147, 0.000000000000000000, 18.99999999999999645 ) ) ;
#3140 = ORIENTED_EDGE ( 'NONE', *, *, #1561, .T. ) ;
#3141 = ADVANCED_FACE ( 'NONE', ( #4314 ), #270, .F. ) ;
#3142 = DIRECTION ( 'NONE',  ( -0.000000000000000000, -1.000000000000000000, -0.000000000000000000 ) ) ;
#3143 = VECTOR ( 'NONE', #2891, 1000.000000000000000 ) ;
#3144 = CARTESIAN_POINT ( 'NONE',  ( 50.96446609406724093, 1500.000000000000000, 13.79289321881343433 ) ) ;
#3145 = VECTOR ( 'NONE', #1714, 1000.000000000000000 ) ;
#3146 = DIRECTION ( 'NONE',  ( -0.000000000000000000, -1.000000000000000000, -0.000000000000000000 ) ) ;
#3147 = VERTEX_POINT ( 'NONE', #3525 ) ;
#3148 = EDGE_LOOP ( 'NONE', ( #5138, #4932, #5195, #1007 ) ) ;
#3149 = VECTOR ( 'NONE', #3651, 1000.000000000000000 ) ;
#3150 = CARTESIAN_POINT ( 'NONE',  ( 58.99999999999998579, 0.000000000000000000, -44.10000000000000142 ) ) ;
#3151 = DIRECTION ( 'NONE',  ( -0.000000000000000000, -1.000000000000000000, -0.000000000000000000 ) ) ;
#3152 = CARTESIAN_POINT ( 'NONE',  ( 44.57157287525380696, 0.000000000000000000, 7.399999999999998579 ) ) ;
#3153 = VERTEX_POINT ( 'NONE', #4255 ) ;
#3154 = FACE_BOUND ( 'NONE', #2686, .T. ) ;
#3155 = CARTESIAN_POINT ( 'NONE',  ( 55.99999999999997158, 1500.000000000000000, -60.00000000000000000 ) ) ;
#3156 = ADVANCED_FACE ( 'NONE', ( #5135 ), #4736, .F. ) ;
#3157 = DIRECTION ( 'NONE',  ( 1.000000000000000000, -0.000000000000000000, 3.469446951953620598E-16 ) ) ;
#3158 = VERTEX_POINT ( 'NONE', #1547 ) ;
#3159 = DIRECTION ( 'NONE',  ( -0.000000000000000000, -1.000000000000000000, -0.000000000000000000 ) ) ;
#3160 = ORIENTED_EDGE ( 'NONE', *, *, #4698, .F. ) ;
#3161 = CARTESIAN_POINT ( 'NONE',  ( 55.50000000000000000, 1500.000000000000000, -18.32842712474619162 ) ) ;
#3162 = CARTESIAN_POINT ( 'NONE',  ( 21.67157287525378706, 1500.000000000000000, -55.50000000000000711 ) ) ;
#3163 = ORIENTED_EDGE ( 'NONE', *, *, #4686, .F. ) ;
#3164 = CARTESIAN_POINT ( 'NONE',  ( -10.25735931288072322, 1500.000000000000000, -54.50000000000000711 ) ) ;
#3165 = CARTESIAN_POINT ( 'NONE',  ( 44.57157287525380696, 0.000000000000000000, 7.399999999999998579 ) ) ;
#3166 = CC_DESIGN_DATE_AND_TIME_ASSIGNMENT ( #1748, #3022, ( #1111 ) ) ;
#3167 = DIRECTION ( 'NONE',  ( 1.000000000000000000, 0.000000000000000000, -0.000000000000000000 ) ) ;
#3168 = VERTEX_POINT ( 'NONE', #4438 ) ;
#3169 = CIRCLE ( 'NONE', #2831, 1.000000000000000888 ) ;
#3170 = ORIENTED_EDGE ( 'NONE', *, *, #2476, .T. ) ;
#3171 = ORIENTED_EDGE ( 'NONE', *, *, #4973, .F. ) ;
#3172 = DIRECTION ( 'NONE',  ( 1.000000000000000000, -0.000000000000000000, -0.000000000000000000 ) ) ;
#3173 = CARTESIAN_POINT ( 'NONE',  ( 29.03553390593274841, 0.000000000000000000, -53.79289321881343966 ) ) ;
#3174 = CARTESIAN_POINT ( 'NONE',  ( 7.399999999999996803, 1500.000000000000000, 4.571572875253806956 ) ) ;
#3175 = ADVANCED_FACE ( 'NONE', ( #722 ), #4463, .F. ) ;
#3176 = ORIENTED_EDGE ( 'NONE', *, *, #281, .F. ) ;
#3177 = CARTESIAN_POINT ( 'NONE',  ( 58.99999999999998579, 1500.000000000000000, -4.099999999999996092 ) ) ;
#3178 = EDGE_CURVE ( 'NONE', #4561, #2651, #3955, .T. ) ;
#3179 = DIRECTION ( 'NONE',  ( 0.000000000000000000, 0.000000000000000000, 1.000000000000000000 ) ) ;
#3180 = AXIS2_PLACEMENT_3D ( 'NONE', #2209, #3897, #619 ) ;
#3181 = CYLINDRICAL_SURFACE ( 'NONE', #679, 1.000000000000007772 ) ;
#3182 = ORIENTED_EDGE ( 'NONE', *, *, #4585, .F. ) ;
#3183 = ORIENTED_EDGE ( 'NONE', *, *, #4208, .T. ) ;
#3184 = AXIS2_PLACEMENT_3D ( 'NONE', #1326, #4507, #2866 ) ;
#3185 = ORIENTED_EDGE ( 'NONE', *, *, #719, .F. ) ;
#3186 = CARTESIAN_POINT ( 'NONE',  ( 4.571572875253802515, 0.000000000000000000, -47.39999999999999147 ) ) ;
#3187 = EDGE_CURVE ( 'NONE', #2157, #3060, #4790, .T. ) ;
#3188 = CARTESIAN_POINT ( 'NONE',  ( -10.25735931288070013, 0.000000000000000000, 15.50000000000000355 ) ) ;
#3189 = CIRCLE ( 'NONE', #3880, 4.000000000000000000 ) ;
#3190 = VECTOR ( 'NONE', #3233, 1000.000000000000000 ) ;
#3191 = ORIENTED_EDGE ( 'NONE', *, *, #1159, .F. ) ;
#3192 = VECTOR ( 'NONE', #658, 1000.000000000000000 ) ;
#3193 = LINE ( 'NONE', #4460, #3712 ) ;
#3194 = ORIENTED_EDGE ( 'NONE', *, *, #4809, .T. ) ;
#3195 = ADVANCED_FACE ( 'NONE', ( #1521 ), #4869, .T. ) ;
#3196 = EDGE_CURVE ( 'NONE', #1816, #951, #1059, .T. ) ;
#3197 = CARTESIAN_POINT ( 'NONE',  ( -15.50000000000000000, 1500.000000000000000, -34.89999999999998437 ) ) ;
#3198 = DIRECTION ( 'NONE',  ( 0.000000000000000000, 0.000000000000000000, -1.000000000000000000 ) ) ;
#3199 = VERTEX_POINT ( 'NONE', #4068 ) ;
#3200 = VERTEX_POINT ( 'NONE', #1975 ) ;
#3201 = ORIENTED_EDGE ( 'NONE', *, *, #915, .T. ) ;
#3202 = CARTESIAN_POINT ( 'NONE',  ( 53.79289321881343255, 0.000000000000000000, -10.96446609406724448 ) ) ;
#3203 = LINE ( 'NONE', #2454, #2405 ) ;
#3204 = VECTOR ( 'NONE', #5133, 1000.000000000000000 ) ;
#3205 = DIRECTION ( 'NONE',  ( -1.000000000000000000, 0.000000000000000000, 0.000000000000000000 ) ) ;
#3206 = AXIS2_PLACEMENT_3D ( 'NONE', #3338, #4954, #11 ) ;
#3207 = ORIENTED_EDGE ( 'NONE', *, *, #2035, .F. ) ;
#3208 = LINE ( 'NONE', #3956, #3377 ) ;
#3209 = EDGE_CURVE ( 'NONE', #3674, #4870, #207, .T. ) ;
#3210 = EDGE_CURVE ( 'NONE', #4690, #2389, #3249, .T. ) ;
#3211 = CYLINDRICAL_SURFACE ( 'NONE', #1180, 1.000000000000000000 ) ;
#3212 = EDGE_CURVE ( 'NONE', #2107, #4379, #2825, .T. ) ;
#3213 = DIRECTION ( 'NONE',  ( 0.000000000000000000, 0.000000000000000000, -1.000000000000000000 ) ) ;
#3214 = ORIENTED_EDGE ( 'NONE', *, *, #5212, .F. ) ;
#3215 = EDGE_LOOP ( 'NONE', ( #1705, #3423, #161, #227 ) ) ;
#3216 = VECTOR ( 'NONE', #1401, 1000.000000000000000 ) ;
#3217 = DIRECTION ( 'NONE',  ( 0.000000000000000000, 1.000000000000000000, -0.000000000000000000 ) ) ;
#3218 = DIRECTION ( 'NONE',  ( 0.000000000000000000, 0.000000000000000000, -1.000000000000000000 ) ) ;
#3219 = ORIENTED_EDGE ( 'NONE', *, *, #268, .F. ) ;
#3220 = DIRECTION ( 'NONE',  ( -0.000000000000000000, -1.000000000000000000, -0.000000000000000000 ) ) ;
#3221 = AXIS2_PLACEMENT_3D ( 'NONE', #4057, #1347, #1325 ) ;
#3222 = EDGE_LOOP ( 'NONE', ( #3985, #1138, #797, #3439 ) ) ;
#3223 = CARTESIAN_POINT ( 'NONE',  ( 5.099999999999999645, 0.000000000000000000, -55.50000000000000711 ) ) ;
#3224 = AXIS2_PLACEMENT_3D ( 'NONE', #598, #4180, #2215 ) ;
#3225 = CARTESIAN_POINT ( 'NONE',  ( -15.50000000000000711, 1500.000000000000000, -21.67157287525380482 ) ) ;
#3226 = VERTEX_POINT ( 'NONE', #2000 ) ;
#3227 = ORIENTED_EDGE ( 'NONE', *, *, #4702, .T. ) ;
#3228 = EDGE_CURVE ( 'NONE', #3855, #2275, #3631, .T. ) ;
#3229 = ORIENTED_EDGE ( 'NONE', *, *, #2778, .F. ) ;
#3230 = AXIS2_PLACEMENT_3D ( 'NONE', #4528, #2439, #41 ) ;
#3231 = CARTESIAN_POINT ( 'NONE',  ( 29.03553390593274841, 1500.000000000000000, -53.79289321881343966 ) ) ;
#3232 = CARTESIAN_POINT ( 'NONE',  ( -6.938893903907228378E-15, 1500.000000000000000, 0.000000000000000000 ) ) ;
#3233 = DIRECTION ( 'NONE',  ( -0.7071067811865481278, 0.000000000000000000, -0.7071067811865470176 ) ) ;
#3234 = EDGE_LOOP ( 'NONE', ( #2402, #2467, #4020, #1917 ) ) ;
#3235 = CIRCLE ( 'NONE', #2976, 1.000000000000000000 ) ;
#3236 = DIRECTION ( 'NONE',  ( -7.245177780952319570E-17, 0.000000000000000000, -1.000000000000000000 ) ) ;
#3237 = CARTESIAN_POINT ( 'NONE',  ( 39.99999999999999289, 1500.000000000000000, -36.59999999999999432 ) ) ;
#3238 = EDGE_CURVE ( 'NONE', #1393, #1626, #1953, .T. ) ;
#3239 = DIRECTION ( 'NONE',  ( 0.000000000000000000, 0.000000000000000000, -1.000000000000000000 ) ) ;
#3240 = VERTEX_POINT ( 'NONE', #2393 ) ;
#3241 = ORIENTED_EDGE ( 'NONE', *, *, #1460, .F. ) ;
#3242 = DIRECTION ( 'NONE',  ( -1.000000000000000000, 0.000000000000000000, 0.000000000000000000 ) ) ;
#3243 = CARTESIAN_POINT ( 'NONE',  ( -5.100000000000006750, 1500.000000000000000, -56.50000000000000711 ) ) ;
#3244 = EDGE_LOOP ( 'NONE', ( #319, #4974, #5266, #3170 ) ) ;
#3245 = DIRECTION ( 'NONE',  ( -0.7071067811865472397, -0.000000000000000000, 0.7071067811865479058 ) ) ;
#3246 = ORIENTED_EDGE ( 'NONE', *, *, #1095, .T. ) ;
#3247 = AXIS2_PLACEMENT_3D ( 'NONE', #3617, #760, #3133 ) ;
#3248 = DIRECTION ( 'NONE',  ( -0.000000000000000000, -1.000000000000000000, -0.000000000000000000 ) ) ;
#3249 = LINE ( 'NONE', #2796, #3357 ) ;
#3250 = ORIENTED_EDGE ( 'NONE', *, *, #1236, .F. ) ;
#3251 = ORIENTED_EDGE ( 'NONE', *, *, #5254, .F. ) ;
#3252 = EDGE_CURVE ( 'NONE', #4727, #5164, #1662, .T. ) ;
#3253 = DIRECTION ( 'NONE',  ( -0.000000000000000000, -1.000000000000000000, -0.000000000000000000 ) ) ;
#3254 = DIRECTION ( 'NONE',  ( 0.000000000000000000, 1.000000000000000000, 0.000000000000000000 ) ) ;
#3255 = AXIS2_PLACEMENT_3D ( 'NONE', #2287, #1439, #3890 ) ;
#3256 = DIRECTION ( 'NONE',  ( -0.000000000000000000, -1.000000000000000000, 0.000000000000000000 ) ) ;
#3257 = ORIENTED_EDGE ( 'NONE', *, *, #928, .T. ) ;
#3258 = CARTESIAN_POINT ( 'NONE',  ( -4.571572875253814949, 1500.000000000000000, -7.400000000000002132 ) ) ;
#3259 = CIRCLE ( 'NONE', #2835, 3.399999999999999467 ) ;
#3260 = APPROVAL_ROLE ( '' ) ;
#3261 = EDGE_CURVE ( 'NONE', #2827, #3336, #2159, .T. ) ;
#3262 = EDGE_CURVE ( 'NONE', #3068, #1978, #1999, .T. ) ;
#3263 = CARTESIAN_POINT ( 'NONE',  ( 47.39999999999999147, 1500.000000000000000, 4.571572875253811397 ) ) ;
#3264 = CARTESIAN_POINT ( 'NONE',  ( 5.099999999999993427, 1500.000000000000000, 19.00000000000000355 ) ) ;
#3265 = ORIENTED_EDGE ( 'NONE', *, *, #1911, .F. ) ;
#3266 = CARTESIAN_POINT ( 'NONE',  ( 56.49999999999999289, 1500.000000000000000, -45.10000000000000142 ) ) ;
#3267 = DIRECTION ( 'NONE',  ( 0.000000000000000000, 1.000000000000000000, 0.000000000000000000 ) ) ;
#3268 = ORIENTED_EDGE ( 'NONE', *, *, #537, .F. ) ;
#3269 = DIRECTION ( 'NONE',  ( -0.7071067811865475727, -0.000000000000000000, 0.7071067811865474617 ) ) ;
#3270 = VECTOR ( 'NONE', #3121, 1000.000000000000000 ) ;
#3271 = DIRECTION ( 'NONE',  ( 1.000000000000000000, 0.000000000000000000, 0.000000000000000000 ) ) ;
#3272 = EDGE_CURVE ( 'NONE', #1564, #4773, #1175, .T. ) ;
#3273 = VECTOR ( 'NONE', #4676, 999.9999999999998863 ) ;
#3274 = CARTESIAN_POINT ( 'NONE',  ( 44.57157287525380696, 0.000000000000000000, -47.39999999999999147 ) ) ;
#3275 = EDGE_CURVE ( 'NONE', #381, #4581, #4759, .T. ) ;
#3276 = DIRECTION ( 'NONE',  ( -0.7071067811865470176, 0.000000000000000000, -0.7071067811865480168 ) ) ;
#3277 = ADVANCED_FACE ( 'NONE', ( #5245 ), #3657, .F. ) ;
#3278 = ORIENTED_EDGE ( 'NONE', *, *, #609, .T. ) ;
#3279 = VECTOR ( 'NONE', #2303, 1000.000000000000000 ) ;
#3280 = EDGE_LOOP ( 'NONE', ( #1327, #373, #4076, #4925, #4397, #240, #5043, #1916, #691, #3893, #1125, #312, #3668, #125, #1026, #1435, #4350, #1170, #3016, #4847, #3048, #2227, #467, #1881, #1960, #1579, #2297, #1363, #1089, #2145, #636, #3097, #4872, #4316, #713, #4384, #1339, #2987, #5204, #3214, #1730, #425, #1398, #398, #420, #5062, #315, #111, #4043, #1524, #562, #3887, #3954, #787, #770, #1713, #1744, #5215, #4317, #4007, #878, #4217, #4125, #3102, #2599, #1991, #223, #4405, #3191, #5163, #182, #1935, #87, #3134, #1385, #557, #911, #2121, #4634, #949, #2826, #2554, #4963, #3633, #791, #918, #1549, #2284, #2001, #5127, #236, #2751, #5216, #1771, #2344, #46, #1031, #860, #700, #2546, #140, #3612, #4840, #749, #1303, #2953, #3647, #1099, #4616, #2216, #2002, #1668, #1417, #3758, #367, #2721, #2655, #3659, #4060, #4703, #991, #3448, #266, #1894 ) ) ;
#3281 = LINE ( 'NONE', #2878, #2299 ) ;
#3282 = DIRECTION ( 'NONE',  ( -0.000000000000000000, -1.000000000000000000, -0.000000000000000000 ) ) ;
#3283 = DIRECTION ( 'NONE',  ( 0.000000000000000000, 1.000000000000000000, 0.000000000000000000 ) ) ;
#3284 = ORIENTED_EDGE ( 'NONE', *, *, #3125, .F. ) ;
#3285 = ORIENTED_EDGE ( 'NONE', *, *, #3343, .T. ) ;
#3286 = PLANE ( 'NONE',  #4812 ) ;
#3287 = EDGE_CURVE ( 'NONE', #1947, #2827, #4362, .T. ) ;
#3288 = LINE ( 'NONE', #4525, #4668 ) ;
#3289 = ADVANCED_FACE ( 'NONE', ( #4892 ), #4196, .F. ) ;
#3290 = LINE ( 'NONE', #1644, #321 ) ;
#3291 = AXIS2_PLACEMENT_3D ( 'NONE', #708, #5172, #1080 ) ;
#3292 = CARTESIAN_POINT ( 'NONE',  ( 35.89999999999999147, 1500.000000000000000, 16.50000000000001066 ) ) ;
#3293 = EDGE_CURVE ( 'NONE', #3632, #3116, #4488, .T. ) ;
#3294 = LINE ( 'NONE', #920, #65 ) ;
#3295 = CYLINDRICAL_SURFACE ( 'NONE', #2535, 1.000000000000000000 ) ;
#3296 = DIRECTION ( 'NONE',  ( 0.000000000000000000, 0.000000000000000000, 1.000000000000000000 ) ) ;
#3297 = AXIS2_PLACEMENT_3D ( 'NONE', #5209, #1995, #2870 ) ;
#3298 = ORIENTED_EDGE ( 'NONE', *, *, #3443, .T. ) ;
#3299 = LINE ( 'NONE', #2122, #2264 ) ;
#3300 = CARTESIAN_POINT ( 'NONE',  ( -7.400000000000003908, 1500.000000000000000, -35.42842712474618594 ) ) ;
#3301 = DIRECTION ( 'NONE',  ( 0.000000000000000000, 0.000000000000000000, -1.000000000000000000 ) ) ;
#3302 = DIRECTION ( 'NONE',  ( -0.000000000000000000, -1.000000000000000000, -0.000000000000000000 ) ) ;
#3303 = EDGE_CURVE ( 'NONE', #3116, #773, #2927, .T. ) ;
#3304 = ORIENTED_EDGE ( 'NONE', *, *, #3209, .F. ) ;
#3305 = AXIS2_PLACEMENT_3D ( 'NONE', #1261, #4931, #2038 ) ;
#3306 = VERTEX_POINT ( 'NONE', #2126 ) ;
#3307 = CIRCLE ( 'NONE', #76, 1.000000000000000888 ) ;
#3308 = PLANE ( 'NONE',  #4331 ) ;
#3309 = CARTESIAN_POINT ( 'NONE',  ( 47.39999999999999147, 0.000000000000000000, 4.571572875253811397 ) ) ;
#3310 = DIRECTION ( 'NONE',  ( 0.000000000000000000, 0.000000000000000000, -1.000000000000000000 ) ) ;
#3311 = ORIENTED_EDGE ( 'NONE', *, *, #3937, .T. ) ;
#3312 = VERTEX_POINT ( 'NONE', #1250 ) ;
#3313 = CARTESIAN_POINT ( 'NONE',  ( -20.00000000000000711, 1500.000000000000000, 15.99999999999997691 ) ) ;
#3314 = APPLICATION_PROTOCOL_DEFINITION ( 'international standard', 'config_control_design', 1994, #2800 ) ;
#3315 = VECTOR ( 'NONE', #3896, 1000.000000000000000 ) ;
#3316 = CARTESIAN_POINT ( 'NONE',  ( 55.49999999999998579, 1500.000000000000000, -34.89999999999998437 ) ) ;
#3317 = AXIS2_PLACEMENT_3D ( 'NONE', #1313, #4424, #2406 ) ;
#3318 = EDGE_LOOP ( 'NONE', ( #3183, #1954, #3563, #4215 ) ) ;
#3319 = CARTESIAN_POINT ( 'NONE',  ( 39.99999999999999289, 1500.000000000000000, 3.399999999999999023 ) ) ;
#3320 = DIRECTION ( 'NONE',  ( -0.7071067811865472397, 0.000000000000000000, -0.7071067811865479058 ) ) ;
#3321 = CARTESIAN_POINT ( 'NONE',  ( -14.50000000000000000, 1500.000000000000000, -50.25735931288070901 ) ) ;
#3322 = ADVANCED_FACE ( 'NONE', ( #4945 ), #2101, .F. ) ;
#3323 = DIRECTION ( 'NONE',  ( 0.000000000000000000, 0.000000000000000000, -1.000000000000000000 ) ) ;
#3324 = ORIENTED_EDGE ( 'NONE', *, *, #2589, .T. ) ;
#3325 = ORIENTED_EDGE ( 'NONE', *, *, #3037, .T. ) ;
#3326 = DIRECTION ( 'NONE',  ( -1.000000000000000000, 0.000000000000000000, 0.000000000000000000 ) ) ;
#3327 = PLANE ( 'NONE',  #1729 ) ;
#3328 = CARTESIAN_POINT ( 'NONE',  ( 39.99999999999999289, 0.000000000000000000, -36.59999999999999432 ) ) ;
#3329 = CARTESIAN_POINT ( 'NONE',  ( 39.99999999999999289, 1500.000000000000000, -39.99999999999999289 ) ) ;
#3330 = ORIENTED_EDGE ( 'NONE', *, *, #776, .F. ) ;
#3331 = ORIENTED_EDGE ( 'NONE', *, *, #5095, .T. ) ;
#3332 = CC_DESIGN_PERSON_AND_ORGANIZATION_ASSIGNMENT ( #2537, #1367, ( #106 ) ) ;
#3333 = DIRECTION ( 'NONE',  ( 1.000000000000000000, 0.000000000000000000, -0.000000000000000000 ) ) ;
#3334 = CYLINDRICAL_SURFACE ( 'NONE', #4697, 1.000000000000007772 ) ;
#3335 = CARTESIAN_POINT ( 'NONE',  ( -16.50000000000000355, 1500.000000000000000, 5.100000000000003197 ) ) ;
#3336 = VERTEX_POINT ( 'NONE', #1274 ) ;
#3337 = ORIENTED_EDGE ( 'NONE', *, *, #4831, .T. ) ;
#3338 = CARTESIAN_POINT ( 'NONE',  ( 10.25735931288071612, 1500.000000000000000, 14.50000000000000178 ) ) ;
#3339 = CARTESIAN_POINT ( 'NONE',  ( -13.79289321881344144, 1500.000000000000000, -10.96446609406724448 ) ) ;
#3340 = AXIS2_PLACEMENT_3D ( 'NONE', #4730, #580, #1870 ) ;
#3341 = CARTESIAN_POINT ( 'NONE',  ( 47.39999999999999147, 1500.000000000000000, 4.571572875253811397 ) ) ;
#3342 = EDGE_CURVE ( 'NONE', #2169, #2171, #5140, .T. ) ;
#3343 = EDGE_CURVE ( 'NONE', #4364, #3842, #1065, .T. ) ;
#3344 = ORIENTED_EDGE ( 'NONE', *, *, #4401, .T. ) ;
#3345 = VECTOR ( 'NONE', #2830, 1000.000000000000000 ) ;
#3346 = CARTESIAN_POINT ( 'NONE',  ( -5.100000000000006750, 1500.000000000000000, -56.50000000000000711 ) ) ;
#3347 = DIRECTION ( 'NONE',  ( 0.000000000000000000, 0.000000000000000000, 1.000000000000000000 ) ) ;
#3348 = CARTESIAN_POINT ( 'NONE',  ( 59.00000000000000000, 1500.000000000000000, -5.099999999999996092 ) ) ;
#3349 = DIRECTION ( 'NONE',  ( 0.000000000000000000, 1.000000000000000000, -0.000000000000000000 ) ) ;
#3350 = ORIENTED_EDGE ( 'NONE', *, *, #2489, .T. ) ;
#3351 = VERTEX_POINT ( 'NONE', #2177 ) ;
#3352 = LINE ( 'NONE', #156, #3889 ) ;
#3353 = ADVANCED_FACE ( 'NONE', ( #446 ), #1302, .T. ) ;
#3354 = CARTESIAN_POINT ( 'NONE',  ( 7.399999999999997691, 1500.000000000000000, -7.400000000000003908 ) ) ;
#3355 = DIRECTION ( 'NONE',  ( 0.000000000000000000, 0.000000000000000000, 1.000000000000000000 ) ) ;
#3356 = CARTESIAN_POINT ( 'NONE',  ( 58.99999999999998579, 1500.000000000000000, -35.89999999999999858 ) ) ;
#3357 = VECTOR ( 'NONE', #1200, 1000.000000000000000 ) ;
#3358 = ORIENTED_EDGE ( 'NONE', *, *, #3554, .T. ) ;
#3359 = EDGE_CURVE ( 'NONE', #805, #3789, #2850, .T. ) ;
#3360 = EDGE_CURVE ( 'NONE', #1257, #1994, #52, .T. ) ;
#3361 = CIRCLE ( 'NONE', #1063, 1.000000000000000888 ) ;
#3362 = VECTOR ( 'NONE', #499, 1000.000000000000000 ) ;
#3363 = DIRECTION ( 'NONE',  ( -0.000000000000000000, -1.000000000000000000, -0.000000000000000000 ) ) ;
#3364 = CARTESIAN_POINT ( 'NONE',  ( 29.03553390593274131, 1500.000000000000000, 13.79289321881343788 ) ) ;
#3365 = CARTESIAN_POINT ( 'NONE',  ( -13.79289321881344144, 1500.000000000000000, -29.03553390593274841 ) ) ;
#3366 = ORIENTED_EDGE ( 'NONE', *, *, #2785, .T. ) ;
#3367 = AXIS2_PLACEMENT_3D ( 'NONE', #2805, #2350, #4421 ) ;
#3368 = ORIENTED_EDGE ( 'NONE', *, *, #5070, .F. ) ;
#3369 = AXIS2_PLACEMENT_3D ( 'NONE', #3656, #3248, #294 ) ;
#3370 = DIRECTION ( 'NONE',  ( -1.000000000000000000, 0.000000000000000000, 2.690870844145796293E-15 ) ) ;
#3371 = APPROVAL_ROLE ( '' ) ;
#3372 = DIRECTION ( 'NONE',  ( 1.000000000000000000, 0.000000000000000000, 0.000000000000000000 ) ) ;
#3373 = ORIENTED_EDGE ( 'NONE', *, *, #3543, .F. ) ;
#3374 = ADVANCED_FACE ( 'NONE', ( #1683 ), #2151, .T. ) ;
#3375 = CARTESIAN_POINT ( 'NONE',  ( -15.50000000000000355, 1500.000000000000000, -45.10000000000000853 ) ) ;
#3376 = DIRECTION ( 'NONE',  ( 0.000000000000000000, 0.000000000000000000, -1.000000000000000000 ) ) ;
#3377 = VECTOR ( 'NONE', #4003, 1000.000000000000000 ) ;
#3378 = ADVANCED_FACE ( 'NONE', ( #4513 ), #4145, .T. ) ;
#3379 = FACE_OUTER_BOUND ( 'NONE', #1412, .T. ) ;
#3380 = CYLINDRICAL_SURFACE ( 'NONE', #2938, 0.9999999999999974465 ) ;
#3381 = VECTOR ( 'NONE', #164, 1000.000000000000000 ) ;
#3382 = ORIENTED_EDGE ( 'NONE', *, *, #5227, .F. ) ;
#3383 = EDGE_LOOP ( 'NONE', ( #298, #134, #193, #1691 ) ) ;
#3384 = DIRECTION ( 'NONE',  ( 1.000000000000000000, 0.000000000000000000, -2.690870844145801815E-15 ) ) ;
#3385 = DIRECTION ( 'NONE',  ( 1.000000000000000000, -0.000000000000000000, 9.486469554969615873E-17 ) ) ;
#3386 = FACE_OUTER_BOUND ( 'NONE', #998, .T. ) ;
#3387 = CARTESIAN_POINT ( 'NONE',  ( -15.50000000000000000, 1500.000000000000000, -34.89999999999998437 ) ) ;
#3388 = ORIENTED_EDGE ( 'NONE', *, *, #5221, .T. ) ;
#3389 = CYLINDRICAL_SURFACE ( 'NONE', #4580, 3.999999999999996447 ) ;
#3390 = LINE ( 'NONE', #5003, #3604 ) ;
#3391 = DIRECTION ( 'NONE',  ( 0.000000000000000000, 0.000000000000000000, -1.000000000000000000 ) ) ;
#3392 = ADVANCED_FACE ( 'NONE', ( #79 ), #1711, .F. ) ;
#3393 = EDGE_LOOP ( 'NONE', ( #3874, #523, #4002, #4063 ) ) ;
#3394 = VERTEX_POINT ( 'NONE', #903 ) ;
#3395 = CARTESIAN_POINT ( 'NONE',  ( -14.50000000000000533, 1500.000000000000000, -29.74264068711928033 ) ) ;
#3396 = AXIS2_PLACEMENT_3D ( 'NONE', #3405, #4666, #5020 ) ;
#3397 = CIRCLE ( 'NONE', #2043, 3.999999999999996447 ) ;
#3398 = APPROVAL_DATE_TIME ( #3453, #792 ) ;
#3399 = PLANE ( 'NONE',  #583 ) ;
#3400 = VECTOR ( 'NONE', #3320, 1000.000000000000000 ) ;
#3401 = EDGE_LOOP ( 'NONE', ( #4390, #22, #3570, #3033 ) ) ;
#3402 = LINE ( 'NONE', #4609, #2718 ) ;
#3403 = CARTESIAN_POINT ( 'NONE',  ( 5.099999999999993427, 1500.000000000000000, -59.00000000000000000 ) ) ;
#3404 = AXIS2_PLACEMENT_3D ( 'NONE', #5044, #4183, #2277 ) ;
#3405 = CARTESIAN_POINT ( 'NONE',  ( 34.89999999999999147, 1500.000000000000000, 16.50000000000000355 ) ) ;
#3406 = AXIS2_PLACEMENT_3D ( 'NONE', #1277, #2905, #875 ) ;
#3407 = CARTESIAN_POINT ( 'NONE',  ( 5.099999999999992539, 1500.000000000000000, -56.50000000000000711 ) ) ;
#3408 = ORIENTED_EDGE ( 'NONE', *, *, #739, .F. ) ;
#3409 = DIRECTION ( 'NONE',  ( -0.000000000000000000, -1.000000000000000000, -0.000000000000000000 ) ) ;
#3410 = ORIENTED_EDGE ( 'NONE', *, *, #2603, .T. ) ;
#3411 = VECTOR ( 'NONE', #5186, 1000.000000000000000 ) ;
#3412 = DIRECTION ( 'NONE',  ( -0.7071067811865477948, 0.000000000000000000, -0.7071067811865473507 ) ) ;
#3413 =( GEOMETRIC_REPRESENTATION_CONTEXT ( 3 ) GLOBAL_UNCERTAINTY_ASSIGNED_CONTEXT ( ( #4071 ) ) GLOBAL_UNIT_ASSIGNED_CONTEXT ( ( #858, #36, #1643 ) ) REPRESENTATION_CONTEXT ( 'NONE', 'WORKASPACE' ) );
#3414 = DIRECTION ( 'NONE',  ( -3.363588555182254733E-16, 0.000000000000000000, 1.000000000000000000 ) ) ;
#3415 = CYLINDRICAL_SURFACE ( 'NONE', #4033, 0.9999999999999991118 ) ;
#3416 = EDGE_CURVE ( 'NONE', #2770, #2782, #4972, .T. ) ;
#3417 = CARTESIAN_POINT ( 'NONE',  ( 44.57157287525380696, 1500.000000000000000, -47.39999999999999147 ) ) ;
#3418 = ORIENTED_EDGE ( 'NONE', *, *, #1945, .T. ) ;
#3419 = FACE_OUTER_BOUND ( 'NONE', #2733, .T. ) ;
#3420 = DIRECTION ( 'NONE',  ( 1.000000000000000000, 0.000000000000000000, 1.897293910993923175E-16 ) ) ;
#3421 = CYLINDRICAL_SURFACE ( 'NONE', #2846, 1.000000000000000000 ) ;
#3422 = ORIENTED_EDGE ( 'NONE', *, *, #845, .F. ) ;
#3423 = ORIENTED_EDGE ( 'NONE', *, *, #1489, .F. ) ;
#3424 = DIRECTION ( 'NONE',  ( 7.245177780952319570E-17, -0.000000000000000000, 1.000000000000000000 ) ) ;
#3425 = EDGE_CURVE ( 'NONE', #3481, #1816, #933, .T. ) ;
#3426 = CARTESIAN_POINT ( 'NONE',  ( 60.00000000000000000, 1500.000000000000000, -55.99999999999997868 ) ) ;
#3427 = VECTOR ( 'NONE', #3862, 1000.000000000000000 ) ;
#3428 = ORIENTED_EDGE ( 'NONE', *, *, #3096, .T. ) ;
#3429 = DIRECTION ( 'NONE',  ( -0.000000000000000000, -1.000000000000000000, -0.000000000000000000 ) ) ;
#3430 = LINE ( 'NONE', #2218, #893 ) ;
#3431 = EDGE_CURVE ( 'NONE', #2769, #1810, #4593, .T. ) ;
#3432 = EDGE_CURVE ( 'NONE', #1115, #4515, #2422, .T. ) ;
#3433 = CARTESIAN_POINT ( 'NONE',  ( 5.099999999999993427, 0.000000000000000000, -60.00000000000000000 ) ) ;
#3434 = CARTESIAN_POINT ( 'NONE',  ( -6.938893903907228378E-15, 1500.000000000000000, -39.99999999999999289 ) ) ;
#3435 = VECTOR ( 'NONE', #5076, 1000.000000000000000 ) ;
#3436 = ORIENTED_EDGE ( 'NONE', *, *, #2886, .F. ) ;
#3437 = LINE ( 'NONE', #285, #522 ) ;
#3438 = ORIENTED_EDGE ( 'NONE', *, *, #130, .F. ) ;
#3439 = ORIENTED_EDGE ( 'NONE', *, *, #3977, .T. ) ;
#3440 = CARTESIAN_POINT ( 'NONE',  ( -4.571572875253815837, 1500.000000000000000, 7.399999999999998579 ) ) ;
#3441 = DIRECTION ( 'NONE',  ( 1.000000000000000000, 0.000000000000000000, 0.000000000000000000 ) ) ;
#3442 = ORIENTED_EDGE ( 'NONE', *, *, #3079, .F. ) ;
#3443 = EDGE_CURVE ( 'NONE', #1203, #1738, #1384, .T. ) ;
#3444 = ADVANCED_FACE ( 'NONE', ( #3813 ), #159, .F. ) ;
#3445 = CARTESIAN_POINT ( 'NONE',  ( -4.571572875253814949, 1500.000000000000000, -32.59999999999998721 ) ) ;
#3446 = CARTESIAN_POINT ( 'NONE',  ( 5.100000000000000533, 1500.000000000000000, -60.00000000000000000 ) ) ;
#3447 = DIRECTION ( 'NONE',  ( 3.469446951953634896E-16, 0.000000000000000000, 1.000000000000000000 ) ) ;
#3448 = ORIENTED_EDGE ( 'NONE', *, *, #2098, .F. ) ;
#3449 = ORIENTED_EDGE ( 'NONE', *, *, #1772, .F. ) ;
#3450 = DIRECTION ( 'NONE',  ( 0.000000000000000000, 1.000000000000000000, -0.000000000000000000 ) ) ;
#3451 = AXIS2_PLACEMENT_3D ( 'NONE', #3519, #1354, #954 ) ;
#3452 = VECTOR ( 'NONE', #589, 1000.000000000000000 ) ;
#3453 = DATE_AND_TIME ( #2214, #5016 ) ;
#3454 = CARTESIAN_POINT ( 'NONE',  ( -15.50000000000000711, 0.000000000000000000, -21.67157287525380482 ) ) ;
#3455 = VECTOR ( 'NONE', #1104, 999.9999999999998863 ) ;
#3456 = ORIENTED_EDGE ( 'NONE', *, *, #637, .T. ) ;
#3457 = CARTESIAN_POINT ( 'NONE',  ( 4.099999999999993427, 1500.000000000000000, -58.99999999999999289 ) ) ;
#3458 = CARTESIAN_POINT ( 'NONE',  ( 5.100000000000000533, 0.000000000000000000, -60.00000000000000000 ) ) ;
#3459 = ADVANCED_FACE ( 'NONE', ( #3011 ), #429, .F. ) ;
#3460 = CARTESIAN_POINT ( 'NONE',  ( 5.099999999999999645, 1500.000000000000000, -55.50000000000000711 ) ) ;
#3461 = ADVANCED_FACE ( 'NONE', ( #4444 ), #324, .F. ) ;
#3462 = ORIENTED_EDGE ( 'NONE', *, *, #719, .T. ) ;
#3463 = LINE ( 'NONE', #5072, #2653 ) ;
#3464 = ORIENTED_EDGE ( 'NONE', *, *, #2394, .F. ) ;
#3465 = VERTEX_POINT ( 'NONE', #4765 ) ;
#3466 = ORIENTED_EDGE ( 'NONE', *, *, #932, .T. ) ;
#3467 = PLANE ( 'NONE',  #5206 ) ;
#3468 = CARTESIAN_POINT ( 'NONE',  ( 29.74264068711927322, 1500.000000000000000, 14.50000000000000178 ) ) ;
#3469 = VECTOR ( 'NONE', #1693, 1000.000000000000000 ) ;
#3470 = ORIENTED_EDGE ( 'NONE', *, *, #2868, .T. ) ;
#3471 = CYLINDRICAL_SURFACE ( 'NONE', #1743, 1.000000000000000888 ) ;
#3472 = DIRECTION ( 'NONE',  ( 0.000000000000000000, 0.000000000000000000, -1.000000000000000000 ) ) ;
#3473 = LINE ( 'NONE', #1445, #3381 ) ;
#3474 = EDGE_CURVE ( 'NONE', #3091, #3861, #1555, .T. ) ;
#3475 = CARTESIAN_POINT ( 'NONE',  ( 4.099999999999992539, 1500.000000000000000, -56.49999999999999289 ) ) ;
#3476 = ORIENTED_EDGE ( 'NONE', *, *, #244, .T. ) ;
#3477 = VERTEX_POINT ( 'NONE', #728 ) ;
#3478 = CARTESIAN_POINT ( 'NONE',  ( 54.50000000000000000, 1500.000000000000000, -11.25735931288071612 ) ) ;
#3479 = VECTOR ( 'NONE', #3057, 1000.000000000000000 ) ;
#3480 = DIRECTION ( 'NONE',  ( 0.7071067811865473507, 0.000000000000000000, -0.7071067811865477948 ) ) ;
#3481 = VERTEX_POINT ( 'NONE', #5219 ) ;
#3482 = VERTEX_POINT ( 'NONE', #1636 ) ;
#3483 = CIRCLE ( 'NONE', #1520, 3.399999999999999467 ) ;
#3484 = LINE ( 'NONE', #5098, #5010 ) ;
#3485 = DIRECTION ( 'NONE',  ( -0.000000000000000000, -0.000000000000000000, 1.000000000000000000 ) ) ;
#3486 = DIRECTION ( 'NONE',  ( 0.000000000000000000, 1.000000000000000000, -0.000000000000000000 ) ) ;
#3487 = VECTOR ( 'NONE', #3051, 1000.000000000000000 ) ;
#3488 = VECTOR ( 'NONE', #1240, 1000.000000000000000 ) ;
#3489 = DIRECTION ( 'NONE',  ( 0.7071067811865477948, -0.000000000000000000, -0.7071067811865473507 ) ) ;
#3490 = ORIENTED_EDGE ( 'NONE', *, *, #2644, .F. ) ;
#3491 = VERTEX_POINT ( 'NONE', #3173 ) ;
#3492 = EDGE_LOOP ( 'NONE', ( #5073, #633, #4014, #1410 ) ) ;
#3493 = EDGE_CURVE ( 'NONE', #3855, #1805, #3791, .T. ) ;
#3494 = CARTESIAN_POINT ( 'NONE',  ( -4.100000000000004974, 1500.000000000000000, -58.99999999999999289 ) ) ;
#3495 = DIRECTION ( 'NONE',  ( -1.000000000000000000, 0.000000000000000000, -0.000000000000000000 ) ) ;
#3496 = EDGE_CURVE ( 'NONE', #1840, #1196, #3638, .T. ) ;
#3497 = ORIENTED_EDGE ( 'NONE', *, *, #4343, .T. ) ;
#3498 = DIRECTION ( 'NONE',  ( -0.000000000000000000, -1.000000000000000000, -0.000000000000000000 ) ) ;
#3499 = LINE ( 'NONE', #3895, #2204 ) ;
#3500 = CARTESIAN_POINT ( 'NONE',  ( 35.42842712474618594, 0.000000000000000000, 7.399999999999996803 ) ) ;
#3501 = DIRECTION ( 'NONE',  ( -0.000000000000000000, -1.000000000000000000, -0.000000000000000000 ) ) ;
#3502 = ORIENTED_EDGE ( 'NONE', *, *, #4667, .F. ) ;
#3503 = ORIENTED_EDGE ( 'NONE', *, *, #4453, .F. ) ;
#3504 = VERTEX_POINT ( 'NONE', #378 ) ;
#3505 = DIRECTION ( 'NONE',  ( 0.000000000000000000, 0.000000000000000000, -1.000000000000000000 ) ) ;
#3506 = ORIENTED_EDGE ( 'NONE', *, *, #5070, .T. ) ;
#3507 = ORIENTED_EDGE ( 'NONE', *, *, #1251, .T. ) ;
#3508 = DIRECTION ( 'NONE',  ( 0.000000000000000000, 0.000000000000000000, -1.000000000000000000 ) ) ;
#3509 = CARTESIAN_POINT ( 'NONE',  ( -6.522513992197128716E-15, 1500.000000000000000, 3.399999999999999467 ) ) ;
#3510 = EDGE_CURVE ( 'NONE', #561, #1043, #4420, .T. ) ;
#3511 = CIRCLE ( 'NONE', #3247, 1.000000000000000888 ) ;
#3512 = DIRECTION ( 'NONE',  ( 1.000000000000000000, -0.000000000000000000, 2.690870844145799448E-15 ) ) ;
#3513 = DIRECTION ( 'NONE',  ( 0.000000000000000000, 0.000000000000000000, 1.000000000000000000 ) ) ;
#3514 = ORIENTED_EDGE ( 'NONE', *, *, #1076, .T. ) ;
#3515 = ORIENTED_EDGE ( 'NONE', *, *, #5030, .T. ) ;
#3516 = ORIENTED_EDGE ( 'NONE', *, *, #2394, .T. ) ;
#3517 = LINE ( 'NONE', #3440, #2916 ) ;
#3518 = AXIS2_PLACEMENT_3D ( 'NONE', #901, #3271, #4890 ) ;
#3519 = CARTESIAN_POINT ( 'NONE',  ( 32.59999999999998721, 1500.000000000000000, 4.571572875253806956 ) ) ;
#3520 = ORIENTED_EDGE ( 'NONE', *, *, #217, .F. ) ;
#3521 = EDGE_CURVE ( 'NONE', #4151, #5105, #3203, .T. ) ;
#3522 = DIRECTION ( 'NONE',  ( 0.000000000000000000, 0.000000000000000000, 1.000000000000000000 ) ) ;
#3523 = VECTOR ( 'NONE', #350, 1000.000000000000000 ) ;
#3524 = CARTESIAN_POINT ( 'NONE',  ( 32.59999999999998721, 1500.000000000000000, -32.59999999999998721 ) ) ;
#3525 = CARTESIAN_POINT ( 'NONE',  ( -20.00000000000000711, 0.000000000000000000, -55.99999999999997868 ) ) ;
#3526 = ORIENTED_EDGE ( 'NONE', *, *, #3293, .T. ) ;
#3527 = ORIENTED_EDGE ( 'NONE', *, *, #38, .F. ) ;
#3528 = EDGE_CURVE ( 'NONE', #3168, #3646, #4792, .T. ) ;
#3529 = ADVANCED_FACE ( 'NONE', ( #1958 ), #5168, .F. ) ;
#3530 = CARTESIAN_POINT ( 'NONE',  ( 4.571572875253802515, 1500.000000000000000, 7.399999999999996803 ) ) ;
#3531 = LINE ( 'NONE', #2570, #4541 ) ;
#3532 = ORIENTED_EDGE ( 'NONE', *, *, #1027, .F. ) ;
#3533 = VECTOR ( 'NONE', #2856, 1000.000000000000000 ) ;
#3534 = FACE_OUTER_BOUND ( 'NONE', #4328, .T. ) ;
#3535 = CARTESIAN_POINT ( 'NONE',  ( 44.57157287525379985, 0.000000000000000000, -32.59999999999998721 ) ) ;
#3536 = VECTOR ( 'NONE', #3568, 1000.000000000000000 ) ;
#3537 = DIRECTION ( 'NONE',  ( 0.000000000000000000, -0.000000000000000000, 1.000000000000000000 ) ) ;
#3538 = VECTOR ( 'NONE', #2986, 1000.000000000000000 ) ;
#3539 = EDGE_CURVE ( 'NONE', #4562, #773, #1231, .T. ) ;
#3540 = DIRECTION ( 'NONE',  ( -0.000000000000000000, -0.000000000000000000, -1.000000000000000000 ) ) ;
#3541 = ORIENTED_EDGE ( 'NONE', *, *, #341, .T. ) ;
#3542 = EDGE_LOOP ( 'NONE', ( #3064, #2395, #3085, #387 ) ) ;
#3543 = EDGE_CURVE ( 'NONE', #3749, #1910, #4820, .T. ) ;
#3544 = ORIENTED_EDGE ( 'NONE', *, *, #5004, .T. ) ;
#3545 = CARTESIAN_POINT ( 'NONE',  ( -15.50000000000000355, 0.000000000000000000, -45.10000000000000853 ) ) ;
#3546 = DIRECTION ( 'NONE',  ( -0.000000000000000000, -1.000000000000000000, -0.000000000000000000 ) ) ;
#3547 = ORIENTED_EDGE ( 'NONE', *, *, #857, .F. ) ;
#3548 = DIRECTION ( 'NONE',  ( 1.000000000000000000, 0.000000000000000000, -0.000000000000000000 ) ) ;
#3549 = AXIS2_PLACEMENT_3D ( 'NONE', #2011, #4878, #3642 ) ;
#3550 = DIRECTION ( 'NONE',  ( 1.000000000000000000, 0.000000000000000000, 0.000000000000000000 ) ) ;
#3551 = CARTESIAN_POINT ( 'NONE',  ( -4.100000000000006750, 1500.000000000000000, 16.50000000000001066 ) ) ;
#3552 = VERTEX_POINT ( 'NONE', #2749 ) ;
#3553 = EDGE_LOOP ( 'NONE', ( #3285, #1628, #1996, #4257 ) ) ;
#3554 = EDGE_CURVE ( 'NONE', #3153, #3745, #3259, .T. ) ;
#3555 = LINE ( 'NONE', #2726, #682 ) ;
#3556 = CARTESIAN_POINT ( 'NONE',  ( 60.00000000000000000, 1500.000000000000000, 15.99999999999997691 ) ) ;
#3557 = CARTESIAN_POINT ( 'NONE',  ( -4.571572875253814949, 0.000000000000000000, -32.59999999999998721 ) ) ;
#3558 = ORIENTED_EDGE ( 'NONE', *, *, #693, .F. ) ;
#3559 = DIRECTION ( 'NONE',  ( 0.000000000000000000, 0.000000000000000000, -1.000000000000000000 ) ) ;
#3560 = DIRECTION ( 'NONE',  ( 0.000000000000000000, 1.000000000000000000, 0.000000000000000000 ) ) ;
#3561 = VECTOR ( 'NONE', #13, 1000.000000000000000 ) ;
#3562 = DIRECTION ( 'NONE',  ( 0.000000000000000000, 1.000000000000000000, 0.000000000000000000 ) ) ;
#3563 = ORIENTED_EDGE ( 'NONE', *, *, #2009, .F. ) ;
#3564 = CARTESIAN_POINT ( 'NONE',  ( 55.50000000000000000, 1500.000000000000000, -21.67157287525380482 ) ) ;
#3565 = EDGE_LOOP ( 'NONE', ( #3350, #4990, #3025, #254, #3278, #3940, #3075, #3086, #4422, #1758, #1541, #3515, #4258, #1875, #4409, #4231, #510, #4502, #3497, #5189, #2306, #2722, #4775, #2674, #2822, #509, #622, #59, #2330, #608, #2433, #3074, #696, #2360, #2506, #4165, #4829, #3782, #1679, #3881, #854, #3470, #4701, #4623, #2449, #3012, #3004, #5232, #3526, #2003, #4888, #756, #1150, #3331, #3971, #3514, #1611, #3466, #2728, #104, #3456, #1563, #203, #1310, #974, #4209, #2082, #1201, #513, #4455, #1050, #3194, #628, #1893, #4749, #1923, #4389, #2474, #311, #1572, #5071, #2027, #3366, #4465, #604, #4011, #2939, #667, #821, #4271, #4461, #4247, #2840, #2331, #5184, #1940, #1280, #3688, #5247, #1424, #1777, #4319, #2409, #3227, #3717, #3836, #1513, #3078, #2629, #1971, #934, #4803, #73, #4432, #4555, #521, #4900, #4176, #957, #1852, #1717, #4979, #99, #535 ) ) ;
#3566 = AXIS2_PLACEMENT_3D ( 'NONE', #2646, #2592, #4633 ) ;
#3567 = CYLINDRICAL_SURFACE ( 'NONE', #4179, 1.000000000000000000 ) ;
#3568 = DIRECTION ( 'NONE',  ( -0.000000000000000000, -1.000000000000000000, -0.000000000000000000 ) ) ;
#3569 = AXIS2_PLACEMENT_3D ( 'NONE', #4774, #2359, #4858 ) ;
#3570 = ORIENTED_EDGE ( 'NONE', *, *, #1746, .T. ) ;
#3571 = LINE ( 'NONE', #213, #3614 ) ;
#3572 = AXIS2_PLACEMENT_3D ( 'NONE', #3346, #4883, #2863 ) ;
#3573 = EDGE_CURVE ( 'NONE', #2226, #2269, #1299, .T. ) ;
#3574 = CYLINDRICAL_SURFACE ( 'NONE', #566, 1.000000000000000000 ) ;
#3575 = VECTOR ( 'NONE', #4079, 1000.000000000000000 ) ;
#3576 = DIRECTION ( 'NONE',  ( 0.000000000000000000, 0.000000000000000000, 1.000000000000000000 ) ) ;
#3577 = ADVANCED_FACE ( 'NONE', ( #5193 ), #4849, .T. ) ;
#3578 = ORIENTED_EDGE ( 'NONE', *, *, #2912, .F. ) ;
#3579 = VERTEX_POINT ( 'NONE', #403 ) ;
#3580 = AXIS2_PLACEMENT_3D ( 'NONE', #2445, #2468, #2790 ) ;
#3581 = CARTESIAN_POINT ( 'NONE',  ( 44.57157287525379985, 1500.000000000000000, -7.400000000000002132 ) ) ;
#3582 = DIRECTION ( 'NONE',  ( 0.000000000000000000, 0.000000000000000000, 1.000000000000000000 ) ) ;
#3583 = LINE ( 'NONE', #1232, #3533 ) ;
#3584 = EDGE_LOOP ( 'NONE', ( #897, #5081, #3229, #2370 ) ) ;
#3585 = PLANE ( 'NONE',  #5151 ) ;
#3586 = CARTESIAN_POINT ( 'NONE',  ( 45.10000000000000142, 1500.000000000000000, -55.50000000000000711 ) ) ;
#3587 = MANIFOLD_SOLID_BREP ( '凸台-拉伸1', #411 ) ;
#3588 = FACE_OUTER_BOUND ( 'NONE', #4, .T. ) ;
#3589 = ORIENTED_EDGE ( 'NONE', *, *, #1189, .T. ) ;
#3590 = EDGE_CURVE ( 'NONE', #3709, #2651, #2431, .T. ) ;
#3591 = EDGE_CURVE ( 'NONE', #1045, #5066, #3610, .T. ) ;
#3592 = DIRECTION ( 'NONE',  ( 1.000000000000000000, 0.000000000000000000, 0.000000000000000000 ) ) ;
#3593 = ORIENTED_EDGE ( 'NONE', *, *, #375, .T. ) ;
#3594 = LINE ( 'NONE', #3941, #529 ) ;
#3595 = CARTESIAN_POINT ( 'NONE',  ( 47.39999999999999147, 0.000000000000000000, -35.42842712474618594 ) ) ;
#3596 = CIRCLE ( 'NONE', #17, 1.000000000000000888 ) ;
#3597 = ORIENTED_EDGE ( 'NONE', *, *, #3431, .T. ) ;
#3598 = LINE ( 'NONE', #4865, #173 ) ;
#3599 = VERTEX_POINT ( 'NONE', #2399 ) ;
#3600 = AXIS2_PLACEMENT_3D ( 'NONE', #1943, #362, #789 ) ;
#3601 = LINE ( 'NONE', #1519, #1591 ) ;
#3602 = CARTESIAN_POINT ( 'NONE',  ( 10.96446609406724804, 1500.000000000000000, 13.79289321881343788 ) ) ;
#3603 = ORIENTED_EDGE ( 'NONE', *, *, #1238, .T. ) ;
#3604 = VECTOR ( 'NONE', #1361, 1000.000000000000000 ) ;
#3605 = ORIENTED_EDGE ( 'NONE', *, *, #292, .T. ) ;
#3606 = ORIENTED_EDGE ( 'NONE', *, *, #307, .T. ) ;
#3607 = EDGE_CURVE ( 'NONE', #1407, #5074, #2989, .T. ) ;
#3608 = EDGE_CURVE ( 'NONE', #2276, #2930, #2906, .T. ) ;
#3609 = DIRECTION ( 'NONE',  ( 1.000000000000000000, 0.000000000000000000, 0.000000000000000000 ) ) ;
#3610 = LINE ( 'NONE', #1584, #1048 ) ;
#3611 = CARTESIAN_POINT ( 'NONE',  ( 10.96446609406724804, 0.000000000000000000, -53.79289321881343255 ) ) ;
#3612 = ORIENTED_EDGE ( 'NONE', *, *, #2702, .F. ) ;
#3613 = LINE ( 'NONE', #1132, #391 ) ;
#3614 = VECTOR ( 'NONE', #1443, 1000.000000000000000 ) ;
#3615 = DIRECTION ( 'NONE',  ( -0.000000000000000000, -0.000000000000000000, 1.000000000000000000 ) ) ;
#3616 = AXIS2_PLACEMENT_3D ( 'NONE', #1630, #3969, #746 ) ;
#3617 = CARTESIAN_POINT ( 'NONE',  ( 34.89999999999999147, 0.000000000000000000, 19.00000000000000355 ) ) ;
#3618 = ORIENTED_EDGE ( 'NONE', *, *, #3608, .F. ) ;
#3619 = ORIENTED_EDGE ( 'NONE', *, *, #932, .F. ) ;
#3620 = CIRCLE ( 'NONE', #975, 1.000000000000000888 ) ;
#3621 = AXIS2_PLACEMENT_3D ( 'NONE', #3556, #1155, #1609 ) ;
#3622 = LINE ( 'NONE', #5234, #356 ) ;
#3623 = EDGE_CURVE ( 'NONE', #5170, #2230, #2130, .T. ) ;
#3624 = DIRECTION ( 'NONE',  ( -0.7071067811865469066, 0.000000000000000000, 0.7071067811865482389 ) ) ;
#3625 = EDGE_CURVE ( 'NONE', #2833, #939, #85, .T. ) ;
#3626 = AXIS2_PLACEMENT_3D ( 'NONE', #2008, #3205, #3640 ) ;
#3627 = ORIENTED_EDGE ( 'NONE', *, *, #1027, .T. ) ;
#3628 = LINE ( 'NONE', #843, #1416 ) ;
#3629 = VERTEX_POINT ( 'NONE', #2078 ) ;
#3630 = FACE_OUTER_BOUND ( 'NONE', #4339, .T. ) ;
#3631 = LINE ( 'NONE', #4388, #3103 ) ;
#3632 = VERTEX_POINT ( 'NONE', #4599 ) ;
#3633 = ORIENTED_EDGE ( 'NONE', *, *, #1055, .F. ) ;
#3634 = EDGE_LOOP ( 'NONE', ( #448, #849, #2997, #1020 ) ) ;
#3635 = VECTOR ( 'NONE', #4913, 1000.000000000000000 ) ;
#3636 = EDGE_CURVE ( 'NONE', #4515, #1115, #961, .T. ) ;
#3637 = LINE ( 'NONE', #3231, #763 ) ;
#3638 = LINE ( 'NONE', #2773, #3345 ) ;
#3639 = AXIS2_PLACEMENT_3D ( 'NONE', #3993, #1147, #132 ) ;
#3640 = DIRECTION ( 'NONE',  ( 0.000000000000000000, 0.000000000000000000, 1.000000000000000000 ) ) ;
#3641 = ORIENTED_EDGE ( 'NONE', *, *, #4113, .T. ) ;
#3642 = DIRECTION ( 'NONE',  ( 0.000000000000000000, 0.000000000000000000, -1.000000000000000000 ) ) ;
#3643 = DIRECTION ( 'NONE',  ( 1.000000000000000000, -0.000000000000000000, -0.000000000000000000 ) ) ;
#3644 = DIRECTION ( 'NONE',  ( -0.7071067811865473507, 0.000000000000000000, -0.7071067811865477948 ) ) ;
#3645 = CARTESIAN_POINT ( 'NONE',  ( 56.49999999999999289, 1500.000000000000000, -34.89999999999999147 ) ) ;
#3646 = VERTEX_POINT ( 'NONE', #138 ) ;
#3647 = ORIENTED_EDGE ( 'NONE', *, *, #3343, .F. ) ;
#3648 = DIRECTION ( 'NONE',  ( 0.000000000000000000, 1.000000000000000000, 0.000000000000000000 ) ) ;
#3649 = LINE ( 'NONE', #1218, #2679 ) ;
#3650 = VERTEX_POINT ( 'NONE', #4519 ) ;
#3651 = DIRECTION ( 'NONE',  ( 1.000000000000000000, -0.000000000000000000, -1.449035556190463174E-16 ) ) ;
#3652 = VECTOR ( 'NONE', #3747, 1000.000000000000000 ) ;
#3653 = ADVANCED_FACE ( 'NONE', ( #937 ), #4201, .T. ) ;
#3654 = ORIENTED_EDGE ( 'NONE', *, *, #5242, .F. ) ;
#3655 = APPROVAL_PERSON_ORGANIZATION ( #3671, #885, #3260 ) ;
#3656 = CARTESIAN_POINT ( 'NONE',  ( 56.49999999999999289, 1500.000000000000000, -45.10000000000000142 ) ) ;
#3657 = PLANE ( 'NONE',  #5225 ) ;
#3658 = VERTEX_POINT ( 'NONE', #2478 ) ;
#3659 = ORIENTED_EDGE ( 'NONE', *, *, #5110, .F. ) ;
#3660 = CIRCLE ( 'NONE', #2717, 1.000000000000000888 ) ;
#3661 = ADVANCED_FACE ( 'NONE', ( #1715 ), #1307, .F. ) ;
#3662 = ADVANCED_FACE ( 'NONE', ( #4898 ), #3334, .T. ) ;
#3663 = AXIS2_PLACEMENT_3D ( 'NONE', #2998, #3882, #1778 ) ;
#3664 = AXIS2_PLACEMENT_3D ( 'NONE', #1583, #5118, #1957 ) ;
#3665 = LINE ( 'NONE', #2854, #2809 ) ;
#3666 = CARTESIAN_POINT ( 'NONE',  ( -6.938893903907228378E-15, 0.000000000000000000, 0.000000000000000000 ) ) ;
#3667 = DIRECTION ( 'NONE',  ( -1.000000000000000000, 0.000000000000000000, -0.000000000000000000 ) ) ;
#3668 = ORIENTED_EDGE ( 'NONE', *, *, #5165, .F. ) ;
#3669 = APPROVAL_PERSON_ORGANIZATION ( #5091, #792, #2941 ) ;
#3670 = CARTESIAN_POINT ( 'NONE',  ( 29.74264068711927322, 1500.000000000000000, 15.50000000000000178 ) ) ;
#3671 = PERSON_AND_ORGANIZATION ( #4996, #4064 ) ;
#3672 = LINE ( 'NONE', #810, #1260 ) ;
#3673 = LINE ( 'NONE', #1699, #3488 ) ;
#3674 = VERTEX_POINT ( 'NONE', #1336 ) ;
#3675 = EDGE_CURVE ( 'NONE', #943, #1184, #876, .T. ) ;
#3676 = EDGE_CURVE ( 'NONE', #392, #3351, #2503, .T. ) ;
#3677 = ADVANCED_FACE ( 'NONE', ( #4095 ), #2934, .F. ) ;
#3678 = DIRECTION ( 'NONE',  ( -0.000000000000000000, -1.000000000000000000, -0.000000000000000000 ) ) ;
#3679 = DIRECTION ( 'NONE',  ( 0.000000000000000000, 0.000000000000000000, -1.000000000000000000 ) ) ;
#3680 = VERTEX_POINT ( 'NONE', #4149 ) ;
#3681 = CARTESIAN_POINT ( 'NONE',  ( 55.99999999999997158, 0.000000000000000000, 20.00000000000000355 ) ) ;
#3682 = ORIENTED_EDGE ( 'NONE', *, *, #5185, .F. ) ;
#3683 = AXIS2_PLACEMENT_3D ( 'NONE', #1855, #5063, #4982 ) ;
#3684 = FACE_OUTER_BOUND ( 'NONE', #2661, .T. ) ;
#3685 = DIRECTION ( 'NONE',  ( 0.000000000000000000, 0.000000000000000000, -1.000000000000000000 ) ) ;
#3686 = ORIENTED_EDGE ( 'NONE', *, *, #2339, .F. ) ;
#3687 = EDGE_CURVE ( 'NONE', #607, #2028, #1664, .T. ) ;
#3688 = ORIENTED_EDGE ( 'NONE', *, *, #956, .T. ) ;
#3689 = DIRECTION ( 'NONE',  ( 0.000000000000000000, 0.000000000000000000, -1.000000000000000000 ) ) ;
#3690 = CARTESIAN_POINT ( 'NONE',  ( 50.25735931288071612, 1500.000000000000000, -54.50000000000000711 ) ) ;
#3691 = AXIS2_PLACEMENT_3D ( 'NONE', #2579, #2871, #2070 ) ;
#3692 = CARTESIAN_POINT ( 'NONE',  ( 47.39999999999999147, 0.000000000000000000, -4.571572875253809620 ) ) ;
#3693 = ADVANCED_FACE ( 'NONE', ( #3765 ), #1255, .F. ) ;
#3694 = VERTEX_POINT ( 'NONE', #3364 ) ;
#3695 = CARTESIAN_POINT ( 'NONE',  ( 54.50000000000000000, 0.000000000000000000, -10.25735931288071434 ) ) ;
#3696 = FACE_OUTER_BOUND ( 'NONE', #5252, .T. ) ;
#3697 = DIRECTION ( 'NONE',  ( 1.449035556190463914E-16, 0.000000000000000000, -1.000000000000000000 ) ) ;
#3698 = DIRECTION ( 'NONE',  ( -0.000000000000000000, -1.000000000000000000, -0.000000000000000000 ) ) ;
#3699 = DIRECTION ( 'NONE',  ( -0.000000000000000000, -1.000000000000000000, -0.000000000000000000 ) ) ;
#3700 = EDGE_CURVE ( 'NONE', #3944, #2289, #2558, .T. ) ;
#3701 = DIRECTION ( 'NONE',  ( 0.7071067811865474617, -0.000000000000000000, 0.7071067811865476838 ) ) ;
#3702 = EDGE_LOOP ( 'NONE', ( #2283, #3265, #3422, #271 ) ) ;
#3703 = DIRECTION ( 'NONE',  ( -0.000000000000000000, -1.000000000000000000, -0.000000000000000000 ) ) ;
#3704 = VECTOR ( 'NONE', #4547, 1000.000000000000000 ) ;
#3705 = CARTESIAN_POINT ( 'NONE',  ( -4.571572875253814949, 0.000000000000000000, -7.400000000000002132 ) ) ;
#3706 = VECTOR ( 'NONE', #2335, 1000.000000000000000 ) ;
#3707 = DIRECTION ( 'NONE',  ( -0.000000000000000000, -1.000000000000000000, -0.000000000000000000 ) ) ;
#3708 = DIRECTION ( 'NONE',  ( 0.000000000000000000, 0.000000000000000000, -1.000000000000000000 ) ) ;
#3709 = VERTEX_POINT ( 'NONE', #1768 ) ;
#3710 = CIRCLE ( 'NONE', #4376, 1.000000000000003553 ) ;
#3711 = ORIENTED_EDGE ( 'NONE', *, *, #4439, .T. ) ;
#3712 = VECTOR ( 'NONE', #3220, 1000.000000000000000 ) ;
#3713 = CARTESIAN_POINT ( 'NONE',  ( -15.99999999999997868, 1500.000000000000000, 20.00000000000000355 ) ) ;
#3714 = DIRECTION ( 'NONE',  ( 0.7071067811865477948, 0.000000000000000000, 0.7071067811865473507 ) ) ;
#3715 = DIRECTION ( 'NONE',  ( 0.000000000000000000, 1.000000000000000000, -0.000000000000000000 ) ) ;
#3716 = ORIENTED_EDGE ( 'NONE', *, *, #3018, .T. ) ;
#3717 = ORIENTED_EDGE ( 'NONE', *, *, #776, .T. ) ;
#3718 = CARTESIAN_POINT ( 'NONE',  ( -6.938893903907228378E-15, 1500.000000000000000, -43.39999999999999147 ) ) ;
#3719 = EDGE_CURVE ( 'NONE', #2298, #4700, #3390, .T. ) ;
#3720 = DIRECTION ( 'NONE',  ( -1.000000000000000000, 0.000000000000000000, 0.000000000000000000 ) ) ;
#3721 = VECTOR ( 'NONE', #3429, 1000.000000000000000 ) ;
#3722 = ORIENTED_EDGE ( 'NONE', *, *, #389, .T. ) ;
#3723 = DIRECTION ( 'NONE',  ( -0.7071067811865473507, 0.000000000000000000, 0.7071067811865477948 ) ) ;
#3724 = LINE ( 'NONE', #94, #329 ) ;
#3725 = DIRECTION ( 'NONE',  ( 0.000000000000000000, 1.000000000000000000, -0.000000000000000000 ) ) ;
#3726 = DIRECTION ( 'NONE',  ( 1.000000000000000000, 0.000000000000000000, -3.469446951953634896E-16 ) ) ;
#3727 = EDGE_LOOP ( 'NONE', ( #4188, #1066, #5233, #4953 ) ) ;
#3728 = ORIENTED_EDGE ( 'NONE', *, *, #465, .T. ) ;
#3729 = CC_DESIGN_DATE_AND_TIME_ASSIGNMENT ( #3850, #1775, ( #106 ) ) ;
#3730 = CARTESIAN_POINT ( 'NONE',  ( 60.00000000000000000, 0.000000000000000000, -34.89999999999998437 ) ) ;
#3731 = CIRCLE ( 'NONE', #5080, 3.399999999999999023 ) ;
#3732 = PLANE ( 'NONE',  #2571 ) ;
#3733 = DIRECTION ( 'NONE',  ( -0.7071067811865471286, -0.000000000000000000, 0.7071067811865479058 ) ) ;
#3734 = CARTESIAN_POINT ( 'NONE',  ( 58.99999999999998579, 1500.000000000000000, 4.100000000000003197 ) ) ;
#3735 = ORIENTED_EDGE ( 'NONE', *, *, #4991, .T. ) ;
#3736 = VECTOR ( 'NONE', #2012, 1000.000000000000000 ) ;
#3737 = VERTEX_POINT ( 'NONE', #2956 ) ;
#3738 = EDGE_CURVE ( 'NONE', #98, #3491, #4915, .T. ) ;
#3739 = AXIS2_PLACEMENT_3D ( 'NONE', #3530, #5192, #2300 ) ;
#3740 = EDGE_CURVE ( 'NONE', #4670, #2450, #4485, .T. ) ;
#3741 = DIRECTION ( 'NONE',  ( -0.000000000000000000, -1.000000000000000000, -0.000000000000000000 ) ) ;
#3742 = CARTESIAN_POINT ( 'NONE',  ( 44.09999999999999432, 1500.000000000000000, -56.49999999999999289 ) ) ;
#3743 = CARTESIAN_POINT ( 'NONE',  ( 55.50000000000000000, 0.000000000000000000, -10.25735931288069125 ) ) ;
#3744 = VERTEX_POINT ( 'NONE', #3705 ) ;
#3745 = VERTEX_POINT ( 'NONE', #1272 ) ;
#3746 = DIRECTION ( 'NONE',  ( -0.000000000000000000, -1.000000000000000000, 0.000000000000000000 ) ) ;
#3747 = DIRECTION ( 'NONE',  ( -0.000000000000000000, -1.000000000000000000, -0.000000000000000000 ) ) ;
#3748 = CIRCLE ( 'NONE', #1023, 1.000000000000007772 ) ;
#3749 = VERTEX_POINT ( 'NONE', #2983 ) ;
#3750 = EDGE_CURVE ( 'NONE', #2799, #2269, #496, .T. ) ;
#3751 = DIRECTION ( 'NONE',  ( 0.000000000000000000, 0.000000000000000000, 1.000000000000000000 ) ) ;
#3752 = DIRECTION ( 'NONE',  ( 0.000000000000000000, 1.000000000000000000, 0.000000000000000000 ) ) ;
#3753 = FACE_OUTER_BOUND ( 'NONE', #2540, .T. ) ;
#3754 = DIRECTION ( 'NONE',  ( -0.000000000000000000, -1.000000000000000000, -0.000000000000000000 ) ) ;
#3755 = EDGE_CURVE ( 'NONE', #2874, #4985, #48, .T. ) ;
#3756 = ADVANCED_FACE ( 'NONE', ( #2494 ), #4114, .F. ) ;
#3757 = VERTEX_POINT ( 'NONE', #444 ) ;
#3758 = ORIENTED_EDGE ( 'NONE', *, *, #1388, .F. ) ;
#3759 = DIRECTION ( 'NONE',  ( -0.000000000000000000, -1.000000000000000000, -0.000000000000000000 ) ) ;
#3760 = LINE ( 'NONE', #1656, #4520 ) ;
#3761 = DIRECTION ( 'NONE',  ( 0.000000000000000000, 0.000000000000000000, 1.000000000000000000 ) ) ;
#3762 = CARTESIAN_POINT ( 'NONE',  ( -5.100000000000005862, 1500.000000000000000, -59.00000000000000000 ) ) ;
#3763 = ORIENTED_EDGE ( 'NONE', *, *, #5136, .F. ) ;
#3764 = DIRECTION ( 'NONE',  ( 0.000000000000000000, 0.000000000000000000, -1.000000000000000000 ) ) ;
#3765 = FACE_OUTER_BOUND ( 'NONE', #262, .T. ) ;
#3766 = EDGE_CURVE ( 'NONE', #2275, #3552, #3003, .T. ) ;
#3767 = CARTESIAN_POINT ( 'NONE',  ( 18.32842712474620228, 1500.000000000000000, -55.50000000000000711 ) ) ;
#3768 = ORIENTED_EDGE ( 'NONE', *, *, #2505, .F. ) ;
#3769 = EDGE_CURVE ( 'NONE', #3168, #4802, #4015, .T. ) ;
#3770 = VERTEX_POINT ( 'NONE', #101 ) ;
#3771 = EDGE_CURVE ( 'NONE', #3068, #2612, #4942, .T. ) ;
#3772 = FACE_OUTER_BOUND ( 'NONE', #2184, .T. ) ;
#3773 = VECTOR ( 'NONE', #3917, 1000.000000000000000 ) ;
#3774 = DIRECTION ( 'NONE',  ( 0.000000000000000000, 0.000000000000000000, 1.000000000000000000 ) ) ;
#3775 = VERTEX_POINT ( 'NONE', #1709 ) ;
#3776 = VECTOR ( 'NONE', #3151, 1000.000000000000000 ) ;
#3777 = CARTESIAN_POINT ( 'NONE',  ( -4.571572875253815837, 1500.000000000000000, -47.39999999999999147 ) ) ;
#3778 = FACE_OUTER_BOUND ( 'NONE', #5223, .T. ) ;
#3779 = DIRECTION ( 'NONE',  ( -0.000000000000000000, -1.000000000000000000, -0.000000000000000000 ) ) ;
#3780 = LINE ( 'NONE', #3152, #3455 ) ;
#3781 = ORIENTED_EDGE ( 'NONE', *, *, #3303, .T. ) ;
#3782 = ORIENTED_EDGE ( 'NONE', *, *, #2410, .T. ) ;
#3783 = CARTESIAN_POINT ( 'NONE',  ( 56.00000000000000000, 1500.000000000000000, -56.00000000000000711 ) ) ;
#3784 = ADVANCED_FACE ( 'NONE', ( #525 ), #3732, .F. ) ;
#3785 = DIRECTION ( 'NONE',  ( -0.7071067811865474617, 0.000000000000000000, -0.7071067811865474617 ) ) ;
#3786 = CARTESIAN_POINT ( 'NONE',  ( 21.67157287525378706, 0.000000000000000000, -55.50000000000000711 ) ) ;
#3787 = DIRECTION ( 'NONE',  ( 0.7071067811865473507, 0.000000000000000000, 0.7071067811865477948 ) ) ;
#3788 = AXIS2_PLACEMENT_3D ( 'NONE', #5005, #139, #1716 ) ;
#3789 = VERTEX_POINT ( 'NONE', #4087 ) ;
#3790 = CIRCLE ( 'NONE', #1922, 1.000000000000000000 ) ;
#3791 = CIRCLE ( 'NONE', #1494, 1.000000000000000888 ) ;
#3792 = FACE_OUTER_BOUND ( 'NONE', #4340, .T. ) ;
#3793 = DIRECTION ( 'NONE',  ( -0.7071067811865475727, -0.000000000000000000, 0.7071067811865474617 ) ) ;
#3794 = CARTESIAN_POINT ( 'NONE',  ( 29.74264068711927322, 1500.000000000000000, -54.50000000000000711 ) ) ;
#3795 = EDGE_LOOP ( 'NONE', ( #3722, #4816, #249, #1453 ) ) ;
#3796 = AXIS2_PLACEMENT_3D ( 'NONE', #5220, #3256, #1256 ) ;
#3797 = ORIENTED_EDGE ( 'NONE', *, *, #3474, .T. ) ;
#3798 = DIRECTION ( 'NONE',  ( -0.000000000000000000, -1.000000000000000000, -0.000000000000000000 ) ) ;
#3799 = DIRECTION ( 'NONE',  ( 0.000000000000000000, 0.000000000000000000, -1.000000000000000000 ) ) ;
#3800 = EDGE_LOOP ( 'NONE', ( #536, #2789, #334, #4237 ) ) ;
#3801 = DIRECTION ( 'NONE',  ( 0.000000000000000000, 0.000000000000000000, 1.000000000000000000 ) ) ;
#3802 = DIRECTION ( 'NONE',  ( -1.000000000000000000, 0.000000000000000000, 1.897293910993923175E-16 ) ) ;
#3803 = AXIS2_PLACEMENT_3D ( 'NONE', #3129, #4423, #1936 ) ;
#3804 = CARTESIAN_POINT ( 'NONE',  ( 53.79289321881342545, 1500.000000000000000, 10.96446609406724626 ) ) ;
#3805 = CARTESIAN_POINT ( 'NONE',  ( -16.50000000000000355, 1500.000000000000000, -34.89999999999999147 ) ) ;
#3806 = AXIS2_PLACEMENT_3D ( 'NONE', #2957, #2049, #3301 ) ;
#3807 = ORIENTED_EDGE ( 'NONE', *, *, #187, .F. ) ;
#3808 = LINE ( 'NONE', #4246, #4262 ) ;
#3809 = EDGE_LOOP ( 'NONE', ( #3418, #2080, #2324, #5178 ) ) ;
#3810 = CARTESIAN_POINT ( 'NONE',  ( -19.00000000000000000, 1500.000000000000000, -4.099999999999996092 ) ) ;
#3811 = LINE ( 'NONE', #5129, #958 ) ;
#3812 = CARTESIAN_POINT ( 'NONE',  ( 58.99999999999998579, 1500.000000000000000, 4.100000000000003197 ) ) ;
#3813 = FACE_OUTER_BOUND ( 'NONE', #4288, .T. ) ;
#3814 = ADVANCED_FACE ( 'NONE', ( #4968 ), #3327, .T. ) ;
#3815 = VERTEX_POINT ( 'NONE', #470 ) ;
#3816 = CARTESIAN_POINT ( 'NONE',  ( 45.10000000000000142, 1500.000000000000000, -55.50000000000000711 ) ) ;
#3817 = LINE ( 'NONE', #3446, #3123 ) ;
#3818 = DIRECTION ( 'NONE',  ( -0.000000000000000000, -1.000000000000000000, -0.000000000000000000 ) ) ;
#3819 = ORIENTED_EDGE ( 'NONE', *, *, #3432, .F. ) ;
#3820 = ORIENTED_EDGE ( 'NONE', *, *, #2442, .T. ) ;
#3821 = EDGE_CURVE ( 'NONE', #943, #4523, #2124, .T. ) ;
#3822 = EDGE_CURVE ( 'NONE', #4203, #1706, #3760, .T. ) ;
#3823 = DIRECTION ( 'NONE',  ( -0.000000000000000000, -1.000000000000000000, -0.000000000000000000 ) ) ;
#3824 = CIRCLE ( 'NONE', #2110, 1.000000000000000000 ) ;
#3825 = FACE_OUTER_BOUND ( 'NONE', #1192, .T. ) ;
#3826 = ORIENTED_EDGE ( 'NONE', *, *, #1718, .T. ) ;
#3827 = LINE ( 'NONE', #176, #3721 ) ;
#3828 = CARTESIAN_POINT ( 'NONE',  ( 32.59999999999998721, 1500.000000000000000, -7.400000000000003908 ) ) ;
#3829 = CIRCLE ( 'NONE', #4575, 1.000000000000000000 ) ;
#3830 = CARTESIAN_POINT ( 'NONE',  ( 39.99999999999999289, 0.000000000000000000, 0.000000000000000000 ) ) ;
#3831 = VECTOR ( 'NONE', #1820, 1000.000000000000000 ) ;
#3832 = DIRECTION ( 'NONE',  ( 0.000000000000000000, 0.000000000000000000, 1.000000000000000000 ) ) ;
#3833 = ORIENTED_EDGE ( 'NONE', *, *, #584, .T. ) ;
#3834 = EDGE_CURVE ( 'NONE', #3116, #3482, #2486, .T. ) ;
#3835 = CARTESIAN_POINT ( 'NONE',  ( 4.571572875253802515, 1500.000000000000000, -47.39999999999999147 ) ) ;
#3836 = ORIENTED_EDGE ( 'NONE', *, *, #2707, .T. ) ;
#3837 = ORIENTED_EDGE ( 'NONE', *, *, #1178, .T. ) ;
#3838 = ADVANCED_FACE ( 'NONE', ( #1735 ), #1330, .T. ) ;
#3839 = CC_DESIGN_APPROVAL ( #792, ( #1535 ) ) ;
#3840 = DIRECTION ( 'NONE',  ( -0.7071067811865474617, 0.000000000000000000, 0.7071067811865475727 ) ) ;
#3841 = CARTESIAN_POINT ( 'NONE',  ( 4.571572875253802515, 1500.000000000000000, -47.39999999999999147 ) ) ;
#3842 = VERTEX_POINT ( 'NONE', #4167 ) ;
#3843 = EDGE_CURVE ( 'NONE', #1910, #2074, #2148, .T. ) ;
#3844 = DIRECTION ( 'NONE',  ( 0.7071067811865474617, -0.000000000000000000, -0.7071067811865476838 ) ) ;
#3845 = LINE ( 'NONE', #1821, #2685 ) ;
#3846 = CARTESIAN_POINT ( 'NONE',  ( -13.79289321881344144, 1500.000000000000000, -10.96446609406724448 ) ) ;
#3847 = ORIENTED_EDGE ( 'NONE', *, *, #1901, .F. ) ;
#3848 = VERTEX_POINT ( 'NONE', #953 ) ;
#3849 = LINE ( 'NONE', #5011, #863 ) ;
#3850 = DATE_AND_TIME ( #2617, #2712 ) ;
#3851 = EDGE_CURVE ( 'NONE', #4302, #2833, #5053, .T. ) ;
#3852 = ADVANCED_FACE ( 'NONE', ( #1035 ), #2658, .F. ) ;
#3853 = DIRECTION ( 'NONE',  ( -0.000000000000000000, -1.000000000000000000, 0.000000000000000000 ) ) ;
#3854 = AXIS2_PLACEMENT_3D ( 'NONE', #4154, #595, #1449 ) ;
#3855 = VERTEX_POINT ( 'NONE', #692 ) ;
#3856 = CARTESIAN_POINT ( 'NONE',  ( -5.100000000000006750, 1500.000000000000000, 16.50000000000000355 ) ) ;
#3857 = DIRECTION ( 'NONE',  ( -0.000000000000000000, -1.000000000000000000, -0.000000000000000000 ) ) ;
#3858 = CYLINDRICAL_SURFACE ( 'NONE', #5166, 0.9999999999999974465 ) ;
#3859 = DIRECTION ( 'NONE',  ( 0.000000000000000000, 0.000000000000000000, -1.000000000000000000 ) ) ;
#3860 = VECTOR ( 'NONE', #1896, 999.9999999999998863 ) ;
#3861 = VERTEX_POINT ( 'NONE', #1009 ) ;
#3862 = DIRECTION ( 'NONE',  ( -1.000000000000000000, -0.000000000000000000, 3.363588555182244873E-16 ) ) ;
#3863 = ORIENTED_EDGE ( 'NONE', *, *, #5203, .T. ) ;
#3864 = EDGE_LOOP ( 'NONE', ( #1859, #4099, #1785, #2352 ) ) ;
#3865 = EDGE_CURVE ( 'NONE', #1428, #3481, #3811, .T. ) ;
#3866 = LINE ( 'NONE', #1842, #3435 ) ;
#3867 = CARTESIAN_POINT ( 'NONE',  ( -10.96446609406725159, 0.000000000000000000, -53.79289321881343255 ) ) ;
#3868 = ORIENTED_EDGE ( 'NONE', *, *, #3131, .T. ) ;
#3869 = DIRECTION ( 'NONE',  ( 0.000000000000000000, -0.000000000000000000, 1.000000000000000000 ) ) ;
#3870 = CARTESIAN_POINT ( 'NONE',  ( 54.50000000000000000, 1500.000000000000000, -11.25735931288071612 ) ) ;
#3871 = DIRECTION ( 'NONE',  ( 0.000000000000000000, 1.000000000000000000, 0.000000000000000000 ) ) ;
#3872 = AXIS2_PLACEMENT_3D ( 'NONE', #2455, #3715, #2183 ) ;
#3873 = CARTESIAN_POINT ( 'NONE',  ( 5.100000000000000533, 0.000000000000000000, 20.00000000000000355 ) ) ;
#3874 = ORIENTED_EDGE ( 'NONE', *, *, #1704, .T. ) ;
#3875 = ORIENTED_EDGE ( 'NONE', *, *, #4831, .F. ) ;
#3876 = LINE ( 'NONE', #224, #1377 ) ;
#3877 = VECTOR ( 'NONE', #2894, 1000.000000000000000 ) ;
#3878 = CALENDAR_DATE ( 2026, 3, 9 ) ;
#3879 = CARTESIAN_POINT ( 'NONE',  ( 7.399999999999996803, 1500.000000000000000, -44.57157287525379985 ) ) ;
#3880 = AXIS2_PLACEMENT_3D ( 'NONE', #1380, #4590, #2897 ) ;
#3881 = ORIENTED_EDGE ( 'NONE', *, *, #3496, .T. ) ;
#3882 = DIRECTION ( 'NONE',  ( 0.000000000000000000, 1.000000000000000000, -0.000000000000000000 ) ) ;
#3883 = ADVANCED_FACE ( 'NONE', ( #4274 ), #4704, .T. ) ;
#3884 = LINE ( 'NONE', #1081, #2084 ) ;
#3885 = PLANE ( 'NONE',  #1781 ) ;
#3886 = CARTESIAN_POINT ( 'NONE',  ( -4.571572875253814949, 1500.000000000000000, -7.400000000000002132 ) ) ;
#3887 = ORIENTED_EDGE ( 'NONE', *, *, #2968, .F. ) ;
#3888 = ORIENTED_EDGE ( 'NONE', *, *, #1815, .T. ) ;
#3889 = VECTOR ( 'NONE', #524, 1000.000000000000000 ) ;
#3890 = DIRECTION ( 'NONE',  ( -9.486469554969614641E-17, 0.000000000000000000, -1.000000000000000000 ) ) ;
#3891 = VECTOR ( 'NONE', #2926, 1000.000000000000000 ) ;
#3892 = CARTESIAN_POINT ( 'NONE',  ( -19.00000000000000000, 1500.000000000000000, -44.10000000000000142 ) ) ;
#3893 = ORIENTED_EDGE ( 'NONE', *, *, #375, .F. ) ;
#3894 = DIRECTION ( 'NONE',  ( 0.7071067811865477948, 0.000000000000000000, 0.7071067811865473507 ) ) ;
#3895 = CARTESIAN_POINT ( 'NONE',  ( 34.89999999999998437, 1500.000000000000000, 20.00000000000000355 ) ) ;
#3896 = DIRECTION ( 'NONE',  ( 0.000000000000000000, 0.000000000000000000, -1.000000000000000000 ) ) ;
#3897 = DIRECTION ( 'NONE',  ( 0.000000000000000000, 1.000000000000000000, -0.000000000000000000 ) ) ;
#3898 = ORIENTED_EDGE ( 'NONE', *, *, #3591, .F. ) ;
#3899 = VERTEX_POINT ( 'NONE', #1465 ) ;
#3900 = ADVANCED_FACE ( 'NONE', ( #4619 ), #157, .F. ) ;
#3901 = DIRECTION ( 'NONE',  ( -1.000000000000000000, -0.000000000000000000, -0.000000000000000000 ) ) ;
#3902 = ORIENTED_EDGE ( 'NONE', *, *, #1988, .F. ) ;
#3903 = VECTOR ( 'NONE', #1807, 1000.000000000000000 ) ;
#3904 = CARTESIAN_POINT ( 'NONE',  ( -16.50000000000000355, 0.000000000000000000, -5.099999999999996092 ) ) ;
#3905 = ORIENTED_EDGE ( 'NONE', *, *, #3554, .F. ) ;
#3906 = EDGE_LOOP ( 'NONE', ( #2205, #2619, #2419, #304 ) ) ;
#3907 = VECTOR ( 'NONE', #4425, 1000.000000000000000 ) ;
#3908 = CARTESIAN_POINT ( 'NONE',  ( 4.571572875253802515, 1500.000000000000000, -47.39999999999999147 ) ) ;
#3909 = DIRECTION ( 'NONE',  ( 0.7071067811865480168, -0.000000000000000000, -0.7071067811865470176 ) ) ;
#3910 = LINE ( 'NONE', #4267, #4320 ) ;
#3911 = AXIS2_PLACEMENT_3D ( 'NONE', #114, #3372, #2160 ) ;
#3912 = EDGE_CURVE ( 'NONE', #3926, #1550, #1386, .T. ) ;
#3913 = DIRECTION ( 'NONE',  ( 0.000000000000000000, 1.000000000000000000, -0.000000000000000000 ) ) ;
#3914 = VERTEX_POINT ( 'NONE', #1789 ) ;
#3915 = EDGE_LOOP ( 'NONE', ( #4655, #3991 ) ) ;
#3916 = ORIENTED_EDGE ( 'NONE', *, *, #1010, .T. ) ;
#3917 = DIRECTION ( 'NONE',  ( -0.000000000000000000, -1.000000000000000000, -0.000000000000000000 ) ) ;
#3918 = ADVANCED_FACE ( 'NONE', ( #4646 ), #1060, .F. ) ;
#3919 = EDGE_CURVE ( 'NONE', #979, #3060, #4221, .T. ) ;
#3920 = DIRECTION ( 'NONE',  ( 0.000000000000000000, 1.000000000000000000, -0.000000000000000000 ) ) ;
#3921 = VECTOR ( 'NONE', #4094, 1000.000000000000000 ) ;
#3922 = ORIENTED_EDGE ( 'NONE', *, *, #1864, .T. ) ;
#3923 = DIRECTION ( 'NONE',  ( 0.000000000000000000, 0.000000000000000000, 1.000000000000000000 ) ) ;
#3924 = CARTESIAN_POINT ( 'NONE',  ( -10.25735931288070013, 1500.000000000000000, -55.50000000000000711 ) ) ;
#3925 = LINE ( 'NONE', #5162, #721 ) ;
#3926 = VERTEX_POINT ( 'NONE', #3494 ) ;
#3927 = ORIENTED_EDGE ( 'NONE', *, *, #782, .F. ) ;
#3928 = VERTEX_POINT ( 'NONE', #5106 ) ;
#3929 = EDGE_CURVE ( 'NONE', #3158, #4980, #2233, .T. ) ;
#3930 = CARTESIAN_POINT ( 'NONE',  ( 55.50000000000000000, 0.000000000000000000, -21.67157287525380482 ) ) ;
#3931 = ADVANCED_FACE ( 'NONE', ( #4249 ), #3467, .F. ) ;
#3932 = ORIENTED_EDGE ( 'NONE', *, *, #2765, .F. ) ;
#3933 = CARTESIAN_POINT ( 'NONE',  ( 60.00000000000000000, 1500.000000000000000, -34.89999999999998437 ) ) ;
#3934 = CARTESIAN_POINT ( 'NONE',  ( 58.99999999999998579, 0.000000000000000000, -44.10000000000000142 ) ) ;
#3935 = AXIS2_PLACEMENT_3D ( 'NONE', #3084, #2224, #259 ) ;
#3936 = CARTESIAN_POINT ( 'NONE',  ( -19.00000000000000000, 1500.000000000000000, 4.100000000000003197 ) ) ;
#3937 = EDGE_CURVE ( 'NONE', #2128, #2226, #1382, .T. ) ;
#3938 = DIRECTION ( 'NONE',  ( -0.000000000000000000, -1.000000000000000000, -0.000000000000000000 ) ) ;
#3939 = ORIENTED_EDGE ( 'NONE', *, *, #295, .T. ) ;
#3940 = ORIENTED_EDGE ( 'NONE', *, *, #2895, .T. ) ;
#3941 = CARTESIAN_POINT ( 'NONE',  ( -15.50000000000000711, 0.000000000000000000, -21.67157287525380482 ) ) ;
#3942 = VECTOR ( 'NONE', #1216, 1000.000000000000000 ) ;
#3943 = DIRECTION ( 'NONE',  ( -0.000000000000000000, -1.000000000000000000, -0.000000000000000000 ) ) ;
#3944 = VERTEX_POINT ( 'NONE', #4332 ) ;
#3945 = CARTESIAN_POINT ( 'NONE',  ( 47.39999999999999147, 1500.000000000000000, 4.571572875253811397 ) ) ;
#3946 = VECTOR ( 'NONE', #57, 1000.000000000000000 ) ;
#3947 = EDGE_CURVE ( 'NONE', #2922, #2102, #1491, .T. ) ;
#3948 = CARTESIAN_POINT ( 'NONE',  ( 44.09999999999999432, 1500.000000000000000, -56.49999999999999289 ) ) ;
#3949 = DIRECTION ( 'NONE',  ( -0.000000000000000000, -1.000000000000000000, 0.000000000000000000 ) ) ;
#3950 = EDGE_LOOP ( 'NONE', ( #990, #1463, #2178, #3735 ) ) ;
#3951 = ORIENTED_EDGE ( 'NONE', *, *, #5064, .F. ) ;
#3952 = CARTESIAN_POINT ( 'NONE',  ( 32.59999999999998721, 1500.000000000000000, -32.59999999999998721 ) ) ;
#3953 = CARTESIAN_POINT ( 'NONE',  ( 59.00000000000000000, 1500.000000000000000, 5.100000000000003197 ) ) ;
#3954 = ORIENTED_EDGE ( 'NONE', *, *, #3070, .F. ) ;
#3955 = CIRCLE ( 'NONE', #1404, 1.000000000000000000 ) ;
#3956 = CARTESIAN_POINT ( 'NONE',  ( 53.79289321881343255, 1500.000000000000000, -29.03553390593274841 ) ) ;
#3957 = LINE ( 'NONE', #2512, #1607 ) ;
#3958 = DIRECTION ( 'NONE',  ( -1.000000000000000000, -0.000000000000000000, -0.000000000000000000 ) ) ;
#3959 = EDGE_LOOP ( 'NONE', ( #253, #4752, #4919, #850 ) ) ;
#3960 = ORIENTED_EDGE ( 'NONE', *, *, #1788, .T. ) ;
#3961 = EDGE_CURVE ( 'NONE', #1454, #3658, #4604, .T. ) ;
#3962 = EDGE_LOOP ( 'NONE', ( #3373, #27, #1799, #20 ) ) ;
#3963 = DIRECTION ( 'NONE',  ( 0.000000000000000000, 0.000000000000000000, 1.000000000000000000 ) ) ;
#3964 = CYLINDRICAL_SURFACE ( 'NONE', #1493, 1.000000000000000888 ) ;
#3965 = VERTEX_POINT ( 'NONE', #1817 ) ;
#3966 = CARTESIAN_POINT ( 'NONE',  ( 54.50000000000000000, 1500.000000000000000, -10.25735931288071434 ) ) ;
#3967 = CIRCLE ( 'NONE', #1934, 1.000000000000000888 ) ;
#3968 = CARTESIAN_POINT ( 'NONE',  ( -19.00000000000000711, 0.000000000000000000, -5.099999999999996092 ) ) ;
#3969 = DIRECTION ( 'NONE',  ( -1.000000000000000000, 0.000000000000000000, 0.000000000000000000 ) ) ;
#3970 = ORIENTED_EDGE ( 'NONE', *, *, #38, .T. ) ;
#3971 = ORIENTED_EDGE ( 'NONE', *, *, #3755, .T. ) ;
#3972 = DIRECTION ( 'NONE',  ( -0.000000000000000000, -1.000000000000000000, -0.000000000000000000 ) ) ;
#3973 = DIRECTION ( 'NONE',  ( 0.000000000000000000, 0.000000000000000000, -1.000000000000000000 ) ) ;
#3974 = VECTOR ( 'NONE', #1545, 1000.000000000000000 ) ;
#3975 = DIRECTION ( 'NONE',  ( 1.000000000000000000, -0.000000000000000000, -0.000000000000000000 ) ) ;
#3976 = EDGE_CURVE ( 'NONE', #3789, #1393, #3517, .T. ) ;
#3977 = EDGE_CURVE ( 'NONE', #3944, #2058, #3866, .T. ) ;
#3978 = ORIENTED_EDGE ( 'NONE', *, *, #3021, .T. ) ;
#3979 = FACE_BOUND ( 'NONE', #10, .T. ) ;
#3980 = DIRECTION ( 'NONE',  ( 0.000000000000000000, 1.000000000000000000, -0.000000000000000000 ) ) ;
#3981 = VECTOR ( 'NONE', #2780, 1000.000000000000000 ) ;
#3982 = DIRECTION ( 'NONE',  ( -0.000000000000000000, -1.000000000000000000, -0.000000000000000000 ) ) ;
#3983 = VERTEX_POINT ( 'NONE', #3065 ) ;
#3984 = CARTESIAN_POINT ( 'NONE',  ( -15.50000000000000711, 1500.000000000000000, -21.67157287525380482 ) ) ;
#3985 = ORIENTED_EDGE ( 'NONE', *, *, #616, .T. ) ;
#3986 = VECTOR ( 'NONE', #2699, 1000.000000000000114 ) ;
#3987 = CARTESIAN_POINT ( 'NONE',  ( 45.09999999999999432, 0.000000000000000000, -56.50000000000000711 ) ) ;
#3988 = CARTESIAN_POINT ( 'NONE',  ( -16.50000000000001066, 1500.000000000000000, 4.100000000000003197 ) ) ;
#3989 = EDGE_CURVE ( 'NONE', #3745, #3153, #1982, .T. ) ;
#3990 = EDGE_CURVE ( 'NONE', #2688, #1839, #1514, .T. ) ;
#3991 = ORIENTED_EDGE ( 'NONE', *, *, #4530, .F. ) ;
#3992 = CYLINDRICAL_SURFACE ( 'NONE', #2613, 1.000000000000000888 ) ;
#3993 = CARTESIAN_POINT ( 'NONE',  ( 39.99999999999999289, 1500.000000000000000, -39.99999999999999289 ) ) ;
#3994 = CIRCLE ( 'NONE', #5268, 1.000000000000000888 ) ;
#3995 = CARTESIAN_POINT ( 'NONE',  ( -19.00000000000000000, 1500.000000000000000, 4.100000000000003197 ) ) ;
#3996 = VERTEX_POINT ( 'NONE', #5262 ) ;
#3997 = ORIENTED_EDGE ( 'NONE', *, *, #3929, .F. ) ;
#3998 = ORIENTED_EDGE ( 'NONE', *, *, #1421, .F. ) ;
#3999 = CARTESIAN_POINT ( 'NONE',  ( 32.59999999999998721, 1500.000000000000000, -7.400000000000003908 ) ) ;
#4000 = CARTESIAN_POINT ( 'NONE',  ( 7.399999999999997691, 1500.000000000000000, -7.400000000000003908 ) ) ;
#4001 = DIRECTION ( 'NONE',  ( -0.000000000000000000, -1.000000000000000000, -0.000000000000000000 ) ) ;
#4002 = ORIENTED_EDGE ( 'NONE', *, *, #115, .F. ) ;
#4003 = DIRECTION ( 'NONE',  ( -0.7071067811865479058, 0.000000000000000000, -0.7071067811865471286 ) ) ;
#4004 = EDGE_CURVE ( 'NONE', #951, #3674, #4354, .T. ) ;
#4005 = DIRECTION ( 'NONE',  ( -0.000000000000000000, -1.000000000000000000, -0.000000000000000000 ) ) ;
#4006 = CARTESIAN_POINT ( 'NONE',  ( 54.49999999999999289, 1500.000000000000000, 10.25735931288071612 ) ) ;
#4007 = ORIENTED_EDGE ( 'NONE', *, *, #292, .F. ) ;
#4008 = VERTEX_POINT ( 'NONE', #2737 ) ;
#4009 = FACE_OUTER_BOUND ( 'NONE', #1448, .T. ) ;
#4010 = DIRECTION ( 'NONE',  ( -0.7071067811865476838, -0.000000000000000000, -0.7071067811865474617 ) ) ;
#4011 = ORIENTED_EDGE ( 'NONE', *, *, #96, .T. ) ;
#4012 = EDGE_CURVE ( 'NONE', #4673, #1358, #4435, .T. ) ;
#4013 = LINE ( 'NONE', #4808, #62 ) ;
#4014 = ORIENTED_EDGE ( 'NONE', *, *, #2806, .F. ) ;
#4015 = CIRCLE ( 'NONE', #4777, 3.999999999999998224 ) ;
#4016 = FACE_OUTER_BOUND ( 'NONE', #2697, .T. ) ;
#4017 = CARTESIAN_POINT ( 'NONE',  ( -5.100000000000005862, 0.000000000000000000, 19.00000000000000355 ) ) ;
#4018 = ORIENTED_EDGE ( 'NONE', *, *, #816, .F. ) ;
#4019 = VECTOR ( 'NONE', #2105, 1000.000000000000000 ) ;
#4020 = ORIENTED_EDGE ( 'NONE', *, *, #5257, .F. ) ;
#4021 = ORIENTED_EDGE ( 'NONE', *, *, #3676, .T. ) ;
#4022 = FACE_OUTER_BOUND ( 'NONE', #2200, .T. ) ;
#4023 = CARTESIAN_POINT ( 'NONE',  ( -10.25735931288072322, 1500.000000000000000, -54.50000000000000711 ) ) ;
#4024 = CARTESIAN_POINT ( 'NONE',  ( 55.50000000000000000, 1500.000000000000000, -21.67157287525380482 ) ) ;
#4025 = VERTEX_POINT ( 'NONE', #1920 ) ;
#4026 = DIRECTION ( 'NONE',  ( -0.000000000000000000, -1.000000000000000000, 0.000000000000000000 ) ) ;
#4027 = DIRECTION ( 'NONE',  ( 0.000000000000000000, 1.000000000000000000, 0.000000000000000000 ) ) ;
#4028 = CARTESIAN_POINT ( 'NONE',  ( -20.00000000000000711, 0.000000000000000000, -5.100000000000003197 ) ) ;
#4029 = EDGE_CURVE ( 'NONE', #3680, #5051, #1044, .T. ) ;
#4030 = CARTESIAN_POINT ( 'NONE',  ( -15.50000000000000711, 1500.000000000000000, -21.67157287525380482 ) ) ;
#4031 = ORIENTED_EDGE ( 'NONE', *, *, #520, .F. ) ;
#4032 = LINE ( 'NONE', #1941, #162 ) ;
#4033 = AXIS2_PLACEMENT_3D ( 'NONE', #3468, #2288, #1818 ) ;
#4034 = EDGE_CURVE ( 'NONE', #2269, #1738, #4457, .T. ) ;
#4035 = DIRECTION ( 'NONE',  ( 0.7071067811865473507, -0.000000000000000000, 0.7071067811865477948 ) ) ;
#4036 = CARTESIAN_POINT ( 'NONE',  ( 47.39999999999999147, 1500.000000000000000, 4.571572875253811397 ) ) ;
#4037 = VECTOR ( 'NONE', #3975, 1000.000000000000000 ) ;
#4038 = ORIENTED_EDGE ( 'NONE', *, *, #4160, .T. ) ;
#4039 = LINE ( 'NONE', #442, #731 ) ;
#4040 = ORIENTED_EDGE ( 'NONE', *, *, #2807, .F. ) ;
#4041 = CARTESIAN_POINT ( 'NONE',  ( -20.00000000000000711, 1500.000000000000000, -5.100000000000003197 ) ) ;
#4042 = DIRECTION ( 'NONE',  ( 0.000000000000000000, 1.000000000000000000, -0.000000000000000000 ) ) ;
#4043 = ORIENTED_EDGE ( 'NONE', *, *, #5173, .F. ) ;
#4044 = ORIENTED_EDGE ( 'NONE', *, *, #3821, .T. ) ;
#4045 = EDGE_LOOP ( 'NONE', ( #81, #2257, #4640, #169 ) ) ;
#4046 = VECTOR ( 'NONE', #944, 1000.000000000000000 ) ;
#4047 = DIRECTION ( 'NONE',  ( 0.000000000000000000, 0.000000000000000000, -1.000000000000000000 ) ) ;
#4048 = CARTESIAN_POINT ( 'NONE',  ( 55.99999999999997158, 1500.000000000000000, 20.00000000000000355 ) ) ;
#4049 = VECTOR ( 'NONE', #698, 1000.000000000000000 ) ;
#4050 = CARTESIAN_POINT ( 'NONE',  ( 29.03553390593274841, 1500.000000000000000, -53.79289321881343966 ) ) ;
#4051 = ORIENTED_EDGE ( 'NONE', *, *, #1764, .T. ) ;
#4052 = CARTESIAN_POINT ( 'NONE',  ( 54.49999999999999289, 0.000000000000000000, -50.25735931288070901 ) ) ;
#4053 = EDGE_CURVE ( 'NONE', #4965, #2587, #1969, .T. ) ;
#4054 = CARTESIAN_POINT ( 'NONE',  ( -7.400000000000003908, 1500.000000000000000, -4.571572875253809620 ) ) ;
#4055 = DIRECTION ( 'NONE',  ( 0.000000000000000000, 1.000000000000000000, 0.000000000000000000 ) ) ;
#4056 = PLANE ( 'NONE',  #4066 ) ;
#4057 = CARTESIAN_POINT ( 'NONE',  ( 47.39999999999999147, 1500.000000000000000, -44.57157287525380696 ) ) ;
#4058 = EDGE_CURVE ( 'NONE', #260, #1731, #3169, .T. ) ;
#4059 = LINE ( 'NONE', #413, #4373 ) ;
#4060 = ORIENTED_EDGE ( 'NONE', *, *, #4669, .F. ) ;
#4061 = LINE ( 'NONE', #2365, #4381 ) ;
#4062 = VECTOR ( 'NONE', #202, 1000.000000000000000 ) ;
#4063 = ORIENTED_EDGE ( 'NONE', *, *, #1130, .T. ) ;
#4064 = ORGANIZATION ( '未指定', '未指定', '' ) ;
#4065 = EDGE_CURVE ( 'NONE', #2133, #333, #1566, .T. ) ;
#4066 = AXIS2_PLACEMENT_3D ( 'NONE', #3984, #3592, #5202 ) ;
#4067 = CARTESIAN_POINT ( 'NONE',  ( 44.57157287525380696, 0.000000000000000000, -47.39999999999999147 ) ) ;
#4068 = CARTESIAN_POINT ( 'NONE',  ( -16.50000000000001066, 0.000000000000000000, 4.100000000000003197 ) ) ;
#4069 = ORIENTED_EDGE ( 'NONE', *, *, #1421, .T. ) ;
#4070 = ORIENTED_EDGE ( 'NONE', *, *, #5224, .T. ) ;
#4071 = UNCERTAINTY_MEASURE_WITH_UNIT (LENGTH_MEASURE( 1.000000000000000082E-05 ), #858, 'distance_accuracy_value', 'NONE');
#4072 = VECTOR ( 'NONE', #2453, 1000.000000000000000 ) ;
#4073 = DIRECTION ( 'NONE',  ( -0.000000000000000000, -1.000000000000000000, -0.000000000000000000 ) ) ;
#4074 = DIRECTION ( 'NONE',  ( 1.000000000000000000, -0.000000000000000000, 7.245177780952315872E-17 ) ) ;
#4075 = LINE ( 'NONE', #4024, #3190 ) ;
#4076 = ORIENTED_EDGE ( 'NONE', *, *, #3573, .F. ) ;
#4077 = DIRECTION ( 'NONE',  ( -0.000000000000000000, -1.000000000000000000, -0.000000000000000000 ) ) ;
#4078 = ADVANCED_FACE ( 'NONE', ( #4776 ), #3567, .T. ) ;
#4079 = DIRECTION ( 'NONE',  ( -0.000000000000000000, -1.000000000000000000, -0.000000000000000000 ) ) ;
#4080 = CARTESIAN_POINT ( 'NONE',  ( 58.99999999999998579, 1500.000000000000000, 4.100000000000003197 ) ) ;
#4081 = CARTESIAN_POINT ( 'NONE',  ( -5.100000000000005862, 1500.000000000000000, 19.00000000000000355 ) ) ;
#4082 = DIRECTION ( 'NONE',  ( 0.000000000000000000, 1.000000000000000000, -0.000000000000000000 ) ) ;
#4083 = CYLINDRICAL_SURFACE ( 'NONE', #4568, 1.000000000000000888 ) ;
#4084 = DIRECTION ( 'NONE',  ( -3.469446951953620598E-16, -0.000000000000000000, 1.000000000000000000 ) ) ;
#4085 = VERTEX_POINT ( 'NONE', #2815 ) ;
#4086 = CARTESIAN_POINT ( 'NONE',  ( 34.89999999999998437, 1500.000000000000000, -55.50000000000000711 ) ) ;
#4087 = CARTESIAN_POINT ( 'NONE',  ( -10.96446609406725337, 1500.000000000000000, 13.79289321881343788 ) ) ;
#4088 = VECTOR ( 'NONE', #3489, 1000.000000000000000 ) ;
#4089 = CARTESIAN_POINT ( 'NONE',  ( -7.400000000000003908, 0.000000000000000000, -35.42842712474618594 ) ) ;
#4090 = DIRECTION ( 'NONE',  ( 0.000000000000000000, -0.000000000000000000, 1.000000000000000000 ) ) ;
#4091 = EDGE_LOOP ( 'NONE', ( #2843, #2456, #3547, #3516 ) ) ;
#4092 = EDGE_CURVE ( 'NONE', #392, #5128, #4355, .T. ) ;
#4093 = VERTEX_POINT ( 'NONE', #2309 ) ;
#4094 = DIRECTION ( 'NONE',  ( -1.000000000000000000, -0.000000000000000000, 3.363588555182244873E-16 ) ) ;
#4095 = FACE_OUTER_BOUND ( 'NONE', #205, .T. ) ;
#4096 = VECTOR ( 'NONE', #3678, 1000.000000000000000 ) ;
#4097 = LINE ( 'NONE', #2935, #1312 ) ;
#4098 = ORIENTED_EDGE ( 'NONE', *, *, #465, .F. ) ;
#4099 = ORIENTED_EDGE ( 'NONE', *, *, #2555, .F. ) ;
#4100 = FACE_OUTER_BOUND ( 'NONE', #2238, .T. ) ;
#4101 = CARTESIAN_POINT ( 'NONE',  ( 50.25735931288068059, 1500.000000000000000, -55.50000000000000711 ) ) ;
#4102 = CARTESIAN_POINT ( 'NONE',  ( 10.96446609406724804, 1500.000000000000000, -53.79289321881343255 ) ) ;
#4103 = ORIENTED_EDGE ( 'NONE', *, *, #2747, .F. ) ;
#4104 = DIRECTION ( 'NONE',  ( -1.000000000000000000, 0.000000000000000000, -1.449035556190463914E-16 ) ) ;
#4105 = CARTESIAN_POINT ( 'NONE',  ( 35.42842712474618594, 0.000000000000000000, -47.39999999999999147 ) ) ;
#4106 = DIRECTION ( 'NONE',  ( -0.000000000000000000, -1.000000000000000000, -0.000000000000000000 ) ) ;
#4107 = VECTOR ( 'NONE', #3501, 1000.000000000000000 ) ;
#4108 = PLANE ( 'NONE',  #4368 ) ;
#4109 = EDGE_CURVE ( 'NONE', #4773, #874, #3594, .T. ) ;
#4110 = VECTOR ( 'NONE', #4308, 1000.000000000000000 ) ;
#4111 = VERTEX_POINT ( 'NONE', #2018 ) ;
#4112 = CARTESIAN_POINT ( 'NONE',  ( -10.25735931288072322, 1500.000000000000000, 15.50000000000000355 ) ) ;
#4113 = EDGE_CURVE ( 'NONE', #1840, #2744, #3622, .T. ) ;
#4114 = PLANE ( 'NONE',  #3518 ) ;
#4115 = AXIS2_PLACEMENT_3D ( 'NONE', #1405, #4740, #5021 ) ;
#4116 = CARTESIAN_POINT ( 'NONE',  ( -5.100000000000012079, 1500.000000000000000, 20.00000000000000355 ) ) ;
#4117 = DIRECTION ( 'NONE',  ( -1.000000000000000000, 0.000000000000000000, 0.000000000000000000 ) ) ;
#4118 = ORIENTED_EDGE ( 'NONE', *, *, #1241, .T. ) ;
#4119 = VECTOR ( 'NONE', #5121, 1000.000000000000000 ) ;
#4120 = VERTEX_POINT ( 'NONE', #313 ) ;
#4121 = CARTESIAN_POINT ( 'NONE',  ( 45.10000000000000142, 0.000000000000000000, -55.50000000000000711 ) ) ;
#4122 = CARTESIAN_POINT ( 'NONE',  ( 55.49999999999999289, 1500.000000000000000, 5.100000000000010303 ) ) ;
#4123 = DIRECTION ( 'NONE',  ( -0.000000000000000000, -0.000000000000000000, -1.000000000000000000 ) ) ;
#4124 = VERTEX_POINT ( 'NONE', #764 ) ;
#4125 = ORIENTED_EDGE ( 'NONE', *, *, #1830, .F. ) ;
#4126 = DIRECTION ( 'NONE',  ( -2.690870844145799842E-15, 0.000000000000000000, 1.000000000000000000 ) ) ;
#4127 = CARTESIAN_POINT ( 'NONE',  ( -16.00000000000000711, 1500.000000000000000, -56.00000000000000711 ) ) ;
#4128 = VECTOR ( 'NONE', #2525, 1000.000000000000000 ) ;
#4129 = EDGE_CURVE ( 'NONE', #1172, #4416, #4407, .T. ) ;
#4130 = ADVANCED_FACE ( 'NONE', ( #4009 ), #2362, .F. ) ;
#4131 = DIRECTION ( 'NONE',  ( -0.000000000000000000, -1.000000000000000000, -0.000000000000000000 ) ) ;
#4132 = ORIENTED_EDGE ( 'NONE', *, *, #1084, .F. ) ;
#4133 = CARTESIAN_POINT ( 'NONE',  ( 35.42842712474618594, 1500.000000000000000, -47.39999999999999147 ) ) ;
#4134 = LINE ( 'NONE', #4184, #2714 ) ;
#4135 = CARTESIAN_POINT ( 'NONE',  ( 7.399999999999997691, 0.000000000000000000, -32.59999999999998721 ) ) ;
#4136 = FACE_OUTER_BOUND ( 'NONE', #3962, .T. ) ;
#4137 = VERTEX_POINT ( 'NONE', #3161 ) ;
#4138 = ORIENTED_EDGE ( 'NONE', *, *, #3573, .T. ) ;
#4139 = LINE ( 'NONE', #494, #1580 ) ;
#4140 = CIRCLE ( 'NONE', #1863, 1.000000000000000888 ) ;
#4141 = CARTESIAN_POINT ( 'NONE',  ( 7.399999999999996803, 1500.000000000000000, 4.571572875253806956 ) ) ;
#4142 = EDGE_CURVE ( 'NONE', #4303, #4025, #1194, .T. ) ;
#4143 = LINE ( 'NONE', #1658, #2438 ) ;
#4144 = EDGE_CURVE ( 'NONE', #286, #1565, #4382, .T. ) ;
#4145 = PLANE ( 'NONE',  #886 ) ;
#4146 = ORIENTED_EDGE ( 'NONE', *, *, #3937, .F. ) ;
#4147 = VECTOR ( 'NONE', #3972, 1000.000000000000000 ) ;
#4148 = CARTESIAN_POINT ( 'NONE',  ( 34.89999999999999147, 1500.000000000000000, -59.00000000000000000 ) ) ;
#4149 = CARTESIAN_POINT ( 'NONE',  ( 44.09999999999999432, 0.000000000000000000, -56.49999999999999289 ) ) ;
#4150 = DIRECTION ( 'NONE',  ( -0.000000000000000000, -1.000000000000000000, -0.000000000000000000 ) ) ;
#4151 = VERTEX_POINT ( 'NONE', #2064 ) ;
#4152 = VECTOR ( 'NONE', #3982, 1000.000000000000000 ) ;
#4153 = ORIENTED_EDGE ( 'NONE', *, *, #5235, .F. ) ;
#4154 = CARTESIAN_POINT ( 'NONE',  ( -14.50000000000000533, 1500.000000000000000, -10.25735931288071434 ) ) ;
#4155 = PERSON_AND_ORGANIZATION_ROLE ( 'design_supplier' ) ;
#4156 = DIRECTION ( 'NONE',  ( -1.000000000000000000, 0.000000000000000000, -3.363588555182245366E-16 ) ) ;
#4157 = AXIS2_PLACEMENT_3D ( 'NONE', #402, #2933, #3333 ) ;
#4158 = EDGE_LOOP ( 'NONE', ( #2425, #1633 ) ) ;
#4159 = DIRECTION ( 'NONE',  ( -0.000000000000000000, -1.000000000000000000, -0.000000000000000000 ) ) ;
#4160 = EDGE_CURVE ( 'NONE', #2289, #3477, #70, .T. ) ;
#4161 = DIRECTION ( 'NONE',  ( -0.000000000000000000, -1.000000000000000000, -0.000000000000000000 ) ) ;
#4162 = DIRECTION ( 'NONE',  ( -0.000000000000000000, -1.000000000000000000, -0.000000000000000000 ) ) ;
#4163 = DIRECTION ( 'NONE',  ( -0.000000000000000000, -1.000000000000000000, -0.000000000000000000 ) ) ;
#4164 = ORIENTED_EDGE ( 'NONE', *, *, #3018, .F. ) ;
#4165 = ORIENTED_EDGE ( 'NONE', *, *, #4129, .T. ) ;
#4166 = DIRECTION ( 'NONE',  ( -0.000000000000000000, -1.000000000000000000, -0.000000000000000000 ) ) ;
#4167 = CARTESIAN_POINT ( 'NONE',  ( 34.89999999999998437, 0.000000000000000000, 15.50000000000000355 ) ) ;
#4168 = LINE ( 'NONE', #4998, #1508 ) ;
#4169 = DIRECTION ( 'NONE',  ( 0.000000000000000000, 0.000000000000000000, 1.000000000000000000 ) ) ;
#4170 = ORIENTED_EDGE ( 'NONE', *, *, #1803, .F. ) ;
#4171 = AXIS2_PLACEMENT_3D ( 'NONE', #1801, #3450, #4177 ) ;
#4172 = CARTESIAN_POINT ( 'NONE',  ( 32.59999999999998721, 0.000000000000000000, -7.400000000000003908 ) ) ;
#4173 = CARTESIAN_POINT ( 'NONE',  ( -13.79289321881344144, 1500.000000000000000, -29.03553390593274841 ) ) ;
#4174 = DIRECTION ( 'NONE',  ( -0.000000000000000000, -1.000000000000000000, -0.000000000000000000 ) ) ;
#4175 = EDGE_LOOP ( 'NONE', ( #3578, #1990, #206, #2904 ) ) ;
#4176 = ORIENTED_EDGE ( 'NONE', *, *, #1621, .T. ) ;
#4177 = DIRECTION ( 'NONE',  ( 0.000000000000000000, 0.000000000000000000, -1.000000000000000000 ) ) ;
#4178 = PERSON_AND_ORGANIZATION ( #4996, #4064 ) ;
#4179 = AXIS2_PLACEMENT_3D ( 'NONE', #4835, #4860, #5182 ) ;
#4180 = DIRECTION ( 'NONE',  ( -0.000000000000000000, -1.000000000000000000, 0.000000000000000000 ) ) ;
#4181 = VERTEX_POINT ( 'NONE', #2118 ) ;
#4182 = VECTOR ( 'NONE', #852, 1000.000000000000000 ) ;
#4183 = DIRECTION ( 'NONE',  ( -0.000000000000000000, -1.000000000000000000, -0.000000000000000000 ) ) ;
#4184 = CARTESIAN_POINT ( 'NONE',  ( -10.25735931288070013, 0.000000000000000000, -55.50000000000000711 ) ) ;
#4185 = CARTESIAN_POINT ( 'NONE',  ( 35.42842712474618594, 0.000000000000000000, -47.39999999999999147 ) ) ;
#4186 = EDGE_CURVE ( 'NONE', #5105, #3147, #23, .T. ) ;
#4187 = DIRECTION ( 'NONE',  ( -0.000000000000000000, -1.000000000000000000, -0.000000000000000000 ) ) ;
#4188 = ORIENTED_EDGE ( 'NONE', *, *, #3178, .T. ) ;
#4189 = CARTESIAN_POINT ( 'NONE',  ( 5.099999999999999645, 0.000000000000000000, 15.50000000000000355 ) ) ;
#4190 = EDGE_LOOP ( 'NONE', ( #473, #5103, #3241, #326 ) ) ;
#4191 = PLANE ( 'NONE',  #4981 ) ;
#4192 = DIRECTION ( 'NONE',  ( 0.000000000000000000, 0.000000000000000000, -1.000000000000000000 ) ) ;
#4193 = ADVANCED_FACE ( 'NONE', ( #4907 ), #4988, .T. ) ;
#4194 = EDGE_CURVE ( 'NONE', #155, #2695, #18, .T. ) ;
#4195 = DIRECTION ( 'NONE',  ( -1.000000000000000000, 0.000000000000000000, 0.000000000000000000 ) ) ;
#4196 = PLANE ( 'NONE',  #2163 ) ;
#4197 = VECTOR ( 'NONE', #2531, 1000.000000000000000 ) ;
#4198 = EDGE_LOOP ( 'NONE', ( #1899, #4684, #2237, #4588 ) ) ;
#4199 = VECTOR ( 'NONE', #1169, 1000.000000000000000 ) ;
#4200 = CARTESIAN_POINT ( 'NONE',  ( 34.89999999999999147, 0.000000000000000000, -59.00000000000000000 ) ) ;
#4201 = PLANE ( 'NONE',  #3093 ) ;
#4202 = PLANE ( 'NONE',  #4533 ) ;
#4203 = VERTEX_POINT ( 'NONE', #921 ) ;
#4204 = EDGE_LOOP ( 'NONE', ( #237, #1234, #4614, #1136 ) ) ;
#4205 = LINE ( 'NONE', #2186, #4859 ) ;
#4206 = CARTESIAN_POINT ( 'NONE',  ( 10.25735931288069480, 0.000000000000000000, 15.50000000000000178 ) ) ;
#4207 = EDGE_CURVE ( 'NONE', #1295, #649, #1727, .T. ) ;
#4208 = EDGE_CURVE ( 'NONE', #2746, #116, #2044, .T. ) ;
#4209 = ORIENTED_EDGE ( 'NONE', *, *, #3687, .T. ) ;
#4210 = DIRECTION ( 'NONE',  ( 0.7071067811865477948, -0.000000000000000000, -0.7071067811865473507 ) ) ;
#4211 = LINE ( 'NONE', #229, #3216 ) ;
#4212 = AXIS2_PLACEMENT_3D ( 'NONE', #480, #2858, #61 ) ;
#4213 = DIRECTION ( 'NONE',  ( -1.000000000000000000, -0.000000000000000000, -0.000000000000000000 ) ) ;
#4214 = DIRECTION ( 'NONE',  ( 0.7071067811865474617, 0.000000000000000000, -0.7071067811865474617 ) ) ;
#4215 = ORIENTED_EDGE ( 'NONE', *, *, #4879, .T. ) ;
#4216 = CARTESIAN_POINT ( 'NONE',  ( 34.89999999999998437, 1500.000000000000000, -55.50000000000000711 ) ) ;
#4217 = ORIENTED_EDGE ( 'NONE', *, *, #972, .F. ) ;
#4218 = PLANE ( 'NONE',  #4798 ) ;
#4219 = ORIENTED_EDGE ( 'NONE', *, *, #4863, .T. ) ;
#4220 = ADVANCED_FACE ( 'NONE', ( #2893 ), #1648, .F. ) ;
#4221 = LINE ( 'NONE', #2711, #1213 ) ;
#4222 = CARTESIAN_POINT ( 'NONE',  ( -13.79289321881344144, 1500.000000000000000, -29.03553390593274841 ) ) ;
#4223 = CARTESIAN_POINT ( 'NONE',  ( -20.00000000000000711, 1500.000000000000000, 15.99999999999997691 ) ) ;
#4224 = VERTEX_POINT ( 'NONE', #2544 ) ;
#4225 = EDGE_CURVE ( 'NONE', #2874, #1447, #2919, .T. ) ;
#4226 = DIRECTION ( 'NONE',  ( -0.000000000000000000, -1.000000000000000000, -0.000000000000000000 ) ) ;
#4227 = DIRECTION ( 'NONE',  ( 0.000000000000000000, 1.000000000000000000, 0.000000000000000000 ) ) ;
#4228 = AXIS2_PLACEMENT_3D ( 'NONE', #2092, #3779, #120 ) ;
#4229 = CARTESIAN_POINT ( 'NONE',  ( -20.00000000000000711, 1500.000000000000000, -5.100000000000003197 ) ) ;
#4230 = ORIENTED_EDGE ( 'NONE', *, *, #899, .T. ) ;
#4231 = ORIENTED_EDGE ( 'NONE', *, *, #3591, .T. ) ;
#4232 = DIRECTION ( 'NONE',  ( -2.690870844145796293E-15, 0.000000000000000000, -1.000000000000000000 ) ) ;
#4233 = AXIS2_PLACEMENT_3D ( 'NONE', #967, #1826, #5092 ) ;
#4234 = SECURITY_CLASSIFICATION_LEVEL ( 'unclassified' ) ;
#4235 = LINE ( 'NONE', #4661, #2625 ) ;
#4236 = AXIS2_PLACEMENT_3D ( 'NONE', #862, #2946, #4505 ) ;
#4237 = ORIENTED_EDGE ( 'NONE', *, *, #2736, .T. ) ;
#4238 = EDGE_CURVE ( 'NONE', #2017, #3926, #864, .T. ) ;
#4239 = DIRECTION ( 'NONE',  ( 0.000000000000000000, 0.000000000000000000, 1.000000000000000000 ) ) ;
#4240 = CARTESIAN_POINT ( 'NONE',  ( -13.79289321881343433, 1500.000000000000000, -50.96446609406724093 ) ) ;
#4241 = VECTOR ( 'NONE', #1071, 1000.000000000000000 ) ;
#4242 = CARTESIAN_POINT ( 'NONE',  ( 55.49999999999999289, 1500.000000000000000, -50.25735931288068770 ) ) ;
#4243 = CIRCLE ( 'NONE', #504, 1.000000000000000000 ) ;
#4244 = CARTESIAN_POINT ( 'NONE',  ( 10.25735931288069480, 1500.000000000000000, -55.50000000000000000 ) ) ;
#4245 = ORIENTED_EDGE ( 'NONE', *, *, #593, .T. ) ;
#4246 = CARTESIAN_POINT ( 'NONE',  ( 44.57157287525380696, 1500.000000000000000, 7.399999999999998579 ) ) ;
#4247 = ORIENTED_EDGE ( 'NONE', *, *, #2328, .T. ) ;
#4248 = ORIENTED_EDGE ( 'NONE', *, *, #2355, .T. ) ;
#4249 = FACE_OUTER_BOUND ( 'NONE', #5001, .T. ) ;
#4250 = DIRECTION ( 'NONE',  ( 1.000000000000000000, -0.000000000000000000, -2.690870844145796293E-15 ) ) ;
#4251 = EDGE_LOOP ( 'NONE', ( #3978, #3250, #4284, #4021 ) ) ;
#4252 = DIRECTION ( 'NONE',  ( -0.000000000000000000, -0.000000000000000000, 1.000000000000000000 ) ) ;
#4253 = LINE ( 'NONE', #4598, #2462 ) ;
#4254 = CARTESIAN_POINT ( 'NONE',  ( 59.00000000000000000, 1500.000000000000000, -34.89999999999999147 ) ) ;
#4255 = CARTESIAN_POINT ( 'NONE',  ( -6.938893903907228378E-15, 0.000000000000000000, -3.399999999999999467 ) ) ;
#4256 = EDGE_CURVE ( 'NONE', #60, #500, #2190, .T. ) ;
#4257 = ORIENTED_EDGE ( 'NONE', *, *, #1671, .T. ) ;
#4258 = ORIENTED_EDGE ( 'NONE', *, *, #3342, .T. ) ;
#4259 = LINE ( 'NONE', #538, #4511 ) ;
#4260 = ADVANCED_FACE ( 'NONE', ( #464 ), #3295, .T. ) ;
#4261 = CARTESIAN_POINT ( 'NONE',  ( 7.399999999999997691, 1500.000000000000000, -7.400000000000003908 ) ) ;
#4262 = VECTOR ( 'NONE', #1838, 1000.000000000000000 ) ;
#4263 = VERTEX_POINT ( 'NONE', #4479 ) ;
#4264 = PLANE ( 'NONE',  #415 ) ;
#4265 = DIRECTION ( 'NONE',  ( 0.000000000000000000, 1.000000000000000000, -0.000000000000000000 ) ) ;
#4266 = AXIS2_PLACEMENT_3D ( 'NONE', #3354, #929, #2551 ) ;
#4267 = CARTESIAN_POINT ( 'NONE',  ( 44.09999999999998721, 1500.000000000000000, 18.99999999999999645 ) ) ;
#4268 = ADVANCED_FACE ( 'NONE', ( #1701 ), #838, .F. ) ;
#4269 = ORIENTED_EDGE ( 'NONE', *, *, #503, .T. ) ;
#4270 = CARTESIAN_POINT ( 'NONE',  ( 50.96446609406724093, 1500.000000000000000, -53.79289321881343255 ) ) ;
#4271 = ORIENTED_EDGE ( 'NONE', *, *, #4238, .T. ) ;
#4272 = ORIENTED_EDGE ( 'NONE', *, *, #2210, .T. ) ;
#4273 = ORIENTED_EDGE ( 'NONE', *, *, #997, .T. ) ;
#4274 = FACE_OUTER_BOUND ( 'NONE', #3553, .T. ) ;
#4275 = CARTESIAN_POINT ( 'NONE',  ( 21.67157287525378706, 1500.000000000000000, 15.50000000000000355 ) ) ;
#4276 = ADVANCED_FACE ( 'NONE', ( #3379 ), #4083, .F. ) ;
#4277 = VERTEX_POINT ( 'NONE', #488 ) ;
#4278 = ADVANCED_FACE ( 'NONE', ( #3753 ), #2975, .F. ) ;
#4279 = DIRECTION ( 'NONE',  ( -0.000000000000000000, -1.000000000000000000, 0.000000000000000000 ) ) ;
#4280 = LINE ( 'NONE', #2266, #2890 ) ;
#4281 = LINE ( 'NONE', #2235, #2696 ) ;
#4282 = AXIS2_PLACEMENT_3D ( 'NONE', #4414, #3146, #1149 ) ;
#4283 = CARTESIAN_POINT ( 'NONE',  ( -19.00000000000000000, 1500.000000000000000, -35.89999999999999858 ) ) ;
#4284 = ORIENTED_EDGE ( 'NONE', *, *, #4092, .F. ) ;
#4285 = EDGE_LOOP ( 'NONE', ( #2377, #309, #1631, #5191 ) ) ;
#4286 = DIRECTION ( 'NONE',  ( -0.000000000000000000, -1.000000000000000000, -0.000000000000000000 ) ) ;
#4287 = CIRCLE ( 'NONE', #3184, 4.000000000000000000 ) ;
#4288 = EDGE_LOOP ( 'NONE', ( #4866, #1794, #1340, #690 ) ) ;
#4289 = AXIS2_PLACEMENT_3D ( 'NONE', #985, #582, #2607 ) ;
#4290 = EDGE_CURVE ( 'NONE', #1712, #3306, #2948, .T. ) ;
#4291 = CARTESIAN_POINT ( 'NONE',  ( 55.99999999999997158, 1500.000000000000000, 20.00000000000000355 ) ) ;
#4292 = AXIS2_PLACEMENT_3D ( 'NONE', #1375, #2323, #3859 ) ;
#4293 = CIRCLE ( 'NONE', #2179, 1.000000000000000888 ) ;
#4294 = ORIENTED_EDGE ( 'NONE', *, *, #3607, .F. ) ;
#4295 = ORIENTED_EDGE ( 'NONE', *, *, #4937, .T. ) ;
#4296 = CARTESIAN_POINT ( 'NONE',  ( -15.50000000000000355, 1500.000000000000000, -45.10000000000000853 ) ) ;
#4297 = LINE ( 'NONE', #3828, #3192 ) ;
#4298 = ADVANCED_FACE ( 'NONE', ( #2441 ), #1002, .F. ) ;
#4299 = EDGE_CURVE ( 'NONE', #1358, #610, #602, .T. ) ;
#4300 = CARTESIAN_POINT ( 'NONE',  ( 10.96446609406724804, 0.000000000000000000, 13.79289321881343788 ) ) ;
#4301 = DIRECTION ( 'NONE',  ( 0.000000000000000000, 0.000000000000000000, -1.000000000000000000 ) ) ;
#4302 = VERTEX_POINT ( 'NONE', #3804 ) ;
#4303 = VERTEX_POINT ( 'NONE', #2624 ) ;
#4304 = VECTOR ( 'NONE', #2146, 1000.000000000000000 ) ;
#4305 = ORIENTED_EDGE ( 'NONE', *, *, #1854, .T. ) ;
#4306 = DIRECTION ( 'NONE',  ( 0.000000000000000000, 1.000000000000000000, -0.000000000000000000 ) ) ;
#4307 = VECTOR ( 'NONE', #342, 1000.000000000000000 ) ;
#4308 = DIRECTION ( 'NONE',  ( -0.000000000000000000, -0.000000000000000000, -1.000000000000000000 ) ) ;
#4309 = ORIENTED_EDGE ( 'NONE', *, *, #3261, .T. ) ;
#4310 = EDGE_CURVE ( 'NONE', #2114, #98, #3083, .T. ) ;
#4311 = CARTESIAN_POINT ( 'NONE',  ( -19.00000000000000711, 1500.000000000000000, -35.89999999999999858 ) ) ;
#4312 = EDGE_CURVE ( 'NONE', #3306, #3579, #2286, .T. ) ;
#4313 = DIRECTION ( 'NONE',  ( 0.000000000000000000, 1.000000000000000000, 0.000000000000000000 ) ) ;
#4314 = FACE_OUTER_BOUND ( 'NONE', #4459, .T. ) ;
#4315 = EDGE_LOOP ( 'NONE', ( #1586, #3927, #3006, #1411 ) ) ;
#4316 = ORIENTED_EDGE ( 'NONE', *, *, #2899, .F. ) ;
#4317 = ORIENTED_EDGE ( 'NONE', *, *, #4029, .F. ) ;
#4318 = DIRECTION ( 'NONE',  ( -0.000000000000000000, -1.000000000000000000, -0.000000000000000000 ) ) ;
#4319 = ORIENTED_EDGE ( 'NONE', *, *, #2765, .T. ) ;
#4320 = VECTOR ( 'NONE', #660, 1000.000000000000000 ) ;
#4321 = DIRECTION ( 'NONE',  ( 0.000000000000000000, -0.000000000000000000, 1.000000000000000000 ) ) ;
#4322 = LINE ( 'NONE', #1430, #1174 ) ;
#4323 = LINE ( 'NONE', #4028, #3055 ) ;
#4325 = ADVANCED_FACE ( 'NONE', ( #3029 ), #3858, .F. ) ;
#4324 = APPLICATION_CONTEXT ( 'configuration controlled 3d designs of mechanical parts and assemblies' ) ;
#4326 = AXIS2_PLACEMENT_3D ( 'NONE', #1289, #2138, #4857 ) ;
#4327 = LINE ( 'NONE', #711, #1103 ) ;
#4328 = EDGE_LOOP ( 'NONE', ( #2532, #3541, #3905, #3219 ) ) ;
#4329 = ORIENTED_EDGE ( 'NONE', *, *, #1304, .T. ) ;
#4330 = VECTOR ( 'NONE', #1370, 1000.000000000000000 ) ;
#4331 = AXIS2_PLACEMENT_3D ( 'NONE', #31, #4848, #1635 ) ;
#4332 = CARTESIAN_POINT ( 'NONE',  ( -7.400000000000003908, 1500.000000000000000, -35.42842712474618594 ) ) ;
#4333 = FACE_OUTER_BOUND ( 'NONE', #5037, .T. ) ;
#4334 = LOCAL_TIME ( 15, 25, 55.00000000000000000, #4880 ) ;
#4335 = ORIENTED_EDGE ( 'NONE', *, *, #437, .F. ) ;
#4336 = CARTESIAN_POINT ( 'NONE',  ( 45.09999999999999432, 1500.000000000000000, 15.50000000000000355 ) ) ;
#4337 = CARTESIAN_POINT ( 'NONE',  ( -4.571572875253815837, 1500.000000000000000, -47.39999999999999147 ) ) ;
#4338 = LINE ( 'NONE', #297, #1143 ) ;
#4339 = EDGE_LOOP ( 'NONE', ( #2020, #453, #1505, #2936 ) ) ;
#4340 = EDGE_LOOP ( 'NONE', ( #1836, #2383, #474, #4363 ) ) ;
#4341 = CARTESIAN_POINT ( 'NONE',  ( -15.50000000000000178, 1500.000000000000000, 10.25735931288069303 ) ) ;
#4342 = DIRECTION ( 'NONE',  ( 0.000000000000000000, 1.000000000000000000, 0.000000000000000000 ) ) ;
#4343 = EDGE_CURVE ( 'NONE', #1706, #3757, #2791, .T. ) ;
#4344 = VERTEX_POINT ( 'NONE', #3433 ) ;
#4345 = FACE_BOUND ( 'NONE', #4594, .T. ) ;
#4346 = CARTESIAN_POINT ( 'NONE',  ( 4.571572875253802515, 0.000000000000000000, -47.39999999999999147 ) ) ;
#4347 = VECTOR ( 'NONE', #170, 1000.000000000000000 ) ;
#4348 = CARTESIAN_POINT ( 'NONE',  ( -16.50000000000000355, 1500.000000000000000, -5.099999999999996092 ) ) ;
#4349 = CARTESIAN_POINT ( 'NONE',  ( 56.49999999999999289, 0.000000000000000000, 4.100000000000003197 ) ) ;
#4350 = ORIENTED_EDGE ( 'NONE', *, *, #4448, .F. ) ;
#4351 = ORIENTED_EDGE ( 'NONE', *, *, #3287, .F. ) ;
#4352 = VERTEX_POINT ( 'NONE', #4242 ) ;
#4353 = EDGE_CURVE ( 'NONE', #424, #3504, #1458, .T. ) ;
#4354 = LINE ( 'NONE', #1117, #3942 ) ;
#4355 = CIRCLE ( 'NONE', #2659, 1.000000000000007772 ) ;
#4356 = DIRECTION ( 'NONE',  ( -1.000000000000000000, -0.000000000000000000, -0.000000000000000000 ) ) ;
#4357 = ORIENTED_EDGE ( 'NONE', *, *, #5158, .T. ) ;
#4358 = DIRECTION ( 'NONE',  ( -0.000000000000000000, -1.000000000000000000, -0.000000000000000000 ) ) ;
#4359 = EDGE_CURVE ( 'NONE', #1257, #2667, #151, .T. ) ;
#4360 = EDGE_CURVE ( 'NONE', #4589, #2903, #1862, .T. ) ;
#4361 = LINE ( 'NONE', #1629, #2774 ) ;
#4362 = LINE ( 'NONE', #3387, #3362 ) ;
#4363 = ORIENTED_EDGE ( 'NONE', *, *, #1927, .T. ) ;
#4364 = VERTEX_POINT ( 'NONE', #971 ) ;
#4365 = DIRECTION ( 'NONE',  ( 0.000000000000000000, 0.000000000000000000, -1.000000000000000000 ) ) ;
#4366 = DIRECTION ( 'NONE',  ( 0.000000000000000000, 0.000000000000000000, -1.000000000000000000 ) ) ;
#4367 = CARTESIAN_POINT ( 'NONE',  ( -6.938893903907228378E-15, 1500.000000000000000, 0.000000000000000000 ) ) ;
#4368 = AXIS2_PLACEMENT_3D ( 'NONE', #466, #3726, #72 ) ;
#4369 = VERTEX_POINT ( 'NONE', #1054 ) ;
#4370 = VECTOR ( 'NONE', #3818, 1000.000000000000000 ) ;
#4371 = FACE_OUTER_BOUND ( 'NONE', #3244, .T. ) ;
#4372 = EDGE_CURVE ( 'NONE', #607, #4901, #2680, .T. ) ;
#4373 = VECTOR ( 'NONE', #2065, 1000.000000000000114 ) ;
#4374 = DIRECTION ( 'NONE',  ( 0.000000000000000000, 0.000000000000000000, -1.000000000000000000 ) ) ;
#4375 = EDGE_CURVE ( 'NONE', #2450, #649, #3001, .T. ) ;
#4376 = AXIS2_PLACEMENT_3D ( 'NONE', #2313, #4757, #3118 ) ;
#4377 = LINE ( 'NONE', #2812, #1528 ) ;
#4378 = VERTEX_POINT ( 'NONE', #1030 ) ;
#4379 = VERTEX_POINT ( 'NONE', #4300 ) ;
#4380 = VERTEX_POINT ( 'NONE', #2279 ) ;
#4381 = VECTOR ( 'NONE', #366, 1000.000000000000000 ) ;
#4382 = LINE ( 'NONE', #337, #4867 ) ;
#4383 = LINE ( 'NONE', #2310, #884 ) ;
#4384 = ORIENTED_EDGE ( 'NONE', *, *, #1815, .F. ) ;
#4385 = DIRECTION ( 'NONE',  ( -0.000000000000000000, -1.000000000000000000, -0.000000000000000000 ) ) ;
#4386 = CIRCLE ( 'NONE', #4895, 1.000000000000000888 ) ;
#4387 = LINE ( 'NONE', #4412, #4811 ) ;
#4388 = CARTESIAN_POINT ( 'NONE',  ( -10.96446609406725159, 1500.000000000000000, -53.79289321881343255 ) ) ;
#4389 = ORIENTED_EDGE ( 'NONE', *, *, #4058, .T. ) ;
#4390 = ORIENTED_EDGE ( 'NONE', *, *, #4578, .F. ) ;
#4391 = EDGE_CURVE ( 'NONE', #4093, #3899, #3910, .T. ) ;
#4392 = ORIENTED_EDGE ( 'NONE', *, *, #3543, .T. ) ;
#4393 = EDGE_CURVE ( 'NONE', #1712, #4111, #408, .T. ) ;
#4394 = CARTESIAN_POINT ( 'NONE',  ( 32.59999999999998721, 1500.000000000000000, -7.400000000000003908 ) ) ;
#4395 = DIRECTION ( 'NONE',  ( -0.000000000000000000, -1.000000000000000000, -0.000000000000000000 ) ) ;
#4396 = LINE ( 'NONE', #2376, #2762 ) ;
#4397 = ORIENTED_EDGE ( 'NONE', *, *, #5093, .F. ) ;
#4398 = AXIS2_PLACEMENT_3D ( 'NONE', #3403, #4906, #3376 ) ;
#4399 = CARTESIAN_POINT ( 'NONE',  ( 35.89999999999999147, 1500.000000000000000, 16.50000000000001066 ) ) ;
#4400 = PLANE ( 'NONE',  #1437 ) ;
#4401 = EDGE_CURVE ( 'NONE', #1428, #5096, #2250, .T. ) ;
#4402 = AXIS2_PLACEMENT_3D ( 'NONE', #631, #3486, #178 ) ;
#4403 = CARTESIAN_POINT ( 'NONE',  ( -5.100000000000012079, 1500.000000000000000, 20.00000000000000355 ) ) ;
#4404 = EDGE_LOOP ( 'NONE', ( #1495, #3128, #2582, #2364 ) ) ;
#4405 = ORIENTED_EDGE ( 'NONE', *, *, #419, .F. ) ;
#4406 = CIRCLE ( 'NONE', #3566, 1.000000000000000888 ) ;
#4407 = LINE ( 'NONE', #289, #621 ) ;
#4408 = DIRECTION ( 'NONE',  ( 1.000000000000000000, -0.000000000000000000, -0.000000000000000000 ) ) ;
#4409 = ORIENTED_EDGE ( 'NONE', *, *, #1720, .T. ) ;
#4410 = DIRECTION ( 'NONE',  ( 0.000000000000000000, 1.000000000000000000, 0.000000000000000000 ) ) ;
#4411 = ORIENTED_EDGE ( 'NONE', *, *, #1366, .F. ) ;
#4412 = CARTESIAN_POINT ( 'NONE',  ( 18.32842712474620228, 1500.000000000000000, 15.50000000000000355 ) ) ;
#4413 = AXIS2_PLACEMENT_3D ( 'NONE', #1419, #1795, #5058 ) ;
#4414 = CARTESIAN_POINT ( 'NONE',  ( 34.89999999999999147, 1500.000000000000000, 19.00000000000000355 ) ) ;
#4415 = ORIENTED_EDGE ( 'NONE', *, *, #1538, .T. ) ;
#4416 = VERTEX_POINT ( 'NONE', #4638 ) ;
#4417 = VERTEX_POINT ( 'NONE', #2597 ) ;
#4418 = ADVANCED_FACE ( 'NONE', ( #1891 ), #3885, .F. ) ;
#4419 = CARTESIAN_POINT ( 'NONE',  ( 35.42842712474618594, 1500.000000000000000, 7.399999999999996803 ) ) ;
#4420 = LINE ( 'NONE', #4000, #3776 ) ;
#4421 = DIRECTION ( 'NONE',  ( 0.000000000000000000, 0.000000000000000000, 1.000000000000000000 ) ) ;
#4422 = ORIENTED_EDGE ( 'NONE', *, *, #1438, .T. ) ;
#4423 = DIRECTION ( 'NONE',  ( -0.000000000000000000, -1.000000000000000000, -0.000000000000000000 ) ) ;
#4424 = DIRECTION ( 'NONE',  ( 0.000000000000000000, 1.000000000000000000, 0.000000000000000000 ) ) ;
#4425 = DIRECTION ( 'NONE',  ( 0.000000000000000000, 0.000000000000000000, -1.000000000000000000 ) ) ;
#4426 = DIRECTION ( 'NONE',  ( -0.000000000000000000, -1.000000000000000000, -0.000000000000000000 ) ) ;
#4427 = ORIENTED_EDGE ( 'NONE', *, *, #2281, .F. ) ;
#4428 = VERTEX_POINT ( 'NONE', #1484 ) ;
#4429 = PRODUCT_RELATED_PRODUCT_CATEGORY ( 'detail', '', ( #2793 ) ) ;
#4430 = DIRECTION ( 'NONE',  ( 0.000000000000000000, 0.000000000000000000, 1.000000000000000000 ) ) ;
#4431 = LINE ( 'NONE', #4781, #548 ) ;
#4432 = ORIENTED_EDGE ( 'NONE', *, *, #4852, .T. ) ;
#4433 = FACE_OUTER_BOUND ( 'NONE', #1436, .T. ) ;
#4434 = ORIENTED_EDGE ( 'NONE', *, *, #3636, .T. ) ;
#4435 = CIRCLE ( 'NONE', #2913, 1.000000000000000888 ) ;
#4436 = LINE ( 'NONE', #795, #2270 ) ;
#4437 = EDGE_CURVE ( 'NONE', #60, #2195, #4586, .T. ) ;
#4438 = CARTESIAN_POINT ( 'NONE',  ( 55.99999999999997158, 1500.000000000000000, 20.00000000000000355 ) ) ;
#4439 = EDGE_CURVE ( 'NONE', #2853, #4690, #4484, .T. ) ;
#4440 = ORIENTED_EDGE ( 'NONE', *, *, #4955, .T. ) ;
#4441 = VERTEX_POINT ( 'NONE', #1937 ) ;
#4442 = ORIENTED_EDGE ( 'NONE', *, *, #263, .F. ) ;
#4443 = CARTESIAN_POINT ( 'NONE',  ( 47.39999999999999147, 0.000000000000000000, -35.42842712474618594 ) ) ;
#4444 = FACE_OUTER_BOUND ( 'NONE', #574, .T. ) ;
#4445 = DIRECTION ( 'NONE',  ( 0.000000000000000000, 0.000000000000000000, -1.000000000000000000 ) ) ;
#4446 = ORIENTED_EDGE ( 'NONE', *, *, #2355, .F. ) ;
#4447 = CARTESIAN_POINT ( 'NONE',  ( 5.099999999999993427, 1500.000000000000000, -60.00000000000000000 ) ) ;
#4448 = EDGE_CURVE ( 'NONE', #3965, #2612, #4323, .T. ) ;
#4449 = LINE ( 'NONE', #4101, #1271 ) ;
#4450 = LINE ( 'NONE', #2538, #1012 ) ;
#4451 = AXIS2_PLACEMENT_3D ( 'NONE', #4017, #4042, #397 ) ;
#4452 = DIRECTION ( 'NONE',  ( -0.000000000000000000, -1.000000000000000000, -0.000000000000000000 ) ) ;
#4453 = EDGE_CURVE ( 'NONE', #4523, #4838, #330, .T. ) ;
#4454 = EDGE_CURVE ( 'NONE', #2744, #4918, #3107, .T. ) ;
#4455 = ORIENTED_EDGE ( 'NONE', *, *, #4299, .T. ) ;
#4456 = VECTOR ( 'NONE', #5188, 1000.000000000000000 ) ;
#4457 = LINE ( 'NONE', #2787, #1645 ) ;
#4458 = LINE ( 'NONE', #19, #1402 ) ;
#4459 = EDGE_LOOP ( 'NONE', ( #3888, #485, #394, #2256 ) ) ;
#4460 = CARTESIAN_POINT ( 'NONE',  ( 44.57157287525380696, 1500.000000000000000, -47.39999999999999147 ) ) ;
#4461 = ORIENTED_EDGE ( 'NONE', *, *, #3912, .T. ) ;
#4462 = DIRECTION ( 'NONE',  ( 0.000000000000000000, 0.000000000000000000, -1.000000000000000000 ) ) ;
#4463 = PLANE ( 'NONE',  #296 ) ;
#4464 = ADVANCED_FACE ( 'NONE', ( #5198 ), #4400, .T. ) ;
#4465 = ORIENTED_EDGE ( 'NONE', *, *, #3623, .T. ) ;
#4466 = ORIENTED_EDGE ( 'NONE', *, *, #1830, .T. ) ;
#4467 = AXIS2_PLACEMENT_3D ( 'NONE', #4692, #2191, #3801 ) ;
#4468 = EDGE_CURVE ( 'NONE', #4120, #1942, #4723, .T. ) ;
#4469 = DIRECTION ( 'NONE',  ( -0.000000000000000000, -1.000000000000000000, -0.000000000000000000 ) ) ;
#4470 = CARTESIAN_POINT ( 'NONE',  ( 60.00000000000000000, 1500.000000000000000, -5.100000000000003197 ) ) ;
#4471 = VECTOR ( 'NONE', #1879, 1000.000000000000000 ) ;
#4472 = CARTESIAN_POINT ( 'NONE',  ( 50.25735931288068059, 0.000000000000000000, 15.50000000000000355 ) ) ;
#4473 = EDGE_LOOP ( 'NONE', ( #3503, #3080, #1858, #431 ) ) ;
#4474 = LINE ( 'NONE', #3670, #992 ) ;
#4475 = DIRECTION ( 'NONE',  ( 0.000000000000000000, 0.000000000000000000, -1.000000000000000000 ) ) ;
#4476 = DIRECTION ( 'NONE',  ( 0.000000000000000000, 1.000000000000000000, 0.000000000000000000 ) ) ;
#4477 = CARTESIAN_POINT ( 'NONE',  ( 53.79289321881342545, 1500.000000000000000, -50.96446609406724093 ) ) ;
#4478 = CARTESIAN_POINT ( 'NONE',  ( -14.50000000000000533, 0.000000000000000000, -11.25735931288071612 ) ) ;
#4479 = CARTESIAN_POINT ( 'NONE',  ( 50.96446609406724093, 0.000000000000000000, 13.79289321881343433 ) ) ;
#4480 = EDGE_CURVE ( 'NONE', #4574, #2387, #3824, .T. ) ;
#4481 = CARTESIAN_POINT ( 'NONE',  ( -15.50000000000000711, 1500.000000000000000, -10.25735931288069125 ) ) ;
#4482 = VERTEX_POINT ( 'NONE', #2753 ) ;
#4483 = DIRECTION ( 'NONE',  ( 0.000000000000000000, 0.000000000000000000, 1.000000000000000000 ) ) ;
#4484 = CIRCLE ( 'NONE', #2452, 1.000000000000000888 ) ;
#4485 = LINE ( 'NONE', #1300, #1733 ) ;
#4486 = VECTOR ( 'NONE', #3698, 1000.000000000000000 ) ;
#4487 = CARTESIAN_POINT ( 'NONE',  ( 39.99999999999999289, 1500.000000000000000, 0.000000000000000000 ) ) ;
#4488 = LINE ( 'NONE', #3356, #211 ) ;
#4489 = VERTEX_POINT ( 'NONE', #1964 ) ;
#4490 = EDGE_LOOP ( 'NONE', ( #4309, #5022, #4912, #1191 ) ) ;
#4491 = VECTOR ( 'NONE', #409, 1000.000000000000000 ) ;
#4492 = AXIS2_PLACEMENT_3D ( 'NONE', #4148, #2129, #3472 ) ;
#4493 = CARTESIAN_POINT ( 'NONE',  ( 4.571572875253802515, 1500.000000000000000, 7.399999999999996803 ) ) ;
#4494 = DIRECTION ( 'NONE',  ( 0.000000000000000000, 0.000000000000000000, 1.000000000000000000 ) ) ;
#4495 = CYLINDRICAL_SURFACE ( 'NONE', #1229, 1.000000000000000888 ) ;
#4496 = ORIENTED_EDGE ( 'NONE', *, *, #4353, .F. ) ;
#4497 = VERTEX_POINT ( 'NONE', #733 ) ;
#4498 = CYLINDRICAL_SURFACE ( 'NONE', #3549, 1.000000000000000888 ) ;
#4499 = DIRECTION ( 'NONE',  ( 0.000000000000000000, 0.000000000000000000, -1.000000000000000000 ) ) ;
#4500 = DIRECTION ( 'NONE',  ( -1.000000000000000000, 0.000000000000000000, -0.000000000000000000 ) ) ;
#4501 = ADVANCED_FACE ( 'NONE', ( #384 ), #3211, .T. ) ;
#4502 = ORIENTED_EDGE ( 'NONE', *, *, #3822, .T. ) ;
#4503 = EDGE_CURVE ( 'NONE', #610, #1647, #306, .T. ) ;
#4504 = CARTESIAN_POINT ( 'NONE',  ( 60.00000000000000000, 1500.000000000000000, -45.10000000000000853 ) ) ;
#4505 = DIRECTION ( 'NONE',  ( 0.000000000000000000, 0.000000000000000000, -1.000000000000000000 ) ) ;
#4506 = CARTESIAN_POINT ( 'NONE',  ( 45.09999999999999432, 1500.000000000000000, 16.50000000000000355 ) ) ;
#4507 = DIRECTION ( 'NONE',  ( 0.000000000000000000, 1.000000000000000000, 0.000000000000000000 ) ) ;
#4508 = ORIENTED_EDGE ( 'NONE', *, *, #3625, .T. ) ;
#4509 = CARTESIAN_POINT ( 'NONE',  ( 5.099999999999992539, 1500.000000000000000, 15.50000000000000355 ) ) ;
#4510 = DIRECTION ( 'NONE',  ( 1.000000000000000000, 0.000000000000000000, -0.000000000000000000 ) ) ;
#4511 = VECTOR ( 'NONE', #3798, 1000.000000000000000 ) ;
#4512 = CARTESIAN_POINT ( 'NONE',  ( 56.49999999999999289, 0.000000000000000000, 5.100000000000003197 ) ) ;
#4513 = FACE_OUTER_BOUND ( 'NONE', #247, .T. ) ;
#4514 = ORIENTED_EDGE ( 'NONE', *, *, #1226, .F. ) ;
#4515 = VERTEX_POINT ( 'NONE', #2304 ) ;
#4516 = EDGE_CURVE ( 'NONE', #773, #183, #4653, .T. ) ;
#4517 = ADVANCED_FACE ( 'NONE', ( #784 ), #1188, .F. ) ;
#4518 = PLANE ( 'NONE',  #3406 ) ;
#4519 = CARTESIAN_POINT ( 'NONE',  ( 45.09999999999999432, 0.000000000000000000, 20.00000000000000355 ) ) ;
#4520 = VECTOR ( 'NONE', #1248, 1000.000000000000000 ) ;
#4521 = LINE ( 'NONE', #877, #2333 ) ;
#4522 = VERTEX_POINT ( 'NONE', #3586 ) ;
#4523 = VERTEX_POINT ( 'NONE', #1560 ) ;
#4524 = CARTESIAN_POINT ( 'NONE',  ( 18.32842712474620228, 1500.000000000000000, 15.50000000000000355 ) ) ;
#4525 = CARTESIAN_POINT ( 'NONE',  ( 56.49999999999999289, 1500.000000000000000, -4.099999999999996092 ) ) ;
#4526 = PLANE ( 'NONE',  #1697 ) ;
#4527 = ORIENTED_EDGE ( 'NONE', *, *, #693, .T. ) ;
#4528 = CARTESIAN_POINT ( 'NONE',  ( 29.74264068711927322, 0.000000000000000000, 14.50000000000000178 ) ) ;
#4529 = CARTESIAN_POINT ( 'NONE',  ( -15.50000000000000178, 1500.000000000000000, 10.25735931288069303 ) ) ;
#4530 = EDGE_CURVE ( 'NONE', #2253, #1537, #3483, .T. ) ;
#4531 = EDGE_CURVE ( 'NONE', #1198, #4515, #710, .T. ) ;
#4532 = DIRECTION ( 'NONE',  ( -0.7071067811865475727, 0.000000000000000000, 0.7071067811865475727 ) ) ;
#4533 = AXIS2_PLACEMENT_3D ( 'NONE', #3365, #2479, #2504 ) ;
#4534 = DIRECTION ( 'NONE',  ( 0.000000000000000000, 1.000000000000000000, -0.000000000000000000 ) ) ;
#4535 = ORIENTED_EDGE ( 'NONE', *, *, #1372, .F. ) ;
#4536 = VECTOR ( 'NONE', #612, 1000.000000000000000 ) ;
#4537 = ORIENTED_EDGE ( 'NONE', *, *, #4779, .F. ) ;
#4538 = CARTESIAN_POINT ( 'NONE',  ( -4.100000000000005862, 1500.000000000000000, 18.99999999999999645 ) ) ;
#4539 = AXIS2_PLACEMENT_3D ( 'NONE', #3329, #1737, #871 ) ;
#4540 = CARTESIAN_POINT ( 'NONE',  ( 56.00000000000000000, 1500.000000000000000, 16.00000000000000355 ) ) ;
#4541 = VECTOR ( 'NONE', #2750, 1000.000000000000000 ) ;
#4542 = FACE_OUTER_BOUND ( 'NONE', #2372, .T. ) ;
#4543 = DIRECTION ( 'NONE',  ( 0.000000000000000000, 0.000000000000000000, -1.000000000000000000 ) ) ;
#4544 = ORIENTED_EDGE ( 'NONE', *, *, #4393, .T. ) ;
#4545 = LINE ( 'NONE', #4897, #5101 ) ;
#4546 = DIRECTION ( 'NONE',  ( -0.000000000000000000, -1.000000000000000000, -0.000000000000000000 ) ) ;
#4547 = DIRECTION ( 'NONE',  ( -0.000000000000000000, -1.000000000000000000, -0.000000000000000000 ) ) ;
#4548 = EDGE_CURVE ( 'NONE', #3983, #277, #685, .T. ) ;
#4549 = ORIENTED_EDGE ( 'NONE', *, *, #4225, .T. ) ;
#4550 = ORIENTED_EDGE ( 'NONE', *, *, #4225, .F. ) ;
#4551 = VECTOR ( 'NONE', #3759, 1000.000000000000000 ) ;
#4552 = CARTESIAN_POINT ( 'NONE',  ( -6.522513992197128716E-15, 0.000000000000000000, -36.59999999999999432 ) ) ;
#4553 = COORDINATED_UNIVERSAL_TIME_OFFSET ( 8, 0, .AHEAD. ) ;
#4554 = DIRECTION ( 'NONE',  ( -0.000000000000000000, -1.000000000000000000, -0.000000000000000000 ) ) ;
#4555 = ORIENTED_EDGE ( 'NONE', *, *, #914, .T. ) ;
#4556 = CARTESIAN_POINT ( 'NONE',  ( 35.89999999999999147, 1500.000000000000000, 16.50000000000001066 ) ) ;
#4557 = DIRECTION ( 'NONE',  ( 0.000000000000000000, 0.000000000000000000, -1.000000000000000000 ) ) ;
#4558 = CARTESIAN_POINT ( 'NONE',  ( -16.00000000000000711, 0.000000000000000000, -56.00000000000000711 ) ) ;
#4559 = EDGE_CURVE ( 'NONE', #2387, #2128, #5175, .T. ) ;
#4560 = CARTESIAN_POINT ( 'NONE',  ( 32.59999999999998721, 1500.000000000000000, -32.59999999999998721 ) ) ;
#4561 = VERTEX_POINT ( 'NONE', #5148 ) ;
#4562 = VERTEX_POINT ( 'NONE', #3132 ) ;
#4563 = CARTESIAN_POINT ( 'NONE',  ( 54.49999999999999289, 0.000000000000000000, -50.25735931288070901 ) ) ;
#4564 = AXIS2_PLACEMENT_3D ( 'NONE', #4664, #4265, #1483 ) ;
#4565 = CARTESIAN_POINT ( 'NONE',  ( 47.39999999999999147, 1500.000000000000000, -44.57157287525380696 ) ) ;
#4566 = LINE ( 'NONE', #4116, #3891 ) ;
#4567 = DIRECTION ( 'NONE',  ( -0.000000000000000000, -1.000000000000000000, -0.000000000000000000 ) ) ;
#4568 = AXIS2_PLACEMENT_3D ( 'NONE', #3321, #4960, #1292 ) ;
#4569 = ORIENTED_EDGE ( 'NONE', *, *, #2886, .T. ) ;
#4570 = CIRCLE ( 'NONE', #2877, 1.000000000000003553 ) ;
#4571 = FACE_OUTER_BOUND ( 'NONE', #2691, .T. ) ;
#4572 = DIRECTION ( 'NONE',  ( 0.7071067811865479058, 0.000000000000000000, 0.7071067811865471286 ) ) ;
#4573 = DIRECTION ( 'NONE',  ( -0.000000000000000000, -1.000000000000000000, -0.000000000000000000 ) ) ;
#4574 = VERTEX_POINT ( 'NONE', #4746 ) ;
#4575 = AXIS2_PLACEMENT_3D ( 'NONE', #2305, #734, #3239 ) ;
#4576 = VERTEX_POINT ( 'NONE', #2327 ) ;
#4577 = CARTESIAN_POINT ( 'NONE',  ( 32.59999999999998721, 1500.000000000000000, -7.400000000000003908 ) ) ;
#4578 = EDGE_CURVE ( 'NONE', #3996, #4576, #3957, .T. ) ;
#4579 = DIRECTION ( 'NONE',  ( -1.000000000000000000, 0.000000000000000000, -0.000000000000000000 ) ) ;
#4580 = AXIS2_PLACEMENT_3D ( 'NONE', #2609, #4226, #3043 ) ;
#4581 = VERTEX_POINT ( 'NONE', #2942 ) ;
#4582 = CARTESIAN_POINT ( 'NONE',  ( 55.99999999999997158, 0.000000000000000000, -60.00000000000000000 ) ) ;
#4583 = LINE ( 'NONE', #946, #2528 ) ;
#4584 = EDGE_CURVE ( 'NONE', #5170, #2792, #2838, .T. ) ;
#4585 = EDGE_CURVE ( 'NONE', #4677, #2157, #3672, .T. ) ;
#4586 = LINE ( 'NONE', #2569, #3736 ) ;
#4587 = CYLINDRICAL_SURFACE ( 'NONE', #1581, 1.000000000000000888 ) ;
#4588 = ORIENTED_EDGE ( 'NONE', *, *, #1078, .T. ) ;
#4589 = VERTEX_POINT ( 'NONE', #4903 ) ;
#4590 = DIRECTION ( 'NONE',  ( 0.000000000000000000, 1.000000000000000000, 0.000000000000000000 ) ) ;
#4591 = DIRECTION ( 'NONE',  ( -0.7071067811865472397, 0.000000000000000000, -0.7071067811865479058 ) ) ;
#4592 = CARTESIAN_POINT ( 'NONE',  ( -20.00000000000000711, 0.000000000000000000, 5.100000000000010303 ) ) ;
#4593 = LINE ( 'NONE', #4999, #2251 ) ;
#4594 = EDGE_LOOP ( 'NONE', ( #416, #1578 ) ) ;
#4595 = VECTOR ( 'NONE', #3076, 1000.000000000000000 ) ;
#4596 = EDGE_CURVE ( 'NONE', #2864, #4369, #483, .T. ) ;
#4597 = ADVANCED_FACE ( 'NONE', ( #64 ), #457, .T. ) ;
#4598 = CARTESIAN_POINT ( 'NONE',  ( -4.571572875253815837, 0.000000000000000000, 7.399999999999998579 ) ) ;
#4599 = CARTESIAN_POINT ( 'NONE',  ( 58.99999999999998579, 1500.000000000000000, -35.89999999999999858 ) ) ;
#4600 = DIRECTION ( 'NONE',  ( -0.000000000000000000, -1.000000000000000000, -0.000000000000000000 ) ) ;
#4601 = ORIENTED_EDGE ( 'NONE', *, *, #2392, .F. ) ;
#4602 = VERTEX_POINT ( 'NONE', #91 ) ;
#4603 = DIRECTION ( 'NONE',  ( -0.000000000000000000, -1.000000000000000000, -0.000000000000000000 ) ) ;
#4604 = CIRCLE ( 'NONE', #625, 1.000000000000000888 ) ;
#4605 = DIRECTION ( 'NONE',  ( 0.7071067811865480168, -0.000000000000000000, -0.7071067811865470176 ) ) ;
#4606 = EDGE_LOOP ( 'NONE', ( #3388, #2647, #1516, #2164 ) ) ;
#4607 = EDGE_CURVE ( 'NONE', #2276, #3770, #4881, .T. ) ;
#4608 = AXIS2_PLACEMENT_3D ( 'NONE', #1981, #4074, #2804 ) ;
#4609 = CARTESIAN_POINT ( 'NONE',  ( 44.09999999999999432, 1500.000000000000000, 16.50000000000001066 ) ) ;
#4610 = CYLINDRICAL_SURFACE ( 'NONE', #2786, 1.000000000000000888 ) ;
#4611 = CARTESIAN_POINT ( 'NONE',  ( 44.57157287525380696, 1500.000000000000000, -47.39999999999999147 ) ) ;
#4612 = CARTESIAN_POINT ( 'NONE',  ( 44.57157287525379985, 0.000000000000000000, -7.400000000000002132 ) ) ;
#4613 = EDGE_CURVE ( 'NONE', #4683, #2827, #3290, .T. ) ;
#4614 = ORIENTED_EDGE ( 'NONE', *, *, #1122, .F. ) ;
#4615 = DIRECTION ( 'NONE',  ( 1.000000000000000000, -0.000000000000000000, 0.000000000000000000 ) ) ;
#4616 = ORIENTED_EDGE ( 'NONE', *, *, #1485, .F. ) ;
#4617 = LINE ( 'NONE', #3810, #4551 ) ;
#4618 = ORIENTED_EDGE ( 'NONE', *, *, #677, .T. ) ;
#4619 = FACE_OUTER_BOUND ( 'NONE', #1179, .T. ) ;
#4620 = CARTESIAN_POINT ( 'NONE',  ( 56.00000000000000000, 1500.000000000000000, -56.00000000000000711 ) ) ;
#4621 = DIRECTION ( 'NONE',  ( -0.000000000000000000, -1.000000000000000000, -0.000000000000000000 ) ) ;
#4622 = VECTOR ( 'NONE', #2990, 1000.000000000000000 ) ;
#4623 = ORIENTED_EDGE ( 'NONE', *, *, #4678, .T. ) ;
#4624 = VECTOR ( 'NONE', #4250, 1000.000000000000000 ) ;
#4625 = DIRECTION ( 'NONE',  ( 1.000000000000000000, -0.000000000000000000, -0.000000000000000000 ) ) ;
#4626 = FACE_BOUND ( 'NONE', #1221, .T. ) ;
#4627 = EDGE_CURVE ( 'NONE', #4120, #3629, #2112, .T. ) ;
#4628 = AXIS2_PLACEMENT_3D ( 'NONE', #1456, #4693, #1053 ) ;
#4629 = DIRECTION ( 'NONE',  ( -3.469446951953620598E-16, 0.000000000000000000, 1.000000000000000000 ) ) ;
#4630 = ORIENTED_EDGE ( 'NONE', *, *, #553, .T. ) ;
#4631 = VERTEX_POINT ( 'NONE', #916 ) ;
#4632 = DIRECTION ( 'NONE',  ( -1.000000000000000000, 0.000000000000000000, 0.000000000000000000 ) ) ;
#4633 = DIRECTION ( 'NONE',  ( 0.000000000000000000, 0.000000000000000000, -1.000000000000000000 ) ) ;
#4634 = ORIENTED_EDGE ( 'NONE', *, *, #1788, .F. ) ;
#4635 = LINE ( 'NONE', #228, #2040 ) ;
#4636 = LINE ( 'NONE', #3458, #2280 ) ;
#4637 = AXIS2_PLACEMENT_3D ( 'NONE', #4986, #1429, #4663 ) ;
#4638 = CARTESIAN_POINT ( 'NONE',  ( 55.49999999999999289, 1500.000000000000000, 10.25735931288069303 ) ) ;
#4639 = PLANE ( 'NONE',  #3626 ) ;
#4640 = ORIENTED_EDGE ( 'NONE', *, *, #2308, .F. ) ;
#4641 = CARTESIAN_POINT ( 'NONE',  ( 4.099999999999992539, 1500.000000000000000, 16.50000000000001066 ) ) ;
#4642 = VERTEX_POINT ( 'NONE', #1284 ) ;
#4643 = VERTEX_POINT ( 'NONE', #1696 ) ;
#4644 = ORIENTED_EDGE ( 'NONE', *, *, #2657, .F. ) ;
#4645 = EDGE_CURVE ( 'NONE', #3482, #183, #407, .T. ) ;
#4646 = FACE_OUTER_BOUND ( 'NONE', #4817, .T. ) ;
#4647 = AXIS2_PLACEMENT_3D ( 'NONE', #1247, #4410, #4483 ) ;
#4648 = PLANE ( 'NONE',  #5222 ) ;
#4649 = ORIENTED_EDGE ( 'NONE', *, *, #3228, .F. ) ;
#4650 = FACE_OUTER_BOUND ( 'NONE', #2636, .T. ) ;
#4651 = CARTESIAN_POINT ( 'NONE',  ( 10.25735931288071612, 1500.000000000000000, -54.50000000000000711 ) ) ;
#4652 = LINE ( 'NONE', #2267, #4471 ) ;
#4653 = CIRCLE ( 'NONE', #922, 1.000000000000007772 ) ;
#4654 = CARTESIAN_POINT ( 'NONE',  ( -16.50000000000001066, 1500.000000000000000, -44.10000000000000142 ) ) ;
#4655 = ORIENTED_EDGE ( 'NONE', *, *, #2673, .F. ) ;
#4656 = ORIENTED_EDGE ( 'NONE', *, *, #1623, .T. ) ;
#4657 = FACE_OUTER_BOUND ( 'NONE', #748, .T. ) ;
#4658 = ADVANCED_FACE ( 'NONE', ( #4956 ), #2060, .F. ) ;
#4659 = VECTOR ( 'NONE', #5042, 1000.000000000000000 ) ;
#4660 = COORDINATED_UNIVERSAL_TIME_OFFSET ( 8, 0, .AHEAD. ) ;
#4661 = CARTESIAN_POINT ( 'NONE',  ( 45.09999999999998721, 1500.000000000000000, -60.00000000000000000 ) ) ;
#4662 = VERTEX_POINT ( 'NONE', #3263 ) ;
#4663 = DIRECTION ( 'NONE',  ( 0.000000000000000000, 0.000000000000000000, 1.000000000000000000 ) ) ;
#4664 = CARTESIAN_POINT ( 'NONE',  ( 56.49999999999999289, 1500.000000000000000, 5.100000000000003197 ) ) ;
#4665 = ADVANCED_FACE ( 'NONE', ( #1239 ), #4526, .F. ) ;
#4666 = DIRECTION ( 'NONE',  ( 0.000000000000000000, 1.000000000000000000, 0.000000000000000000 ) ) ;
#4667 = EDGE_CURVE ( 'NONE', #3757, #1114, #4450, .T. ) ;
#4668 = VECTOR ( 'NONE', #1672, 1000.000000000000000 ) ;
#4669 = EDGE_CURVE ( 'NONE', #3200, #2156, #4914, .T. ) ;
#4670 = VERTEX_POINT ( 'NONE', #4054 ) ;
#4671 = LINE ( 'NONE', #3886, #2909 ) ;
#4672 = ORIENTED_EDGE ( 'NONE', *, *, #2392, .T. ) ;
#4673 = VERTEX_POINT ( 'NONE', #1616 ) ;
#4674 = ORIENTED_EDGE ( 'NONE', *, *, #1130, .F. ) ;
#4675 = DIRECTION ( 'NONE',  ( -1.000000000000000000, 0.000000000000000000, -3.363588555182254733E-16 ) ) ;
#4676 = DIRECTION ( 'NONE',  ( -0.7071067811865472397, 0.000000000000000000, -0.7071067811865479058 ) ) ;
#4677 = VERTEX_POINT ( 'NONE', #3237 ) ;
#4678 = EDGE_CURVE ( 'NONE', #5049, #1824, #4570, .T. ) ;
#4679 = LINE ( 'NONE', #3945, #632 ) ;
#4680 = CARTESIAN_POINT ( 'NONE',  ( -10.25735931288070013, 1500.000000000000000, -55.50000000000000711 ) ) ;
#4681 = CARTESIAN_POINT ( 'NONE',  ( 50.96446609406724093, 1500.000000000000000, 13.79289321881343433 ) ) ;
#4682 = DIRECTION ( 'NONE',  ( -1.000000000000000000, 0.000000000000000000, 3.469446951953634896E-16 ) ) ;
#4683 = VERTEX_POINT ( 'NONE', #834 ) ;
#4684 = ORIENTED_EDGE ( 'NONE', *, *, #2069, .F. ) ;
#4685 = ADVANCED_FACE ( 'NONE', ( #3696 ), #39, .T. ) ;
#4686 = EDGE_CURVE ( 'NONE', #1475, #405, #1262, .T. ) ;
#4687 = CARTESIAN_POINT ( 'NONE',  ( 5.099999999999999645, 1500.000000000000000, -55.50000000000000711 ) ) ;
#4688 = VERTEX_POINT ( 'NONE', #1397 ) ;
#4689 = DIRECTION ( 'NONE',  ( 1.000000000000000000, -0.000000000000000000, -1.897293910993923175E-16 ) ) ;
#4690 = VERTEX_POINT ( 'NONE', #2618 ) ;
#4691 = ORIENTED_EDGE ( 'NONE', *, *, #637, .F. ) ;
#4692 = CARTESIAN_POINT ( 'NONE',  ( -14.50000000000000533, 1500.000000000000000, -10.25735931288071434 ) ) ;
#4693 = DIRECTION ( 'NONE',  ( 0.000000000000000000, 1.000000000000000000, -0.000000000000000000 ) ) ;
#4694 = AXIS2_PLACEMENT_3D ( 'NONE', #238, #3088, #3113 ) ;
#4695 = CARTESIAN_POINT ( 'NONE',  ( -7.400000000000003908, 0.000000000000000000, -4.571572875253809620 ) ) ;
#4696 = EDGE_CURVE ( 'NONE', #1731, #1481, #5014, .T. ) ;
#4697 = AXIS2_PLACEMENT_3D ( 'NONE', #32, #3282, #4977 ) ;
#4698 = EDGE_CURVE ( 'NONE', #4804, #4137, #5065, .T. ) ;
#4699 = CARTESIAN_POINT ( 'NONE',  ( 35.42842712474618594, 1500.000000000000000, 7.399999999999996803 ) ) ;
#4700 = VERTEX_POINT ( 'NONE', #1776 ) ;
#4701 = ORIENTED_EDGE ( 'NONE', *, *, #1084, .T. ) ;
#4702 = EDGE_CURVE ( 'NONE', #2289, #2978, #250, .T. ) ;
#4703 = ORIENTED_EDGE ( 'NONE', *, *, #2390, .F. ) ;
#4704 = CYLINDRICAL_SURFACE ( 'NONE', #785, 1.000000000000000888 ) ;
#4705 = FACE_OUTER_BOUND ( 'NONE', #1757, .T. ) ;
#4706 = ORIENTED_EDGE ( 'NONE', *, *, #230, .T. ) ;
#4707 = DIRECTION ( 'NONE',  ( -0.000000000000000000, -1.000000000000000000, -0.000000000000000000 ) ) ;
#4708 = AXIS2_PLACEMENT_3D ( 'NONE', #3966, #1418, #2232 ) ;
#4709 = CARTESIAN_POINT ( 'NONE',  ( 60.00000000000000000, 0.000000000000000000, -5.100000000000003197 ) ) ;
#4710 = AXIS2_PLACEMENT_3D ( 'NONE', #423, #4843, #4785 ) ;
#4711 = DIRECTION ( 'NONE',  ( 0.000000000000000000, 0.000000000000000000, 1.000000000000000000 ) ) ;
#4712 = EDGE_LOOP ( 'NONE', ( #400, #3268, #1394, #2211 ) ) ;
#4713 = ORIENTED_EDGE ( 'NONE', *, *, #3493, .F. ) ;
#4714 = VECTOR ( 'NONE', #518, 1000.000000000000000 ) ;
#4715 = ORIENTED_EDGE ( 'NONE', *, *, #2572, .T. ) ;
#4716 = VECTOR ( 'NONE', #3787, 999.9999999999998863 ) ;
#4717 = EDGE_CURVE ( 'NONE', #3477, #4683, #4406, .T. ) ;
#4718 = PLANE ( 'NONE',  #3664 ) ;
#4719 = CIRCLE ( 'NONE', #4115, 1.000000000000000888 ) ;
#4720 = ORIENTED_EDGE ( 'NONE', *, *, #4142, .T. ) ;
#4721 = DIRECTION ( 'NONE',  ( -0.000000000000000000, -1.000000000000000000, -0.000000000000000000 ) ) ;
#4722 = CARTESIAN_POINT ( 'NONE',  ( 44.57157287525379985, 1500.000000000000000, -7.400000000000002132 ) ) ;
#4723 = LINE ( 'NONE', #3155, #835 ) ;
#4724 = LINE ( 'NONE', #4189, #3427 ) ;
#4725 = ORIENTED_EDGE ( 'NONE', *, *, #1746, .F. ) ;
#4726 = VECTOR ( 'NONE', #2483, 1000.000000000000000 ) ;
#4727 = VERTEX_POINT ( 'NONE', #2242 ) ;
#4728 = EDGE_CURVE ( 'NONE', #1942, #4482, #4235, .T. ) ;
#4729 = ORIENTED_EDGE ( 'NONE', *, *, #4851, .F. ) ;
#4730 = CARTESIAN_POINT ( 'NONE',  ( -5.100000000000005862, 1500.000000000000000, -59.00000000000000000 ) ) ;
#4731 = VECTOR ( 'NONE', #2471, 1000.000000000000000 ) ;
#4732 = CYLINDRICAL_SURFACE ( 'NONE', #3106, 1.000000000000000888 ) ;
#4733 = VERTEX_POINT ( 'NONE', #4206 ) ;
#4734 = CYLINDRICAL_SURFACE ( 'NONE', #4708, 1.000000000000000888 ) ;
#4735 = FACE_BOUND ( 'NONE', #4158, .T. ) ;
#4736 = PLANE ( 'NONE',  #3616 ) ;
#4737 = EDGE_LOOP ( 'NONE', ( #895, #4782, #2053, #3603 ) ) ;
#4738 = VERTEX_POINT ( 'NONE', #3426 ) ;
#4739 = CARTESIAN_POINT ( 'NONE',  ( -20.00000000000000711, 1500.000000000000000, -5.100000000000003197 ) ) ;
#4740 = DIRECTION ( 'NONE',  ( 0.000000000000000000, 1.000000000000000000, -0.000000000000000000 ) ) ;
#4741 = ORIENTED_EDGE ( 'NONE', *, *, #322, .F. ) ;
#4742 = VECTOR ( 'NONE', #814, 1000.000000000000000 ) ;
#4743 = CARTESIAN_POINT ( 'NONE',  ( 21.67157287525378706, 1500.000000000000000, 15.50000000000000355 ) ) ;
#4744 = ADVANCED_FACE ( 'NONE', ( #145 ), #2274, .F. ) ;
#4745 = CARTESIAN_POINT ( 'NONE',  ( 4.571572875253802515, 1500.000000000000000, 7.399999999999996803 ) ) ;
#4746 = CARTESIAN_POINT ( 'NONE',  ( -15.50000000000000355, 1500.000000000000000, 5.100000000000010303 ) ) ;
#4747 = VECTOR ( 'NONE', #2115, 1000.000000000000114 ) ;
#4748 = CARTESIAN_POINT ( 'NONE',  ( 18.32842712474620228, 0.000000000000000000, -55.50000000000000711 ) ) ;
#4749 = ORIENTED_EDGE ( 'NONE', *, *, #4686, .T. ) ;
#4750 = EDGE_CURVE ( 'NONE', #2903, #2746, #327, .T. ) ;
#4751 = EDGE_CURVE ( 'NONE', #2387, #3199, #1749, .T. ) ;
#4752 = ORIENTED_EDGE ( 'NONE', *, *, #4530, .T. ) ;
#4753 = ORIENTED_EDGE ( 'NONE', *, *, #4531, .T. ) ;
#4754 = DIRECTION ( 'NONE',  ( 0.000000000000000000, 1.000000000000000000, 0.000000000000000000 ) ) ;
#4755 = LINE ( 'NONE', #4036, #1233 ) ;
#4756 = VERTEX_POINT ( 'NONE', #2563 ) ;
#4757 = DIRECTION ( 'NONE',  ( 0.000000000000000000, 1.000000000000000000, 0.000000000000000000 ) ) ;
#4758 = DIRECTION ( 'NONE',  ( -0.000000000000000000, -1.000000000000000000, -0.000000000000000000 ) ) ;
#4759 = LINE ( 'NONE', #2050, #2681 ) ;
#4760 = ORIENTED_EDGE ( 'NONE', *, *, #1288, .T. ) ;
#4761 = ORIENTED_EDGE ( 'NONE', *, *, #5013, .T. ) ;
#4762 = EDGE_CURVE ( 'NONE', #1626, #16, #196, .T. ) ;
#4763 = EDGE_CURVE ( 'NONE', #561, #943, #1368, .T. ) ;
#4764 = DIRECTION ( 'NONE',  ( -0.7071067811865481278, 0.000000000000000000, -0.7071067811865470176 ) ) ;
#4765 = CARTESIAN_POINT ( 'NONE',  ( 34.89999999999998437, 0.000000000000000000, -55.50000000000000711 ) ) ;
#4766 = DIRECTION ( 'NONE',  ( 0.000000000000000000, 0.000000000000000000, -1.000000000000000000 ) ) ;
#4767 = ORIENTED_EDGE ( 'NONE', *, *, #2643, .T. ) ;
#4768 = DIRECTION ( 'NONE',  ( -0.000000000000000000, -1.000000000000000000, 0.000000000000000000 ) ) ;
#4769 = CIRCLE ( 'NONE', #615, 1.000000000000000888 ) ;
#4770 = CARTESIAN_POINT ( 'NONE',  ( -16.50000000000000355, 1500.000000000000000, 5.100000000000003197 ) ) ;
#4771 = ADVANCED_FACE ( 'NONE', ( #567 ), #3399, .T. ) ;
#4772 = DIRECTION ( 'NONE',  ( 3.469446951953620598E-16, 0.000000000000000000, -1.000000000000000000 ) ) ;
#4773 = VERTEX_POINT ( 'NONE', #3454 ) ;
#4774 = CARTESIAN_POINT ( 'NONE',  ( -14.50000000000000000, 1500.000000000000000, -50.25735931288070901 ) ) ;
#4775 = ORIENTED_EDGE ( 'NONE', *, *, #3865, .T. ) ;
#4776 = FACE_OUTER_BOUND ( 'NONE', #1242, .T. ) ;
#4777 = AXIS2_PLACEMENT_3D ( 'NONE', #4540, #2524, #2900 ) ;
#4778 = ADVANCED_FACE ( 'NONE', ( #652 ), #995, .F. ) ;
#4779 = EDGE_CURVE ( 'NONE', #4870, #4124, #4984, .T. ) ;
#4780 = EDGE_CURVE ( 'NONE', #1196, #5097, #3307, .T. ) ;
#4781 = CARTESIAN_POINT ( 'NONE',  ( -15.99999999999997868, 1500.000000000000000, -60.00000000000000000 ) ) ;
#4782 = ORIENTED_EDGE ( 'NONE', *, *, #4751, .F. ) ;
#4783 = CARTESIAN_POINT ( 'NONE',  ( 7.399999999999996803, 0.000000000000000000, -44.57157287525379985 ) ) ;
#4784 = CARTESIAN_POINT ( 'NONE',  ( -15.50000000000000178, 1500.000000000000000, -50.25735931288068770 ) ) ;
#4785 = DIRECTION ( 'NONE',  ( 0.000000000000000000, 0.000000000000000000, 1.000000000000000000 ) ) ;
#4786 = EDGE_LOOP ( 'NONE', ( #1488, #3686, #1685, #2497 ) ) ;
#4787 = ORIENTED_EDGE ( 'NONE', *, *, #1884, .F. ) ;
#4788 = EDGE_LOOP ( 'NONE', ( #3201, #2668, #4411, #1124 ) ) ;
#4789 = ADVANCED_FACE ( 'NONE', ( #3825 ), #1343, .F. ) ;
#4790 = CIRCLE ( 'NONE', #4710, 3.400000000000000355 ) ;
#4791 = FACE_OUTER_BOUND ( 'NONE', #4190, .T. ) ;
#4792 = LINE ( 'NONE', #4048, #5124 ) ;
#4793 = DIRECTION ( 'NONE',  ( -0.7071067811865477948, 0.000000000000000000, -0.7071067811865473507 ) ) ;
#4794 = VECTOR ( 'NONE', #2761, 1000.000000000000000 ) ;
#4795 = ORIENTED_EDGE ( 'NONE', *, *, #3636, .F. ) ;
#4796 = AXIS2_PLACEMENT_3D ( 'NONE', #5213, #1576, #4815 ) ;
#4797 = CARTESIAN_POINT ( 'NONE',  ( 45.09999999999999432, 0.000000000000000000, 16.50000000000000355 ) ) ;
#4798 = AXIS2_PLACEMENT_3D ( 'NONE', #4966, #1351, #3007 ) ;
#4799 = VECTOR ( 'NONE', #5194, 1000.000000000000000 ) ;
#4800 = DIRECTION ( 'NONE',  ( 0.000000000000000000, 1.000000000000000000, 0.000000000000000000 ) ) ;
#4801 = DIRECTION ( 'NONE',  ( 0.000000000000000000, 1.000000000000000000, -0.000000000000000000 ) ) ;
#4802 = VERTEX_POINT ( 'NONE', #942 ) ;
#4803 = ORIENTED_EDGE ( 'NONE', *, *, #2308, .T. ) ;
#4804 = VERTEX_POINT ( 'NONE', #3581 ) ;
#4805 = CARTESIAN_POINT ( 'NONE',  ( -19.00000000000000711, 1500.000000000000000, -34.89999999999999147 ) ) ;
#4806 = DIRECTION ( 'NONE',  ( -0.000000000000000000, -1.000000000000000000, -0.000000000000000000 ) ) ;
#4807 = ORIENTED_EDGE ( 'NONE', *, *, #2517, .F. ) ;
#4808 = CARTESIAN_POINT ( 'NONE',  ( -5.100000000000012967, 1500.000000000000000, 15.50000000000000355 ) ) ;
#4809 = EDGE_CURVE ( 'NONE', #1647, #2857, #2803, .T. ) ;
#4810 = EDGE_LOOP ( 'NONE', ( #1269, #866, #4103, #320 ) ) ;
#4811 = VECTOR ( 'NONE', #3550, 1000.000000000000000 ) ;
#4812 = AXIS2_PLACEMENT_3D ( 'NONE', #1209, #1642, #35 ) ;
#4813 = EDGE_CURVE ( 'NONE', #3914, #333, #1526, .T. ) ;
#4814 = DIRECTION ( 'NONE',  ( 0.000000000000000000, 1.000000000000000000, 0.000000000000000000 ) ) ;
#4815 = DIRECTION ( 'NONE',  ( 0.000000000000000000, 0.000000000000000000, 1.000000000000000000 ) ) ;
#4816 = ORIENTED_EDGE ( 'NONE', *, *, #5224, .F. ) ;
#4817 = EDGE_LOOP ( 'NONE', ( #54, #1152, #2883, #5210 ) ) ;
#4818 = EDGE_LOOP ( 'NONE', ( #3605, #2740, #2852, #620 ) ) ;
#4819 = DIRECTION ( 'NONE',  ( -0.7071067811865474617, 0.000000000000000000, -0.7071067811865475727 ) ) ;
#4820 = LINE ( 'NONE', #1527, #109 ) ;
#4821 = CARTESIAN_POINT ( 'NONE',  ( 4.099999999999992539, 1500.000000000000000, 16.50000000000001066 ) ) ;
#4822 = ORIENTED_EDGE ( 'NONE', *, *, #3912, .F. ) ;
#4823 = EDGE_CURVE ( 'NONE', #5024, #291, #5167, .T. ) ;
#4824 = VECTOR ( 'NONE', #3857, 1000.000000000000000 ) ;
#4825 = CARTESIAN_POINT ( 'NONE',  ( 7.399999999999997691, 0.000000000000000000, -7.400000000000003908 ) ) ;
#4826 = DIRECTION ( 'NONE',  ( 0.000000000000000000, 0.000000000000000000, -1.000000000000000000 ) ) ;
#4827 = VECTOR ( 'NONE', #947, 1000.000000000000000 ) ;
#4828 = CARTESIAN_POINT ( 'NONE',  ( 32.59999999999998721, 1500.000000000000000, 4.571572875253806956 ) ) ;
#4829 = ORIENTED_EDGE ( 'NONE', *, *, #2100, .T. ) ;
#4830 = ORIENTED_EDGE ( 'NONE', *, *, #3425, .F. ) ;
#4831 = EDGE_CURVE ( 'NONE', #4111, #3579, #1102, .T. ) ;
#4832 = AXIS2_PLACEMENT_3D ( 'NONE', #4419, #4819, #3100 ) ;
#4833 = ADVANCED_FACE ( 'NONE', ( #3126 ), #5141, .F. ) ;
#4834 = ADVANCED_FACE ( 'NONE', ( #4791 ), #1908, .F. ) ;
#4835 = CARTESIAN_POINT ( 'NONE',  ( 59.00000000000000000, 1500.000000000000000, 5.100000000000003197 ) ) ;
#4836 = FACE_OUTER_BOUND ( 'NONE', #662, .T. ) ;
#4837 = AXIS2_PLACEMENT_3D ( 'NONE', #1086, #1510, #2754 ) ;
#4838 = VERTEX_POINT ( 'NONE', #1502 ) ;
#4839 = FACE_OUTER_BOUND ( 'NONE', #3135, .T. ) ;
#4840 = ORIENTED_EDGE ( 'NONE', *, *, #1854, .F. ) ;
#4841 = LINE ( 'NONE', #1601, #4049 ) ;
#4842 = VECTOR ( 'NONE', #678, 1000.000000000000000 ) ;
#4843 = DIRECTION ( 'NONE',  ( 0.000000000000000000, 1.000000000000000000, 0.000000000000000000 ) ) ;
#4844 = ORIENTED_EDGE ( 'NONE', *, *, #755, .T. ) ;
#4845 = EDGE_CURVE ( 'NONE', #1432, #1116, #1885, .T. ) ;
#4846 = VERTEX_POINT ( 'NONE', #4394 ) ;
#4847 = ORIENTED_EDGE ( 'NONE', *, *, #3261, .F. ) ;
#4848 = DIRECTION ( 'NONE',  ( 0.000000000000000000, 0.000000000000000000, 1.000000000000000000 ) ) ;
#4849 = PLANE ( 'NONE',  #4608 ) ;
#4850 = FACE_OUTER_BOUND ( 'NONE', #4490, .T. ) ;
#4851 = EDGE_CURVE ( 'NONE', #4846, #3504, #1480, .T. ) ;
#4852 = EDGE_CURVE ( 'NONE', #3091, #5208, #1874, .T. ) ;
#4853 = EDGE_LOOP ( 'NONE', ( #3902, #2444, #4219, #66 ) ) ;
#4854 = FACE_OUTER_BOUND ( 'NONE', #676, .T. ) ;
#4855 = CARTESIAN_POINT ( 'NONE',  ( 4.099999999999992539, 1500.000000000000000, -56.49999999999999289 ) ) ;
#4856 = CARTESIAN_POINT ( 'NONE',  ( 56.49999999999999289, 1500.000000000000000, -5.099999999999996092 ) ) ;
#4857 = DIRECTION ( 'NONE',  ( 0.000000000000000000, 0.000000000000000000, 1.000000000000000000 ) ) ;
#4858 = DIRECTION ( 'NONE',  ( 0.000000000000000000, 0.000000000000000000, -1.000000000000000000 ) ) ;
#4859 = VECTOR ( 'NONE', #3424, 1000.000000000000000 ) ;
#4860 = DIRECTION ( 'NONE',  ( -0.000000000000000000, -1.000000000000000000, -0.000000000000000000 ) ) ;
#4861 = EDGE_CURVE ( 'NONE', #5128, #3068, #2772, .T. ) ;
#4862 = CARTESIAN_POINT ( 'NONE',  ( -15.50000000000000711, 1500.000000000000000, -21.67157287525380482 ) ) ;
#4863 = EDGE_CURVE ( 'NONE', #3240, #4894, #3555, .T. ) ;
#4864 = ORIENTED_EDGE ( 'NONE', *, *, #2517, .T. ) ;
#4865 = CARTESIAN_POINT ( 'NONE',  ( -16.50000000000001066, 1500.000000000000000, -4.099999999999996092 ) ) ;
#4866 = ORIENTED_EDGE ( 'NONE', *, *, #2141, .T. ) ;
#4867 = VECTOR ( 'NONE', #4035, 1000.000000000000000 ) ;
#4868 = LINE ( 'NONE', #4784, #4307 ) ;
#4869 = CYLINDRICAL_SURFACE ( 'NONE', #4282, 1.000000000000000888 ) ;
#4870 = VERTEX_POINT ( 'NONE', #1127 ) ;
#4871 = VECTOR ( 'NONE', #77, 1000.000000000000000 ) ;
#4872 = ORIENTED_EDGE ( 'NONE', *, *, #4186, .F. ) ;
#4873 = CARTESIAN_POINT ( 'NONE',  ( -5.100000000000012079, 1500.000000000000000, -60.00000000000000000 ) ) ;
#4874 = DIRECTION ( 'NONE',  ( 0.000000000000000000, 0.000000000000000000, 1.000000000000000000 ) ) ;
#4875 = ADVANCED_BREP_SHAPE_REPRESENTATION ( '8080', ( #3587, #673 ), #3413 ) ;
#4876 = CYLINDRICAL_SURFACE ( 'NONE', #2759, 1.000000000000000888 ) ;
#4877 = ORIENTED_EDGE ( 'NONE', *, *, #1078, .F. ) ;
#4878 = DIRECTION ( 'NONE',  ( -0.000000000000000000, -1.000000000000000000, -0.000000000000000000 ) ) ;
#4879 = EDGE_CURVE ( 'NONE', #53, #2746, #751, .T. ) ;
#4880 = COORDINATED_UNIVERSAL_TIME_OFFSET ( 8, 0, .AHEAD. ) ;
#4881 = LINE ( 'NONE', #4080, #2620 ) ;
#4882 = CIRCLE ( 'NONE', #1747, 0.9999999999999940048 ) ;
#4883 = DIRECTION ( 'NONE',  ( -0.000000000000000000, -1.000000000000000000, -0.000000000000000000 ) ) ;
#4884 = LINE ( 'NONE', #3564, #1525 ) ;
#4885 = AXIS2_PLACEMENT_3D ( 'NONE', #1036, #665, #3495 ) ;
#4886 = DIRECTION ( 'NONE',  ( -0.000000000000000000, -1.000000000000000000, -0.000000000000000000 ) ) ;
#4887 = CARTESIAN_POINT ( 'NONE',  ( -7.400000000000003908, 0.000000000000000000, -35.42842712474618594 ) ) ;
#4888 = ORIENTED_EDGE ( 'NONE', *, *, #2116, .T. ) ;
#4889 = CARTESIAN_POINT ( 'NONE',  ( 44.09999999999999432, 1500.000000000000000, -58.99999999999999289 ) ) ;
#4890 = DIRECTION ( 'NONE',  ( 0.000000000000000000, 0.000000000000000000, -1.000000000000000000 ) ) ;
#4891 = CARTESIAN_POINT ( 'NONE',  ( 32.59999999999998721, 1500.000000000000000, -44.57157287525379985 ) ) ;
#4892 = FACE_OUTER_BOUND ( 'NONE', #371, .T. ) ;
#4893 = EDGE_LOOP ( 'NONE', ( #4098, #4877, #1895, #3837 ) ) ;
#4894 = VERTEX_POINT ( 'NONE', #3952 ) ;
#4895 = AXIS2_PLACEMENT_3D ( 'NONE', #5196, #4026, #3559 ) ;
#4896 = EDGE_CURVE ( 'NONE', #4344, #2771, #3994, .T. ) ;
#4897 = CARTESIAN_POINT ( 'NONE',  ( 34.89999999999998437, 1500.000000000000000, 15.50000000000000355 ) ) ;
#4898 = FACE_OUTER_BOUND ( 'NONE', #4251, .T. ) ;
#4899 = LINE ( 'NONE', #1610, #4037 ) ;
#4900 = ORIENTED_EDGE ( 'NONE', *, *, #201, .T. ) ;
#4901 = VERTEX_POINT ( 'NONE', #302 ) ;
#4902 = CARTESIAN_POINT ( 'NONE',  ( 55.49999999999999289, 1500.000000000000000, 5.100000000000010303 ) ) ;
#4903 = CARTESIAN_POINT ( 'NONE',  ( -13.79289321881343433, 1500.000000000000000, 10.96446609406724626 ) ) ;
#4904 = EDGE_CURVE ( 'NONE', #2107, #1073, #4921, .T. ) ;
#4905 = CARTESIAN_POINT ( 'NONE',  ( -16.50000000000001066, 1500.000000000000000, -35.89999999999999858 ) ) ;
#4906 = DIRECTION ( 'NONE',  ( -0.000000000000000000, -1.000000000000000000, -0.000000000000000000 ) ) ;
#4907 = FACE_OUTER_BOUND ( 'NONE', #1119, .T. ) ;
#4908 = VECTOR ( 'NONE', #3058, 1000.000000000000000 ) ;
#4909 = DIRECTION ( 'NONE',  ( 0.000000000000000000, 0.000000000000000000, 1.000000000000000000 ) ) ;
#4910 = EDGE_CURVE ( 'NONE', #3226, #2833, #2123, .T. ) ;
#4911 = ADVANCED_FACE ( 'NONE', ( #5218 ), #4718, .F. ) ;
#4912 = ORIENTED_EDGE ( 'NONE', *, *, #2707, .F. ) ;
#4913 = DIRECTION ( 'NONE',  ( 3.363588555182252268E-16, 0.000000000000000000, -1.000000000000000000 ) ) ;
#4914 = CIRCLE ( 'NONE', #495, 1.000000000000000888 ) ;
#4915 = LINE ( 'NONE', #1681, #1217 ) ;
#4916 = CARTESIAN_POINT ( 'NONE',  ( 5.099999999999992539, 1500.000000000000000, 15.50000000000000355 ) ) ;
#4917 = CARTESIAN_POINT ( 'NONE',  ( 34.89999999999999147, 1500.000000000000000, -56.50000000000000711 ) ) ;
#4918 = VERTEX_POINT ( 'NONE', #3202 ) ;
#4919 = ORIENTED_EDGE ( 'NONE', *, *, #268, .T. ) ;
#4920 = CIRCLE ( 'NONE', #2291, 0.9999999999999991118 ) ;
#4921 = CIRCLE ( 'NONE', #2294, 0.9999999999999991118 ) ;
#4922 = CARTESIAN_POINT ( 'NONE',  ( -14.50000000000000533, 1500.000000000000000, -11.25735931288071612 ) ) ;
#4923 = DIRECTION ( 'NONE',  ( -0.7071067811865476838, -0.000000000000000000, -0.7071067811865474617 ) ) ;
#4924 = CARTESIAN_POINT ( 'NONE',  ( -13.79289321881343433, 0.000000000000000000, 10.96446609406724626 ) ) ;
#4925 = ORIENTED_EDGE ( 'NONE', *, *, #754, .F. ) ;
#4926 = EDGE_CURVE ( 'NONE', #1116, #2782, #3235, .T. ) ;
#4927 = ORIENTED_EDGE ( 'NONE', *, *, #1450, .F. ) ;
#4928 = ADVANCED_FACE ( 'NONE', ( #1205 ), #449, .F. ) ;
#4929 = DIRECTION ( 'NONE',  ( 1.000000000000000000, 0.000000000000000000, -7.245177780952319570E-17 ) ) ;
#4930 = DATE_AND_TIME ( #1237, #4334 ) ;
#4931 = DIRECTION ( 'NONE',  ( 0.000000000000000000, 0.000000000000000000, 1.000000000000000000 ) ) ;
#4932 = ORIENTED_EDGE ( 'NONE', *, *, #4207, .F. ) ;
#4933 = DIRECTION ( 'NONE',  ( 0.000000000000000000, 0.000000000000000000, -1.000000000000000000 ) ) ;
#4934 = CARTESIAN_POINT ( 'NONE',  ( -15.50000000000000355, 0.000000000000000000, 5.100000000000010303 ) ) ;
#4935 = DIRECTION ( 'NONE',  ( 3.469446951953620598E-16, 0.000000000000000000, -1.000000000000000000 ) ) ;
#4936 = CARTESIAN_POINT ( 'NONE',  ( -4.571572875253815837, 0.000000000000000000, -47.39999999999999147 ) ) ;
#4937 = EDGE_CURVE ( 'NONE', #3757, #3842, #4545, .T. ) ;
#4938 = ORIENTED_EDGE ( 'NONE', *, *, #147, .F. ) ;
#4939 = ORIENTED_EDGE ( 'NONE', *, *, #2035, .T. ) ;
#4940 = CARTESIAN_POINT ( 'NONE',  ( -7.400000000000003020, 0.000000000000000000, -44.57157287525380696 ) ) ;
#4941 = ADVANCED_FACE ( 'NONE', ( #1306 ), #3308, .T. ) ;
#4942 = LINE ( 'NONE', #554, #2143 ) ;
#4943 = CIRCLE ( 'NONE', #3935, 1.000000000000000888 ) ;
#4944 = CARTESIAN_POINT ( 'NONE',  ( 4.099999999999992539, 1500.000000000000000, 16.50000000000001066 ) ) ;
#4945 = FACE_OUTER_BOUND ( 'NONE', #3906, .T. ) ;
#4946 = ORIENTED_EDGE ( 'NONE', *, *, #283, .T. ) ;
#4947 = VECTOR ( 'NONE', #846, 1000.000000000000000 ) ;
#4948 = FACE_OUTER_BOUND ( 'NONE', #1499, .T. ) ;
#4949 = DIRECTION ( 'NONE',  ( 0.000000000000000000, 0.000000000000000000, -1.000000000000000000 ) ) ;
#4950 = VECTOR ( 'NONE', #2154, 1000.000000000000000 ) ;
#4951 = CARTESIAN_POINT ( 'NONE',  ( 47.39999999999999147, 1500.000000000000000, -44.57157287525380696 ) ) ;
#4952 = ORIENTED_EDGE ( 'NONE', *, *, #2785, .F. ) ;
#4953 = ORIENTED_EDGE ( 'NONE', *, *, #2929, .T. ) ;
#4954 = DIRECTION ( 'NONE',  ( -0.000000000000000000, -1.000000000000000000, -0.000000000000000000 ) ) ;
#4955 = EDGE_CURVE ( 'NONE', #2389, #1447, #475, .T. ) ;
#4956 = FACE_OUTER_BOUND ( 'NONE', #2808, .T. ) ;
#4957 = ORIENTED_EDGE ( 'NONE', *, *, #3919, .T. ) ;
#4958 = LINE ( 'NONE', #4477, #591 ) ;
#4959 = CARTESIAN_POINT ( 'NONE',  ( 35.42842712474618594, 1500.000000000000000, 7.399999999999996803 ) ) ;
#4960 = DIRECTION ( 'NONE',  ( -0.000000000000000000, -1.000000000000000000, -0.000000000000000000 ) ) ;
#4961 = CIRCLE ( 'NONE', #1828, 0.9999999999999974465 ) ;
#4962 = DIRECTION ( 'NONE',  ( 3.363588555182244873E-16, -0.000000000000000000, 1.000000000000000000 ) ) ;
#4963 = ORIENTED_EDGE ( 'NONE', *, *, #2985, .F. ) ;
#4964 = CIRCLE ( 'NONE', #2075, 1.000000000000000888 ) ;
#4965 = VERTEX_POINT ( 'NONE', #2030 ) ;
#4966 = CARTESIAN_POINT ( 'NONE',  ( 47.39999999999999147, 1500.000000000000000, -35.42842712474618594 ) ) ;
#4967 = AXIS2_PLACEMENT_3D ( 'NONE', #1659, #2496, #2958 ) ;
#4968 = FACE_OUTER_BOUND ( 'NONE', #4786, .T. ) ;
#4969 = AXIS2_PLACEMENT_3D ( 'NONE', #1207, #3283, #1183 ) ;
#4970 = DIRECTION ( 'NONE',  ( -0.000000000000000000, -1.000000000000000000, -0.000000000000000000 ) ) ;
#4971 = CIRCLE ( 'NONE', #144, 1.000000000000000000 ) ;
#4972 = LINE ( 'NONE', #2526, #1575 ) ;
#4973 = EDGE_CURVE ( 'NONE', #5208, #175, #2077, .T. ) ;
#4974 = ORIENTED_EDGE ( 'NONE', *, *, #1671, .F. ) ;
#4975 = EDGE_CURVE ( 'NONE', #1550, #2608, #377, .T. ) ;
#4976 = CARTESIAN_POINT ( 'NONE',  ( 59.00000000000000000, 0.000000000000000000, -34.89999999999999147 ) ) ;
#4977 = DIRECTION ( 'NONE',  ( 0.000000000000000000, 0.000000000000000000, -1.000000000000000000 ) ) ;
#4978 = CARTESIAN_POINT ( 'NONE',  ( -15.50000000000000711, 1500.000000000000000, -18.32842712474619162 ) ) ;
#4979 = ORIENTED_EDGE ( 'NONE', *, *, #4559, .T. ) ;
#4980 = VERTEX_POINT ( 'NONE', #1230 ) ;
#4981 = AXIS2_PLACEMENT_3D ( 'NONE', #551, #3326, #2172 ) ;
#4982 = DIRECTION ( 'NONE',  ( 0.000000000000000000, 0.000000000000000000, -1.000000000000000000 ) ) ;
#4983 = CIRCLE ( 'NONE', #905, 1.000000000000000888 ) ;
#4984 = LINE ( 'NONE', #2995, #1952 ) ;
#4985 = VERTEX_POINT ( 'NONE', #1608 ) ;
#4986 = CARTESIAN_POINT ( 'NONE',  ( 10.25735931288071612, 0.000000000000000000, -54.50000000000000711 ) ) ;
#4987 = CARTESIAN_POINT ( 'NONE',  ( 7.399999999999997691, 0.000000000000000000, -32.59999999999998721 ) ) ;
#4988 = CYLINDRICAL_SURFACE ( 'NONE', #1294, 1.000000000000000888 ) ;
#4989 = CARTESIAN_POINT ( 'NONE',  ( 45.09999999999998721, 1500.000000000000000, 19.00000000000000355 ) ) ;
#4990 = ORIENTED_EDGE ( 'NONE', *, *, #2955, .T. ) ;
#4991 = EDGE_CURVE ( 'NONE', #1487, #3136, #3665, .T. ) ;
#4992 = ORIENTED_EDGE ( 'NONE', *, *, #3851, .F. ) ;
#4993 = LINE ( 'NONE', #4538, #2937 ) ;
#4994 = ADVANCED_FACE ( 'NONE', ( #4948 ), #2054, .F. ) ;
#4995 = ADVANCED_FACE ( 'NONE', ( #4022 ), #1254, .F. ) ;
#4996 = PERSON ( '未指定', '未指定', '未指定', ('未指定'), ('未指定'), ('未指定') ) ;
#4997 = CARTESIAN_POINT ( 'NONE',  ( 18.32842712474620228, 1500.000000000000000, -55.50000000000000711 ) ) ;
#4998 = CARTESIAN_POINT ( 'NONE',  ( -20.00000000000000711, 0.000000000000000000, -55.99999999999997868 ) ) ;
#4999 = CARTESIAN_POINT ( 'NONE',  ( 29.74264068711929099, 1500.000000000000000, -55.49999999999999289 ) ) ;
#5000 = AXIS2_PLACEMENT_3D ( 'NONE', #544, #1431, #5100 ) ;
#5001 = EDGE_LOOP ( 'NONE', ( #3099, #2358, #2482, #3098 ) ) ;
#5002 = CARTESIAN_POINT ( 'NONE',  ( -15.50000000000000711, 0.000000000000000000, -10.25735931288069125 ) ) ;
#5003 = CARTESIAN_POINT ( 'NONE',  ( -5.100000000000012967, 1500.000000000000000, -55.50000000000000711 ) ) ;
#5004 = EDGE_CURVE ( 'NONE', #4602, #3226, #3281, .T. ) ;
#5005 = CARTESIAN_POINT ( 'NONE',  ( 54.50000000000000000, 1500.000000000000000, -10.25735931288071434 ) ) ;
#5006 = ORIENTED_EDGE ( 'NONE', *, *, #1911, .T. ) ;
#5007 = EDGE_CURVE ( 'NONE', #1994, #4688, #2104, .T. ) ;
#5008 = AXIS2_PLACEMENT_3D ( 'NONE', #3777, #2839, #461 ) ;
#5009 = ORIENTED_EDGE ( 'NONE', *, *, #3443, .F. ) ;
#5010 = VECTOR ( 'NONE', #255, 1000.000000000000000 ) ;
#5011 = CARTESIAN_POINT ( 'NONE',  ( -15.50000000000000355, 1500.000000000000000, 5.100000000000010303 ) ) ;
#5012 = AXIS2_PLACEMENT_3D ( 'NONE', #189, #530, #3764 ) ;
#5013 = EDGE_CURVE ( 'NONE', #2857, #3491, #3637, .T. ) ;
#5014 = LINE ( 'NONE', #2672, #3487 ) ;
#5015 = VECTOR ( 'NONE', #417, 1000.000000000000000 ) ;
#5016 = LOCAL_TIME ( 15, 25, 55.00000000000000000, #5040 ) ;
#5017 = VERTEX_POINT ( 'NONE', #4493 ) ;
#5018 = DIRECTION ( 'NONE',  ( 0.000000000000000000, 0.000000000000000000, -1.000000000000000000 ) ) ;
#5019 = DIRECTION ( 'NONE',  ( -0.7071067811865473507, 0.000000000000000000, 0.7071067811865477948 ) ) ;
#5020 = DIRECTION ( 'NONE',  ( 0.000000000000000000, 0.000000000000000000, 1.000000000000000000 ) ) ;
#5021 = DIRECTION ( 'NONE',  ( 0.000000000000000000, 0.000000000000000000, -1.000000000000000000 ) ) ;
#5022 = ORIENTED_EDGE ( 'NONE', *, *, #1764, .F. ) ;
#5023 = CARTESIAN_POINT ( 'NONE',  ( 54.50000000000000000, 1500.000000000000000, -29.74264068711928033 ) ) ;
#5024 = VERTEX_POINT ( 'NONE', #2829 ) ;
#5025 = CARTESIAN_POINT ( 'NONE',  ( 56.49999999999999289, 0.000000000000000000, -35.89999999999999858 ) ) ;
#5026 = ADVANCED_FACE ( 'NONE', ( #801 ), #2430, .F. ) ;
#5027 = ORIENTED_EDGE ( 'NONE', *, *, #2652, .T. ) ;
#5028 = DIRECTION ( 'NONE',  ( -0.000000000000000000, -1.000000000000000000, -0.000000000000000000 ) ) ;
#5029 = LINE ( 'NONE', #209, #124 ) ;
#5030 = EDGE_CURVE ( 'NONE', #1073, #2169, #428, .T. ) ;
#5031 = DIRECTION ( 'NONE',  ( 0.7071067811865471286, 0.000000000000000000, -0.7071067811865479058 ) ) ;
#5032 = ORIENTED_EDGE ( 'NONE', *, *, #2807, .T. ) ;
#5033 = AXIS2_PLACEMENT_3D ( 'NONE', #3061, #3513, #5050 ) ;
#5034 = CARTESIAN_POINT ( 'NONE',  ( 50.25735931288068059, 0.000000000000000000, -55.50000000000000711 ) ) ;
#5035 = DIRECTION ( 'NONE',  ( 0.000000000000000000, 1.000000000000000000, 0.000000000000000000 ) ) ;
#5036 = FACE_OUTER_BOUND ( 'NONE', #386, .T. ) ;
#5037 = EDGE_LOOP ( 'NONE', ( #5145, #1141, #576, #2440 ) ) ;
#5038 = ORIENTED_EDGE ( 'NONE', *, *, #571, .T. ) ;
#5039 = DIRECTION ( 'NONE',  ( -0.000000000000000000, -1.000000000000000000, -0.000000000000000000 ) ) ;
#5040 = COORDINATED_UNIVERSAL_TIME_OFFSET ( 8, 0, .AHEAD. ) ;
#5041 = VECTOR ( 'NONE', #1265, 1000.000000000000000 ) ;
#5042 = DIRECTION ( 'NONE',  ( -0.000000000000000000, -1.000000000000000000, -0.000000000000000000 ) ) ;
#5043 = ORIENTED_EDGE ( 'NONE', *, *, #4750, .F. ) ;
#5044 = CARTESIAN_POINT ( 'NONE',  ( -14.50000000000000533, 0.000000000000000000, -10.25735931288071434 ) ) ;
#5045 = ADVANCED_FACE ( 'NONE', ( #56 ), #4518, .F. ) ;
#5046 = DIRECTION ( 'NONE',  ( -0.000000000000000000, -1.000000000000000000, -0.000000000000000000 ) ) ;
#5047 = CARTESIAN_POINT ( 'NONE',  ( 55.50000000000000000, 1500.000000000000000, -10.25735931288069125 ) ) ;
#5048 = DIRECTION ( 'NONE',  ( 1.000000000000000000, 0.000000000000000000, 0.000000000000000000 ) ) ;
#5049 = VERTEX_POINT ( 'NONE', #2502 ) ;
#5050 = DIRECTION ( 'NONE',  ( 1.000000000000000000, 0.000000000000000000, -0.000000000000000000 ) ) ;
#5051 = VERTEX_POINT ( 'NONE', #4121 ) ;
#5052 = ORIENTED_EDGE ( 'NONE', *, *, #2476, .F. ) ;
#5053 = LINE ( 'NONE', #640, #105 ) ;
#5054 = DIRECTION ( 'NONE',  ( -0.000000000000000000, -1.000000000000000000, -0.000000000000000000 ) ) ;
#5055 = VECTOR ( 'NONE', #2093, 1000.000000000000000 ) ;
#5056 = EDGE_LOOP ( 'NONE', ( #2561, #4760, #4753, #3819 ) ) ;
#5057 = AXIS2_PLACEMENT_3D ( 'NONE', #603, #4187, #276 ) ;
#5058 = DIRECTION ( 'NONE',  ( 0.000000000000000000, 0.000000000000000000, -1.000000000000000000 ) ) ;
#5059 = FACE_OUTER_BOUND ( 'NONE', #3565, .T. ) ;
#5060 = CYLINDRICAL_SURFACE ( 'NONE', #5217, 1.000000000000000888 ) ;
#5061 = VERTEX_POINT ( 'NONE', #163 ) ;
#5062 = ORIENTED_EDGE ( 'NONE', *, *, #2548, .F. ) ;
#5063 = DIRECTION ( 'NONE',  ( 0.000000000000000000, 1.000000000000000000, -0.000000000000000000 ) ) ;
#5064 = EDGE_CURVE ( 'NONE', #3504, #2641, #987, .T. ) ;
#5065 = LINE ( 'NONE', #1025, #1185 ) ;
#5066 = VERTEX_POINT ( 'NONE', #2181 ) ;
#5067 = CARTESIAN_POINT ( 'NONE',  ( 55.49999999999999289, 1500.000000000000000, -45.10000000000000853 ) ) ;
#5068 = CARTESIAN_POINT ( 'NONE',  ( 54.49999999999999289, 1500.000000000000000, -50.25735931288070901 ) ) ;
#5069 = CARTESIAN_POINT ( 'NONE',  ( 44.09999999999999432, 1500.000000000000000, -58.99999999999999289 ) ) ;
#5070 = EDGE_CURVE ( 'NONE', #4522, #5051, #107, .T. ) ;
#5071 = ORIENTED_EDGE ( 'NONE', *, *, #2623, .T. ) ;
#5072 = CARTESIAN_POINT ( 'NONE',  ( 60.00000000000000000, 1500.000000000000000, -55.99999999999997868 ) ) ;
#5073 = ORIENTED_EDGE ( 'NONE', *, *, #4813, .T. ) ;
#5074 = VERTEX_POINT ( 'NONE', #3445 ) ;
#5075 = EDGE_LOOP ( 'NONE', ( #2212, #826, #1276, #648 ) ) ;
#5076 = DIRECTION ( 'NONE',  ( -0.000000000000000000, -1.000000000000000000, -0.000000000000000000 ) ) ;
#5077 = ADVANCED_FACE ( 'NONE', ( #3419 ), #2960, .F. ) ;
#5078 = EDGE_CURVE ( 'NONE', #5051, #1454, #2638, .T. ) ;
#5079 = CARTESIAN_POINT ( 'NONE',  ( 55.49999999999999289, 0.000000000000000000, -45.10000000000000853 ) ) ;
#5080 = AXIS2_PLACEMENT_3D ( 'NONE', #2464, #4082, #462 ) ;
#5081 = ORIENTED_EDGE ( 'NONE', *, *, #4585, .T. ) ;
#5082 = DIRECTION ( 'NONE',  ( 3.363588555182249310E-16, 0.000000000000000000, 1.000000000000000000 ) ) ;
#5083 = DIRECTION ( 'NONE',  ( 0.000000000000000000, 1.000000000000000000, 0.000000000000000000 ) ) ;
#5084 = FACE_BOUND ( 'NONE', #3915, .T. ) ;
#5085 = VECTOR ( 'NONE', #3720, 1000.000000000000000 ) ;
#5086 = LINE ( 'NONE', #2295, #4107 ) ;
#5087 = ORIENTED_EDGE ( 'NONE', *, *, #3769, .F. ) ;
#5088 = EDGE_LOOP ( 'NONE', ( #1605, #638, #347, #2095 ) ) ;
#5089 = CYLINDRICAL_SURFACE ( 'NONE', #950, 3.999999999999998224 ) ;
#5090 = VECTOR ( 'NONE', #3023, 1000.000000000000000 ) ;
#5091 = PERSON_AND_ORGANIZATION ( #4996, #4064 ) ;
#5092 = DIRECTION ( 'NONE',  ( -1.000000000000000000, 0.000000000000000000, -0.000000000000000000 ) ) ;
#5093 = EDGE_CURVE ( 'NONE', #116, #3199, #4243, .T. ) ;
#5094 = AXIS2_PLACEMENT_3D ( 'NONE', #1536, #3157, #4772 ) ;
#5095 = EDGE_CURVE ( 'NONE', #1047, #2874, #2557, .T. ) ;
#5096 = VERTEX_POINT ( 'NONE', #2207 ) ;
#5097 = VERTEX_POINT ( 'NONE', #3870 ) ;
#5098 = CARTESIAN_POINT ( 'NONE',  ( -19.00000000000000000, 0.000000000000000000, -44.10000000000000142 ) ) ;
#5099 = CARTESIAN_POINT ( 'NONE',  ( 53.79289321881343255, 1500.000000000000000, -29.03553390593274841 ) ) ;
#5100 = DIRECTION ( 'NONE',  ( 1.000000000000000000, 0.000000000000000000, -0.000000000000000000 ) ) ;
#5101 = VECTOR ( 'NONE', #3741, 1000.000000000000000 ) ;
#5102 = CARTESIAN_POINT ( 'NONE',  ( 32.59999999999998721, 1500.000000000000000, 4.571572875253806956 ) ) ;
#5103 = ORIENTED_EDGE ( 'NONE', *, *, #4401, .F. ) ;
#5104 = ADVANCED_FACE ( 'NONE', ( #137 ), #3389, .T. ) ;
#5105 = VERTEX_POINT ( 'NONE', #1360 ) ;
#5106 = CARTESIAN_POINT ( 'NONE',  ( 55.50000000000000000, 1500.000000000000000, -29.74264068711930165 ) ) ;
#5107 = CARTESIAN_POINT ( 'NONE',  ( 32.59999999999998721, 1500.000000000000000, -7.400000000000003908 ) ) ;
#5108 = ORIENTED_EDGE ( 'NONE', *, *, #3750, .F. ) ;
#5109 = CARTESIAN_POINT ( 'NONE',  ( 56.49999999999999289, 1500.000000000000000, -44.10000000000000142 ) ) ;
#5110 = EDGE_CURVE ( 'NONE', #2156, #1626, #4253, .T. ) ;
#5111 = FACE_OUTER_BOUND ( 'NONE', #4091, .T. ) ;
#5112 = CARTESIAN_POINT ( 'NONE',  ( -20.00000000000000711, 1500.000000000000000, -55.99999999999997868 ) ) ;
#5113 = DIRECTION ( 'NONE',  ( 0.000000000000000000, 0.000000000000000000, 1.000000000000000000 ) ) ;
#5114 = ORIENTED_EDGE ( 'NONE', *, *, #2061, .T. ) ;
#5115 = EDGE_LOOP ( 'NONE', ( #82, #4535, #1087, #1641 ) ) ;
#5116 = VECTOR ( 'NONE', #181, 1000.000000000000000 ) ;
#5117 = ORIENTED_EDGE ( 'NONE', *, *, #3961, .T. ) ;
#5118 = DIRECTION ( 'NONE',  ( 1.000000000000000000, -0.000000000000000000, 0.000000000000000000 ) ) ;
#5119 = EDGE_LOOP ( 'NONE', ( #348, #5052, #3763, #2869 ) ) ;
#5120 = CARTESIAN_POINT ( 'NONE',  ( 5.100000000000000533, 1500.000000000000000, 20.00000000000000355 ) ) ;
#5121 = DIRECTION ( 'NONE',  ( -0.000000000000000000, -1.000000000000000000, -0.000000000000000000 ) ) ;
#5122 = VECTOR ( 'NONE', #3242, 1000.000000000000000 ) ;
#5123 = DIRECTION ( 'NONE',  ( -0.000000000000000000, -1.000000000000000000, -0.000000000000000000 ) ) ;
#5124 = VECTOR ( 'NONE', #1182, 1000.000000000000000 ) ;
#5125 = FACE_OUTER_BOUND ( 'NONE', #4818, .T. ) ;
#5126 = ORIENTED_EDGE ( 'NONE', *, *, #4991, .F. ) ;
#5127 = ORIENTED_EDGE ( 'NONE', *, *, #5004, .F. ) ;
#5128 = VERTEX_POINT ( 'NONE', #2988 ) ;
#5129 = CARTESIAN_POINT ( 'NONE',  ( 35.42842712474618594, 1500.000000000000000, 7.399999999999996803 ) ) ;
#5130 = CARTESIAN_POINT ( 'NONE',  ( -10.25735931288070013, 1500.000000000000000, -55.50000000000000711 ) ) ;
#5131 = VERTEX_POINT ( 'NONE', #2153 ) ;
#5132 = LINE ( 'NONE', #3042, #3026 ) ;
#5133 = DIRECTION ( 'NONE',  ( 0.000000000000000000, 0.000000000000000000, -1.000000000000000000 ) ) ;
#5134 = CIRCLE ( 'NONE', #3788, 1.000000000000000888 ) ;
#5135 = FACE_OUTER_BOUND ( 'NONE', #2964, .T. ) ;
#5136 = EDGE_CURVE ( 'NONE', #5066, #4203, #2635, .T. ) ;
#5137 = EDGE_LOOP ( 'NONE', ( #798, #4031, #2576, #1597 ) ) ;
#5138 = ORIENTED_EDGE ( 'NONE', *, *, #4375, .T. ) ;
#5139 = AXIS2_PLACEMENT_3D ( 'NONE', #3090, #3920, #984 ) ;
#5140 = CIRCLE ( 'NONE', #3108, 1.000000000000000888 ) ;
#5141 = PLANE ( 'NONE',  #3739 ) ;
#5142 = DIRECTION ( 'NONE',  ( 0.000000000000000000, 1.000000000000000000, 0.000000000000000000 ) ) ;
#5143 = ADVANCED_FACE ( 'NONE', ( #4571 ), #3071, .F. ) ;
#5144 = ADVANCED_FACE ( 'NONE', ( #617 ), #936, .F. ) ;
#5145 = ORIENTED_EDGE ( 'NONE', *, *, #4669, .T. ) ;
#5146 = CARTESIAN_POINT ( 'NONE',  ( -16.00000000000000711, 0.000000000000000000, 16.00000000000000355 ) ) ;
#5147 = CARTESIAN_POINT ( 'NONE',  ( 32.59999999999998721, 1500.000000000000000, -32.59999999999998721 ) ) ;
#5148 = CARTESIAN_POINT ( 'NONE',  ( 58.99999999999998579, 0.000000000000000000, -4.099999999999996092 ) ) ;
#5149 = CARTESIAN_POINT ( 'NONE',  ( -6.938893903907228378E-15, 1500.000000000000000, -39.99999999999999289 ) ) ;
#5150 = ORIENTED_EDGE ( 'NONE', *, *, #2149, .F. ) ;
#5151 = AXIS2_PLACEMENT_3D ( 'NONE', #5120, #305, #278 ) ;
#5152 = ORIENTED_EDGE ( 'NONE', *, *, #3843, .F. ) ;
#5153 = ORIENTED_EDGE ( 'NONE', *, *, #244, .F. ) ;
#5154 = DIRECTION ( 'NONE',  ( 3.363588555182255226E-16, 0.000000000000000000, -1.000000000000000000 ) ) ;
#5155 = VECTOR ( 'NONE', #1199, 1000.000000000000000 ) ;
#5156 = FACE_OUTER_BOUND ( 'NONE', #2016, .T. ) ;
#5157 = ADVANCED_FACE ( 'NONE', ( #3792 ), #1847, .T. ) ;
#5158 = EDGE_CURVE ( 'NONE', #735, #4562, #3748, .T. ) ;
#5159 = VERTEX_POINT ( 'NONE', #1444 ) ;
#5160 = FACE_OUTER_BOUND ( 'NONE', #855, .T. ) ;
#5161 = CARTESIAN_POINT ( 'NONE',  ( -5.100000000000012967, 1500.000000000000000, 15.50000000000000355 ) ) ;
#5162 = CARTESIAN_POINT ( 'NONE',  ( 18.32842712474620228, 0.000000000000000000, 15.50000000000000355 ) ) ;
#5163 = ORIENTED_EDGE ( 'NONE', *, *, #703, .F. ) ;
#5164 = VERTEX_POINT ( 'NONE', #2529 ) ;
#5165 = EDGE_CURVE ( 'NONE', #2782, #3861, #1335, .T. ) ;
#5166 = AXIS2_PLACEMENT_3D ( 'NONE', #1833, #233, #1808 ) ;
#5167 = LINE ( 'NONE', #3930, #757 ) ;
#5168 = CYLINDRICAL_SURFACE ( 'NONE', #1650, 3.399999999999999467 ) ;
#5169 = DIRECTION ( 'NONE',  ( -0.000000000000000000, -1.000000000000000000, -0.000000000000000000 ) ) ;
#5170 = VERTEX_POINT ( 'NONE', #2583 ) ;
#5171 = VECTOR ( 'NONE', #4935, 1000.000000000000000 ) ;
#5172 = DIRECTION ( 'NONE',  ( -0.000000000000000000, -1.000000000000000000, -0.000000000000000000 ) ) ;
#5173 = EDGE_CURVE ( 'NONE', #277, #1481, #1531, .T. ) ;
#5174 = CIRCLE ( 'NONE', #1956, 1.000000000000000888 ) ;
#5175 = LINE ( 'NONE', #3936, #1950 ) ;
#5176 = AXIS2_PLACEMENT_3D ( 'NONE', #4081, #1263, #919 ) ;
#5177 = LINE ( 'NONE', #4828, #5264 ) ;
#5178 = ORIENTED_EDGE ( 'NONE', *, *, #4645, .T. ) ;
#5179 = CARTESIAN_POINT ( 'NONE',  ( 4.571572875253802515, 0.000000000000000000, 7.399999999999996803 ) ) ;
#5180 = ORIENTED_EDGE ( 'NONE', *, *, #1055, .T. ) ;
#5181 = AXIS2_PLACEMENT_3D ( 'NONE', #4680, #645, #2664 ) ;
#5182 = DIRECTION ( 'NONE',  ( 0.000000000000000000, 0.000000000000000000, -1.000000000000000000 ) ) ;
#5183 = DIRECTION ( 'NONE',  ( -0.7071067811865470176, 0.000000000000000000, -0.7071067811865480168 ) ) ;
#5184 = ORIENTED_EDGE ( 'NONE', *, *, #1366, .T. ) ;
#5185 = EDGE_CURVE ( 'NONE', #5066, #3848, #3499, .T. ) ;
#5186 = DIRECTION ( 'NONE',  ( -0.000000000000000000, -0.000000000000000000, -1.000000000000000000 ) ) ;
#5187 = CARTESIAN_POINT ( 'NONE',  ( -4.100000000000006750, 1500.000000000000000, -56.49999999999999289 ) ) ;
#5188 = DIRECTION ( 'NONE',  ( -0.000000000000000000, -1.000000000000000000, -0.000000000000000000 ) ) ;
#5189 = ORIENTED_EDGE ( 'NONE', *, *, #4667, .T. ) ;
#5190 = ORIENTED_EDGE ( 'NONE', *, *, #3623, .F. ) ;
#5191 = ORIENTED_EDGE ( 'NONE', *, *, #2967, .T. ) ;
#5192 = DIRECTION ( 'NONE',  ( 0.7071067811865473507, 0.000000000000000000, -0.7071067811865477948 ) ) ;
#5193 = FACE_OUTER_BOUND ( 'NONE', #226, .T. ) ;
#5194 = DIRECTION ( 'NONE',  ( -9.486469554969615873E-17, -0.000000000000000000, 1.000000000000000000 ) ) ;
#5195 = ORIENTED_EDGE ( 'NONE', *, *, #201, .F. ) ;
#5196 = CARTESIAN_POINT ( 'NONE',  ( 54.49999999999999289, 1500.000000000000000, -50.25735931288070901 ) ) ;
#5197 = VECTOR ( 'NONE', #2158, 1000.000000000000000 ) ;
#5198 = FACE_OUTER_BOUND ( 'NONE', #2132, .T. ) ;
#5199 = ADVANCED_FACE ( 'NONE', ( #5111 ), #242, .F. ) ;
#5200 = PLANE ( 'NONE',  #4837 ) ;
#5201 = ORIENTED_EDGE ( 'NONE', *, *, #300, .T. ) ;
#5202 = DIRECTION ( 'NONE',  ( 0.000000000000000000, 0.000000000000000000, -1.000000000000000000 ) ) ;
#5203 = EDGE_CURVE ( 'NONE', #3842, #3815, #4280, .T. ) ;
#5204 = ORIENTED_EDGE ( 'NONE', *, *, #3766, .F. ) ;
#5205 = CARTESIAN_POINT ( 'NONE',  ( 34.89999999999999147, 1500.000000000000000, -59.00000000000000000 ) ) ;
#5206 = AXIS2_PLACEMENT_3D ( 'NONE', #2689, #264, #3840 ) ;
#5207 = LINE ( 'NONE', #3162, #4794 ) ;
#5208 = VERTEX_POINT ( 'NONE', #90 ) ;
#5209 = CARTESIAN_POINT ( 'NONE',  ( -5.100000000000006750, 1500.000000000000000, 16.50000000000000355 ) ) ;
#5210 = ORIENTED_EDGE ( 'NONE', *, *, #147, .T. ) ;
#5211 = DIRECTION ( 'NONE',  ( 0.000000000000000000, 0.000000000000000000, -1.000000000000000000 ) ) ;
#5212 = EDGE_CURVE ( 'NONE', #2587, #2275, #1614, .T. ) ;
#5213 = CARTESIAN_POINT ( 'NONE',  ( -16.50000000000000355, 0.000000000000000000, -34.89999999999999147 ) ) ;
#5214 = VERTEX_POINT ( 'NONE', #2837 ) ;
#5215 = ORIENTED_EDGE ( 'NONE', *, *, #5078, .F. ) ;
#5216 = ORIENTED_EDGE ( 'NONE', *, *, #307, .F. ) ;
#5217 = AXIS2_PLACEMENT_3D ( 'NONE', #245, #699, #2317 ) ;
#5218 = FACE_OUTER_BOUND ( 'NONE', #788, .T. ) ;
#5219 = CARTESIAN_POINT ( 'NONE',  ( 44.57157287525380696, 1500.000000000000000, 7.399999999999998579 ) ) ;
#5220 = CARTESIAN_POINT ( 'NONE',  ( -14.50000000000000000, 1500.000000000000000, 10.25735931288071612 ) ) ;
#5221 = EDGE_CURVE ( 'NONE', #3737, #1994, #2550, .T. ) ;
#5222 = AXIS2_PLACEMENT_3D ( 'NONE', #2229, #2605, #239 ) ;
#5223 = EDGE_LOOP ( 'NONE', ( #2285, #2715, #3008, #1661 ) ) ;
#5224 = EDGE_CURVE ( 'NONE', #1824, #5159, #3288, .T. ) ;
#5225 = AXIS2_PLACEMENT_3D ( 'NONE', #1123, #1225, #2743 ) ;
#5226 = CARTESIAN_POINT ( 'NONE',  ( 54.50000000000000000, 0.000000000000000000, -10.25735931288071434 ) ) ;
#5227 = EDGE_CURVE ( 'NONE', #492, #4380, #783, .T. ) ;
#5228 = AXIS2_PLACEMENT_3D ( 'NONE', #2417, #468, #2980 ) ;
#5229 = CIRCLE ( 'NONE', #131, 3.399999999999999467 ) ;
#5230 = CARTESIAN_POINT ( 'NONE',  ( 35.42842712474618594, 1500.000000000000000, -47.39999999999999147 ) ) ;
#5231 = PLANE ( 'NONE',  #5094 ) ;
#5232 = ORIENTED_EDGE ( 'NONE', *, *, #1803, .T. ) ;
#5233 = ORIENTED_EDGE ( 'NONE', *, *, #1501, .F. ) ;
#5234 = CARTESIAN_POINT ( 'NONE',  ( 47.39999999999999147, 1500.000000000000000, -4.571572875253809620 ) ) ;
#5235 = EDGE_CURVE ( 'NONE', #4980, #2847, #5255, .T. ) ;
#5236 = CARTESIAN_POINT ( 'NONE',  ( 50.25735931288068059, 1500.000000000000000, -55.50000000000000711 ) ) ;
#5237 = AXIS2_PLACEMENT_3D ( 'NONE', #75, #2923, #3412 ) ;
#5238 = ORIENTED_EDGE ( 'NONE', *, *, #419, .T. ) ;
#5239 = LINE ( 'NONE', #1197, #2356 ) ;
#5240 = ORIENTED_EDGE ( 'NONE', *, *, #80, .T. ) ;
#5241 = CIRCLE ( 'NONE', #1146, 1.000000000000000000 ) ;
#5242 = EDGE_CURVE ( 'NONE', #4522, #4673, #4449, .T. ) ;
#5243 = EDGE_CURVE ( 'NONE', #288, #4025, #2459, .T. ) ;
#5244 = FACE_OUTER_BOUND ( 'NONE', #3046, .T. ) ;
#5245 = FACE_OUTER_BOUND ( 'NONE', #3318, .T. ) ;
#5246 = EDGE_LOOP ( 'NONE', ( #1841, #2485, #2033, #352, #3868, #4069, #1868, #2921, #3476, #4630, #842, #1827, #4392, #1823, #1075, #977, #3728, #723, #3826, #2813 ) ) ;
#5247 = ORIENTED_EDGE ( 'NONE', *, *, #374, .T. ) ;
#5248 = ORIENTED_EDGE ( 'NONE', *, *, #3865, .F. ) ;
#5249 = CARTESIAN_POINT ( 'NONE',  ( -14.50000000000000533, 1500.000000000000000, -10.25735931288071434 ) ) ;
#5250 = DIRECTION ( 'NONE',  ( 0.000000000000000000, 1.000000000000000000, 0.000000000000000000 ) ) ;
#5251 = CARTESIAN_POINT ( 'NONE',  ( -15.50000000000000533, 0.000000000000000000, -5.100000000000004086 ) ) ;
#5252 = EDGE_LOOP ( 'NONE', ( #1057, #2382, #2684, #4273 ) ) ;
#5253 = CARTESIAN_POINT ( 'NONE',  ( 55.50000000000000000, 1500.000000000000000, -10.25735931288069125 ) ) ;
#5254 = EDGE_CURVE ( 'NONE', #979, #4677, #1451, .T. ) ;
#5255 = LINE ( 'NONE', #4855, #258 ) ;
#5256 = CARTESIAN_POINT ( 'NONE',  ( 35.89999999999999147, 0.000000000000000000, -56.49999999999999289 ) ) ;
#5257 = EDGE_CURVE ( 'NONE', #4151, #1783, #3397, .T. ) ;
#5258 = AXIS2_PLACEMENT_3D ( 'NONE', #2704, #355, #3644 ) ;
#5259 = CARTESIAN_POINT ( 'NONE',  ( -5.100000000000005862, 0.000000000000000000, -59.00000000000000000 ) ) ;
#5260 = ORIENTED_EDGE ( 'NONE', *, *, #4029, .T. ) ;
#5261 = FACE_OUTER_BOUND ( 'NONE', #4175, .T. ) ;
#5262 = CARTESIAN_POINT ( 'NONE',  ( 54.49999999999999289, 1500.000000000000000, -51.25735931288070901 ) ) ;
#5263 = CARTESIAN_POINT ( 'NONE',  ( -19.00000000000000711, 1500.000000000000000, 5.100000000000003197 ) ) ;
#5264 = VECTOR ( 'NONE', #2015, 1000.000000000000000 ) ;
#5265 = AXIS2_PLACEMENT_3D ( 'NONE', #3856, #1860, #5018 ) ;
#5266 = ORIENTED_EDGE ( 'NONE', *, *, #3822, .F. ) ;
#5267 = LINE ( 'NONE', #3681, #1686 ) ;
#5268 = AXIS2_PLACEMENT_3D ( 'NONE', #1181, #704, #2374 ) ;
#5269 = EDGE_LOOP ( 'NONE', ( #4415, #2522, #4822, #1724 ) ) ;
ENDSEC;
END-ISO-10303-21;
