ISO-10303-21;
HEADER;
FILE_DESCRIPTION (( 'STEP AP203' ),
    '1' );
FILE_NAME ('机械臂法兰.STEP',
    '2026-09-03T10:03:10',
    ( 'YSGS' ),
    ( 'HP' ),
    'SwSTEP 2.0',
    'SolidWorks 2021',
    '' );
FILE_SCHEMA (( 'CONFIG_CONTROL_DESIGN' ));
ENDSEC;

DATA;
#1 = ADVANCED_FACE ( 'NONE', ( #1237 ), #1213, .F. ) ;
#2 = EDGE_CURVE ( 'NONE', #1419, #2536, #3057, .T. ) ;
#3 = CARTESIAN_POINT ( 'NONE',  ( -26.10992723813210148, 62.00000000000000711, -27.77627944162877327 ) ) ;
#4 = AXIS2_PLACEMENT_3D ( 'NONE', #3589, #3604, #3034 ) ;
#5 = VECTOR ( 'NONE', #2247, 1000.000000000000114 ) ;
#6 = CARTESIAN_POINT ( 'NONE',  ( 14.78832855954681946, 59.31092372560638637, -45.13941760777080958 ) ) ;
#7 = DIRECTION ( 'NONE',  ( 0.000000000000000000, 0.000000000000000000, 1.000000000000000000 ) ) ;
#8 = CIRCLE ( 'NONE', #3448, 57.50000000000000711 ) ;
#9 = CARTESIAN_POINT ( 'NONE',  ( 4.440316247983206502E-12, 5.000000000000000000, 52.30194053036741764 ) ) ;
#10 = VERTEX_POINT ( 'NONE', #883 ) ;
#11 = CARTESIAN_POINT ( 'NONE',  ( 14.58165521722599145, 59.80027442508902169, 45.20660288687253114 ) ) ;
#12 = LINE ( 'NONE', #3770, #927 ) ;
#13 = LINE ( 'NONE', #3557, #2264 ) ;
#14 = CARTESIAN_POINT ( 'NONE',  ( -13.61816418347119040, 22.96478788433396545, -41.83997595113534373 ) ) ;
#15 = DIRECTION ( 'NONE',  ( -1.000000000000000000, 0.000000000000000000, 0.000000000000000000 ) ) ;
#16 = VERTEX_POINT ( 'NONE', #2406 ) ;
#17 = CARTESIAN_POINT ( 'NONE',  ( 12.02246518196681180, 22.12436077109844490, -42.32645504201398268 ) ) ;
#18 = CARTESIAN_POINT ( 'NONE',  ( 0.000000000000000000, 62.00000000000000000, -44.00000000000000711 ) ) ;
#19 = CARTESIAN_POINT ( 'NONE',  ( 28.32247897619625121, 25.73269506508536608, 33.67249893671274918 ) ) ;
#20 = CARTESIAN_POINT ( 'NONE',  ( -14.15976387723750030, 60.46683621109573892, 45.34065737577260080 ) ) ;
#21 = DIRECTION ( 'NONE',  ( 0.000000000000000000, 0.000000000000000000, -1.000000000000000000 ) ) ;
#22 = CARTESIAN_POINT ( 'NONE',  ( 0.000000000000000000, 5.000000000000000000, 0.000000000000000000 ) ) ;
#23 = CARTESIAN_POINT ( 'NONE',  ( -14.78832855954682479, 24.68907627439361008, -45.13941760777082379 ) ) ;
#24 = ORIENTED_EDGE ( 'NONE', *, *, #2840, .F. ) ;
#25 = CARTESIAN_POINT ( 'NONE',  ( 70.09999999999999432, 74.50000000000001421, 4.857225732735059864E-14 ) ) ;
#26 = EDGE_CURVE ( 'NONE', #1575, #3645, #3570, .T. ) ;
#27 = ORIENTED_EDGE ( 'NONE', *, *, #630, .F. ) ;
#28 = CARTESIAN_POINT ( 'NONE',  ( 0.000000000000000000, 5.000000000000000000, 0.000000000000000000 ) ) ;
#29 = ORIENTED_EDGE ( 'NONE', *, *, #3465, .F. ) ;
#30 = CARTESIAN_POINT ( 'NONE',  ( -12.02639828237511210, 22.12528516487697416, -42.32534847315246651 ) ) ;
#31 = CARTESIAN_POINT ( 'NONE',  ( 45.29480916652447320, 5.000000000000000000, 28.90097026518465029 ) ) ;
#32 = VERTEX_POINT ( 'NONE', #2921 ) ;
#33 = DIRECTION ( 'NONE',  ( -0.8660254037844363761, -0.000000000000000000, 0.5000000000000041078 ) ) ;
#34 = CARTESIAN_POINT ( 'NONE',  ( -14.99999999999999645, 62.00000000000000000, 41.36423575989287826 ) ) ;
#35 = CARTESIAN_POINT ( 'NONE',  ( -45.29480916652004652, 0.000000000000000000, -28.90097026518399659 ) ) ;
#36 = CARTESIAN_POINT ( 'NONE',  ( -13.62119708078018299, 61.03269972943405719, 45.50550141146896976 ) ) ;
#37 = CARTESIAN_POINT ( 'NONE',  ( -79.99999999999998579, 67.00000000000000000, 45.00000000000003553 ) ) ;
#38 = DIRECTION ( 'NONE',  ( 0.4999999999999916733, 0.000000000000000000, -0.8660254037844434816 ) ) ;
#39 = CARTESIAN_POINT ( 'NONE',  ( -31.39512162874660817, 22.00000000000000000, -30.82768784576954602 ) ) ;
#40 = ORIENTED_EDGE ( 'NONE', *, *, #2582, .F. ) ;
#41 = CARTESIAN_POINT ( 'NONE',  ( -31.55278558841557413, 25.46321995146991313, -35.50598288939642799 ) ) ;
#42 = DIRECTION ( 'NONE',  ( 0.000000000000000000, 0.000000000000000000, 1.000000000000000000 ) ) ;
#43 = ORIENTED_EDGE ( 'NONE', *, *, #1103, .T. ) ;
#44 = EDGE_CURVE ( 'NONE', #2593, #3629, #3498, .T. ) ;
#45 = CARTESIAN_POINT ( 'NONE',  ( -42.53629625862400587, 61.97463811819184798, 11.25756988069244890 ) ) ;
#46 = ORIENTED_EDGE ( 'NONE', *, *, #2441, .F. ) ;
#47 = DIRECTION ( 'NONE',  ( 0.000000000000000000, 1.000000000000000000, -0.000000000000000000 ) ) ;
#48 = CARTESIAN_POINT ( 'NONE',  ( 26.10992723813170713, 26.00000000000000000, -27.77627944162914275 ) ) ;
#49 = AXIS2_PLACEMENT_3D ( 'NONE', #1301, #3661, #2183 ) ;
#50 = ORIENTED_EDGE ( 'NONE', *, *, #1378, .T. ) ;
#51 = CARTESIAN_POINT ( 'NONE',  ( 13.41040153223227982, 22.79742796405890104, -41.90718559632100693 ) ) ;
#52 = VECTOR ( 'NONE', #3336, 1000.000000000000000 ) ;
#53 = CARTESIAN_POINT ( 'NONE',  ( 0.000000000000000000, 5.000000000000000000, -55.05194053036741764 ) ) ;
#54 = CARTESIAN_POINT ( 'NONE',  ( 29.58511375501749896, 22.79974535120087964, 32.56949432460925919 ) ) ;
#55 = CARTESIAN_POINT ( 'NONE',  ( 29.58728539401224111, 61.20242201137359928, -32.56752759405749487 ) ) ;
#56 = AXIS2_PLACEMENT_3D ( 'NONE', #2972, #967, #2687 ) ;
#57 = AXIS2_PLACEMENT_3D ( 'NONE', #1907, #161, #3504 ) ;
#58 = FACE_OUTER_BOUND ( 'NONE', #319, .T. ) ;
#59 = EDGE_LOOP ( 'NONE', ( #891, #1943, #3386, #1324 ) ) ;
#60 = DIRECTION ( 'NONE',  ( 1.000000000000000000, 0.000000000000000000, -1.387778780781445922E-16 ) ) ;
#61 = AXIS2_PLACEMENT_3D ( 'NONE', #926, #82, #38 ) ;
#62 = VECTOR ( 'NONE', #1008, 1000.000000000000000 ) ;
#63 = CARTESIAN_POINT ( 'NONE',  ( -11.26169597523399979, 22.00000000000000355, -46.14646865611096160 ) ) ;
#64 = VERTEX_POINT ( 'NONE', #1800 ) ;
#65 = B_SPLINE_CURVE_WITH_KNOTS ( 'NONE', 3,
 ( #2309, #3789, #844, #2020, #1195, #1459, #2330, #3238, #1155, #3518, #2943, #2038, #1518, #2983, #3281, #369 ),
 .UNSPECIFIED., .F., .F.,
 ( 4, 2, 2, 2, 2, 2, 2, 4 ),
 ( 0.01272448166576134118, 0.01352357274548524231, 0.01432266382520914344, 0.01512175490493304457, 0.01592084598465694570, 0.01671993706438084509, 0.01751902814410474796, 0.01911721030355255715 ),
 .UNSPECIFIED. ) ;
#66 = CALENDAR_DATE ( 2026, 3, 9 ) ;
#67 = AXIS2_PLACEMENT_3D ( 'NONE', #3035, #1630, #2808 ) ;
#68 = VECTOR ( 'NONE', #3207, 1000.000000000000000 ) ;
#69 = ORIENTED_EDGE ( 'NONE', *, *, #1382, .F. ) ;
#70 = CARTESIAN_POINT ( 'NONE',  ( -42.99894793606742383, 61.19919719759504062, 9.335008513026144428 ) ) ;
#71 = CARTESIAN_POINT ( 'NONE',  ( -15.00000000000000355, 26.00000000000000000, -41.36423575989287116 ) ) ;
#72 = EDGE_CURVE ( 'NONE', #2004, #2630, #923, .T. ) ;
#73 = EDGE_CURVE ( 'NONE', #775, #1859, #1458, .T. ) ;
#74 = EDGE_LOOP ( 'NONE', ( #3128, #147, #3734, #832 ) ) ;
#75 = CARTESIAN_POINT ( 'NONE',  ( -14.57954684969536885, 24.19541840568710711, 41.51444040888923581 ) ) ;
#76 = CARTESIAN_POINT ( 'NONE',  ( 14.86713802292208975, 59.05635484301256355, -41.41221277633689368 ) ) ;
#77 = CARTESIAN_POINT ( 'NONE',  ( 30.09468469461374696, 22.39459160847395935, 32.09941412822564644 ) ) ;
#78 = CARTESIAN_POINT ( 'NONE',  ( -13.61596280302923923, 61.03717605079857833, -41.84069559400658278 ) ) ;
#79 = EDGE_CURVE ( 'NONE', #196, #625, #943, .T. ) ;
#80 = EDGE_CURVE ( 'NONE', #423, #1810, #229, .T. ) ;
#81 = DIRECTION ( 'NONE',  ( 0.000000000000000000, 0.000000000000000000, 1.000000000000000000 ) ) ;
#82 = DIRECTION ( 'NONE',  ( 0.8660254037844433705, -0.000000000000000000, 0.4999999999999920619 ) ) ;
#83 = ORIENTED_EDGE ( 'NONE', *, *, #2405, .F. ) ;
#84 = ORIENTED_EDGE ( 'NONE', *, *, #421, .T. ) ;
#85 = APPLICATION_PROTOCOL_DEFINITION ( 'international standard', 'config_control_design', 1994, #118 ) ;
#86 = ORIENTED_EDGE ( 'NONE', *, *, #2041, .F. ) ;
#87 = FACE_OUTER_BOUND ( 'NONE', #3677, .T. ) ;
#88 = CARTESIAN_POINT ( 'NONE',  ( -11.26131973325104241, 22.00000000000000000, -42.53534434328713587 ) ) ;
#89 = ORIENTED_EDGE ( 'NONE', *, *, #3821, .T. ) ;
#90 = CARTESIAN_POINT ( 'NONE',  ( 24.10992723813167160, 58.00000000000000711, -31.24038105676687493 ) ) ;
#91 = CYLINDRICAL_SURFACE ( 'NONE', #2333, 2.750000000002871481 ) ;
#92 = CYLINDRICAL_SURFACE ( 'NONE', #3131, 3.999999999999998224 ) ;
#93 = CARTESIAN_POINT ( 'NONE',  ( -12.27215409094893594, 61.80114341623740870, -42.25466574012996546 ) ) ;
#94 = ORIENTED_EDGE ( 'NONE', *, *, #839, .T. ) ;
#95 = LINE ( 'NONE', #1891, #1824 ) ;
#96 = EDGE_CURVE ( 'NONE', #3647, #2368, #3235, .T. ) ;
#97 = CARTESIAN_POINT ( 'NONE',  ( 31.95611095725492490, 23.97112751216083026, -35.14371909010294814 ) ) ;
#98 = B_SPLINE_CURVE_WITH_KNOTS ( 'NONE', 3,
 ( #2364, #1842, #3313, #3610, #1860, #3024, #2072, #653, #2095, #1255, #2657, #2424, #960, #2438, #345, #2151 ),
 .UNSPECIFIED., .F., .F.,
 ( 4, 2, 2, 2, 2, 2, 2, 4 ),
 ( 0.01269174112233744517, 0.01348823391441710852, 0.01428472670649677187, 0.01508121949857643349, 0.01587771229065609857, 0.01667420508273576019, 0.01747069787481542180, 0.01906368345897474156 ),
 .UNSPECIFIED. ) ;
#99 = ORIENTED_EDGE ( 'NONE', *, *, #1075, .T. ) ;
#100 = ORIENTED_EDGE ( 'NONE', *, *, #2041, .T. ) ;
#101 = PERSON_AND_ORGANIZATION ( #1505, #2090 ) ;
#102 = LINE ( 'NONE', #2446, #3260 ) ;
#103 = ORIENTED_EDGE ( 'NONE', *, *, #2042, .T. ) ;
#104 = CARTESIAN_POINT ( 'NONE',  ( 45.87707306035284915, 61.80006371525087872, 12.31282898468323239 ) ) ;
#105 = CARTESIAN_POINT ( 'NONE',  ( 75.00000000000001421, 67.00000000000000000, 45.00000000000001421 ) ) ;
#106 = CARTESIAN_POINT ( 'NONE',  ( -14.99999999999999645, 25.99999999999999645, 41.36423575989287826 ) ) ;
#107 = CARTESIAN_POINT ( 'NONE',  ( 14.45461624714951299, 60.03347636940188892, -41.55825610309115348 ) ) ;
#108 = FACE_OUTER_BOUND ( 'NONE', #3602, .T. ) ;
#109 = DIRECTION ( 'NONE',  ( -0.000000000000000000, -1.000000000000000000, -0.000000000000000000 ) ) ;
#110 = VERTEX_POINT ( 'NONE', #1741 ) ;
#111 = DIRECTION ( 'NONE',  ( 4.625929269271482956E-16, 0.000000000000000000, 1.000000000000000000 ) ) ;
#112 = ORIENTED_EDGE ( 'NONE', *, *, #744, .T. ) ;
#113 = ORIENTED_EDGE ( 'NONE', *, *, #2064, .F. ) ;
#114 = CARTESIAN_POINT ( 'NONE',  ( 34.33316616351706330, 22.00000000000000355, -32.82614913230549547 ) ) ;
#115 = CARTESIAN_POINT ( 'NONE',  ( -33.78216567639000800, 22.12573596652662644, -33.39286851747504414 ) ) ;
#116 = VECTOR ( 'NONE', #3375, 1000.000000000000000 ) ;
#117 = AXIS2_PLACEMENT_3D ( 'NONE', #1693, #1658, #2568 ) ;
#118 = APPLICATION_CONTEXT ( 'configuration controlled 3d designs of mechanical parts and assemblies' ) ;
#119 = EDGE_CURVE ( 'NONE', #798, #1657, #2938, .T. ) ;
#120 = ADVANCED_FACE ( 'NONE', ( #58 ), #2363, .F. ) ;
#121 = ORIENTED_EDGE ( 'NONE', *, *, #2809, .F. ) ;
#122 = AXIS2_PLACEMENT_3D ( 'NONE', #2526, #446, #3672 ) ;
#123 = AXIS2_PLACEMENT_3D ( 'NONE', #2836, #2876, #2543 ) ;
#124 = ADVANCED_FACE ( 'NONE', ( #633, #2635, #2094, #2618, #1516, #2694, #1782 ), #2112, .T. ) ;
#125 = CARTESIAN_POINT ( 'NONE',  ( 42.66694304439447905, 61.87574527056791851, 10.75177427972571920 ) ) ;
#126 = VERTEX_POINT ( 'NONE', #37 ) ;
#127 = AXIS2_PLACEMENT_3D ( 'NONE', #1662, #862, #3150 ) ;
#128 = DIRECTION ( 'NONE',  ( 1.000000000000000000, 0.000000000000000000, 0.000000000000000000 ) ) ;
#129 = VECTOR ( 'NONE', #619, 1000.000000000000000 ) ;
#130 = CARTESIAN_POINT ( 'NONE',  ( 24.10992723813232885, 26.00000000000000000, 31.24038105676637045 ) ) ;
#131 = FACE_OUTER_BOUND ( 'NONE', #530, .T. ) ;
#132 = CARTESIAN_POINT ( 'NONE',  ( 28.32247897619555133, 58.00000000000000711, -33.67249893671334604 ) ) ;
#133 = CARTESIAN_POINT ( 'NONE',  ( 80.00000000000002842, 74.50000000000001421, 45.00000000000001421 ) ) ;
#134 = ORIENTED_EDGE ( 'NONE', *, *, #922, .F. ) ;
#135 = CARTESIAN_POINT ( 'NONE',  ( -13.61986997196346749, 61.03381406171484258, -45.50589786387860869 ) ) ;
#136 = CYLINDRICAL_SURFACE ( 'NONE', #2326, 4.250000000000005329 ) ;
#137 = ORIENTED_EDGE ( 'NONE', *, *, #2, .F. ) ;
#138 = ADVANCED_FACE ( 'NONE', ( #287 ), #1455, .F. ) ;
#139 = CARTESIAN_POINT ( 'NONE',  ( 10.99999999999999645, 62.00000000000000711, -46.20876540224810469 ) ) ;
#140 = ORIENTED_EDGE ( 'NONE', *, *, #1023, .T. ) ;
#141 = EDGE_CURVE ( 'NONE', #3392, #604, #2437, .T. ) ;
#142 = ADVANCED_FACE ( 'NONE', ( #1316 ), #2459, .F. ) ;
#143 = CARTESIAN_POINT ( 'NONE',  ( -32.75317585476710036, 22.80202473005068242, 34.40248554707373785 ) ) ;
#144 = CARTESIAN_POINT ( 'NONE',  ( -45.51796471586225579, 62.00000000000000711, 13.57810325949544072 ) ) ;
#145 = DIRECTION ( 'NONE',  ( 0.000000000000000000, 1.000000000000000000, -0.000000000000000000 ) ) ;
#146 = CYLINDRICAL_SURFACE ( 'NONE', #2506, 3.999999999999997335 ) ;
#147 = ORIENTED_EDGE ( 'NONE', *, *, #44, .T. ) ;
#148 = DIRECTION ( 'NONE',  ( 0.000000000000000000, 0.000000000000000000, -1.000000000000000000 ) ) ;
#149 = ORIENTED_EDGE ( 'NONE', *, *, #3328, .T. ) ;
#150 = CARTESIAN_POINT ( 'NONE',  ( -46.34615888673452133, 23.53381634627333341, -10.40709655992562865 ) ) ;
#151 = FACE_OUTER_BOUND ( 'NONE', #3026, .T. ) ;
#152 = CARTESIAN_POINT ( 'NONE',  ( -31.69720783021005062, 24.69068113157670297, -35.37723587356104105 ) ) ;
#153 = VERTEX_POINT ( 'NONE', #1570 ) ;
#154 = CARTESIAN_POINT ( 'NONE',  ( 70.09999999999999432, 67.00000000000000000, 4.857225732735059864E-14 ) ) ;
#155 = ORIENTED_EDGE ( 'NONE', *, *, #1852, .F. ) ;
#156 = DIRECTION ( 'NONE',  ( -0.8660254037844363761, -0.000000000000000000, 0.5000000000000041078 ) ) ;
#157 = DIRECTION ( 'NONE',  ( -0.000000000000000000, -1.000000000000000000, -0.000000000000000000 ) ) ;
#158 = CARTESIAN_POINT ( 'NONE',  ( 26.10992723813170713, 22.00000000000000000, -27.77627944162914275 ) ) ;
#159 = LINE ( 'NONE', #2487, #671 ) ;
#160 = ORIENTED_EDGE ( 'NONE', *, *, #2959, .T. ) ;
#161 = DIRECTION ( 'NONE',  ( 0.000000000000000000, 1.000000000000000000, -0.000000000000000000 ) ) ;
#162 = ORIENTED_EDGE ( 'NONE', *, *, #1750, .F. ) ;
#163 = DIRECTION ( 'NONE',  ( -0.000000000000000000, -1.000000000000000000, -0.000000000000000000 ) ) ;
#164 = LINE ( 'NONE', #1319, #2206 ) ;
#165 = CARTESIAN_POINT ( 'NONE',  ( 39.10992723813208727, 26.00000000000000000, 5.259618943233070887 ) ) ;
#166 = VERTEX_POINT ( 'NONE', #3039 ) ;
#167 = CARTESIAN_POINT ( 'NONE',  ( -43.24252624497272990, 59.80277296587171065, 8.129939566905898474 ) ) ;
#168 = VECTOR ( 'NONE', #1561, 1000.000000000000000 ) ;
#169 = AXIS2_PLACEMENT_3D ( 'NONE', #435, #2778, #2998 ) ;
#170 = CIRCLE ( 'NONE', #1763, 2.750000000000002665 ) ;
#171 = VECTOR ( 'NONE', #3086, 1000.000000000000000 ) ;
#172 = CARTESIAN_POINT ( 'NONE',  ( 43.15700203265742374, 60.47421161408916390, 8.573089453879559230 ) ) ;
#173 = ORIENTED_EDGE ( 'NONE', *, *, #2724, .F. ) ;
#174 = CARTESIAN_POINT ( 'NONE',  ( -29.42717963330552422, 22.96280814633471579, 32.71206502966647633 ) ) ;
#175 = CARTESIAN_POINT ( 'NONE',  ( -34.33354697641128439, 62.00000000000001421, 32.82574629383447729 ) ) ;
#176 = VECTOR ( 'NONE', #399, 1000.000000000000000 ) ;
#177 = AXIS2_PLACEMENT_3D ( 'NONE', #3199, #2619, #2845 ) ;
#178 = AXIS2_PLACEMENT_3D ( 'NONE', #3306, #664, #1250 ) ;
#179 = CIRCLE ( 'NONE', #673, 47.50000000000000711 ) ;
#180 = CARTESIAN_POINT ( 'NONE',  ( -79.99999999999998579, 74.50000000000001421, 45.00000000000003553 ) ) ;
#181 = EDGE_CURVE ( 'NONE', #2233, #3104, #3369, .T. ) ;
#182 = CYLINDRICAL_SURFACE ( 'NONE', #368, 4.250000000000003553 ) ;
#183 = CARTESIAN_POINT ( 'NONE',  ( -29.58728539401248270, 61.20242201137359217, 32.56752759405728170 ) ) ;
#184 = AXIS2_PLACEMENT_3D ( 'NONE', #3280, #1801, #901 ) ;
#185 = FACE_OUTER_BOUND ( 'NONE', #3561, .T. ) ;
#186 = VERTEX_POINT ( 'NONE', #3022 ) ;
#187 = ORIENTED_EDGE ( 'NONE', *, *, #3078, .F. ) ;
#188 = CARTESIAN_POINT ( 'NONE',  ( -45.59410169552386094, 22.00000000000000000, -13.32286876263109221 ) ) ;
#189 = DIRECTION ( 'NONE',  ( 0.000000000000000000, 0.000000000000000000, 1.000000000000000000 ) ) ;
#190 = EDGE_CURVE ( 'NONE', #1737, #669, #705, .T. ) ;
#191 = FACE_OUTER_BOUND ( 'NONE', #3534, .T. ) ;
#192 = ADVANCED_FACE ( 'NONE', ( #1011 ), #3051, .F. ) ;
#193 = VERTEX_POINT ( 'NONE', #3646 ) ;
#194 = CARTESIAN_POINT ( 'NONE',  ( 31.20602889337950714, 22.00000000000000355, -31.02026114077834151 ) ) ;
#195 = CARTESIAN_POINT ( 'NONE',  ( 0.000000000000000000, 62.00000000000000000, 0.000000000000000000 ) ) ;
#196 = VERTEX_POINT ( 'NONE', #958 ) ;
#197 = CARTESIAN_POINT ( 'NONE',  ( 0.000000000000000000, 0.000000000000000000, -55.05194053036741764 ) ) ;
#198 = CARTESIAN_POINT ( 'NONE',  ( -33.78512611960477585, 61.87531084634354528, 33.38986973020512750 ) ) ;
#199 = CARTESIAN_POINT ( 'NONE',  ( 15.00000000000000355, 26.00000000000000000, 41.36423575989287116 ) ) ;
#200 = FACE_OUTER_BOUND ( 'NONE', #865, .T. ) ;
#201 = CARTESIAN_POINT ( 'NONE',  ( -30.64478118419599895, 61.87574527056790430, 31.57476943840638484 ) ) ;
#202 = CARTESIAN_POINT ( 'NONE',  ( 14.16026944283392552, 23.53381634627333341, 45.34049924370486195 ) ) ;
#203 = ORIENTED_EDGE ( 'NONE', *, *, #3253, .F. ) ;
#204 = EDGE_LOOP ( 'NONE', ( #384, #642, #1956, #187 ) ) ;
#205 = CARTESIAN_POINT ( 'NONE',  ( -43.24238385430086851, 24.19574640849205949, -8.130699383989417939 ) ) ;
#206 = CARTESIAN_POINT ( 'NONE',  ( -42.84627797490268364, 22.39462964809839107, 10.01294195226748940 ) ) ;
#207 = LINE ( 'NONE', #2600, #2388 ) ;
#208 = EDGE_LOOP ( 'NONE', ( #2549, #375, #3330, #1508 ) ) ;
#209 = CARTESIAN_POINT ( 'NONE',  ( -14.86685517767853959, 59.05801789743466657, 41.41231495877906355 ) ) ;
#210 = CARTESIAN_POINT ( 'NONE',  ( 0.000000000000000000, 22.00000000000000000, 0.000000000000000000 ) ) ;
#211 = VERTEX_POINT ( 'NONE', #670 ) ;
#212 = CARTESIAN_POINT ( 'NONE',  ( 32.75498835418717647, 61.19961625050176224, -34.40074734548174007 ) ) ;
#213 = CARTESIAN_POINT ( 'NONE',  ( -31.53123748998983089, 58.00000000000000711, 35.52507652841666896 ) ) ;
#214 = FACE_OUTER_BOUND ( 'NONE', #2991, .T. ) ;
#215 = CARTESIAN_POINT ( 'NONE',  ( -14.99999999999999645, 26.00000000000000000, 45.06939094329987938 ) ) ;
#216 = CARTESIAN_POINT ( 'NONE',  ( -30.09510403256938460, 61.60562849123933660, 32.09901579345005018 ) ) ;
#217 = ORIENTED_EDGE ( 'NONE', *, *, #1498, .F. ) ;
#218 = ORIENTED_EDGE ( 'NONE', *, *, #2554, .F. ) ;
#219 = CARTESIAN_POINT ( 'NONE',  ( 12.98066923165250941, 22.51501741697246572, 45.69249136005110756 ) ) ;
#220 = ORIENTED_EDGE ( 'NONE', *, *, #2278, .T. ) ;
#221 = ORIENTED_EDGE ( 'NONE', *, *, #511, .F. ) ;
#222 = CARTESIAN_POINT ( 'NONE',  ( -42.84611512989031468, 61.60562849123932949, -10.01361672501566957 ) ) ;
#223 = CARTESIAN_POINT ( 'NONE',  ( -31.55200094299842561, 58.53043009191067370, -35.50668039982456037 ) ) ;
#224 = CARTESIAN_POINT ( 'NONE',  ( 42.99836330461884160, 22.79880283256872531, 9.337708302986513331 ) ) ;
#225 = ORIENTED_EDGE ( 'NONE', *, *, #3096, .F. ) ;
#226 = CARTESIAN_POINT ( 'NONE',  ( 28.43045927977280840, 24.94364515698743645, -33.58142559758886136 ) ) ;
#227 = CARTESIAN_POINT ( 'NONE',  ( 45.29480916652447320, 0.000000000000000000, 23.40097026517890555 ) ) ;
#228 = EDGE_CURVE ( 'NONE', #3549, #3324, #1222, .T. ) ;
#229 = CIRCLE ( 'NONE', #1759, 4.249999999999990230 ) ;
#230 = EDGE_CURVE ( 'NONE', #1636, #3764, #663, .T. ) ;
#231 = EDGE_CURVE ( 'NONE', #579, #3688, #95, .T. ) ;
#232 = CYLINDRICAL_SURFACE ( 'NONE', #485, 2.750000000004217959 ) ;
#233 = ORIENTED_EDGE ( 'NONE', *, *, #743, .T. ) ;
#234 = DIRECTION ( 'NONE',  ( 0.000000000000000000, 0.000000000000000000, -1.000000000000000000 ) ) ;
#235 = DIRECTION ( 'NONE',  ( 0.000000000000000000, 1.000000000000000000, 0.000000000000000000 ) ) ;
#236 = EDGE_CURVE ( 'NONE', #1272, #3758, #3675, .T. ) ;
#237 = CIRCLE ( 'NONE', #2565, 4.250000000000003553 ) ;
#238 = CARTESIAN_POINT ( 'NONE',  ( 11.25884791298725496, 21.99999999999999289, 42.53598256453490478 ) ) ;
#239 = CIRCLE ( 'NONE', #1341, 5.000000000000004441 ) ;
#240 = CARTESIAN_POINT ( 'NONE',  ( -70.09999999999999432, 67.00000000000000000, 4.250000000000071054 ) ) ;
#241 = FACE_OUTER_BOUND ( 'NONE', #1305, .T. ) ;
#242 = VECTOR ( 'NONE', #3502, 1000.000000000000000 ) ;
#243 = VECTOR ( 'NONE', #2481, 1000.000000000000000 ) ;
#244 = ORIENTED_EDGE ( 'NONE', *, *, #3390, .F. ) ;
#245 = DIRECTION ( 'NONE',  ( 0.000000000000000000, 0.000000000000000000, -1.000000000000000000 ) ) ;
#246 = B_SPLINE_CURVE_WITH_KNOTS ( 'NONE', 3,
 ( #39, #3578, #2410, #3596, #2116, #1314, #3123, #2540, #3360, #505, #1961, #715, #2834, #2179, #1328, #1082, #2486, #2212 ),
 .UNSPECIFIED., .F., .F.,
 ( 4, 2, 2, 2, 2, 2, 2, 2, 4 ),
 ( 0.006327733405352046515, 0.007127326937903214962, 0.007926920470454375603, 0.008726514003005537978, 0.009526107535556698619, 0.01032570106810785926, 0.01112529460065901990, 0.01192488813321018054, 0.01272448166576134292 ),
 .UNSPECIFIED. ) ;
#247 = ORIENTED_EDGE ( 'NONE', *, *, #3359, .T. ) ;
#248 = CARTESIAN_POINT ( 'NONE',  ( -43.32247897619595989, 58.54077218376892944, -7.691736823179758709 ) ) ;
#249 = AXIS2_PLACEMENT_3D ( 'NONE', #3388, #720, #3092 ) ;
#250 = CARTESIAN_POINT ( 'NONE',  ( -34.14917698652156020, 62.00000000000000000, -33.02077993360053654 ) ) ;
#251 = LINE ( 'NONE', #2825, #2196 ) ;
#252 = ORIENTED_EDGE ( 'NONE', *, *, #79, .F. ) ;
#253 = CARTESIAN_POINT ( 'NONE',  ( -12.03127685254334089, 61.89953019365056264, 42.32611515333915264 ) ) ;
#254 = CARTESIAN_POINT ( 'NONE',  ( 43.32247897619586041, 62.00000000000000000, -7.691736823180365334 ) ) ;
#255 = EDGE_CURVE ( 'NONE', #1175, #1145, #1556, .T. ) ;
#256 = CARTESIAN_POINT ( 'NONE',  ( 45.87688897116536424, 22.19966583029910012, -12.31352553494211399 ) ) ;
#257 = ORIENTED_EDGE ( 'NONE', *, *, #181, .F. ) ;
#258 = CARTESIAN_POINT ( 'NONE',  ( 13.41442693326315272, 61.19961625050176224, 45.56702568813057042 ) ) ;
#259 = CARTESIAN_POINT ( 'NONE',  ( 43.21730928702361751, 23.96253346066474776, -8.263679409183435354 ) ) ;
#260 = EDGE_CURVE ( 'NONE', #2593, #2700, #3278, .T. ) ;
#261 = ADVANCED_FACE ( 'NONE', ( #3073 ), #2128, .F. ) ;
#262 = CARTESIAN_POINT ( 'NONE',  ( 15.00000000000000000, 62.00000000000000000, 41.36423575989287826 ) ) ;
#263 = DIRECTION ( 'NONE',  ( -0.000000000000000000, 1.000000000000000000, 0.000000000000000000 ) ) ;
#264 = CYLINDRICAL_SURFACE ( 'NONE', #3630, 3.999999999999997335 ) ;
#265 = CARTESIAN_POINT ( 'NONE',  ( -37.10992723813200200, 58.00000000000000711, 8.723720558371365286 ) ) ;
#266 = ORIENTED_EDGE ( 'NONE', *, *, #1229, .F. ) ;
#267 = CARTESIAN_POINT ( 'NONE',  ( 46.44097158642210132, 24.20018319659063266, 9.974862493291844601 ) ) ;
#268 = CARTESIAN_POINT ( 'NONE',  ( -42.72969100484696980, 22.19885658376260196, 10.49933566814628350 ) ) ;
#269 = CARTESIAN_POINT ( 'NONE',  ( -14.45337268080126947, 23.96453828144785803, 45.24791751070853252 ) ) ;
#270 = VERTEX_POINT ( 'NONE', #690 ) ;
#271 = CARTESIAN_POINT ( 'NONE',  ( 14.86797289038894121, 59.05309156546186955, -45.11315159491559967 ) ) ;
#272 = CARTESIAN_POINT ( 'NONE',  ( 31.63537427694464910, 59.05477169134135806, 35.43241751390790739 ) ) ;
#273 = B_SPLINE_CURVE_WITH_KNOTS ( 'NONE', 3,
 ( #1941, #468, #1109, #2853, #734, #1391, #3127, #202, #753, #3698, #1354, #219, #1923, #3089, #3780, #1372, #1637, #2819 ),
 .UNSPECIFIED., .F., .F.,
 ( 4, 2, 2, 2, 2, 2, 2, 2, 4 ),
 ( 0.000000000000000000, 0.0007967757044379274785, 0.001593551408875854957, 0.002390327113313782219, 0.003187102817751709914, 0.003983878522189637610, 0.004780654226627564438, 0.005577429931065492133, 0.006374205635503419828 ),
 .UNSPECIFIED. ) ;
#274 = CARTESIAN_POINT ( 'NONE',  ( -45.29480916651780831, 5.000000000000000000, 26.15097026518564860 ) ) ;
#275 = ORIENTED_EDGE ( 'NONE', *, *, #2741, .F. ) ;
#276 = CARTESIAN_POINT ( 'NONE',  ( 33.60175922336539145, 61.80006371525087872, -33.57429622919874390 ) ) ;
#277 = CARTESIAN_POINT ( 'NONE',  ( 43.32247897619586041, 25.99999999999999645, -7.691736823180365334 ) ) ;
#278 = CARTESIAN_POINT ( 'NONE',  ( -28.66137806556979584, 59.80114173840913594, -33.38468693782788677 ) ) ;
#279 = DIRECTION ( 'NONE',  ( 0.000000000000000000, 0.000000000000000000, -1.000000000000000000 ) ) ;
#280 = DIRECTION ( 'NONE',  ( 0.000000000000000000, -1.000000000000000000, 0.000000000000000000 ) ) ;
#281 = EDGE_CURVE ( 'NONE', #3147, #166, #3628, .T. ) ;
#282 = CARTESIAN_POINT ( 'NONE',  ( 14.78563688727385106, 24.68143117835720801, -41.44148755345739232 ) ) ;
#283 = EDGE_LOOP ( 'NONE', ( #203, #2310, #112, #704 ) ) ;
#284 = CARTESIAN_POINT ( 'NONE',  ( 45.29480916652224209, 0.000000000000000000, -26.15097026518563794 ) ) ;
#285 = CARTESIAN_POINT ( 'NONE',  ( 4.440316247983206502E-12, 5.000000000000000000, 49.55194053036282043 ) ) ;
#286 = DIRECTION ( 'NONE',  ( 0.000000000000000000, 1.000000000000000000, -0.000000000000000000 ) ) ;
#287 = FACE_OUTER_BOUND ( 'NONE', #59, .T. ) ;
#288 = CARTESIAN_POINT ( 'NONE',  ( 12.02855303934526709, 61.87418781978083615, -45.95250682268795828 ) ) ;
#289 = CARTESIAN_POINT ( 'NONE',  ( 14.78687592610754997, 24.68510728853525293, -45.13989288121735655 ) ) ;
#290 = CARTESIAN_POINT ( 'NONE',  ( -14.86797289038895009, 24.94690843453813400, -45.11315159491557836 ) ) ;
#291 = ORIENTED_EDGE ( 'NONE', *, *, #2959, .F. ) ;
#292 = CARTESIAN_POINT ( 'NONE',  ( -30.64521759036421500, 22.12404791780400970, 31.57435291028329161 ) ) ;
#293 =( NAMED_UNIT ( * ) SI_UNIT ( $, .STERADIAN. ) SOLID_ANGLE_UNIT ( ) );
#294 = CARTESIAN_POINT ( 'NONE',  ( -28.32247897619602384, 58.26713696442110546, -33.67249893671294814 ) ) ;
#295 = CARTESIAN_POINT ( 'NONE',  ( -14.58052892631379294, 24.19722703412830356, -41.51409603541458893 ) ) ;
#296 = VECTOR ( 'NONE', #3115, 1000.000000000000000 ) ;
#297 = CARTESIAN_POINT ( 'NONE',  ( -10.99999999999999645, 22.00000000000000000, 36.50000000000003553 ) ) ;
#298 = AXIS2_PLACEMENT_3D ( 'NONE', #2952, #3524, #1187 ) ;
#299 = AXIS2_PLACEMENT_3D ( 'NONE', #1904, #2211, #2275 ) ;
#300 = EDGE_CURVE ( 'NONE', #1774, #1968, #1027, .T. ) ;
#301 = CARTESIAN_POINT ( 'NONE',  ( 37.10992723813193095, 58.00000000000000711, -8.723720558371628186 ) ) ;
#302 = ORIENTED_EDGE ( 'NONE', *, *, #3725, .T. ) ;
#303 = CARTESIAN_POINT ( 'NONE',  ( -43.30204919038008882, 59.07679069448808917, -7.808984311173420956 ) ) ;
#304 = CARTESIAN_POINT ( 'NONE',  ( 45.29480916652224209, 5.000000000000000000, -26.15097026518563794 ) ) ;
#305 = FACE_BOUND ( 'NONE', #3304, .T. ) ;
#306 = CIRCLE ( 'NONE', #2263, 2.750000000000633715 ) ;
#307 = ORIENTED_EDGE ( 'NONE', *, *, #3410, .T. ) ;
#308 = CIRCLE ( 'NONE', #2516, 47.50000000000000711 ) ;
#309 = EDGE_CURVE ( 'NONE', #1175, #3647, #1523, .T. ) ;
#310 = EDGE_CURVE ( 'NONE', #2564, #3650, #779, .T. ) ;
#311 = CARTESIAN_POINT ( 'NONE',  ( 34.51796471586262527, 62.00000000000000711, 32.63066214275255561 ) ) ;
#312 = CC_DESIGN_SECURITY_CLASSIFICATION ( #1174, ( #730 ) ) ;
#313 = FACE_OUTER_BOUND ( 'NONE', #680, .T. ) ;
#314 = ORIENTED_EDGE ( 'NONE', *, *, #682, .T. ) ;
#315 = LINE ( 'NONE', #3353, #2873 ) ;
#316 = DIRECTION ( 'NONE',  ( 0.000000000000000000, 0.000000000000000000, 1.000000000000000000 ) ) ;
#317 = VERTEX_POINT ( 'NONE', #1254 ) ;
#318 = CARTESIAN_POINT ( 'NONE',  ( -28.43068919498578850, 59.05801789743465946, -33.58123173764330716 ) ) ;
#319 = EDGE_LOOP ( 'NONE', ( #3425, #1676, #469, #2993 ) ) ;
#320 = CARTESIAN_POINT ( 'NONE',  ( -13.98827358324941983, 23.32838676632434627, -41.71769631079511242 ) ) ;
#321 = CARTESIAN_POINT ( 'NONE',  ( 43.04334467672340736, 61.03619631081438257, -9.127366346345567649 ) ) ;
#322 = EDGE_LOOP ( 'NONE', ( #900, #1865, #1908, #2764 ) ) ;
#323 = DIRECTION ( 'NONE',  ( 0.5000000000000041078, 0.000000000000000000, 0.8660254037844362651 ) ) ;
#324 = DIRECTION ( 'NONE',  ( 0.8660254037844328234, -0.000000000000000000, -0.5000000000000101030 ) ) ;
#325 = DIRECTION ( 'NONE',  ( 0.000000000000000000, 0.000000000000000000, -1.000000000000000000 ) ) ;
#326 = PLANE ( 'NONE',  #3065 ) ;
#327 = DIRECTION ( 'NONE',  ( 0.000000000000000000, 1.000000000000000000, 0.000000000000000000 ) ) ;
#328 = LINE ( 'NONE', #3626, #3639 ) ;
#329 = EDGE_CURVE ( 'NONE', #1181, #317, #1940, .T. ) ;
#330 = CARTESIAN_POINT ( 'NONE',  ( -11.51969661128415723, 22.02543486027662922, -46.08270349592669390 ) ) ;
#331 = ORIENTED_EDGE ( 'NONE', *, *, #2468, .T. ) ;
#332 = CARTESIAN_POINT ( 'NONE',  ( -32.18522698005577354, 23.53514599071440117, -34.93400745672752805 ) ) ;
#333 = CARTESIAN_POINT ( 'NONE',  ( 42.46665036960992268, 22.00000000000000000, -11.51759720396321107 ) ) ;
#334 = VERTEX_POINT ( 'NONE', #1050 ) ;
#335 = LINE ( 'NONE', #1507, #1952 ) ;
#336 = VERTEX_POINT ( 'NONE', #1966 ) ;
#337 = DIRECTION ( 'NONE',  ( 0.000000000000000000, 0.000000000000000000, 1.000000000000000000 ) ) ;
#338 = CARTESIAN_POINT ( 'NONE',  ( 42.67112939256870163, 61.89953019365056974, -10.74366618240385662 ) ) ;
#339 = ORIENTED_EDGE ( 'NONE', *, *, #2987, .F. ) ;
#340 = FACE_OUTER_BOUND ( 'NONE', #2521, .T. ) ;
#341 = CARTESIAN_POINT ( 'NONE',  ( 11.51712797371415320, 61.97476979579646184, 42.46674513254890115 ) ) ;
#342 = CARTESIAN_POINT ( 'NONE',  ( 29.13331501274367241, 23.32970082656304811, 32.97406370752902660 ) ) ;
#343 = CARTESIAN_POINT ( 'NONE',  ( -74.99999999999998579, 74.50000000000001421, 45.00000000000003553 ) ) ;
#344 = DIRECTION ( 'NONE',  ( -0.8660254037844397068, -0.000000000000000000, -0.4999999999999980016 ) ) ;
#345 = CARTESIAN_POINT ( 'NONE',  ( 45.67142276853414273, 62.00000000000001421, -13.06366482185876166 ) ) ;
#346 = FACE_OUTER_BOUND ( 'NONE', #1879, .T. ) ;
#347 = ORIENTED_EDGE ( 'NONE', *, *, #72, .F. ) ;
#348 = EDGE_CURVE ( 'NONE', #2102, #3247, #476, .T. ) ;
#349 = EDGE_CURVE ( 'NONE', #2917, #32, #273, .T. ) ;
#350 = ADVANCED_FACE ( 'NONE', ( #3418 ), #769, .F. ) ;
#351 = APPROVAL_STATUS ( 'not_yet_approved' ) ;
#352 = ORIENTED_EDGE ( 'NONE', *, *, #1594, .T. ) ;
#353 = CARTESIAN_POINT ( 'NONE',  ( 4.440653025852972850E-12, 0.000000000000000000, 55.05194053037200774 ) ) ;
#354 = ORIENTED_EDGE ( 'NONE', *, *, #2705, .F. ) ;
#355 = EDGE_CURVE ( 'NONE', #186, #1859, #529, .T. ) ;
#356 = CARTESIAN_POINT ( 'NONE',  ( -46.41265544794912046, 60.03464052165235643, -10.10641275552836582 ) ) ;
#357 = ORIENTED_EDGE ( 'NONE', *, *, #1703, .T. ) ;
#358 = CARTESIAN_POINT ( 'NONE',  ( -13.61596280302923212, 22.96282394920143588, 41.84069559400658278 ) ) ;
#359 = CIRCLE ( 'NONE', #2824, 2.750000000004595879 ) ;
#360 = CARTESIAN_POINT ( 'NONE',  ( 14.99999999999999645, 58.00000000000000711, -41.36423575989287826 ) ) ;
#361 = DIRECTION ( 'NONE',  ( -0.000000000000000000, -1.000000000000000000, -0.000000000000000000 ) ) ;
#362 = LINE ( 'NONE', #2762, #1163 ) ;
#363 = CIRCLE ( 'NONE', #3316, 2.750000000002243539 ) ;
#364 = DIRECTION ( 'NONE',  ( 0.000000000000000000, 0.000000000000000000, -1.000000000000000000 ) ) ;
#365 = FACE_OUTER_BOUND ( 'NONE', #2324, .T. ) ;
#366 = CIRCLE ( 'NONE', #853, 4.249999999999990230 ) ;
#367 = CIRCLE ( 'NONE', #1238, 2.750000000004595879 ) ;
#368 = AXIS2_PLACEMENT_3D ( 'NONE', #3711, #1064, #2231 ) ;
#369 = CARTESIAN_POINT ( 'NONE',  ( 31.39512162874682488, 62.00000000000000711, 30.82768784576932219 ) ) ;
#370 = VERTEX_POINT ( 'NONE', #1675 ) ;
#371 = DATE_TIME_ROLE ( 'creation_date' ) ;
#372 = VECTOR ( 'NONE', #1435, 1000.000000000000000 ) ;
#373 = ADVANCED_FACE ( 'NONE', ( #185 ), #2508, .F. ) ;
#374 = LOCAL_TIME ( 18, 3, 10.00000000000000000, #2155 ) ;
#375 = ORIENTED_EDGE ( 'NONE', *, *, #3773, .T. ) ;
#376 = CARTESIAN_POINT ( 'NONE',  ( 0.000000000000000000, 67.00000000000000000, 0.000000000000000000 ) ) ;
#377 = CARTESIAN_POINT ( 'NONE',  ( -46.50263397965936463, 59.06235492879009996, -9.682883313910327416 ) ) ;
#378 = ORIENTED_EDGE ( 'NONE', *, *, #2553, .F. ) ;
#379 = ADVANCED_FACE ( 'NONE', ( #3714 ), #1067, .F. ) ;
#380 = DIRECTION ( 'NONE',  ( -0.5000000000000041078, 0.000000000000000000, -0.8660254037844363761 ) ) ;
#381 = CARTESIAN_POINT ( 'NONE',  ( -70.09999999999999432, 74.50000000000001421, -29.25000000000000711 ) ) ;
#382 = DIRECTION ( 'NONE',  ( -0.8660254037844397068, -0.000000000000000000, -0.4999999999999980016 ) ) ;
#383 = CARTESIAN_POINT ( 'NONE',  ( 79.99999999999998579, 74.50000000000001421, -45.00000000000004974 ) ) ;
#384 = ORIENTED_EDGE ( 'NONE', *, *, #1426, .F. ) ;
#385 = DIRECTION ( 'NONE',  ( 0.000000000000000000, 1.000000000000000000, -0.000000000000000000 ) ) ;
#386 = ORIENTED_EDGE ( 'NONE', *, *, #2863, .F. ) ;
#387 = CARTESIAN_POINT ( 'NONE',  ( 15.00000000000000000, 58.00000000000000711, 41.36423575989287826 ) ) ;
#388 = EDGE_LOOP ( 'NONE', ( #162, #1482, #3525, #655 ) ) ;
#389 = ORIENTED_EDGE ( 'NONE', *, *, #984, .T. ) ;
#390 = CARTESIAN_POINT ( 'NONE',  ( 33.60227040899081885, 22.19966583029910012, 33.57378852815635639 ) ) ;
#391 = VERTEX_POINT ( 'NONE', #2280 ) ;
#392 = CARTESIAN_POINT ( 'NONE',  ( 34.51796471586192183, 22.00000000000000000, -32.63066214275328747 ) ) ;
#393 = CARTESIAN_POINT ( 'NONE',  ( -43.32247897619591015, 62.00000000000000000, 7.691736823180063354 ) ) ;
#394 = CYLINDRICAL_SURFACE ( 'NONE', #2328, 2.750000000000002665 ) ;
#395 = EDGE_CURVE ( 'NONE', #1571, #110, #2139, .T. ) ;
#396 = CARTESIAN_POINT ( 'NONE',  ( 14.15808639571264571, 60.46898559679881657, -41.66021088273568296 ) ) ;
#397 = CARTESIAN_POINT ( 'NONE',  ( -31.63693992155640444, 59.06235492879009996, 35.43102071231936634 ) ) ;
#398 = ADVANCED_FACE ( 'NONE', ( #813 ), #3146, .F. ) ;
#399 = DIRECTION ( 'NONE',  ( -0.8660254037844363761, -0.000000000000000000, 0.5000000000000041078 ) ) ;
#400 = EDGE_CURVE ( 'NONE', #64, #126, #3757, .T. ) ;
#401 = ORIENTED_EDGE ( 'NONE', *, *, #2816, .T. ) ;
#402 = DIRECTION ( 'NONE',  ( 0.000000000000000000, 0.000000000000000000, 1.000000000000000000 ) ) ;
#403 = EDGE_LOOP ( 'NONE', ( #728, #339, #3723, #1355 ) ) ;
#404 = CARTESIAN_POINT ( 'NONE',  ( -45.29480916652004652, 5.000000000000000000, -28.90097026518399659 ) ) ;
#405 = DIRECTION ( 'NONE',  ( 0.000000000000000000, 0.000000000000000000, -1.000000000000000000 ) ) ;
#406 = ORIENTED_EDGE ( 'NONE', *, *, #1994, .F. ) ;
#407 = ORIENTED_EDGE ( 'NONE', *, *, #3120, .T. ) ;
#408 = CARTESIAN_POINT ( 'NONE',  ( 34.51796471586261816, 22.00000000000000000, 32.63066214275255561 ) ) ;
#409 = ORIENTED_EDGE ( 'NONE', *, *, #455, .F. ) ;
#410 = FACE_OUTER_BOUND ( 'NONE', #2844, .T. ) ;
#411 = CARTESIAN_POINT ( 'NONE',  ( -46.48573192229630280, 24.68510728853526359, 9.764136245991215546 ) ) ;
#412 = CARTESIAN_POINT ( 'NONE',  ( 80.00000000000002842, 74.50000000000001421, 45.00000000000001421 ) ) ;
#413 = CARTESIAN_POINT ( 'NONE',  ( -13.41040153223228337, 61.20257203594111672, -41.90718559632100693 ) ) ;
#414 = EDGE_CURVE ( 'NONE', #2860, #3230, #2595, .T. ) ;
#415 = DIRECTION ( 'NONE',  ( 0.000000000000000000, 1.000000000000000000, -0.000000000000000000 ) ) ;
#416 = ORIENTED_EDGE ( 'NONE', *, *, #2747, .T. ) ;
#417 = LINE ( 'NONE', #404, #3203 ) ;
#418 = CARTESIAN_POINT ( 'NONE',  ( 45.51796471586244763, 22.00000000000000000, 13.57810325949479946 ) ) ;
#419 = CIRCLE ( 'NONE', #971, 47.50000000000000711 ) ;
#420 = AXIS2_PLACEMENT_3D ( 'NONE', #265, #33, #323 ) ;
#421 = EDGE_CURVE ( 'NONE', #3153, #3786, #2798, .T. ) ;
#422 = EDGE_CURVE ( 'NONE', #2925, #2184, #602, .T. ) ;
#423 = VERTEX_POINT ( 'NONE', #1736 ) ;
#424 = CIRCLE ( 'NONE', #1094, 5.000000000000011546 ) ;
#425 = VECTOR ( 'NONE', #1826, 1000.000000000000000 ) ;
#426 = AXIS2_PLACEMENT_3D ( 'NONE', #2940, #3174, #3221 ) ;
#427 = CARTESIAN_POINT ( 'NONE',  ( 31.55278558841580860, 25.46321995146991313, 35.50598288939620772 ) ) ;
#428 = ORIENTED_EDGE ( 'NONE', *, *, #228, .T. ) ;
#429 = CIRCLE ( 'NONE', #127, 2.750000000002871481 ) ;
#430 = CARTESIAN_POINT ( 'NONE',  ( -32.18588944390040751, 23.53381634627334051, 34.93340268377927771 ) ) ;
#431 = APPROVAL_PERSON_ORGANIZATION ( #101, #1221, #2118 ) ;
#432 = CARTESIAN_POINT ( 'NONE',  ( -12.97921327400287872, 22.51442716214529227, 42.04272941482440018 ) ) ;
#433 = CARTESIAN_POINT ( 'NONE',  ( -74.99999999999998579, 74.50000000000001421, -50.00000000000002842 ) ) ;
#434 = CARTESIAN_POINT ( 'NONE',  ( -24.10992723813189542, 26.00000000000000000, 31.24038105676671506 ) ) ;
#435 = CARTESIAN_POINT ( 'NONE',  ( 0.000000000000000000, 62.00000000000000000, 0.000000000000000000 ) ) ;
#436 = VERTEX_POINT ( 'NONE', #2896 ) ;
#437 = CARTESIAN_POINT ( 'NONE',  ( 70.09999999999999432, 74.50000000000001421, 4.857225732735059864E-14 ) ) ;
#438 = DIRECTION ( 'NONE',  ( 0.000000000000000000, 0.000000000000000000, 1.000000000000000000 ) ) ;
#439 = CARTESIAN_POINT ( 'NONE',  ( -34.51796471586239079, 22.00000000000000000, -32.63066214275279719 ) ) ;
#440 = ORIENTED_EDGE ( 'NONE', *, *, #1153, .F. ) ;
#441 = LINE ( 'NONE', #3373, #3755 ) ;
#442 = VERTEX_POINT ( 'NONE', #1169 ) ;
#443 = CARTESIAN_POINT ( 'NONE',  ( -34.51796471586215631, 22.00000000000000000, 32.63066214275304588 ) ) ;
#444 = CARTESIAN_POINT ( 'NONE',  ( 70.09999999999999432, 74.50000000000001421, 29.25000000000001066 ) ) ;
#445 = CARTESIAN_POINT ( 'NONE',  ( 37.10992723813211569, 62.00000000000000711, 8.723720558370846589 ) ) ;
#446 = DIRECTION ( 'NONE',  ( 1.000000000000000000, 0.000000000000000000, 0.000000000000000000 ) ) ;
#447 = CARTESIAN_POINT ( 'NONE',  ( 0.000000000000000000, 0.000000000000000000, 0.000000000000000000 ) ) ;
#448 = ORIENTED_EDGE ( 'NONE', *, *, #2958, .F. ) ;
#449 = CARTESIAN_POINT ( 'NONE',  ( -70.09999999999999432, 67.00000000000000000, -29.25000000000000711 ) ) ;
#450 = CARTESIAN_POINT ( 'NONE',  ( -37.10992723813205885, 22.00000000000000000, -8.723720558371100608 ) ) ;
#451 = CARTESIAN_POINT ( 'NONE',  ( 74.99999999999998579, 67.00000000000000000, -50.00000000000004263 ) ) ;
#452 = ORIENTED_EDGE ( 'NONE', *, *, #2935, .F. ) ;
#453 = CARTESIAN_POINT ( 'NONE',  ( -34.51796471586239079, 22.00000000000000000, -32.63066214275279719 ) ) ;
#454 = B_SPLINE_CURVE_WITH_KNOTS ( 'NONE', 3,
 ( #3642, #940, #341, #1513, #993, #2472, #1566, #1232, #2738, #3291, #648, #1812, #1533, #2418, #954, #2124 ),
 .UNSPECIFIED., .F., .F.,
 ( 4, 2, 2, 2, 2, 2, 2, 4 ),
 ( 0.01904983721772511920, 0.01984911191766222313, 0.02064838661759932359, 0.02144766131753642752, 0.02224693601747352797, 0.02304621071741063190, 0.02384548541734773236, 0.02544403481722194021 ),
 .UNSPECIFIED. ) ;
#455 = EDGE_CURVE ( 'NONE', #1578, #3688, #2501, .T. ) ;
#456 = CARTESIAN_POINT ( 'NONE',  ( 7.041719095097282063E-15, 5.000000000000000000, 57.50000000000000711 ) ) ;
#457 = VERTEX_POINT ( 'NONE', #2030 ) ;
#458 = ADVANCED_FACE ( 'NONE', ( #3213 ), #1448, .F. ) ;
#459 = CARTESIAN_POINT ( 'NONE',  ( -28.66258414421968581, 24.19574640849207370, 33.38365324602796846 ) ) ;
#460 = CARTESIAN_POINT ( 'NONE',  ( -45.29480916652004652, 5.000000000000000000, -23.40097026517950951 ) ) ;
#461 = B_SPLINE_CURVE_WITH_KNOTS ( 'NONE', 3,
 ( #3173, #2325, #1726, #271, #6, #1177, #3220, #2922, #1456, #576, #3514, #866, #1742, #2036, #288, #2637, #1323, #139 ),
 .UNSPECIFIED., .F., .F.,
 ( 4, 2, 2, 2, 2, 2, 2, 2, 4 ),
 ( 0.000000000000000000, 0.0007960521967110679000, 0.001592104393422135800, 0.002388156590133203808, 0.003184208786844271600, 0.003980260983555339825, 0.004776313180266407617, 0.005572365376977475408, 0.006368417573688543200 ),
 .UNSPECIFIED. ) ;
#462 = ADVANCED_FACE ( 'NONE', ( #2047 ), #3564, .F. ) ;
#463 = EDGE_CURVE ( 'NONE', #1859, #775, #2193, .T. ) ;
#464 = CARTESIAN_POINT ( 'NONE',  ( -46.06202019360238609, 61.48311123376174692, 11.60136627931061959 ) ) ;
#465 = CARTESIAN_POINT ( 'NONE',  ( -45.29480916651780831, 5.000000000000000000, 26.15097026518564860 ) ) ;
#466 = CARTESIAN_POINT ( 'NONE',  ( 0.000000000000000000, 22.00000000000000000, 0.000000000000000000 ) ) ;
#467 = ORIENTED_EDGE ( 'NONE', *, *, #2789, .T. ) ;
#468 = CARTESIAN_POINT ( 'NONE',  ( 15.00000000000000178, 25.73047923076703114, 45.06939094329989359 ) ) ;
#469 = ORIENTED_EDGE ( 'NONE', *, *, #1593, .T. ) ;
#470 = CARTESIAN_POINT ( 'NONE',  ( -42.53526176597048192, 22.02489005990400628, -11.26146657253191030 ) ) ;
#471 = DIRECTION ( 'NONE',  ( -5.421010862427519089E-17, -1.000000000000000000, 0.000000000000000000 ) ) ;
#472 = CARTESIAN_POINT ( 'NONE',  ( 42.66680052354262642, 22.12404791780400970, 10.75236048261530719 ) ) ;
#473 = ORIENTED_EDGE ( 'NONE', *, *, #1713, .T. ) ;
#474 = CARTESIAN_POINT ( 'NONE',  ( 28.76319739868147707, 23.96652363059812174, -33.29719292353268401 ) ) ;
#475 = VECTOR ( 'NONE', #991, 1000.000000000000114 ) ;
#476 = CIRCLE ( 'NONE', #3434, 44.00000000000000711 ) ;
#477 = AXIS2_PLACEMENT_3D ( 'NONE', #3133, #3703, #739 ) ;
#478 = AXIS2_PLACEMENT_3D ( 'NONE', #858, #3545, #2316 ) ;
#479 = CARTESIAN_POINT ( 'NONE',  ( 74.99999999999998579, 67.00000000000000000, -45.00000000000004974 ) ) ;
#480 = ORIENTED_EDGE ( 'NONE', *, *, #1753, .T. ) ;
#481 = DIRECTION ( 'NONE',  ( -0.000000000000000000, -0.000000000000000000, 1.000000000000000000 ) ) ;
#482 = CYLINDRICAL_SURFACE ( 'NONE', #2948, 3.999999999999998224 ) ;
#483 = AXIS2_PLACEMENT_3D ( 'NONE', #3091, #1359, #772 ) ;
#484 = CIRCLE ( 'NONE', #1646, 47.50000000000000711 ) ;
#485 = AXIS2_PLACEMENT_3D ( 'NONE', #1402, #1119, #540 ) ;
#486 = CARTESIAN_POINT ( 'NONE',  ( -45.87813660066952082, 61.79864370466905399, 12.30884133656164003 ) ) ;
#487 = CARTESIAN_POINT ( 'NONE',  ( 0.000000000000000000, 5.000000000000000000, -47.50000000000000711 ) ) ;
#488 = CARTESIAN_POINT ( 'NONE',  ( -45.29480916652004652, 5.000000000000000000, -28.90097026518399659 ) ) ;
#489 = AXIS2_PLACEMENT_3D ( 'NONE', #2402, #628, #1493 ) ;
#490 = EDGE_LOOP ( 'NONE', ( #3412, #1745, #2727, #1166 ) ) ;
#491 = CARTESIAN_POINT ( 'NONE',  ( 24.10992723813167160, 26.00000000000000000, -31.24038105676687493 ) ) ;
#492 =( GEOMETRIC_REPRESENTATION_CONTEXT ( 3 ) GLOBAL_UNCERTAINTY_ASSIGNED_CONTEXT ( ( #2409 ) ) GLOBAL_UNIT_ASSIGNED_CONTEXT ( ( #2662, #581, #293 ) ) REPRESENTATION_CONTEXT ( 'NONE', 'WORKASPACE' ) );
#493 = VERTEX_POINT ( 'NONE', #570 ) ;
#494 = ORIENTED_EDGE ( 'NONE', *, *, #944, .F. ) ;
#495 = CARTESIAN_POINT ( 'NONE',  ( -43.29755277053672557, 24.94272107319291365, -7.831034117424229279 ) ) ;
#496 = CARTESIAN_POINT ( 'NONE',  ( -79.99999999999998579, 74.50000000000001421, -45.00000000000002842 ) ) ;
#497 = DIRECTION ( 'NONE',  ( -0.000000000000000000, -1.000000000000000000, -0.000000000000000000 ) ) ;
#498 = VERTEX_POINT ( 'NONE', #1470 ) ;
#499 = CARTESIAN_POINT ( 'NONE',  ( -14.15637607969697598, 60.47116769002325043, 41.66079260424217523 ) ) ;
#500 = CARTESIAN_POINT ( 'NONE',  ( 0.000000000000000000, 67.00000000000000000, -47.50000000000000711 ) ) ;
#501 = ORIENTED_EDGE ( 'NONE', *, *, #2274, .F. ) ;
#502 = CARTESIAN_POINT ( 'NONE',  ( 14.15745385719863059, 60.46977601035781902, 45.34137916733941154 ) ) ;
#503 = FACE_OUTER_BOUND ( 'NONE', #1049, .T. ) ;
#504 = PLANE ( 'NONE',  #668 ) ;
#505 = CARTESIAN_POINT ( 'NONE',  ( -29.13331501274345214, 23.32970082656305877, -32.97406370752923976 ) ) ;
#506 = CYLINDRICAL_SURFACE ( 'NONE', #3814, 5.000000000000011546 ) ;
#507 = VERTEX_POINT ( 'NONE', #1209 ) ;
#508 = DIRECTION ( 'NONE',  ( -1.541976423090494401E-16, -0.000000000000000000, 1.000000000000000000 ) ) ;
#509 = ORIENTED_EDGE ( 'NONE', *, *, #141, .T. ) ;
#510 = ORIENTED_EDGE ( 'NONE', *, *, #630, .T. ) ;
#511 = EDGE_CURVE ( 'NONE', #983, #1569, #3061, .T. ) ;
#512 = EDGE_CURVE ( 'NONE', #742, #2117, #3483, .T. ) ;
#513 = CARTESIAN_POINT ( 'NONE',  ( -42.53584408768362835, 61.97476979579649026, -11.25924716240150758 ) ) ;
#514 = DIRECTION ( 'NONE',  ( -0.000000000000000000, -1.000000000000000000, -0.000000000000000000 ) ) ;
#515 = CARTESIAN_POINT ( 'NONE',  ( 34.51796471586262527, 62.00000000000000711, 32.63066214275255561 ) ) ;
#516 = ORIENTED_EDGE ( 'NONE', *, *, #1610, .T. ) ;
#517 = EDGE_CURVE ( 'NONE', #1127, #3365, #1400, .T. ) ;
#518 = CARTESIAN_POINT ( 'NONE',  ( 28.99975775360931607, 23.53101440320119764, -33.09136792903019142 ) ) ;
#519 = CARTESIAN_POINT ( 'NONE',  ( 12.98249338077223491, 22.51625576136130746, -45.69196160119034289 ) ) ;
#520 = CARTESIAN_POINT ( 'NONE',  ( 46.00331335284637646, 22.39596058531784095, -11.83245592986220096 ) ) ;
#521 = ORIENTED_EDGE ( 'NONE', *, *, #119, .F. ) ;
#522 = CARTESIAN_POINT ( 'NONE',  ( -29.92199821809021998, 22.51311958029202032, 32.26028620245427447 ) ) ;
#523 = CARTESIAN_POINT ( 'NONE',  ( -34.51796471586215631, 62.00000000000000711, 32.63066214275303878 ) ) ;
#524 = CARTESIAN_POINT ( 'NONE',  ( -46.48604664013748788, 59.31092372560638637, 9.762640591807144830 ) ) ;
#525 = DIRECTION ( 'NONE',  ( 0.000000000000000000, 1.000000000000000000, -0.000000000000000000 ) ) ;
#526 = DIRECTION ( 'NONE',  ( 0.8660254037844328234, -0.000000000000000000, -0.5000000000000101030 ) ) ;
#527 = ORIENTED_EDGE ( 'NONE', *, *, #682, .F. ) ;
#528 = ORIENTED_EDGE ( 'NONE', *, *, #3053, .T. ) ;
#529 = LINE ( 'NONE', #2215, #2750 ) ;
#530 = EDGE_LOOP ( 'NONE', ( #2799, #3676, #3424, #69 ) ) ;
#531 = ORIENTED_EDGE ( 'NONE', *, *, #2065, .T. ) ;
#532 = DIRECTION ( 'NONE',  ( 0.000000000000000000, 0.000000000000000000, 1.000000000000000000 ) ) ;
#533 = CYLINDRICAL_SURFACE ( 'NONE', #1291, 4.000000000000000000 ) ;
#534 = DIRECTION ( 'NONE',  ( 0.000000000000000000, 0.000000000000000000, -1.000000000000000000 ) ) ;
#535 = ORIENTED_EDGE ( 'NONE', *, *, #1179, .T. ) ;
#536 = CARTESIAN_POINT ( 'NONE',  ( -14.99999999999999645, 58.26713696442110546, 41.36423575989287826 ) ) ;
#537 = CARTESIAN_POINT ( 'NONE',  ( 33.24792143828207713, 61.60347763060608628, 33.92473969129162725 ) ) ;
#538 = ADVANCED_FACE ( 'NONE', ( #340 ), #2931, .F. ) ;
#539 = ADVANCED_FACE ( 'NONE', ( #3796 ), #2652, .F. ) ;
#540 = DIRECTION ( 'NONE',  ( 0.000000000000000000, 0.000000000000000000, -1.000000000000000000 ) ) ;
#541 = ORIENTED_EDGE ( 'NONE', *, *, #2468, .F. ) ;
#542 = FACE_OUTER_BOUND ( 'NONE', #3269, .T. ) ;
#543 = DIRECTION ( 'NONE',  ( -0.4999999999999974465, 0.000000000000000000, 0.8660254037844401509 ) ) ;
#544 = AXIS2_PLACEMENT_3D ( 'NONE', #626, #3189, #878 ) ;
#545 = CARTESIAN_POINT ( 'NONE',  ( -45.29480916651780831, 5.000000000000000000, 28.90097026518986922 ) ) ;
#546 = AXIS2_PLACEMENT_3D ( 'NONE', #1083, #3712, #2213 ) ;
#547 = AXIS2_PLACEMENT_3D ( 'NONE', #3522, #3209, #1747 ) ;
#548 = CARTESIAN_POINT ( 'NONE',  ( 70.09999999999999432, 67.00000000000000000, 4.250000000000054179 ) ) ;
#549 = CARTESIAN_POINT ( 'NONE',  ( 45.29480916652447320, 0.000000000000000000, 28.90097026518465029 ) ) ;
#550 = AXIS2_PLACEMENT_3D ( 'NONE', #437, #3402, #3760 ) ;
#551 = AXIS2_PLACEMENT_3D ( 'NONE', #1655, #1369, #3732 ) ;
#552 = DIRECTION ( 'NONE',  ( 0.000000000000000000, 0.000000000000000000, 1.000000000000000000 ) ) ;
#553 = EDGE_LOOP ( 'NONE', ( #244, #1086, #480, #2984 ) ) ;
#554 = CARTESIAN_POINT ( 'NONE',  ( -70.09999999999996589, 74.50000000000001421, 20.75000000000004974 ) ) ;
#555 = VECTOR ( 'NONE', #2185, 1000.000000000000227 ) ;
#556 = CARTESIAN_POINT ( 'NONE',  ( -43.28219943554759652, 24.68143117835720446, 7.916006621217471562 ) ) ;
#557 = CARTESIAN_POINT ( 'NONE',  ( -14.78835455577759284, 59.31068695147637015, 45.13940815069177148 ) ) ;
#558 = ORIENTED_EDGE ( 'NONE', *, *, #463, .T. ) ;
#559 = CARTESIAN_POINT ( 'NONE',  ( -13.61714121277978684, 61.03619631081438968, 41.84031312706477479 ) ) ;
#560 = CARTESIAN_POINT ( 'NONE',  ( -43.32247897619595989, 62.00000000000000000, -7.691736823179759597 ) ) ;
#561 = PLANE ( 'NONE',  #2334 ) ;
#562 = ORIENTED_EDGE ( 'NONE', *, *, #2504, .F. ) ;
#563 = ADVANCED_FACE ( 'NONE', ( #1754 ), #2375, .F. ) ;
#564 = CARTESIAN_POINT ( 'NONE',  ( -31.39512162874638790, 22.00000000000000000, 30.82768784576977339 ) ) ;
#565 = DIRECTION ( 'NONE',  ( -0.000000000000000000, -1.000000000000000000, -0.000000000000000000 ) ) ;
#566 = CARTESIAN_POINT ( 'NONE',  ( 14.15663727728667887, 23.52913570499943674, 41.66070433907740522 ) ) ;
#567 = B_SPLINE_CURVE_WITH_KNOTS ( 'NONE', 3,
 ( #2180, #3592, #2725, #3362, #93, #2126, #3349, #413, #78, #942, #2109, #2473, #3070, #3660, #3293, #1283, #2997, #2420 ),
 .UNSPECIFIED., .F., .F.,
 ( 4, 2, 2, 2, 2, 2, 2, 2, 4 ),
 ( 0.000000000000000000, 0.0007987521089666813935, 0.001597504217933362787, 0.002396256326900044181, 0.003195008435866725574, 0.003993760544833406534, 0.004792512653800088361, 0.005591264762766770188, 0.006390016871733451148 ),
 .UNSPECIFIED. ) ;
#568 = DIRECTION ( 'NONE',  ( 0.000000000000000000, 0.000000000000000000, 1.000000000000000000 ) ) ;
#569 = DIRECTION ( 'NONE',  ( 0.000000000000000000, 1.000000000000000000, -0.000000000000000000 ) ) ;
#570 = CARTESIAN_POINT ( 'NONE',  ( 42.39512162874640211, 62.00000000000000711, -11.77512896251247554 ) ) ;
#571 = ORIENTED_EDGE ( 'NONE', *, *, #1713, .F. ) ;
#572 = CARTESIAN_POINT ( 'NONE',  ( 46.41319725019656772, 23.96947402809875527, 10.10392118815277662 ) ) ;
#573 = CARTESIAN_POINT ( 'NONE',  ( -33.24792143828184265, 61.60347763060608628, -33.92473969129185463 ) ) ;
#574 = FACE_OUTER_BOUND ( 'NONE', #1441, .T. ) ;
#575 = DIRECTION ( 'NONE',  ( 0.000000000000000000, -0.000000000000000000, 1.000000000000000000 ) ) ;
#576 = CARTESIAN_POINT ( 'NONE',  ( 13.62209682641094055, 61.03183151411823104, -45.50522870459696634 ) ) ;
#577 = DIRECTION ( 'NONE',  ( -0.000000000000000000, -1.000000000000000000, -0.000000000000000000 ) ) ;
#578 = DIRECTION ( 'NONE',  ( 0.000000000000000000, 0.000000000000000000, 1.000000000000000000 ) ) ;
#579 = VERTEX_POINT ( 'NONE', #2975 ) ;
#580 = CARTESIAN_POINT ( 'NONE',  ( 33.24910245262946518, 61.60415831683607735, -33.92357257550507654 ) ) ;
#581 =( NAMED_UNIT ( * ) PLANE_ANGLE_UNIT ( ) SI_UNIT ( $, .RADIAN. ) );
#582 = CC_DESIGN_PERSON_AND_ORGANIZATION_ASSIGNMENT ( #2387, #1002, ( #730 ) ) ;
#583 = CARTESIAN_POINT ( 'NONE',  ( -30.63985254002557568, 61.89953019365056974, -31.58244897093571169 ) ) ;
#584 = LINE ( 'NONE', #1445, #2752 ) ;
#585 = CARTESIAN_POINT ( 'NONE',  ( 43.21752632042752396, 60.03592870019353001, -8.262568781356620207 ) ) ;
#586 = EDGE_CURVE ( 'NONE', #442, #2004, #3722, .T. ) ;
#587 = DIRECTION ( 'NONE',  ( -0.5000000000000095479, 0.000000000000000000, -0.8660254037844331565 ) ) ;
#588 = VERTEX_POINT ( 'NONE', #3332 ) ;
#589 = CARTESIAN_POINT ( 'NONE',  ( -43.32247897619595989, 58.00000000000000711, -7.691736823179756044 ) ) ;
#590 = DIRECTION ( 'NONE',  ( 0.000000000000000000, 1.000000000000000000, -0.000000000000000000 ) ) ;
#591 = CARTESIAN_POINT ( 'NONE',  ( -12.98249338077223491, 22.51625576136130746, 45.69196160119034289 ) ) ;
#592 = DIRECTION ( 'NONE',  ( 0.000000000000000000, 0.000000000000000000, 1.000000000000000000 ) ) ;
#593 = CARTESIAN_POINT ( 'NONE',  ( 14.99999999999999822, 25.73052386325663932, -45.06939094329988649 ) ) ;
#594 = DIRECTION ( 'NONE',  ( 0.000000000000000000, 0.000000000000000000, -1.000000000000000000 ) ) ;
#595 = ORIENTED_EDGE ( 'NONE', *, *, #2789, .F. ) ;
#596 = DIRECTION ( 'NONE',  ( 0.000000000000000000, 0.000000000000000000, -1.000000000000000000 ) ) ;
#597 = CARTESIAN_POINT ( 'NONE',  ( 42.90054362986980863, 22.51656328012084174, -9.777232365026250704 ) ) ;
#598 = DIRECTION ( 'NONE',  ( 0.000000000000000000, 1.000000000000000000, -0.000000000000000000 ) ) ;
#599 = ORIENTED_EDGE ( 'NONE', *, *, #838, .F. ) ;
#600 = DIRECTION ( 'NONE',  ( 0.000000000000000000, 0.000000000000000000, -1.000000000000000000 ) ) ;
#601 = VECTOR ( 'NONE', #2043, 1000.000000000000000 ) ;
#602 = CIRCLE ( 'NONE', #57, 2.750000000000002665 ) ;
#603 = CARTESIAN_POINT ( 'NONE',  ( 43.24267601833427932, 59.80114173840912173, -8.129138043340004671 ) ) ;
#604 = VERTEX_POINT ( 'NONE', #2417 ) ;
#605 = CIRCLE ( 'NONE', #2141, 4.249999999999990230 ) ;
#606 = DIRECTION ( 'NONE',  ( -0.000000000000000000, -1.000000000000000000, -0.000000000000000000 ) ) ;
#607 = CARTESIAN_POINT ( 'NONE',  ( 46.48596394395730869, 24.68792069221563423, 9.763036405342623070 ) ) ;
#608 = CARTESIAN_POINT ( 'NONE',  ( 75.00000000000001421, 74.50000000000001421, 45.00000000000001421 ) ) ;
#609 = DIRECTION ( 'NONE',  ( -0.000000000000000000, -0.000000000000000000, 1.000000000000000000 ) ) ;
#610 = EDGE_CURVE ( 'NONE', #3084, #211, #3188, .T. ) ;
#611 = CIRCLE ( 'NONE', #3691, 47.50000000000000711 ) ;
#612 = DIRECTION ( 'NONE',  ( 0.000000000000000000, 1.000000000000000000, 0.000000000000000000 ) ) ;
#613 = VECTOR ( 'NONE', #60, 1000.000000000000000 ) ;
#614 = ORIENTED_EDGE ( 'NONE', *, *, #990, .T. ) ;
#615 = DIRECTION ( 'NONE',  ( -0.8660254037844397068, -0.000000000000000000, -0.4999999999999980016 ) ) ;
#616 = CARTESIAN_POINT ( 'NONE',  ( -12.98393218031026386, 22.51688876623825308, -45.69156277694672497 ) ) ;
#617 = EDGE_LOOP ( 'NONE', ( #3713, #3728, #2187, #1111 ) ) ;
#618 = DIRECTION ( 'NONE',  ( 0.000000000000000000, 0.000000000000000000, -1.000000000000000000 ) ) ;
#619 = DIRECTION ( 'NONE',  ( -0.000000000000000000, -1.000000000000000000, -0.000000000000000000 ) ) ;
#620 = ORIENTED_EDGE ( 'NONE', *, *, #3517, .F. ) ;
#621 = CARTESIAN_POINT ( 'NONE',  ( 28.32247897619625476, 25.99999999999999645, 33.67249893671275629 ) ) ;
#622 = ORIENTED_EDGE ( 'NONE', *, *, #512, .F. ) ;
#623 = FACE_BOUND ( 'NONE', #1202, .T. ) ;
#624 = CARTESIAN_POINT ( 'NONE',  ( -46.53123748999001918, 26.00000000000000000, -9.544314414883244169 ) ) ;
#625 = VERTEX_POINT ( 'NONE', #2432 ) ;
#626 = CARTESIAN_POINT ( 'NONE',  ( -45.29480916651780831, 0.000000000000000000, 26.15097026518564860 ) ) ;
#627 = CARTESIAN_POINT ( 'NONE',  ( 14.97290524102296239, 58.53541198019672009, -41.37408933944725931 ) ) ;
#628 = DIRECTION ( 'NONE',  ( -0.000000000000000000, -1.000000000000000000, -0.000000000000000000 ) ) ;
#629 = DIRECTION ( 'NONE',  ( 0.000000000000000000, 0.000000000000000000, 1.000000000000000000 ) ) ;
#630 = EDGE_CURVE ( 'NONE', #193, #1781, #817, .T. ) ;
#631 = EDGE_CURVE ( 'NONE', #1461, #1609, #3290, .T. ) ;
#632 = ADVANCED_FACE ( 'NONE', ( #2164 ), #714, .F. ) ;
#633 = FACE_BOUND ( 'NONE', #1084, .T. ) ;
#634 = ORIENTED_EDGE ( 'NONE', *, *, #912, .F. ) ;
#635 = CYLINDRICAL_SURFACE ( 'NONE', #1897, 57.50000000000000711 ) ;
#636 = ADVANCED_FACE ( 'NONE', ( #1580 ), #394, .F. ) ;
#637 = LINE ( 'NONE', #1744, #845 ) ;
#638 = ORIENTED_EDGE ( 'NONE', *, *, #2294, .F. ) ;
#639 = FACE_OUTER_BOUND ( 'NONE', #1783, .T. ) ;
#640 = B_SPLINE_CURVE_WITH_KNOTS ( 'NONE', 3,
 ( #647, #2720, #1811, #1297, #3658, #1007, #432, #2178, #358, #1565, #1832, #2453, #75, #3641, #1885, #1263, #686, #106 ),
 .UNSPECIFIED., .F., .F.,
 ( 4, 2, 2, 2, 2, 2, 2, 2, 4 ),
 ( 0.000000000000000000, 0.0007987521089666812851, 0.001597504217933362570, 0.002396256326900043747, 0.003195008435866725140, 0.003993760544833406534, 0.004792512653800087494, 0.005591264762766769321, 0.006390016871733450281 ),
 .UNSPECIFIED. ) ;
#641 = PERSON_AND_ORGANIZATION ( #1505, #2090 ) ;
#642 = ORIENTED_EDGE ( 'NONE', *, *, #586, .T. ) ;
#643 = CARTESIAN_POINT ( 'NONE',  ( -42.73085398563890891, 61.79942981093746823, 10.49455575128656903 ) ) ;
#644 = ORIENTED_EDGE ( 'NONE', *, *, #3202, .T. ) ;
#645 = CARTESIAN_POINT ( 'NONE',  ( -45.51796471586233395, 62.00000000000000711, -13.57810325949511743 ) ) ;
#646 = EDGE_LOOP ( 'NONE', ( #1170, #695, #752, #1873, #2476, #1858, #257, #3759, #638, #758, #3582, #1787, #1831, #266, #2039, #409, #2820, #1287, #644, #2129, #3135, #2355, #1000, #1967, #1529, #599 ) ) ;
#647 = CARTESIAN_POINT ( 'NONE',  ( -10.99999999999999822, 22.00000000000000000, 42.60281680828158812 ) ) ;
#648 = CARTESIAN_POINT ( 'NONE',  ( 14.15398776035217310, 60.47421161408914969, 41.66160483839790629 ) ) ;
#649 = DIRECTION ( 'NONE',  ( 0.000000000000000000, 0.000000000000000000, 1.000000000000000000 ) ) ;
#650 = CARTESIAN_POINT ( 'NONE',  ( 30.09510403256915367, 61.60562849123930107, -32.09901579345024913 ) ) ;
#651 = CARTESIAN_POINT ( 'NONE',  ( 0.000000000000000000, 62.00000000000000000, 0.000000000000000000 ) ) ;
#652 = EDGE_LOOP ( 'NONE', ( #347, #1308, #2668, #1496 ) ) ;
#653 = CARTESIAN_POINT ( 'NONE',  ( 46.34604305032397775, 60.46683621109576023, -10.40761345860992648 ) ) ;
#654 = FACE_BOUND ( 'NONE', #2651, .T. ) ;
#655 = ORIENTED_EDGE ( 'NONE', *, *, #1179, .F. ) ;
#656 = VERTEX_POINT ( 'NONE', #2706 ) ;
#657 = CARTESIAN_POINT ( 'NONE',  ( 46.06150033740165384, 61.48411060104378123, 11.60339892782086402 ) ) ;
#658 = FACE_BOUND ( 'NONE', #1244, .T. ) ;
#659 = VECTOR ( 'NONE', #1193, 1000.000000000000114 ) ;
#660 = ORIENTED_EDGE ( 'NONE', *, *, #3081, .F. ) ;
#661 = DIRECTION ( 'NONE',  ( 0.000000000000000000, 0.000000000000000000, -1.000000000000000000 ) ) ;
#662 = AXIS2_PLACEMENT_3D ( 'NONE', #479, #3411, #1648 ) ;
#663 = CIRCLE ( 'NONE', #3371, 4.250000000000005329 ) ;
#664 = DIRECTION ( 'NONE',  ( 0.000000000000000000, 1.000000000000000000, 0.000000000000000000 ) ) ;
#665 = FACE_OUTER_BOUND ( 'NONE', #2719, .T. ) ;
#666 = DIRECTION ( 'NONE',  ( 0.5000000000000041078, 5.421010862427520321E-17, 0.8660254037844363761 ) ) ;
#667 = AXIS2_PLACEMENT_3D ( 'NONE', #999, #2386, #2186 ) ;
#668 = AXIS2_PLACEMENT_3D ( 'NONE', #2850, #3670, #3710 ) ;
#669 = VERTEX_POINT ( 'NONE', #1548 ) ;
#670 = CARTESIAN_POINT ( 'NONE',  ( 70.09999999999999432, 74.50000000000001421, -20.75000000000001776 ) ) ;
#671 = VECTOR ( 'NONE', #526, 1000.000000000000000 ) ;
#672 = DIRECTION ( 'NONE',  ( 0.000000000000000000, 1.000000000000000000, -0.000000000000000000 ) ) ;
#673 = AXIS2_PLACEMENT_3D ( 'NONE', #3775, #3794, #2314 ) ;
#674 = ORIENTED_EDGE ( 'NONE', *, *, #3253, .T. ) ;
#675 = EDGE_LOOP ( 'NONE', ( #3464, #1374 ) ) ;
#676 = CALENDAR_DATE ( 2026, 3, 9 ) ;
#677 = AXIS2_PLACEMENT_3D ( 'NONE', #608, #1514, #1834 ) ;
#678 = EDGE_CURVE ( 'NONE', #802, #3392, #2471, .T. ) ;
#679 = LINE ( 'NONE', #986, #2083 ) ;
#680 = EDGE_LOOP ( 'NONE', ( #2769, #693, #3129, #3631 ) ) ;
#681 = EDGE_CURVE ( 'NONE', #3399, #2716, #640, .T. ) ;
#682 = EDGE_CURVE ( 'NONE', #859, #775, #1279, .T. ) ;
#683 = CARTESIAN_POINT ( 'NONE',  ( 46.34551313013786711, 60.46977601035781902, 10.40997489042927526 ) ) ;
#684 = CARTESIAN_POINT ( 'NONE',  ( -46.06150033740156147, 61.48411060104378123, -11.60339892782118554 ) ) ;
#685 = ORIENTED_EDGE ( 'NONE', *, *, #1913, .F. ) ;
#686 = CARTESIAN_POINT ( 'NONE',  ( -14.99999999999999822, 25.72955784584619465, 41.36423575989287826 ) ) ;
#687 = CARTESIAN_POINT ( 'NONE',  ( 11.51880662775398889, 61.97463811819184798, -42.46629808321554123 ) ) ;
#688 = DIRECTION ( 'NONE',  ( 0.8660254037844433705, -0.000000000000000000, 0.4999999999999920619 ) ) ;
#689 = DIRECTION ( 'NONE',  ( 0.000000000000000000, 1.000000000000000000, 0.000000000000000000 ) ) ;
#690 = CARTESIAN_POINT ( 'NONE',  ( 0.000000000000000000, 22.00000000000000000, -44.00000000000000711 ) ) ;
#691 = DIRECTION ( 'NONE',  ( 0.000000000000000000, 0.000000000000000000, 1.000000000000000000 ) ) ;
#692 = VERTEX_POINT ( 'NONE', #180 ) ;
#693 = ORIENTED_EDGE ( 'NONE', *, *, #1404, .T. ) ;
#694 = CARTESIAN_POINT ( 'NONE',  ( 43.21712872992619481, 60.03931759784775579, 8.264651932901085019 ) ) ;
#695 = ORIENTED_EDGE ( 'NONE', *, *, #1872, .T. ) ;
#696 = CARTESIAN_POINT ( 'NONE',  ( -43.28246048379960342, 59.31483829885560510, 7.914581977402409763 ) ) ;
#697 = CARTESIAN_POINT ( 'NONE',  ( -46.21925035289554984, 61.03357823824697448, -10.95757032155150057 ) ) ;
#698 = B_SPLINE_CURVE_WITH_KNOTS ( 'NONE', 3,
 ( #2887, #2829, #1077, #3767, #256, #520, #1136, #2621, #760, #2555, #1930, #3744, #1097, #3176, #2604, #2268, #1685, #2865 ),
 .UNSPECIFIED., .F., .F.,
 ( 4, 2, 2, 2, 2, 2, 2, 2, 4 ),
 ( 0.006316973789912243287, 0.007113819706465395257, 0.007910665623018547227, 0.008707511539571700931, 0.009504357456124851167, 0.01030120337267800487, 0.01109804928923115684, 0.01189489520578430881, 0.01269174112233746078 ),
 .UNSPECIFIED. ) ;
#699 = B_SPLINE_CURVE_WITH_KNOTS ( 'NONE', 3,
 ( #2456, #751, #811, #201, #2794, #216, #3694, #183, #2563, #3162, #1370, #2815, #733, #1962, #3753, #1329 ),
 .UNSPECIFIED., .F., .F.,
 ( 4, 2, 2, 2, 2, 2, 2, 4 ),
 ( 0.01904983721772510880, 0.01984911191766221619, 0.02064838661759931318, 0.02144766131753641364, 0.02224693601747351063, 0.02304621071741061109, 0.02384548541734771154, 0.02544403481722191246 ),
 .UNSPECIFIED. ) ;
#700 = CARTESIAN_POINT ( 'NONE',  ( -46.00336603459869877, 22.39604411147801244, 11.83225502174752819 ) ) ;
#701 = CARTESIAN_POINT ( 'NONE',  ( 26.10992723813171423, 58.00000000000000711, -27.77627944162914275 ) ) ;
#702 = CARTESIAN_POINT ( 'NONE',  ( 30.45675892436877419, 61.80073690525604491, -31.75606930119361593 ) ) ;
#703 = ADVANCED_FACE ( 'NONE', ( #765 ), #3731, .F. ) ;
#704 = ORIENTED_EDGE ( 'NONE', *, *, #2395, .F. ) ;
#705 = LINE ( 'NONE', #2475, #2190 ) ;
#706 = ORIENTED_EDGE ( 'NONE', *, *, #3296, .T. ) ;
#707 = CARTESIAN_POINT ( 'NONE',  ( -11.00000000000000000, 62.00000000000000711, -46.20876540224810469 ) ) ;
#708 = DIRECTION ( 'NONE',  ( -4.625929269271482956E-16, 0.000000000000000000, -1.000000000000000000 ) ) ;
#709 = ORIENTED_EDGE ( 'NONE', *, *, #422, .F. ) ;
#710 = PERSON_AND_ORGANIZATION_ROLE ( 'design_supplier' ) ;
#711 = CARTESIAN_POINT ( 'NONE',  ( 32.18522698005601512, 23.53514599071438695, 34.93400745672730778 ) ) ;
#712 = ORIENTED_EDGE ( 'NONE', *, *, #2724, .T. ) ;
#713 = CARTESIAN_POINT ( 'NONE',  ( 15.00000000000000000, 67.00000000000000000, 45.06939094329987938 ) ) ;
#714 = PLANE ( 'NONE',  #3686 ) ;
#715 = CARTESIAN_POINT ( 'NONE',  ( -28.76521094059472361, 23.96253346066473711, -33.29544802118014957 ) ) ;
#716 = AXIS2_PLACEMENT_3D ( 'NONE', #2070, #1150, #3511 ) ;
#717 = PLANE ( 'NONE',  #1401 ) ;
#718 = CARTESIAN_POINT ( 'NONE',  ( 45.29480916652447320, 5.000000000000000000, 28.90097026518465029 ) ) ;
#719 = ORIENTED_EDGE ( 'NONE', *, *, #2748, .T. ) ;
#720 = DIRECTION ( 'NONE',  ( 0.000000000000000000, -1.000000000000000000, 0.000000000000000000 ) ) ;
#721 = FACE_OUTER_BOUND ( 'NONE', #1882, .T. ) ;
#722 = CIRCLE ( 'NONE', #3060, 44.00000000000000711 ) ;
#723 = ORIENTED_EDGE ( 'NONE', *, *, #3563, .F. ) ;
#724 = VECTOR ( 'NONE', #3583, 1000.000000000000000 ) ;
#725 = VECTOR ( 'NONE', #1450, 1000.000000000000000 ) ;
#726 = AXIS2_PLACEMENT_3D ( 'NONE', #210, #1383, #1729 ) ;
#727 = LINE ( 'NONE', #456, #168 ) ;
#728 = ORIENTED_EDGE ( 'NONE', *, *, #2423, .T. ) ;
#729 = CARTESIAN_POINT ( 'NONE',  ( -15.00000000000000000, 58.00000000000000711, -41.36423575989287826 ) ) ;
#730 = PRODUCT_DEFINITION_FORMATION_WITH_SPECIFIED_SOURCE ( '任何', '', #2796, .NOT_KNOWN. ) ;
#731 = DIRECTION ( 'NONE',  ( 0.000000000000000000, 0.000000000000000000, -1.000000000000000000 ) ) ;
#732 = DIRECTION ( 'NONE',  ( 0.000000000000000000, 0.000000000000000000, -1.000000000000000000 ) ) ;
#733 = CARTESIAN_POINT ( 'NONE',  ( -28.66288991882971970, 59.80478526118847782, 33.38338908073312439 ) ) ;
#734 = CARTESIAN_POINT ( 'NONE',  ( 14.78794442687921418, 24.68792069221563779, 45.13954389754593421 ) ) ;
#735 = VERTEX_POINT ( 'NONE', #1919 ) ;
#736 = ORIENTED_EDGE ( 'NONE', *, *, #1096, .F. ) ;
#737 = CARTESIAN_POINT ( 'NONE',  ( -43.28238829217859518, 24.68402184990854309, -7.914979317761240196 ) ) ;
#738 = CARTESIAN_POINT ( 'NONE',  ( -12.75464958441020791, 61.60395588852199467, -45.75621115643036063 ) ) ;
#739 = DIRECTION ( 'NONE',  ( -0.4999999999999986122, 0.000000000000000000, 0.8660254037844395958 ) ) ;
#740 = ADVANCED_FACE ( 'NONE', ( #2230 ), #1313, .T. ) ;
#741 = ADVANCED_FACE ( 'NONE', ( #2499 ), #3459, .F. ) ;
#742 = VERTEX_POINT ( 'NONE', #1936 ) ;
#743 = EDGE_CURVE ( 'NONE', #2663, #1578, #2381, .T. ) ;
#744 = EDGE_CURVE ( 'NONE', #1295, #2564, #2485, .T. ) ;
#745 = CARTESIAN_POINT ( 'NONE',  ( 32.31430730869238488, 23.33379488489996589, 34.81485088619776036 ) ) ;
#746 = EDGE_LOOP ( 'NONE', ( #137, #121 ) ) ;
#747 = CARTESIAN_POINT ( 'NONE',  ( -28.32247897619577870, 26.00000000000000000, 33.67249893671314709 ) ) ;
#748 = DIRECTION ( 'NONE',  ( -0.000000000000000000, -0.000000000000000000, -1.000000000000000000 ) ) ;
#749 = CARTESIAN_POINT ( 'NONE',  ( -46.44113391486423126, 59.79831479872441946, 9.974104684405791232 ) ) ;
#750 = LINE ( 'NONE', #2776, #2513 ) ;
#751 = CARTESIAN_POINT ( 'NONE',  ( -31.20652045448310474, 62.00000000000002132, 31.01976053169236991 ) ) ;
#752 = ORIENTED_EDGE ( 'NONE', *, *, #1103, .F. ) ;
#753 = CARTESIAN_POINT ( 'NONE',  ( 13.99025980139922787, 23.33056967998440356, 45.39339278560973412 ) ) ;
#754 = ORIENTED_EDGE ( 'NONE', *, *, #1554, .T. ) ;
#755 = CARTESIAN_POINT ( 'NONE',  ( -42.84567663866774723, 22.39353896501150132, -10.01547504146975420 ) ) ;
#756 = DIRECTION ( 'NONE',  ( -1.000000000000000000, 5.421010862427519089E-17, 0.000000000000000000 ) ) ;
#757 = DIRECTION ( 'NONE',  ( 0.000000000000000000, 0.000000000000000000, -1.000000000000000000 ) ) ;
#758 = ORIENTED_EDGE ( 'NONE', *, *, #2353, .T. ) ;
#759 = CARTESIAN_POINT ( 'NONE',  ( 30.45397887486518229, 22.20057018906254598, -31.75872720132402094 ) ) ;
#760 = CARTESIAN_POINT ( 'NONE',  ( 46.21896837848089490, 22.96512321433856130, -10.95879834187031854 ) ) ;
#761 = ORIENTED_EDGE ( 'NONE', *, *, #3669, .F. ) ;
#762 = ADVANCED_FACE ( 'NONE', ( #3142 ), #504, .F. ) ;
#763 = DIRECTION ( 'NONE',  ( 0.000000000000000000, 1.000000000000000000, -0.000000000000000000 ) ) ;
#764 = CARTESIAN_POINT ( 'NONE',  ( 37.10992723813211569, 58.00000000000000711, 8.723720558370843037 ) ) ;
#765 = FACE_OUTER_BOUND ( 'NONE', #2182, .T. ) ;
#766 = DIRECTION ( 'NONE',  ( 0.000000000000000000, 1.000000000000000000, 0.000000000000000000 ) ) ;
#767 = CARTESIAN_POINT ( 'NONE',  ( 43.32247897619586041, 58.00000000000000711, -7.691736823180368887 ) ) ;
#768 = ORIENTED_EDGE ( 'NONE', *, *, #1126, .T. ) ;
#769 = PLANE ( 'NONE',  #2249 ) ;
#770 = EDGE_LOOP ( 'NONE', ( #2290, #40 ) ) ;
#771 = ORIENTED_EDGE ( 'NONE', *, *, #3246, .T. ) ;
#772 = DIRECTION ( 'NONE',  ( 0.000000000000000000, 0.000000000000000000, 1.000000000000000000 ) ) ;
#773 = DIRECTION ( 'NONE',  ( 0.000000000000000000, 0.000000000000000000, -1.000000000000000000 ) ) ;
#774 = CARTESIAN_POINT ( 'NONE',  ( -70.09999999999996589, 74.50000000000001421, 25.00000000000003908 ) ) ;
#775 = VERTEX_POINT ( 'NONE', #1616 ) ;
#776 = ORIENTED_EDGE ( 'NONE', *, *, #310, .T. ) ;
#777 = CARTESIAN_POINT ( 'NONE',  ( 29.13444800088783637, 23.32838676632434627, -32.97304843357867554 ) ) ;
#778 = CIRCLE ( 'NONE', #1338, 2.750000000000002665 ) ;
#779 = CIRCLE ( 'NONE', #1158, 47.50000000000000711 ) ;
#780 = AXIS2_PLACEMENT_3D ( 'NONE', #2195, #1633, #2232 ) ;
#781 = CARTESIAN_POINT ( 'NONE',  ( 45.29480916652224209, 5.000000000000000000, -23.40097026518500201 ) ) ;
#782 = EDGE_LOOP ( 'NONE', ( #2425, #1547, #2100, #3579 ) ) ;
#783 = LINE ( 'NONE', #713, #2500 ) ;
#784 = LINE ( 'NONE', #1959, #1715 ) ;
#785 = CIRCLE ( 'NONE', #550, 4.250000000000005329 ) ;
#786 = ADVANCED_FACE ( 'NONE', ( #214 ), #1020, .F. ) ;
#787 = EDGE_CURVE ( 'NONE', #1810, #1133, #1045, .T. ) ;
#788 = EDGE_CURVE ( 'NONE', #3445, #2415, #1063, .T. ) ;
#789 = AXIS2_PLACEMENT_3D ( 'NONE', #1054, #756, #471 ) ;
#790 = DIRECTION ( 'NONE',  ( 0.000000000000000000, -1.000000000000000000, 0.000000000000000000 ) ) ;
#791 = DIRECTION ( 'NONE',  ( -0.000000000000000000, -1.000000000000000000, -0.000000000000000000 ) ) ;
#792 = DIRECTION ( 'NONE',  ( 0.000000000000000000, 0.000000000000000000, -1.000000000000000000 ) ) ;
#793 = VECTOR ( 'NONE', #1789, 1000.000000000000000 ) ;
#794 = EDGE_CURVE ( 'NONE', #1129, #3147, #1321, .T. ) ;
#795 = ORIENTED_EDGE ( 'NONE', *, *, #788, .T. ) ;
#796 = CARTESIAN_POINT ( 'NONE',  ( -80.00000000000000000, 67.00000000000000000, 45.00000000000003553 ) ) ;
#797 = EDGE_LOOP ( 'NONE', ( #2913, #3339 ) ) ;
#798 = VERTEX_POINT ( 'NONE', #2313 ) ;
#799 = CARTESIAN_POINT ( 'NONE',  ( -42.46716086699699844, 61.99999999999999289, -11.51575921145498604 ) ) ;
#800 = CARTESIAN_POINT ( 'NONE',  ( -31.85779028667261414, 59.79665233255974499, -35.23269499644492697 ) ) ;
#801 = PLANE ( 'NONE',  #852 ) ;
#802 = VERTEX_POINT ( 'NONE', #621 ) ;
#803 = CARTESIAN_POINT ( 'NONE',  ( 70.09999999999999432, 67.00000000000000000, 25.00000000000002132 ) ) ;
#804 = CARTESIAN_POINT ( 'NONE',  ( 14.15779103842967857, 23.53074038671324786, -45.34127230039069900 ) ) ;
#805 = DIRECTION ( 'NONE',  ( 0.000000000000000000, 1.000000000000000000, -0.000000000000000000 ) ) ;
#806 = ORIENTED_EDGE ( 'NONE', *, *, #1828, .T. ) ;
#807 = CARTESIAN_POINT ( 'NONE',  ( -15.00000000000000355, 26.00000000000000000, -45.06939094329987938 ) ) ;
#808 = CARTESIAN_POINT ( 'NONE',  ( -34.51796471586215631, 62.00000000000000711, 32.63066214275303878 ) ) ;
#809 = CARTESIAN_POINT ( 'NONE',  ( -46.53123748998994813, 58.26927603240425668, 9.544314414883578124 ) ) ;
#810 = DIRECTION ( 'NONE',  ( 0.000000000000000000, 0.000000000000000000, 1.000000000000000000 ) ) ;
#811 = CARTESIAN_POINT ( 'NONE',  ( -31.01871611396930462, 61.97476979579646184, 31.20749797014745752 ) ) ;
#812 = ORIENTED_EDGE ( 'NONE', *, *, #455, .T. ) ;
#813 = FACE_OUTER_BOUND ( 'NONE', #1838, .T. ) ;
#814 = ORIENTED_EDGE ( 'NONE', *, *, #2273, .F. ) ;
#815 = ORIENTED_EDGE ( 'NONE', *, *, #2658, .T. ) ;
#816 = CARTESIAN_POINT ( 'NONE',  ( -42.66694304439442220, 61.87574527056791851, -10.75177427972601940 ) ) ;
#817 = B_SPLINE_CURVE_WITH_KNOTS ( 'NONE', 3,
 ( #3358, #2106, #969, #953, #2760, #700, #2399, #3048, #2143, #1853, #3603, #1532, #3016, #411, #2123, #939, #1601, #3033 ),
 .UNSPECIFIED., .F., .F.,
 ( 4, 2, 2, 2, 2, 2, 2, 2, 4 ),
 ( 0.000000000000000000, 0.0007960697386567656877, 0.001592139477313531375, 0.002388209215970296846, 0.003184278954627062751, 0.003980348693283828655, 0.004776418431940593692, 0.005572488170597359597, 0.006368557909254125501 ),
 .UNSPECIFIED. ) ;
#818 = CARTESIAN_POINT ( 'NONE',  ( 37.10992723813193095, 26.00000000000000000, -8.723720558371628186 ) ) ;
#819 = EDGE_CURVE ( 'NONE', #2004, #588, #2590, .T. ) ;
#820 = CARTESIAN_POINT ( 'NONE',  ( 42.72982281582493869, 22.19915916777096854, 10.49876131073513896 ) ) ;
#821 = ADVANCED_FACE ( 'NONE', ( #3774 ), #2608, .F. ) ;
#822 = ORIENTED_EDGE ( 'NONE', *, *, #2964, .T. ) ;
#823 = DIRECTION ( 'NONE',  ( 0.000000000000000000, 0.000000000000000000, 1.000000000000000000 ) ) ;
#824 = DIRECTION ( 'NONE',  ( 0.000000000000000000, 1.000000000000000000, -0.000000000000000000 ) ) ;
#825 = DIRECTION ( 'NONE',  ( 0.000000000000000000, 0.000000000000000000, 1.000000000000000000 ) ) ;
#826 = ORIENTED_EDGE ( 'NONE', *, *, #984, .F. ) ;
#827 = LINE ( 'NONE', #2586, #3503 ) ;
#828 = DIRECTION ( 'NONE',  ( 0.000000000000000000, 0.000000000000000000, -1.000000000000000000 ) ) ;
#829 = CARTESIAN_POINT ( 'NONE',  ( -29.91943930515227379, 61.48482396520915216, -32.26264490084419378 ) ) ;
#830 = CARTESIAN_POINT ( 'NONE',  ( -15.00000000000000000, 58.00000000000000711, -45.06939094329987938 ) ) ;
#831 = DIRECTION ( 'NONE',  ( 0.000000000000000000, -0.000000000000000000, -1.000000000000000000 ) ) ;
#832 = ORIENTED_EDGE ( 'NONE', *, *, #2224, .F. ) ;
#833 = CARTESIAN_POINT ( 'NONE',  ( 13.98737784173537690, 23.32730971096810890, -41.71799985565375835 ) ) ;
#834 = EDGE_LOOP ( 'NONE', ( #1012, #1965, #2854, #3046 ) ) ;
#835 = CARTESIAN_POINT ( 'NONE',  ( 75.00000000000000000, 74.50000000000001421, 50.00000000000000711 ) ) ;
#836 = CARTESIAN_POINT ( 'NONE',  ( -42.99788809363939635, 22.79742796405890104, 9.339844396297786844 ) ) ;
#837 = DIRECTION ( 'NONE',  ( 1.000000000000000000, 0.000000000000000000, -1.387778780781445922E-16 ) ) ;
#838 = EDGE_CURVE ( 'NONE', #947, #886, #13, .T. ) ;
#839 = EDGE_CURVE ( 'NONE', #798, #3647, #3216, .T. ) ;
#840 = ORIENTED_EDGE ( 'NONE', *, *, #3435, .F. ) ;
#841 = CARTESIAN_POINT ( 'NONE',  ( 28.66199731865858524, 24.19722703412829645, -33.38415646850921092 ) ) ;
#842 = CARTESIAN_POINT ( 'NONE',  ( 31.85779028667284862, 59.79665233255973789, 35.23269499644471381 ) ) ;
#843 = B_SPLINE_CURVE_WITH_KNOTS ( 'NONE', 3,
 ( #3170, #3109, #1911, #1055, #2858, #3762, #3093, #1698, #2881, #2802, #224, #2219, #1072, #820, #472, #1663, #2548, #3740 ),
 .UNSPECIFIED., .F., .F.,
 ( 4, 2, 2, 2, 2, 2, 2, 2, 4 ),
 ( 0.000000000000000000, 0.0007994425935341555609, 0.001598885187068310471, 0.002398327780602465490, 0.003197770374136620943, 0.003997212967670775961, 0.004796655561204930113, 0.005596098154739085132, 0.006395540748273240150 ),
 .UNSPECIFIED. ) ;
#844 = CARTESIAN_POINT ( 'NONE',  ( 28.34407081432977549, 58.53217693607597027, 33.65437360569116265 ) ) ;
#845 = VECTOR ( 'NONE', #2924, 1000.000000000000000 ) ;
#846 = ORIENTED_EDGE ( 'NONE', *, *, #2092, .F. ) ;
#847 = CARTESIAN_POINT ( 'NONE',  ( -31.20781751932542392, 21.99999999999998934, 31.01843959225998404 ) ) ;
#848 = CARTESIAN_POINT ( 'NONE',  ( 43.12303434309845329, 23.32970082656304811, -8.743159043726185686 ) ) ;
#849 = VECTOR ( 'NONE', #1385, 1000.000000000000000 ) ;
#850 = VECTOR ( 'NONE', #2775, 1000.000000000000114 ) ;
#851 = CARTESIAN_POINT ( 'NONE',  ( 15.00000000000000355, 26.00000000000000000, 36.50000000000003553 ) ) ;
#852 = AXIS2_PLACEMENT_3D ( 'NONE', #165, #3423, #2514 ) ;
#853 = AXIS2_PLACEMENT_3D ( 'NONE', #803, #2534, #1973 ) ;
#854 = LINE ( 'NONE', #3211, #1331 ) ;
#855 = CARTESIAN_POINT ( 'NONE',  ( 43.32247897619586041, 58.00000000000000711, -7.691736823180368887 ) ) ;
#856 = VECTOR ( 'NONE', #3245, 1000.000000000000000 ) ;
#857 = VECTOR ( 'NONE', #1488, 1000.000000000000000 ) ;
#858 = CARTESIAN_POINT ( 'NONE',  ( 0.000000000000000000, 62.00000000000000711, 0.000000000000000000 ) ) ;
#859 = VERTEX_POINT ( 'NONE', #545 ) ;
#860 = DIRECTION ( 'NONE',  ( -0.000000000000000000, 1.000000000000000000, -0.000000000000000000 ) ) ;
#861 = AXIS2_PLACEMENT_3D ( 'NONE', #764, #688, #3141 ) ;
#862 = DIRECTION ( 'NONE',  ( 0.000000000000000000, 1.000000000000000000, -0.000000000000000000 ) ) ;
#863 = DIRECTION ( 'NONE',  ( 1.387778780781445922E-16, -0.000000000000000000, 1.000000000000000000 ) ) ;
#864 = DIRECTION ( 'NONE',  ( 0.000000000000000000, 1.000000000000000000, -0.000000000000000000 ) ) ;
#865 = EDGE_LOOP ( 'NONE', ( #2847, #2140, #2779, #2803 ) ) ;
#866 = CARTESIAN_POINT ( 'NONE',  ( 12.98393218031025143, 61.48311123376174692, -45.69156277694672497 ) ) ;
#867 = CARTESIAN_POINT ( 'NONE',  ( 12.27445975274782874, 22.19959929098139639, -45.88735755293730278 ) ) ;
#868 = APPROVAL ( #2133, '未指定' ) ;
#869 = CYLINDRICAL_SURFACE ( 'NONE', #3513, 4.000000000000000888 ) ;
#870 = ORIENTED_EDGE ( 'NONE', *, *, #3273, .F. ) ;
#871 = CARTESIAN_POINT ( 'NONE',  ( 32.59915943866547394, 61.03357823824698869, -34.54825978870498204 ) ) ;
#872 = CARTESIAN_POINT ( 'NONE',  ( 43.24243050234243668, 24.19600646135179645, -8.130457465855124966 ) ) ;
#873 = EDGE_CURVE ( 'NONE', #3153, #1129, #3242, .T. ) ;
#874 = EDGE_CURVE ( 'NONE', #3029, #1447, #3574, .T. ) ;
#875 = CARTESIAN_POINT ( 'NONE',  ( -29.58635127593356628, 61.20148340740770010, -32.56837304056993077 ) ) ;
#876 = CARTESIAN_POINT ( 'NONE',  ( -13.41511945120928040, 22.80080280240496293, -41.90568550515185109 ) ) ;
#877 = LINE ( 'NONE', #1735, #2260 ) ;
#878 = DIRECTION ( 'NONE',  ( 0.000000000000000000, 0.000000000000000000, 1.000000000000000000 ) ) ;
#879 = ORIENTED_EDGE ( 'NONE', *, *, #3562, .F. ) ;
#880 = LINE ( 'NONE', #3250, #1536 ) ;
#881 = CARTESIAN_POINT ( 'NONE',  ( -32.18627917308669595, 60.46683621109578866, -34.93304391716316815 ) ) ;
#882 = CARTESIAN_POINT ( 'NONE',  ( -12.75464958441020613, 22.39604411147801244, 45.75621115643036063 ) ) ;
#883 = CARTESIAN_POINT ( 'NONE',  ( 45.29480916652224209, 5.000000000000000000, -28.90097026518627032 ) ) ;
#884 = CARTESIAN_POINT ( 'NONE',  ( 11.51898125160025899, 22.02546538142539845, -46.08287151525004788 ) ) ;
#885 = DIRECTION ( 'NONE',  ( -0.4999999999999977240, 0.000000000000000000, 0.8660254037844400399 ) ) ;
#886 = VERTEX_POINT ( 'NONE', #1716 ) ;
#887 = CARTESIAN_POINT ( 'NONE',  ( 31.85923891021313992, 59.80027442508901458, -35.23138529078024561 ) ) ;
#888 = DIRECTION ( 'NONE',  ( 0.000000000000000000, 1.000000000000000000, -0.000000000000000000 ) ) ;
#889 = EDGE_CURVE ( 'NONE', #2415, #2407, #1428, .T. ) ;
#890 = DIRECTION ( 'NONE',  ( 0.000000000000000000, 1.000000000000000000, -0.000000000000000000 ) ) ;
#891 = ORIENTED_EDGE ( 'NONE', *, *, #2748, .F. ) ;
#892 = CARTESIAN_POINT ( 'NONE',  ( -45.51796471586225579, 62.00000000000000711, 13.57810325949544072 ) ) ;
#893 = PLANE ( 'NONE',  #298 ) ;
#894 = ORIENTED_EDGE ( 'NONE', *, *, #2638, .F. ) ;
#895 = DIRECTION ( 'NONE',  ( 0.000000000000000000, 1.000000000000000000, -0.000000000000000000 ) ) ;
#896 = CARTESIAN_POINT ( 'NONE',  ( 46.00272606733887670, 22.39497477750957444, 11.83470964590230956 ) ) ;
#897 = CARTESIAN_POINT ( 'NONE',  ( 28.49488385259957468, 24.68689446311729796, 33.52691051350923601 ) ) ;
#898 = CARTESIAN_POINT ( 'NONE',  ( 39.10992723813197358, 26.00000000000000000, -5.259618943233895116 ) ) ;
#899 = DIRECTION ( 'NONE',  ( 0.000000000000000000, 0.000000000000000000, 1.000000000000000000 ) ) ;
#900 = ORIENTED_EDGE ( 'NONE', *, *, #2532, .T. ) ;
#901 = DIRECTION ( 'NONE',  ( 0.000000000000000000, 0.000000000000000000, 1.000000000000000000 ) ) ;
#902 = DIRECTION ( 'NONE',  ( 0.000000000000000000, 0.000000000000000000, -1.000000000000000000 ) ) ;
#903 = ORIENTED_EDGE ( 'NONE', *, *, #3634, .T. ) ;
#904 = CARTESIAN_POINT ( 'NONE',  ( 39.10992723813208727, 26.00000000000000000, 5.259618943233069110 ) ) ;
#905 = CARTESIAN_POINT ( 'NONE',  ( 70.09999999999999432, 67.00000000000000000, -29.25000000000002487 ) ) ;
#906 = ORIENTED_EDGE ( 'NONE', *, *, #874, .T. ) ;
#907 = CARTESIAN_POINT ( 'NONE',  ( 14.45367536161228195, 23.96489416460548938, 41.55858435473719936 ) ) ;
#908 = VERTEX_POINT ( 'NONE', #3499 ) ;
#909 = CYLINDRICAL_SURFACE ( 'NONE', #3811, 3.999999999999998224 ) ;
#910 = VECTOR ( 'NONE', #1491, 1000.000000000000114 ) ;
#911 = DIRECTION ( 'NONE',  ( -0.000000000000000000, -1.000000000000000000, -0.000000000000000000 ) ) ;
#912 = EDGE_CURVE ( 'NONE', #1129, #2917, #2949, .T. ) ;
#913 = ADVANCED_FACE ( 'NONE', ( #1184 ), #2027, .F. ) ;
#914 = ORIENTED_EDGE ( 'NONE', *, *, #1199, .T. ) ;
#915 = EDGE_CURVE ( 'NONE', #2969, #436, #1770, .T. ) ;
#916 = VECTOR ( 'NONE', #609, 1000.000000000000000 ) ;
#917 = DIRECTION ( 'NONE',  ( 0.000000000000000000, 0.000000000000000000, -1.000000000000000000 ) ) ;
#918 = LINE ( 'NONE', #18, #3011 ) ;
#919 = CARTESIAN_POINT ( 'NONE',  ( -74.99999999999997158, 74.50000000000001421, 50.00000000000002842 ) ) ;
#920 = FACE_BOUND ( 'NONE', #3615, .T. ) ;
#921 = AXIS2_PLACEMENT_3D ( 'NONE', #2349, #2365, #902 ) ;
#922 = EDGE_CURVE ( 'NONE', #949, #3223, #970, .T. ) ;
#923 = LINE ( 'NONE', #1437, #3427 ) ;
#924 = AXIS2_PLACEMENT_3D ( 'NONE', #1640, #2823, #189 ) ;
#925 = ORIENTED_EDGE ( 'NONE', *, *, #3054, .T. ) ;
#926 = CARTESIAN_POINT ( 'NONE',  ( 26.10992723813229688, 26.00000000000000000, 27.77627944162859919 ) ) ;
#927 = VECTOR ( 'NONE', #565, 1000.000000000000000 ) ;
#928 = CARTESIAN_POINT ( 'NONE',  ( 0.000000000000000000, 62.00000000000000000, 0.000000000000000000 ) ) ;
#929 = ORIENTED_EDGE ( 'NONE', *, *, #80, .T. ) ;
#930 = CARTESIAN_POINT ( 'NONE',  ( 0.000000000000000000, 22.00000000000000000, 0.000000000000000000 ) ) ;
#931 = CARTESIAN_POINT ( 'NONE',  ( 0.000000000000000000, 0.000000000000000000, 0.000000000000000000 ) ) ;
#932 = ORIENTED_EDGE ( 'NONE', *, *, #681, .T. ) ;
#933 = CARTESIAN_POINT ( 'NONE',  ( 46.21925035289562800, 61.03357823824698869, 10.95757032155118438 ) ) ;
#934 = EDGE_LOOP ( 'NONE', ( #3214, #3205 ) ) ;
#935 = FACE_OUTER_BOUND ( 'NONE', #2643, .T. ) ;
#936 = CYLINDRICAL_SURFACE ( 'NONE', #2452, 3.999999999999998224 ) ;
#937 = ORIENTED_EDGE ( 'NONE', *, *, #2323, .F. ) ;
#938 = EDGE_CURVE ( 'NONE', #588, #1686, #335, .T. ) ;
#939 = CARTESIAN_POINT ( 'NONE',  ( -46.52549640801866815, 25.46257995349617431, 9.572427661836572454 ) ) ;
#940 = CARTESIAN_POINT ( 'NONE',  ( 11.26064041251373204, 62.00000000000000000, 42.53551974314730444 ) ) ;
#941 = CARTESIAN_POINT ( 'NONE',  ( 70.09999999999999432, 67.00000000000000000, -4.249999999999957367 ) ) ;
#942 = CARTESIAN_POINT ( 'NONE',  ( -13.98737784173538046, 60.67269028903189110, -41.71799985565375835 ) ) ;
#943 = LINE ( 'NONE', #1760, #3623 ) ;
#944 = EDGE_CURVE ( 'NONE', #3098, #1259, #3322, .T. ) ;
#945 = CARTESIAN_POINT ( 'NONE',  ( -42.39512162874648027, 62.00000000000000711, 11.77512896251217001 ) ) ;
#946 = CARTESIAN_POINT ( 'NONE',  ( -14.45729803686530346, 23.97112751216083382, -45.24666344018866226 ) ) ;
#947 = VERTEX_POINT ( 'NONE', #2717 ) ;
#948 = DATE_AND_TIME ( #3598, #3385 ) ;
#949 = VERTEX_POINT ( 'NONE', #2101 ) ;
#950 = CARTESIAN_POINT ( 'NONE',  ( -43.04356415914875100, 61.03521211566603455, 9.126311839774460921 ) ) ;
#951 = CARTESIAN_POINT ( 'NONE',  ( 0.000000000000000000, 5.000000000000000000, -52.30194053036741764 ) ) ;
#952 = ORIENTED_EDGE ( 'NONE', *, *, #2915, .F. ) ;
#953 = CARTESIAN_POINT ( 'NONE',  ( -45.80910451119885352, 22.12477566038527144, 12.56359502880536638 ) ) ;
#954 = CARTESIAN_POINT ( 'NONE',  ( 15.00000000000000000, 58.54077218376894365, 41.36423575989287116 ) ) ;
#955 = FACE_OUTER_BOUND ( 'NONE', #3715, .T. ) ;
#956 = DIRECTION ( 'NONE',  ( 0.000000000000000000, 0.000000000000000000, 1.000000000000000000 ) ) ;
#957 = VERTEX_POINT ( 'NONE', #353 ) ;
#958 = CARTESIAN_POINT ( 'NONE',  ( 46.53123748998988418, 26.00000000000000000, -9.544314414883903197 ) ) ;
#959 = VERTEX_POINT ( 'NONE', #453 ) ;
#960 = CARTESIAN_POINT ( 'NONE',  ( 46.00364710857380146, 61.60347763060606496, -11.83117474293582561 ) ) ;
#961 = EDGE_CURVE ( 'NONE', #2184, #1694, #3343, .T. ) ;
#962 = ORIENTED_EDGE ( 'NONE', *, *, #1899, .T. ) ;
#963 = EDGE_LOOP ( 'NONE', ( #870, #2766, #357, #3466 ) ) ;
#964 = DATE_TIME_ROLE ( 'classification_date' ) ;
#965 = ORIENTED_EDGE ( 'NONE', *, *, #2181, .F. ) ;
#966 = CARTESIAN_POINT ( 'NONE',  ( 0.000000000000000000, 67.00000000000000000, 0.000000000000000000 ) ) ;
#967 = DIRECTION ( 'NONE',  ( 0.000000000000000000, 1.000000000000000000, -0.000000000000000000 ) ) ;
#968 = ORIENTED_EDGE ( 'NONE', *, *, #421, .F. ) ;
#969 = CARTESIAN_POINT ( 'NONE',  ( -45.66842803734088818, 22.02546538142539845, 13.06570536802274241 ) ) ;
#970 = B_SPLINE_CURVE_WITH_KNOTS ( 'NONE', 3,
 ( #3286, #3325, #1277, #3010, #696, #167, #1791, #3600, #1342, #950, #70, #2735, #989, #643, #2970, #45, #2161, #1058 ),
 .UNSPECIFIED., .F., .F.,
 ( 4, 2, 2, 2, 2, 2, 2, 2, 4 ),
 ( 0.000000000000000000, 0.0007987275890163507202, 0.001597455178032701440, 0.002396182767049052052, 0.003194910356065402881, 0.003993637945081753710, 0.004792365534098104105, 0.005591093123114455367, 0.006389820712130805762 ),
 .UNSPECIFIED. ) ;
#971 = AXIS2_PLACEMENT_3D ( 'NONE', #930, #2746, #2367 ) ;
#972 = DIRECTION ( 'NONE',  ( -0.000000000000000000, -1.000000000000000000, -0.000000000000000000 ) ) ;
#973 = DIRECTION ( 'NONE',  ( -0.4999999999999980571, 0.000000000000000000, 0.8660254037844397068 ) ) ;
#974 = LINE ( 'NONE', #2146, #2329 ) ;
#975 = CIRCLE ( 'NONE', #3122, 47.50000000000000711 ) ;
#976 = VECTOR ( 'NONE', #1248, 1000.000000000000000 ) ;
#977 = ORIENTED_EDGE ( 'NONE', *, *, #1989, .F. ) ;
#978 = CARTESIAN_POINT ( 'NONE',  ( -45.29480916652004652, 0.000000000000000000, -26.15097026518175483 ) ) ;
#979 = VECTOR ( 'NONE', #1070, 1000.000000000000227 ) ;
#980 = CARTESIAN_POINT ( 'NONE',  ( 32.18475849319276705, 23.53572381013718484, -34.93444345815903773 ) ) ;
#981 = VECTOR ( 'NONE', #2336, 1000.000000000000000 ) ;
#982 = ORIENTED_EDGE ( 'NONE', *, *, #2405, .T. ) ;
#983 = VERTEX_POINT ( 'NONE', #392 ) ;
#984 = EDGE_CURVE ( 'NONE', #3104, #3645, #3461, .T. ) ;
#985 = DATE_AND_TIME ( #1220, #3137 ) ;
#986 = CARTESIAN_POINT ( 'NONE',  ( -37.10992723813200200, 22.00000000000000000, 8.723720558371365286 ) ) ;
#987 = CC_DESIGN_APPROVAL ( #868, ( #1174 ) ) ;
#988 = ORIENTED_EDGE ( 'NONE', *, *, #3562, .T. ) ;
#989 = CARTESIAN_POINT ( 'NONE',  ( -42.84650981812259829, 61.60473886365505791, 10.01190187548688826 ) ) ;
#990 = EDGE_CURVE ( 'NONE', #802, #3674, #2413, .T. ) ;
#991 = DIRECTION ( 'NONE',  ( 0.8660254037844432595, -0.000000000000000000, 0.4999999999999920064 ) ) ;
#992 = CARTESIAN_POINT ( 'NONE',  ( 14.99999999999999822, 25.72955784584619465, -41.36423575989287826 ) ) ;
#993 = CARTESIAN_POINT ( 'NONE',  ( 12.27318327698793432, 61.80073690525605201, 42.25436159603871999 ) ) ;
#994 = CARTESIAN_POINT ( 'NONE',  ( -32.18805927293897184, 60.46977601035781902, 34.93140427690985916 ) ) ;
#995 = CARTESIAN_POINT ( 'NONE',  ( 79.99999999999998579, 67.00000000000000000, -45.00000000000004974 ) ) ;
#996 = DIRECTION ( 'NONE',  ( 0.000000000000000000, 1.000000000000000000, -0.000000000000000000 ) ) ;
#997 = ORIENTED_EDGE ( 'NONE', *, *, #3081, .T. ) ;
#998 = CARTESIAN_POINT ( 'NONE',  ( 42.39512162874640211, 22.00000000000000000, -11.77512896251247199 ) ) ;
#999 = CARTESIAN_POINT ( 'NONE',  ( -74.99999999999997158, 74.50000000000001421, 50.00000000000002842 ) ) ;
#1000 = ORIENTED_EDGE ( 'NONE', *, *, #255, .T. ) ;
#1001 = B_SPLINE_CURVE_WITH_KNOTS ( 'NONE', 3,
 ( #2361, #3251, #2671, #2125, #3276, #77, #3307, #54, #1534, #342, #1779, #3547, #3621, #897, #3567, #2709, #19, #2419 ),
 .UNSPECIFIED., .F., .F.,
 ( 4, 2, 2, 2, 2, 2, 2, 2, 4 ),
 ( 0.006327733405352053454, 0.007127326937903208891, 0.007926920470454370399, 0.008726514003005534509, 0.009526107535556696884, 0.01032570106810785926, 0.01112529460065901990, 0.01192488813321018401, 0.01272448166576134639 ),
 .UNSPECIFIED. ) ;
#1002 = PERSON_AND_ORGANIZATION_ROLE ( 'creator' ) ;
#1003 = CARTESIAN_POINT ( 'NONE',  ( -11.00000000000000000, 62.00000000000000711, -46.20876540224810469 ) ) ;
#1004 = EDGE_LOOP ( 'NONE', ( #2428, #562, #3797, #2366 ) ) ;
#1005 = CARTESIAN_POINT ( 'NONE',  ( -28.32247897619579291, 25.72955711150535052, 33.67249893671315419 ) ) ;
#1006 = ADVANCED_FACE ( 'NONE', ( #87, #1260, #2429 ), #3616, .T. ) ;
#1007 = CARTESIAN_POINT ( 'NONE',  ( -12.75167689016893391, 22.39462964809839107, 42.11243616000907508 ) ) ;
#1008 = DIRECTION ( 'NONE',  ( 0.8660254037844328234, -0.000000000000000000, -0.5000000000000101030 ) ) ;
#1009 = DIRECTION ( 'NONE',  ( 0.8660254037844363761, 0.000000000000000000, -0.5000000000000041078 ) ) ;
#1010 = EDGE_LOOP ( 'NONE', ( #723, #768, #3768, #24, #2122, #3584, #2127, #2153, #1643, #2714, #1987, #3599, #894, #595, #660, #1848, #2389, #134, #1185, #1695, #113, #2732, #1028, #541, #2055, #3816, #1915, #3023 ) ) ;
#1011 = FACE_OUTER_BOUND ( 'NONE', #2897, .T. ) ;
#1012 = ORIENTED_EDGE ( 'NONE', *, *, #2092, .T. ) ;
#1013 = DIRECTION ( 'NONE',  ( -0.000000000000000000, -0.000000000000000000, 1.000000000000000000 ) ) ;
#1014 = B_SPLINE_CURVE_WITH_KNOTS ( 'NONE', 3,
 ( #624, #1606, #2490, #2780, #3678, #1053, #2217, #150, #2201, #1318, #1639, #2800, #2237, #1661, #2821, #1925, #188, #3717 ),
 .UNSPECIFIED., .F., .F.,
 ( 4, 2, 2, 2, 2, 2, 2, 2, 4 ),
 ( 0.000000000000000000, 0.0007967757044379270449, 0.001593551408875854090, 0.002390327113313781351, 0.003187102817751708179, 0.003983878522189635007, 0.004780654226627562703, 0.005577429931065489531, 0.006374205635503416359 ),
 .UNSPECIFIED. ) ;
#1015 = DIRECTION ( 'NONE',  ( -0.8660254037844363761, -0.000000000000000000, 0.5000000000000041078 ) ) ;
#1016 = VERTEX_POINT ( 'NONE', #2136 ) ;
#1017 = DIRECTION ( 'NONE',  ( 0.000000000000000000, -1.000000000000000000, 0.000000000000000000 ) ) ;
#1018 = ORIENTED_EDGE ( 'NONE', *, *, #3296, .F. ) ;
#1019 = CARTESIAN_POINT ( 'NONE',  ( -34.33499364748652027, 22.00000000000000000, 32.82421594973934731 ) ) ;
#1020 = CYLINDRICAL_SURFACE ( 'NONE', #2575, 2.750000000000633715 ) ;
#1021 = EDGE_CURVE ( 'NONE', #2697, #1657, #1849, .T. ) ;
#1022 = LINE ( 'NONE', #433, #1895 ) ;
#1023 = EDGE_CURVE ( 'NONE', #2339, #1133, #366, .T. ) ;
#1024 = CYLINDRICAL_SURFACE ( 'NONE', #546, 2.750000000004595879 ) ;
#1025 = VECTOR ( 'NONE', #3397, 1000.000000000000000 ) ;
#1026 = AXIS2_PLACEMENT_3D ( 'NONE', #1857, #1286, #148 ) ;
#1027 = LINE ( 'NONE', #1538, #3812 ) ;
#1028 = ORIENTED_EDGE ( 'NONE', *, *, #1819, .F. ) ;
#1029 = CARTESIAN_POINT ( 'NONE',  ( 34.51796471586192894, 62.00000000000000711, -32.63066214275328036 ) ) ;
#1030 = CARTESIAN_POINT ( 'NONE',  ( 10.99999999999999822, 26.00000000000000000, -36.50000000000003553 ) ) ;
#1031 = ADVANCED_FACE ( 'NONE', ( #2602 ), #1074, .F. ) ;
#1032 = CYLINDRICAL_SURFACE ( 'NONE', #1037, 44.00000000000000711 ) ;
#1033 = ADVANCED_FACE ( 'NONE', ( #2861 ), #3111, .F. ) ;
#1034 = AXIS2_PLACEMENT_3D ( 'NONE', #105, #2449, #1278 ) ;
#1035 = AXIS2_PLACEMENT_3D ( 'NONE', #2916, #606, #2669 ) ;
#1036 = ORIENTED_EDGE ( 'NONE', *, *, #938, .F. ) ;
#1037 = AXIS2_PLACEMENT_3D ( 'NONE', #1896, #1320, #405 ) ;
#1038 = VECTOR ( 'NONE', #3809, 1000.000000000000000 ) ;
#1039 = VECTOR ( 'NONE', #972, 1000.000000000000000 ) ;
#1040 = CIRCLE ( 'NONE', #1168, 47.50000000000000711 ) ;
#1041 = CARTESIAN_POINT ( 'NONE',  ( 43.12239718589066229, 60.67335697356285351, 8.746251660613568291 ) ) ;
#1042 = ORIENTED_EDGE ( 'NONE', *, *, #414, .F. ) ;
#1043 = VECTOR ( 'NONE', #382, 1000.000000000000227 ) ;
#1044 = LINE ( 'NONE', #2210, #2445 ) ;
#1045 = LINE ( 'NONE', #444, #3195 ) ;
#1046 = CARTESIAN_POINT ( 'NONE',  ( -70.09999999999999432, 74.50000000000001421, -29.25000000000000711 ) ) ;
#1047 = LINE ( 'NONE', #1938, #2882 ) ;
#1048 = EDGE_CURVE ( 'NONE', #1490, #1295, #2248, .T. ) ;
#1049 = EDGE_LOOP ( 'NONE', ( #220, #1273, #3058, #1373 ) ) ;
#1050 = CARTESIAN_POINT ( 'NONE',  ( -74.99999999999998579, 67.00000000000000000, -50.00000000000002842 ) ) ;
#1051 = ORIENTED_EDGE ( 'NONE', *, *, #1597, .F. ) ;
#1052 = VERTEX_POINT ( 'NONE', #3426 ) ;
#1053 = CARTESIAN_POINT ( 'NONE',  ( -46.44097158642202317, 24.20018319659063621, -9.974862493292162569 ) ) ;
#1054 = CARTESIAN_POINT ( 'NONE',  ( -15.00000000000000178, 26.00000000000000000, -36.50000000000003553 ) ) ;
#1055 = CARTESIAN_POINT ( 'NONE',  ( 43.29755277053678242, 24.94272107319292786, 7.831034117423930851 ) ) ;
#1056 = ORIENTED_EDGE ( 'NONE', *, *, #2181, .T. ) ;
#1057 = ORIENTED_EDGE ( 'NONE', *, *, #2960, .F. ) ;
#1058 = CARTESIAN_POINT ( 'NONE',  ( -42.39512162874648027, 62.00000000000000711, 11.77512896251217001 ) ) ;
#1059 = DIRECTION ( 'NONE',  ( -0.8660254037844363761, -0.000000000000000000, 0.5000000000000041078 ) ) ;
#1060 = ORIENTED_EDGE ( 'NONE', *, *, #231, .F. ) ;
#1061 = CARTESIAN_POINT ( 'NONE',  ( -70.09999999999999432, 67.00000000000000000, 6.574180545139649923E-14 ) ) ;
#1062 = CARTESIAN_POINT ( 'NONE',  ( -31.95873791139315045, 60.03464052165234222, 35.14133229725405982 ) ) ;
#1063 = LINE ( 'NONE', #2833, #2261 ) ;
#1064 = DIRECTION ( 'NONE',  ( -0.000000000000000000, -1.000000000000000000, -0.000000000000000000 ) ) ;
#1065 = FACE_OUTER_BOUND ( 'NONE', #3043, .T. ) ;
#1066 = ORIENTED_EDGE ( 'NONE', *, *, #1476, .F. ) ;
#1067 = PLANE ( 'NONE',  #123 ) ;
#1068 = VERTEX_POINT ( 'NONE', #1420 ) ;
#1069 = EDGE_LOOP ( 'NONE', ( #1755, #1371 ) ) ;
#1070 = DIRECTION ( 'NONE',  ( -0.8660254037844397068, -0.000000000000000000, -0.4999999999999980016 ) ) ;
#1071 = CARTESIAN_POINT ( 'NONE',  ( -14.45337268080127480, 60.03546171855214908, -45.24791751070853252 ) ) ;
#1072 = CARTESIAN_POINT ( 'NONE',  ( 42.84567663866781118, 22.39353896501149777, 10.01547504146946110 ) ) ;
#1073 = ORIENTED_EDGE ( 'NONE', *, *, #2612, .F. ) ;
#1074 = CYLINDRICAL_SURFACE ( 'NONE', #1644, 3.999999999999998224 ) ;
#1075 = EDGE_CURVE ( 'NONE', #3443, #3148, #3180, .T. ) ;
#1076 = ADVANCED_FACE ( 'NONE', ( #1363 ), #3765, .F. ) ;
#1077 = CARTESIAN_POINT ( 'NONE',  ( 45.66908941574764214, 22.02571639763799993, -13.06340910899171881 ) ) ;
#1078 = ORIENTED_EDGE ( 'NONE', *, *, #2589, .T. ) ;
#1079 = CARTESIAN_POINT ( 'NONE',  ( -32.59938932084490659, 22.96615420234792282, 34.54804327031091304 ) ) ;
#1080 = CARTESIAN_POINT ( 'NONE',  ( 28.32247897619625832, 58.00000000000000711, 33.67249893671274918 ) ) ;
#1081 = CARTESIAN_POINT ( 'NONE',  ( 14.97285719505577362, 25.46411311459298332, 41.37410686265193505 ) ) ;
#1082 = CARTESIAN_POINT ( 'NONE',  ( -28.34490567120481685, 25.46131640094801085, -33.65367017803490768 ) ) ;
#1083 = CARTESIAN_POINT ( 'NONE',  ( 4.440316247983206502E-12, 5.000000000000000000, 52.30194053036741764 ) ) ;
#1084 = EDGE_LOOP ( 'NONE', ( #3075, #736 ) ) ;
#1085 = CARTESIAN_POINT ( 'NONE',  ( 70.09999999999999432, 74.50000000000001421, 25.00000000000002132 ) ) ;
#1086 = ORIENTED_EDGE ( 'NONE', *, *, #1654, .T. ) ;
#1087 = CARTESIAN_POINT ( 'NONE',  ( -42.39512162874656553, 62.00000000000000711, -11.77512896251187158 ) ) ;
#1088 = CARTESIAN_POINT ( 'NONE',  ( -42.89967835467457746, 22.51442716214529227, 9.781036290989707283 ) ) ;
#1089 = DIRECTION ( 'NONE',  ( 0.000000000000000000, 1.000000000000000000, -0.000000000000000000 ) ) ;
#1090 = EDGE_LOOP ( 'NONE', ( #1247, #2797, #149, #571 ) ) ;
#1091 = CARTESIAN_POINT ( 'NONE',  ( 31.01748963086971500, 22.02536188180815913, -31.20872820252365543 ) ) ;
#1092 = AXIS2_PLACEMENT_3D ( 'NONE', #1061, #763, #1651 ) ;
#1093 = CARTESIAN_POINT ( 'NONE',  ( 14.86558347466680985, 24.93741500414357759, -45.11394036560500354 ) ) ;
#1094 = AXIS2_PLACEMENT_3D ( 'NONE', #343, #286, #1740 ) ;
#1095 = VECTOR ( 'NONE', #3226, 1000.000000000000000 ) ;
#1096 = EDGE_CURVE ( 'NONE', #110, #1571, #2142, .T. ) ;
#1097 = CARTESIAN_POINT ( 'NONE',  ( 46.44104916078003953, 24.20070444274513477, -9.974505257460910101 ) ) ;
#1098 = ORIENTED_EDGE ( 'NONE', *, *, #3482, .F. ) ;
#1099 = CARTESIAN_POINT ( 'NONE',  ( 34.51796471586192894, 62.00000000000000711, -32.63066214275328036 ) ) ;
#1100 = FACE_OUTER_BOUND ( 'NONE', #1379, .T. ) ;
#1101 = CIRCLE ( 'NONE', #3577, 44.00000000000000711 ) ;
#1102 = VECTOR ( 'NONE', #2934, 1000.000000000000000 ) ;
#1103 = EDGE_CURVE ( 'NONE', #1214, #2787, #3501, .T. ) ;
#1104 = EDGE_CURVE ( 'NONE', #1686, #886, #461, .T. ) ;
#1105 = DIRECTION ( 'NONE',  ( 0.000000000000000000, 0.000000000000000000, -1.000000000000000000 ) ) ;
#1106 = CARTESIAN_POINT ( 'NONE',  ( 31.53123748998957865, 58.00000000000000711, -35.52507652841688213 ) ) ;
#1107 = DIRECTION ( 'NONE',  ( 1.000000000000000000, 0.000000000000000000, 0.000000000000000000 ) ) ;
#1108 = ORIENTED_EDGE ( 'NONE', *, *, #3465, .T. ) ;
#1109 = CARTESIAN_POINT ( 'NONE',  ( 14.97303969296134518, 25.46586525362481268, 45.07838903644046979 ) ) ;
#1110 = ORIENTED_EDGE ( 'NONE', *, *, #3778, .F. ) ;
#1111 = ORIENTED_EDGE ( 'NONE', *, *, #743, .F. ) ;
#1112 = CARTESIAN_POINT ( 'NONE',  ( -43.32247897619595989, 26.00000000000000000, -7.691736823179750715 ) ) ;
#1113 = CARTESIAN_POINT ( 'NONE',  ( -43.32247897619591015, 25.99999999999999645, 7.691736823180063354 ) ) ;
#1114 = CARTESIAN_POINT ( 'NONE',  ( 3.367778697655219039E-16, 5.000000000000000000, -49.55194053036741053 ) ) ;
#1115 = ORIENTED_EDGE ( 'NONE', *, *, #400, .F. ) ;
#1116 = DIRECTION ( 'NONE',  ( -0.000000000000000000, -1.000000000000000000, -0.000000000000000000 ) ) ;
#1117 = CARTESIAN_POINT ( 'NONE',  ( 32.18627917308693043, 60.46683621109577444, 34.93304391716293367 ) ) ;
#1118 = B_SPLINE_CURVE_WITH_KNOTS ( 'NONE', 3,
 ( #1307, #2753, #1577, #125, #3666, #1294, #1598, #3045, #1847, #1041, #172, #694, #3636, #1611, #3341, #3323 ),
 .UNSPECIFIED., .F., .F.,
 ( 4, 2, 2, 2, 2, 2, 2, 4 ),
 ( 0.01904983721772512614, 0.01984911191766223007, 0.02064838661759933053, 0.02144766131753643446, 0.02224693601747353838, 0.02304621071741063884, 0.02384548541734774277, 0.02544403481722194715 ),
 .UNSPECIFIED. ) ;
#1119 = DIRECTION ( 'NONE',  ( -0.000000000000000000, -1.000000000000000000, -0.000000000000000000 ) ) ;
#1120 = ORIENTED_EDGE ( 'NONE', *, *, #915, .T. ) ;
#1121 = CARTESIAN_POINT ( 'NONE',  ( 14.86569405810278433, 59.06235492879009996, 45.11390402622965468 ) ) ;
#1122 = CARTESIAN_POINT ( 'NONE',  ( -10.99999999999999822, 22.00000000000000000, 36.50000000000003553 ) ) ;
#1123 = DIRECTION ( 'NONE',  ( 0.000000000000000000, 0.000000000000000000, -1.000000000000000000 ) ) ;
#1124 = LINE ( 'NONE', #2894, #857 ) ;
#1125 = LINE ( 'NONE', #2296, #856 ) ;
#1126 = EDGE_CURVE ( 'NONE', #166, #2102, #441, .T. ) ;
#1127 = VERTEX_POINT ( 'NONE', #2805 ) ;
#1128 = DIRECTION ( 'NONE',  ( -0.000000000000000000, -0.000000000000000000, 1.000000000000000000 ) ) ;
#1129 = VERTEX_POINT ( 'NONE', #3652 ) ;
#1130 = CARTESIAN_POINT ( 'NONE',  ( 46.06119289583159571, 22.51501741697246572, 11.60465636729101746 ) ) ;
#1131 = LINE ( 'NONE', #1723, #372 ) ;
#1132 = CARTESIAN_POINT ( 'NONE',  ( -14.99999999999999822, 25.73052386325663932, 45.06939094329988649 ) ) ;
#1133 = VERTEX_POINT ( 'NONE', #2494 ) ;
#1134 = CARTESIAN_POINT ( 'NONE',  ( 31.39512162874617829, 22.00000000000000000, -30.82768784576998655 ) ) ;
#1135 = CARTESIAN_POINT ( 'NONE',  ( -39.10992723813205174, 26.00000000000000000, -5.259618943233341781 ) ) ;
#1136 = CARTESIAN_POINT ( 'NONE',  ( 46.06259840619521384, 22.51841683703624142, -11.59902343354208831 ) ) ;
#1137 = ORIENTED_EDGE ( 'NONE', *, *, #3328, .F. ) ;
#1138 = CARTESIAN_POINT ( 'NONE',  ( -30.09649413621561109, 22.39353896501150842, 32.09770689068492544 ) ) ;
#1139 = DIRECTION ( 'NONE',  ( 0.000000000000000000, 0.000000000000000000, 1.000000000000000000 ) ) ;
#1140 = DIRECTION ( 'NONE',  ( -0.000000000000000000, -1.000000000000000000, -0.000000000000000000 ) ) ;
#1141 = CARTESIAN_POINT ( 'NONE',  ( 45.51796471586214921, 22.00000000000000000, -13.57810325949576225 ) ) ;
#1142 = CARTESIAN_POINT ( 'NONE',  ( 28.32247897619555488, 62.00000000000000000, -33.67249893671333894 ) ) ;
#1143 = EDGE_CURVE ( 'NONE', #2396, #2536, #727, .T. ) ;
#1144 = CARTESIAN_POINT ( 'NONE',  ( 11.51821898101522379, 22.02539768421411281, -42.46644671950569716 ) ) ;
#1145 = VERTEX_POINT ( 'NONE', #1003 ) ;
#1146 = EDGE_CURVE ( 'NONE', #391, #193, #679, .T. ) ;
#1147 = CARTESIAN_POINT ( 'NONE',  ( 46.53123748999009024, 26.00000000000000000, 9.544314414882927977 ) ) ;
#1148 = DIRECTION ( 'NONE',  ( 0.000000000000000000, 1.000000000000000000, -0.000000000000000000 ) ) ;
#1149 = CARTESIAN_POINT ( 'NONE',  ( -14.99999999999999645, 58.00000000000000711, 45.06939094329987938 ) ) ;
#1150 = DIRECTION ( 'NONE',  ( 0.8660254037844433705, -0.000000000000000000, 0.4999999999999920619 ) ) ;
#1151 = EDGE_CURVE ( 'NONE', #1808, #1575, #1118, .T. ) ;
#1152 = DIRECTION ( 'NONE',  ( 0.000000000000000000, 1.000000000000000000, -0.000000000000000000 ) ) ;
#1153 = EDGE_CURVE ( 'NONE', #1559, #3519, #2204, .T. ) ;
#1154 = CARTESIAN_POINT ( 'NONE',  ( 32.75401647088946078, 61.19862047699376006, 34.40167046670028839 ) ) ;
#1155 = CARTESIAN_POINT ( 'NONE',  ( 29.13389959774605131, 60.67094779770305735, 32.97353835438453729 ) ) ;
#1156 = AXIS2_PLACEMENT_3D ( 'NONE', #9, #1216, #594 ) ;
#1157 = VERTEX_POINT ( 'NONE', #1901 ) ;
#1158 = AXIS2_PLACEMENT_3D ( 'NONE', #3311, #2711, #81 ) ;
#1159 = CARTESIAN_POINT ( 'NONE',  ( 12.98191192696241281, 61.48411060104378123, 45.69212889252588639 ) ) ;
#1160 = CARTESIAN_POINT ( 'NONE',  ( 43.15777229366754142, 23.53082318638969994, -8.569183743855878888 ) ) ;
#1161 = VECTOR ( 'NONE', #3480, 1000.000000000000000 ) ;
#1162 = CARTESIAN_POINT ( 'NONE',  ( -31.39512162874660817, 62.00000000000000711, -30.82768784576953891 ) ) ;
#1163 = VECTOR ( 'NONE', #1535, 1000.000000000000000 ) ;
#1164 = CARTESIAN_POINT ( 'NONE',  ( -70.09999999999999432, 74.50000000000001421, -4.249999999999939604 ) ) ;
#1165 = CARTESIAN_POINT ( 'NONE',  ( 14.99999999999999645, 26.00000000000000000, -45.06939094329987938 ) ) ;
#1166 = ORIENTED_EDGE ( 'NONE', *, *, #1309, .F. ) ;
#1167 = CIRCLE ( 'NONE', #3576, 4.250000000000003553 ) ;
#1168 = AXIS2_PLACEMENT_3D ( 'NONE', #1914, #1017, #2188 ) ;
#1169 = CARTESIAN_POINT ( 'NONE',  ( 10.99999999999999822, 22.00000000000000000, -42.60281680828158812 ) ) ;
#1170 = ORIENTED_EDGE ( 'NONE', *, *, #2677, .F. ) ;
#1171 = LINE ( 'NONE', #1434, #725 ) ;
#1172 = CARTESIAN_POINT ( 'NONE',  ( -31.53123748999007248, 58.26622145420670762, -35.52507652841644870 ) ) ;
#1173 = CARTESIAN_POINT ( 'NONE',  ( -14.58176519627090428, 24.19990827978725534, 45.20656758417630527 ) ) ;
#1174 = SECURITY_CLASSIFICATION ( '', '', #1521 ) ;
#1175 = VERTEX_POINT ( 'NONE', #1881 ) ;
#1176 = CARTESIAN_POINT ( 'NONE',  ( -37.10992723813200200, 22.00000000000000000, 8.723720558371367062 ) ) ;
#1177 = CARTESIAN_POINT ( 'NONE',  ( 14.58273892073153810, 59.79831479872441946, -45.20625409303031006 ) ) ;
#1178 = CARTESIAN_POINT ( 'NONE',  ( 5.817072295949929004E-15, 67.00000000000000000, 47.50000000000000711 ) ) ;
#1179 = EDGE_CURVE ( 'NONE', #1707, #3392, #1979, .T. ) ;
#1180 = DIRECTION ( 'NONE',  ( 0.000000000000000000, 0.000000000000000000, -1.000000000000000000 ) ) ;
#1181 = VERTEX_POINT ( 'NONE', #2733 ) ;
#1182 = CYLINDRICAL_SURFACE ( 'NONE', #2384, 4.250000000000003553 ) ;
#1183 = LINE ( 'NONE', #3792, #68 ) ;
#1184 = FACE_OUTER_BOUND ( 'NONE', #2079, .T. ) ;
#1185 = ORIENTED_EDGE ( 'NONE', *, *, #1728, .F. ) ;
#1186 = CARTESIAN_POINT ( 'NONE',  ( 4.440316247983206502E-12, 0.000000000000000000, 52.30194053036741764 ) ) ;
#1187 = DIRECTION ( 'NONE',  ( 0.000000000000000000, -0.000000000000000000, -1.000000000000000000 ) ) ;
#1188 = ORIENTED_EDGE ( 'NONE', *, *, #3669, .T. ) ;
#1189 = CARTESIAN_POINT ( 'NONE',  ( 12.27215409094893594, 22.19885658376260196, -42.25466574012996546 ) ) ;
#1190 = CARTESIAN_POINT ( 'NONE',  ( 39.10992723813197358, 26.00000000000000000, -5.259618943233895116 ) ) ;
#1191 = CARTESIAN_POINT ( 'NONE',  ( -70.09999999999999432, 74.50000000000001421, 4.250000000000071054 ) ) ;
#1192 = CARTESIAN_POINT ( 'NONE',  ( -13.99260521989095096, 60.66688128402471136, 45.39267196126417758 ) ) ;
#1193 = DIRECTION ( 'NONE',  ( 0.8660254037844432595, -0.000000000000000000, 0.4999999999999920064 ) ) ;
#1194 = DIRECTION ( 'NONE',  ( 0.000000000000000000, 1.000000000000000000, -0.000000000000000000 ) ) ;
#1195 = CARTESIAN_POINT ( 'NONE',  ( 28.49538695688101697, 59.31444249112273326, 33.52647963523631347 ) ) ;
#1196 = EDGE_LOOP ( 'NONE', ( #2482, #2031 ) ) ;
#1197 = EDGE_CURVE ( 'NONE', #1259, #1242, #102, .T. ) ;
#1198 = EDGE_CURVE ( 'NONE', #1052, #798, #3393, .T. ) ;
#1199 = EDGE_CURVE ( 'NONE', #1862, #735, #1040, .T. ) ;
#1200 = PLANE ( 'NONE',  #667 ) ;
#1201 = CARTESIAN_POINT ( 'NONE',  ( 43.04289815271123132, 22.96185177130370647, -9.129503800057699792 ) ) ;
#1202 = EDGE_LOOP ( 'NONE', ( #140, #2281 ) ) ;
#1203 = CARTESIAN_POINT ( 'NONE',  ( 14.99999999999999645, 62.00000000000000000, -41.36423575989287826 ) ) ;
#1204 = ORIENTED_EDGE ( 'NONE', *, *, #3535, .T. ) ;
#1205 = EDGE_CURVE ( 'NONE', #3148, #3299, #3683, .T. ) ;
#1206 = CARTESIAN_POINT ( 'NONE',  ( -26.10992723813191319, 26.00000000000000000, 27.77627944162897222 ) ) ;
#1207 = CARTESIAN_POINT ( 'NONE',  ( -15.00000000000000000, 58.00000000000000711, -36.50000000000003553 ) ) ;
#1208 = VERTEX_POINT ( 'NONE', #1364 ) ;
#1209 = CARTESIAN_POINT ( 'NONE',  ( 70.09999999999999432, 67.00000000000000000, -20.75000000000001776 ) ) ;
#1210 = CARTESIAN_POINT ( 'NONE',  ( 46.53123748999009024, 25.73047923076703825, 9.544314414882929754 ) ) ;
#1211 = LINE ( 'NONE', #2108, #1043 ) ;
#1212 = CARTESIAN_POINT ( 'NONE',  ( -12.75572567029219151, 61.60347763060608628, 45.75591443422721483 ) ) ;
#1213 = CYLINDRICAL_SURFACE ( 'NONE', #2560, 2.750000000002243539 ) ;
#1214 = VERTEX_POINT ( 'NONE', #1975 ) ;
#1215 = CARTESIAN_POINT ( 'NONE',  ( 4.440316247983206502E-12, 0.000000000000000000, 52.30194053036741764 ) ) ;
#1216 = DIRECTION ( 'NONE',  ( -0.000000000000000000, -1.000000000000000000, -0.000000000000000000 ) ) ;
#1217 = ORIENTED_EDGE ( 'NONE', *, *, #517, .T. ) ;
#1218 = AXIS2_PLACEMENT_3D ( 'NONE', #133, #2743, #111 ) ;
#1219 = CARTESIAN_POINT ( 'NONE',  ( 5.388445916248354407E-15, 0.000000000000000000, 44.00000000000000711 ) ) ;
#1220 = CALENDAR_DATE ( 2026, 3, 9 ) ;
#1221 = APPROVAL ( #1274, '未指定' ) ;
#1222 = CIRCLE ( 'NONE', #3001, 2.750000000002243539 ) ;
#1223 = EDGE_LOOP ( 'NONE', ( #2154, #3446, #822, #46 ) ) ;
#1224 = DIRECTION ( 'NONE',  ( 0.000000000000000000, 1.000000000000000000, -0.000000000000000000 ) ) ;
#1225 = ORIENTED_EDGE ( 'NONE', *, *, #2416, .T. ) ;
#1226 = DIRECTION ( 'NONE',  ( -0.000000000000000000, 1.000000000000000000, -0.000000000000000000 ) ) ;
#1227 = CARTESIAN_POINT ( 'NONE',  ( 42.99821405102849781, 61.20148340740770010, -9.338345289964046003 ) ) ;
#1228 = ORIENTED_EDGE ( 'NONE', *, *, #3273, .T. ) ;
#1229 = EDGE_CURVE ( 'NONE', #579, #1295, #1101, .T. ) ;
#1230 = CIRCLE ( 'NONE', #1583, 44.00000000000000711 ) ;
#1231 = CARTESIAN_POINT ( 'NONE',  ( 14.97249651417603822, 25.46022280167109031, -41.37423871323925084 ) ) ;
#1232 = CARTESIAN_POINT ( 'NONE',  ( 13.41066353789787158, 61.20242201137359217, 41.90710457726377314 ) ) ;
#1233 = FACE_OUTER_BOUND ( 'NONE', #1562, .T. ) ;
#1234 = CARTESIAN_POINT ( 'NONE',  ( 28.76596289229152248, 60.03931759784773448, -33.29480539228791969 ) ) ;
#1235 = AXIS2_PLACEMENT_3D ( 'NONE', #297, #280, #831 ) ;
#1236 = VECTOR ( 'NONE', #791, 1000.000000000000000 ) ;
#1237 = FACE_OUTER_BOUND ( 'NONE', #1090, .T. ) ;
#1238 = AXIS2_PLACEMENT_3D ( 'NONE', #1215, #1194, #1785 ) ;
#1239 = LINE ( 'NONE', #2130, #2267 ) ;
#1240 = LOCAL_TIME ( 18, 3, 10.00000000000000000, #2751 ) ;
#1241 = DIRECTION ( 'NONE',  ( -0.000000000000000000, -1.000000000000000000, -0.000000000000000000 ) ) ;
#1242 = VERTEX_POINT ( 'NONE', #2289 ) ;
#1243 = PERSON_AND_ORGANIZATION_ROLE ( 'design_owner' ) ;
#1244 = EDGE_LOOP ( 'NONE', ( #1928, #160 ) ) ;
#1245 = CARTESIAN_POINT ( 'NONE',  ( 46.53123748999009024, 58.00000000000000711, 9.544314414882931530 ) ) ;
#1246 = CARTESIAN_POINT ( 'NONE',  ( -46.53123748999001918, 58.00000000000000711, -9.544314414883247721 ) ) ;
#1247 = ORIENTED_EDGE ( 'NONE', *, *, #1664, .F. ) ;
#1248 = DIRECTION ( 'NONE',  ( 0.8660254037844328234, -0.000000000000000000, -0.5000000000000101030 ) ) ;
#1249 = ADVANCED_FACE ( 'NONE', ( #3204 ), #3494, .F. ) ;
#1250 = DIRECTION ( 'NONE',  ( 0.000000000000000000, 0.000000000000000000, 1.000000000000000000 ) ) ;
#1251 = CYLINDRICAL_SURFACE ( 'NONE', #2826, 4.249999999999990230 ) ;
#1252 = CARTESIAN_POINT ( 'NONE',  ( 28.41380338642004943, 59.07679069448807496, -33.59618247920609946 ) ) ;
#1253 = ADVANCED_FACE ( 'NONE', ( #3455, #1667, #3156, #2583, #1706, #1955, #3727, #1440 ), #561, .F. ) ;
#1254 = CARTESIAN_POINT ( 'NONE',  ( 45.29480916652224209, 0.000000000000000000, -23.40097026518500201 ) ) ;
#1255 = CARTESIAN_POINT ( 'NONE',  ( 46.21951877467071057, 61.03269972943403587, -10.95644800382494921 ) ) ;
#1256 = ORIENTED_EDGE ( 'NONE', *, *, #1151, .T. ) ;
#1257 = VERTEX_POINT ( 'NONE', #781 ) ;
#1258 = APPROVAL_ROLE ( '' ) ;
#1259 = VERTEX_POINT ( 'NONE', #500 ) ;
#1260 = FACE_BOUND ( 'NONE', #3781, .T. ) ;
#1261 = CARTESIAN_POINT ( 'NONE',  ( -11.51880662775399600, 22.02536188180815202, -42.46629808321554123 ) ) ;
#1262 = VERTEX_POINT ( 'NONE', #2242 ) ;
#1263 = CARTESIAN_POINT ( 'NONE',  ( -14.97249651417603822, 25.46022280167109031, 41.37423871323925084 ) ) ;
#1264 = CARTESIAN_POINT ( 'NONE',  ( 12.98043593153018271, 61.48504493426031559, -42.04236185770665912 ) ) ;
#1265 = LINE ( 'NONE', #3232, #1102 ) ;
#1266 = CARTESIAN_POINT ( 'NONE',  ( -37.10992723813200200, 62.00000000000000711, 8.723720558371367062 ) ) ;
#1267 = APPROVAL ( #351, '未指定' ) ;
#1268 = ORIENTED_EDGE ( 'NONE', *, *, #2369, .T. ) ;
#1269 = DIRECTION ( 'NONE',  ( -0.000000000000000000, -1.000000000000000000, -0.000000000000000000 ) ) ;
#1270 = CARTESIAN_POINT ( 'NONE',  ( 31.53123748998957510, 25.73072396759573266, -35.52507652841688213 ) ) ;
#1271 = EDGE_CURVE ( 'NONE', #1272, #270, #2321, .T. ) ;
#1272 = VERTEX_POINT ( 'NONE', #2846 ) ;
#1273 = ORIENTED_EDGE ( 'NONE', *, *, #2156, .F. ) ;
#1274 = APPROVAL_STATUS ( 'not_yet_approved' ) ;
#1275 = CARTESIAN_POINT ( 'NONE',  ( 31.53123748999032117, 25.73366051671410304, 35.52507652841622843 ) ) ;
#1276 = ORIENTED_EDGE ( 'NONE', *, *, #260, .T. ) ;
#1277 = CARTESIAN_POINT ( 'NONE',  ( -43.31746504691970756, 58.53541198019672009, 7.720128362540785716 ) ) ;
#1278 = DIRECTION ( 'NONE',  ( 0.000000000000000000, -0.000000000000000000, 1.000000000000000000 ) ) ;
#1279 = LINE ( 'NONE', #3396, #3632 ) ;
#1280 = CIRCLE ( 'NONE', #56, 4.999999999999997335 ) ;
#1281 = CARTESIAN_POINT ( 'NONE',  ( 13.61816418347118685, 61.03521211566603455, -41.83997595113534373 ) ) ;
#1282 = DIRECTION ( 'NONE',  ( 1.000000000000000000, -0.000000000000000000, 1.541976423090494401E-16 ) ) ;
#1283 = CARTESIAN_POINT ( 'NONE',  ( -14.97249651417604177, 58.53977719832892035, -41.37423871323925084 ) ) ;
#1284 = AXIS2_PLACEMENT_3D ( 'NONE', #2843, #1927, #3389 ) ;
#1285 = ORIENTED_EDGE ( 'NONE', *, *, #348, .T. ) ;
#1286 = DIRECTION ( 'NONE',  ( 0.000000000000000000, -1.000000000000000000, 0.000000000000000000 ) ) ;
#1287 = ORIENTED_EDGE ( 'NONE', *, *, #1358, .F. ) ;
#1288 = CIRCLE ( 'NONE', #2577, 44.00000000000000711 ) ;
#1289 = CARTESIAN_POINT ( 'NONE',  ( 70.09999999999999432, 67.00000000000000000, 4.857225732735059864E-14 ) ) ;
#1290 = CARTESIAN_POINT ( 'NONE',  ( -33.24886410084334898, 22.39596058531784095, -33.92381005689005491 ) ) ;
#1291 = AXIS2_PLACEMENT_3D ( 'NONE', #818, #1697, #2599 ) ;
#1292 = EDGE_LOOP ( 'NONE', ( #1998, #247 ) ) ;
#1293 = AXIS2_PLACEMENT_3D ( 'NONE', #2968, #888, #1139 ) ;
#1294 = CARTESIAN_POINT ( 'NONE',  ( 42.84611512989037152, 61.60562849123932949, 10.01361672501537292 ) ) ;
#1295 = VERTEX_POINT ( 'NONE', #1422 ) ;
#1296 = CARTESIAN_POINT ( 'NONE',  ( -74.99999999999997158, 67.00000000000000000, 50.00000000000002842 ) ) ;
#1297 = CARTESIAN_POINT ( 'NONE',  ( -12.02246518196681180, 22.12436077109844490, 42.32645504201398268 ) ) ;
#1298 = CARTESIAN_POINT ( 'NONE',  ( 13.98827358324941272, 60.67161323367567149, -41.71769631079511242 ) ) ;
#1299 = CARTESIAN_POINT ( 'NONE',  ( 70.09999999999999432, 74.50000000000001421, -4.249999999999957367 ) ) ;
#1300 = B_SPLINE_CURVE_WITH_KNOTS ( 'NONE', 3,
 ( #1099, #1731, #2906, #2332, #276, #580, #2351, #212, #871, #3538, #1746, #2926, #887, #2056, #2076, #3240, #1483, #2478 ),
 .UNSPECIFIED., .F., .F.,
 ( 4, 2, 2, 2, 2, 2, 2, 2, 4 ),
 ( 0.01900692651819923390, 0.01980346121714299940, 0.02059999591608676489, 0.02139653061503053386, 0.02219306531397429935, 0.02298960001291806485, 0.02378613471186183381, 0.02458266941080559931, 0.02537920410974936480 ),
 .UNSPECIFIED. ) ;
#1301 = CARTESIAN_POINT ( 'NONE',  ( 0.000000000000000000, 62.00000000000000711, 0.000000000000000000 ) ) ;
#1302 = ORIENTED_EDGE ( 'NONE', *, *, #2686, .T. ) ;
#1303 = DIRECTION ( 'NONE',  ( -0.000000000000000000, -0.000000000000000000, -1.000000000000000000 ) ) ;
#1304 = DIRECTION ( 'NONE',  ( 0.000000000000000000, -1.000000000000000000, 0.000000000000000000 ) ) ;
#1305 = EDGE_LOOP ( 'NONE', ( #1841, #3594, #3745, #1599, #86, #3806 ) ) ;
#1306 = EDGE_CURVE ( 'NONE', #2407, #2243, #1590, .T. ) ;
#1307 = CARTESIAN_POINT ( 'NONE',  ( 42.39512162874664369, 62.00000000000000711, 11.77512896251157848 ) ) ;
#1308 = ORIENTED_EDGE ( 'NONE', *, *, #819, .T. ) ;
#1309 = EDGE_CURVE ( 'NONE', #1569, #196, #698, .T. ) ;
#1310 = ADVANCED_FACE ( 'NONE', ( #3475 ), #232, .F. ) ;
#1311 = LINE ( 'NONE', #2774, #296 ) ;
#1312 = EDGE_CURVE ( 'NONE', #3674, #2235, #65, .T. ) ;
#1313 = CYLINDRICAL_SURFACE ( 'NONE', #2451, 4.999999999999997335 ) ;
#1314 = CARTESIAN_POINT ( 'NONE',  ( -30.09468469461354445, 22.39459160847397001, -32.09941412822584539 ) ) ;
#1315 = FACE_OUTER_BOUND ( 'NONE', #283, .T. ) ;
#1316 = FACE_OUTER_BOUND ( 'NONE', #834, .T. ) ;
#1317 = EDGE_LOOP ( 'NONE', ( #1983, #1225, #1078, #2507 ) ) ;
#1318 = CARTESIAN_POINT ( 'NONE',  ( -46.21917778355569340, 22.96615420234792282, -10.95787766455547896 ) ) ;
#1319 = CARTESIAN_POINT ( 'NONE',  ( -14.99999999999999645, 58.00000000000000711, 36.50000000000003553 ) ) ;
#1320 = DIRECTION ( 'NONE',  ( 0.000000000000000000, -1.000000000000000000, 0.000000000000000000 ) ) ;
#1321 = B_SPLINE_CURVE_WITH_KNOTS ( 'NONE', 3,
 ( #199, #2539, #1081, #3692, #2561, #2246, #907, #566, #2059, #3540, #3479, #2624, #2870, #2647, #1444, #1410, #238, #3182 ),
 .UNSPECIFIED., .F., .F.,
 ( 4, 2, 2, 2, 2, 2, 2, 2, 4 ),
 ( 0.000000000000000000, 0.0007994425935341554525, 0.001598885187068310905, 0.002398327780602466357, 0.003197770374136621810, 0.003997212967670776829, 0.004796655561204932715, 0.005596098154739088601, 0.006395540748273243620 ),
 .UNSPECIFIED. ) ;
#1322 = ORIENTED_EDGE ( 'NONE', *, *, #1702, .F. ) ;
#1323 = CARTESIAN_POINT ( 'NONE',  ( 11.26169597523399268, 62.00000000000000711, -46.14646865611096160 ) ) ;
#1324 = ORIENTED_EDGE ( 'NONE', *, *, #3746, .F. ) ;
#1325 = CARTESIAN_POINT ( 'NONE',  ( -31.55251022075453093, 25.46586525362480913, 35.50622726419765485 ) ) ;
#1326 = CC_DESIGN_DATE_AND_TIME_ASSIGNMENT ( #3005, #371, ( #1546 ) ) ;
#1327 = CARTESIAN_POINT ( 'NONE',  ( 74.99999999999998579, 74.50000000000001421, -45.00000000000004974 ) ) ;
#1328 = CARTESIAN_POINT ( 'NONE',  ( -28.43126391256392793, 24.93995528765835701, -33.58074487404342534 ) ) ;
#1329 = CARTESIAN_POINT ( 'NONE',  ( -28.32247897619578225, 58.00000000000000711, 33.67249893671315419 ) ) ;
#1330 = ADVANCED_FACE ( 'NONE', ( #2642 ), #1540, .F. ) ;
#1331 = VECTOR ( 'NONE', #1411, 1000.000000000000000 ) ;
#1332 = VERTEX_POINT ( 'NONE', #1762 ) ;
#1333 = DIRECTION ( 'NONE',  ( -0.8660254037844328234, 0.000000000000000000, 0.5000000000000101030 ) ) ;
#1334 = EDGE_LOOP ( 'NONE', ( #3090, #712, #1806, #3456 ) ) ;
#1335 = CARTESIAN_POINT ( 'NONE',  ( -43.15754693583698298, 23.52913570499942963, -8.570344655246566745 ) ) ;
#1336 = CARTESIAN_POINT ( 'NONE',  ( 0.000000000000000000, 5.000000000000000000, 0.000000000000000000 ) ) ;
#1337 = CYLINDRICAL_SURFACE ( 'NONE', #477, 4.000000000000000888 ) ;
#1338 = AXIS2_PLACEMENT_3D ( 'NONE', #1708, #2891, #3477 ) ;
#1339 = AXIS2_PLACEMENT_3D ( 'NONE', #301, #1777, #587 ) ;
#1340 = ORIENTED_EDGE ( 'NONE', *, *, #3297, .T. ) ;
#1341 = AXIS2_PLACEMENT_3D ( 'NONE', #3785, #1089, #1641 ) ;
#1342 = CARTESIAN_POINT ( 'NONE',  ( -43.12272158413760081, 60.67161323367567149, 8.744647877216987553 ) ) ;
#1343 = CIRCLE ( 'NONE', #483, 4.249999999999990230 ) ;
#1344 = AXIS2_PLACEMENT_3D ( 'NONE', #2276, #263, #810 ) ;
#1345 = CARTESIAN_POINT ( 'NONE',  ( 33.78216567639025669, 22.12573596652662644, 33.39286851747478835 ) ) ;
#1346 = EDGE_LOOP ( 'NONE', ( #1365, #314, #1790, #1519 ) ) ;
#1347 = CARTESIAN_POINT ( 'NONE',  ( -31.95685105187461161, 23.96947402809875527, 35.14304729545175121 ) ) ;
#1348 = CARTESIAN_POINT ( 'NONE',  ( -34.15008271943647600, 61.97467071674837058, 33.01651098728206790 ) ) ;
#1349 = CARTESIAN_POINT ( 'NONE',  ( 26.10992723813229688, 22.00000000000000000, 27.77627944162859208 ) ) ;
#1350 = DIRECTION ( 'NONE',  ( -0.000000000000000000, -0.000000000000000000, -1.000000000000000000 ) ) ;
#1351 = PLANE ( 'NONE',  #122 ) ;
#1352 = ORIENTED_EDGE ( 'NONE', *, *, #349, .F. ) ;
#1353 = ADVANCED_FACE ( 'NONE', ( #313 ), #869, .F. ) ;
#1354 = CARTESIAN_POINT ( 'NONE',  ( 13.41683850970907521, 22.80202473005068242, 45.56632511838432720 ) ) ;
#1355 = ORIENTED_EDGE ( 'NONE', *, *, #3771, .T. ) ;
#1356 = VERTEX_POINT ( 'NONE', #3533 ) ;
#1357 = ADVANCED_FACE ( 'NONE', ( #3002, #654, #346 ), #3222, .T. ) ;
#1358 = EDGE_CURVE ( 'NONE', #3126, #3223, #2759, .T. ) ;
#1359 = DIRECTION ( 'NONE',  ( 0.000000000000000000, 1.000000000000000000, 0.000000000000000000 ) ) ;
#1360 = CARTESIAN_POINT ( 'NONE',  ( 34.14894359689601089, 22.02543486027662922, -33.01770165722534500 ) ) ;
#1361 = CYLINDRICAL_SURFACE ( 'NONE', #3006, 4.250000000000003553 ) ;
#1362 = ORIENTED_EDGE ( 'NONE', *, *, #2890, .T. ) ;
#1363 = FACE_OUTER_BOUND ( 'NONE', #3613, .T. ) ;
#1364 = CARTESIAN_POINT ( 'NONE',  ( -31.53123748998983089, 26.00000000000000000, 35.52507652841666896 ) ) ;
#1365 = ORIENTED_EDGE ( 'NONE', *, *, #1504, .T. ) ;
#1366 = CARTESIAN_POINT ( 'NONE',  ( -33.78533984472679208, 22.12454103623678137, 33.38966222093434766 ) ) ;
#1367 = CARTESIAN_POINT ( 'NONE',  ( -31.55250819542180452, 58.53582835843437948, 35.50623076158343139 ) ) ;
#1368 = CARTESIAN_POINT ( 'NONE',  ( -46.53123748998995524, 58.00000000000000711, 9.544314414883576347 ) ) ;
#1369 = DIRECTION ( 'NONE',  ( -1.000000000000000000, 0.000000000000000000, -0.000000000000000000 ) ) ;
#1370 = CARTESIAN_POINT ( 'NONE',  ( -29.00301427230502327, 60.47421161408914259, 33.08851538451808239 ) ) ;
#1371 = ORIENTED_EDGE ( 'NONE', *, *, #1654, .F. ) ;
#1372 = CARTESIAN_POINT ( 'NONE',  ( 11.51564225475294734, 22.02493962409058881, 46.08371420699857879 ) ) ;
#1373 = ORIENTED_EDGE ( 'NONE', *, *, #1480, .T. ) ;
#1374 = ORIENTED_EDGE ( 'NONE', *, *, #874, .F. ) ;
#1375 = FACE_OUTER_BOUND ( 'NONE', #2685, .T. ) ;
#1376 = CARTESIAN_POINT ( 'NONE',  ( -42.46740689654093615, 21.99999999999999645, 11.51487340778581370 ) ) ;
#1377 = LINE ( 'NONE', #1418, #2078 ) ;
#1378 = EDGE_CURVE ( 'NONE', #1875, #1774, #637, .T. ) ;
#1379 = EDGE_LOOP ( 'NONE', ( #2279, #1256, #1851, #826 ) ) ;
#1380 = CARTESIAN_POINT ( 'NONE',  ( 28.32247897619554422, 25.72979898989492753, -33.67249893671334604 ) ) ;
#1381 = EDGE_CURVE ( 'NONE', #32, #2391, #1837, .T. ) ;
#1382 = EDGE_CURVE ( 'NONE', #1968, #3758, #2307, .T. ) ;
#1383 = DIRECTION ( 'NONE',  ( 0.000000000000000000, -1.000000000000000000, 0.000000000000000000 ) ) ;
#1384 = ORIENTED_EDGE ( 'NONE', *, *, #3367, .T. ) ;
#1385 = DIRECTION ( 'NONE',  ( -0.000000000000000000, -1.000000000000000000, -0.000000000000000000 ) ) ;
#1386 = DIRECTION ( 'NONE',  ( 0.8660254037844433705, -0.000000000000000000, 0.4999999999999920619 ) ) ;
#1387 = DIRECTION ( 'NONE',  ( -0.000000000000000000, -1.000000000000000000, -0.000000000000000000 ) ) ;
#1388 = CARTESIAN_POINT ( 'NONE',  ( -14.99999999999999645, 67.00000000000000000, 45.06939094329987938 ) ) ;
#1389 = DIRECTION ( 'NONE',  ( -1.000000000000000000, -0.000000000000000000, 1.387778780781445922E-16 ) ) ;
#1390 = ORIENTED_EDGE ( 'NONE', *, *, #2658, .F. ) ;
#1391 = CARTESIAN_POINT ( 'NONE',  ( 14.58200147476330422, 24.20018319659063266, 45.20649241691889841 ) ) ;
#1392 = ORIENTED_EDGE ( 'NONE', *, *, #44, .F. ) ;
#1393 = VERTEX_POINT ( 'NONE', #2383 ) ;
#1394 = CARTESIAN_POINT ( 'NONE',  ( -43.21762747732711318, 23.96489416460548938, -8.262042136159029937 ) ) ;
#1395 = CARTESIAN_POINT ( 'NONE',  ( -43.32247897619591015, 25.72955784584618399, 7.691736823180059801 ) ) ;
#1396 = DIRECTION ( 'NONE',  ( -0.000000000000000000, -1.000000000000000000, -0.000000000000000000 ) ) ;
#1397 = ORIENTED_EDGE ( 'NONE', *, *, #2817, .T. ) ;
#1398 = CARTESIAN_POINT ( 'NONE',  ( 28.32247897619554777, 26.00000000000000000, -33.67249893671334604 ) ) ;
#1399 = CARTESIAN_POINT ( 'NONE',  ( 14.45337268080126947, 23.96453828144785803, -45.24791751070853252 ) ) ;
#1400 = CIRCLE ( 'NONE', #3569, 2.750000000004595879 ) ;
#1401 = AXIS2_PLACEMENT_3D ( 'NONE', #434, #666, #1009 ) ;
#1402 = CARTESIAN_POINT ( 'NONE',  ( -45.29480916651780831, 5.000000000000000000, 26.15097026518564860 ) ) ;
#1403 = EDGE_LOOP ( 'NONE', ( #1415, #2176 ) ) ;
#1404 = EDGE_CURVE ( 'NONE', #1016, #1052, #246, .T. ) ;
#1405 = LINE ( 'NONE', #1687, #601 ) ;
#1406 = CARTESIAN_POINT ( 'NONE',  ( -70.09999999999999432, 67.00000000000000000, -20.75000000000000000 ) ) ;
#1407 = VECTOR ( 'NONE', #1727, 1000.000000000000000 ) ;
#1408 = AXIS2_PLACEMENT_3D ( 'NONE', #3380, #2851, #732 ) ;
#1409 = AXIS2_PLACEMENT_3D ( 'NONE', #1798, #2977, #3590 ) ;
#1410 = CARTESIAN_POINT ( 'NONE',  ( 11.51491474730323183, 22.02489005990400628, 42.46735053221736678 ) ) ;
#1411 = DIRECTION ( 'NONE',  ( 0.8660254037844328234, -0.000000000000000000, -0.5000000000000101030 ) ) ;
#1412 = CARTESIAN_POINT ( 'NONE',  ( 10.99999999999999822, 58.00000000000000711, -36.50000000000003553 ) ) ;
#1413 = DIRECTION ( 'NONE',  ( -0.000000000000000000, -1.000000000000000000, -0.000000000000000000 ) ) ;
#1414 = EDGE_LOOP ( 'NONE', ( #2584, #3163, #3157, #3552 ) ) ;
#1415 = ORIENTED_EDGE ( 'NONE', *, *, #2705, .T. ) ;
#1416 = CARTESIAN_POINT ( 'NONE',  ( -43.15700203265735979, 60.47421161408916390, -8.573089453879854105 ) ) ;
#1417 = CYLINDRICAL_SURFACE ( 'NONE', #2335, 3.999999999999999556 ) ;
#1418 = CARTESIAN_POINT ( 'NONE',  ( 0.000000000000000000, 5.000000000000000000, -57.50000000000000711 ) ) ;
#1419 = VERTEX_POINT ( 'NONE', #1888 ) ;
#1420 = CARTESIAN_POINT ( 'NONE',  ( 80.00000000000002842, 67.00000000000000000, 45.00000000000001421 ) ) ;
#1421 = CARTESIAN_POINT ( 'NONE',  ( 13.99093572335238811, 23.33128309297724812, -45.39318578857365338 ) ) ;
#1422 = CARTESIAN_POINT ( 'NONE',  ( -10.99999999999999645, 62.00000000000000711, 42.60281680828158812 ) ) ;
#1423 = EDGE_LOOP ( 'NONE', ( #3094, #1660, #2944, #3651 ) ) ;
#1424 = CARTESIAN_POINT ( 'NONE',  ( 14.78662914941164708, 59.31555379423942043, 45.13997354721440303 ) ) ;
#1425 = CARTESIAN_POINT ( 'NONE',  ( 43.28259814140633921, 24.68689446311729441, -7.913838037483716725 ) ) ;
#1426 = EDGE_CURVE ( 'NONE', #442, #735, #3087, .T. ) ;
#1427 = EDGE_CURVE ( 'NONE', #1257, #317, #3144, .T. ) ;
#1428 = LINE ( 'NONE', #2370, #2757 ) ;
#1429 = CARTESIAN_POINT ( 'NONE',  ( 43.32247897619601673, 58.00000000000000711, 7.691736823179455840 ) ) ;
#1430 = CARTESIAN_POINT ( 'NONE',  ( 0.000000000000000000, 67.00000000000000000, 0.000000000000000000 ) ) ;
#1431 = ADVANCED_FACE ( 'NONE', ( #200 ), #1672, .T. ) ;
#1432 = CARTESIAN_POINT ( 'NONE',  ( 12.97921327400287872, 22.51442716214529227, -42.04272941482440018 ) ) ;
#1433 = VERTEX_POINT ( 'NONE', #215 ) ;
#1434 = CARTESIAN_POINT ( 'NONE',  ( -39.10992723813201621, 26.00000000000000000, 5.259618943233622446 ) ) ;
#1435 = DIRECTION ( 'NONE',  ( -0.000000000000000000, -1.000000000000000000, -0.000000000000000000 ) ) ;
#1436 = FACE_BOUND ( 'NONE', #2556, .T. ) ;
#1437 = CARTESIAN_POINT ( 'NONE',  ( 14.99999999999999645, 26.00000000000000000, -36.50000000000003553 ) ) ;
#1438 = CARTESIAN_POINT ( 'NONE',  ( -13.98897206868491416, 60.67094779770303603, 41.71746634014545663 ) ) ;
#1439 = CARTESIAN_POINT ( 'NONE',  ( -70.09999999999999432, 74.50000000000001421, -20.75000000000000000 ) ) ;
#1440 = FACE_BOUND ( 'NONE', #1500, .T. ) ;
#1441 = EDGE_LOOP ( 'NONE', ( #2542, #925, #3699, #252 ) ) ;
#1442 = DIRECTION ( 'NONE',  ( -0.000000000000000000, -1.000000000000000000, -0.000000000000000000 ) ) ;
#1443 = DIRECTION ( 'NONE',  ( 0.000000000000000000, 1.000000000000000000, -0.000000000000000000 ) ) ;
#1444 = CARTESIAN_POINT ( 'NONE',  ( 12.02158293317814852, 22.12404791780400970, 42.32671339289887413 ) ) ;
#1445 = CARTESIAN_POINT ( 'NONE',  ( -26.10992723813210148, 22.00000000000000000, -27.77627944162878038 ) ) ;
#1446 = CARTESIAN_POINT ( 'NONE',  ( -46.53123748999001918, 26.00000000000000000, -9.544314414883244169 ) ) ;
#1447 = VERTEX_POINT ( 'NONE', #487 ) ;
#1448 = CYLINDRICAL_SURFACE ( 'NONE', #420, 3.999999999999998224 ) ;
#1449 = ORIENTED_EDGE ( 'NONE', *, *, #631, .T. ) ;
#1450 = DIRECTION ( 'NONE',  ( -0.8660254037844363761, -0.000000000000000000, 0.5000000000000041078 ) ) ;
#1451 = CARTESIAN_POINT ( 'NONE',  ( -43.24233344284095182, 24.19541840568710356, 8.130962256943245592 ) ) ;
#1452 = EDGE_CURVE ( 'NONE', #1808, #3104, #2503, .T. ) ;
#1453 = DIRECTION ( 'NONE',  ( 0.8660254037844328234, 0.000000000000000000, -0.5000000000000101030 ) ) ;
#1454 = ADVANCED_BREP_SHAPE_REPRESENTATION ( '机械臂法兰', ( #3175, #2152 ), #492 ) ;
#1455 = PLANE ( 'NONE',  #1520 ) ;
#1456 = CARTESIAN_POINT ( 'NONE',  ( 13.99198695589493191, 60.66747224031092856, -45.39285915683056061 ) ) ;
#1457 = CARTESIAN_POINT ( 'NONE',  ( 45.29480916652224209, 5.000000000000000000, -26.15097026518563794 ) ) ;
#1458 = CIRCLE ( 'NONE', #1883, 2.750000000004217959 ) ;
#1459 = CARTESIAN_POINT ( 'NONE',  ( 28.66137806557003387, 59.80114173840912883, 33.38468693782769492 ) ) ;
#1460 = VECTOR ( 'NONE', #1509, 1000.000000000000000 ) ;
#1461 = VERTEX_POINT ( 'NONE', #3693 ) ;
#1462 = CARTESIAN_POINT ( 'NONE',  ( 70.09999999999999432, 74.50000000000001421, -25.00000000000002132 ) ) ;
#1463 = VECTOR ( 'NONE', #911, 1000.000000000000000 ) ;
#1464 = CARTESIAN_POINT ( 'NONE',  ( -29.13389959774582039, 60.67094779770307866, -32.97353835438475045 ) ) ;
#1465 = AXIS2_PLACEMENT_3D ( 'NONE', #2032, #2653, #3798 ) ;
#1466 = DIRECTION ( 'NONE',  ( 0.000000000000000000, -1.000000000000000000, -0.000000000000000000 ) ) ;
#1467 = CARTESIAN_POINT ( 'NONE',  ( 43.32247897619601673, 26.00000000000000000, 7.691736823179453175 ) ) ;
#1468 = ORIENTED_EDGE ( 'NONE', *, *, #1776, .T. ) ;
#1469 = CIRCLE ( 'NONE', #924, 5.000000000000004441 ) ;
#1470 = CARTESIAN_POINT ( 'NONE',  ( 46.53123748999009024, 26.00000000000000000, 9.544314414882927977 ) ) ;
#1471 = CARTESIAN_POINT ( 'NONE',  ( 46.21917778355577866, 22.96615420234792282, 10.95787766455516099 ) ) ;
#1472 = CIRCLE ( 'NONE', #1957, 47.50000000000000711 ) ;
#1473 = CARTESIAN_POINT ( 'NONE',  ( 70.09999999999999432, 74.50000000000001421, 25.00000000000002132 ) ) ;
#1474 = CARTESIAN_POINT ( 'NONE',  ( -11.26187872331377804, 22.00000000000000000, 46.14642515291715341 ) ) ;
#1475 = ADVANCED_FACE ( 'NONE', ( #3069 ), #2194, .F. ) ;
#1476 = EDGE_CURVE ( 'NONE', #1433, #1157, #2793, .T. ) ;
#1477 = EDGE_CURVE ( 'NONE', #3148, #983, #1905, .T. ) ;
#1478 = CARTESIAN_POINT ( 'NONE',  ( -45.29480916652004652, 5.000000000000000000, -26.15097026518175483 ) ) ;
#1479 = CARTESIAN_POINT ( 'NONE',  ( 31.55247194829502533, 25.46634590592809033, -35.50626111895241621 ) ) ;
#1480 = EDGE_CURVE ( 'NONE', #16, #334, #1022, .T. ) ;
#1481 = CARTESIAN_POINT ( 'NONE',  ( 0.000000000000000000, 67.00000000000000000, 0.000000000000000000 ) ) ;
#1482 = ORIENTED_EDGE ( 'NONE', *, *, #3517, .T. ) ;
#1483 = CARTESIAN_POINT ( 'NONE',  ( 31.53123748998957865, 58.26943924568022481, -35.52507652841688923 ) ) ;
#1484 = CARTESIAN_POINT ( 'NONE',  ( 15.00000000000000000, 58.00000000000000711, 45.06939094329987938 ) ) ;
#1485 = ORIENTED_EDGE ( 'NONE', *, *, #2115, .T. ) ;
#1486 = DIRECTION ( 'NONE',  ( 0.000000000000000000, 0.000000000000000000, 1.000000000000000000 ) ) ;
#1487 = ORIENTED_EDGE ( 'NONE', *, *, #3778, .T. ) ;
#1488 = DIRECTION ( 'NONE',  ( -0.000000000000000000, -0.000000000000000000, 1.000000000000000000 ) ) ;
#1489 = DIRECTION ( 'NONE',  ( -0.000000000000000000, -1.000000000000000000, -0.000000000000000000 ) ) ;
#1490 = VERTEX_POINT ( 'NONE', #1602 ) ;
#1491 = DIRECTION ( 'NONE',  ( 0.8660254037844432595, -0.000000000000000000, 0.4999999999999920064 ) ) ;
#1492 = CARTESIAN_POINT ( 'NONE',  ( 45.87700435425004031, 22.19991920969130561, 12.31306742893727701 ) ) ;
#1493 = DIRECTION ( 'NONE',  ( 0.000000000000000000, 0.000000000000000000, -1.000000000000000000 ) ) ;
#1494 = LINE ( 'NONE', #2344, #916 ) ;
#1495 = ORIENTED_EDGE ( 'NONE', *, *, #1477, .T. ) ;
#1496 = ORIENTED_EDGE ( 'NONE', *, *, #3657, .F. ) ;
#1497 = CARTESIAN_POINT ( 'NONE',  ( 31.85839499413232190, 24.20168520127556988, -35.23214940862511924 ) ) ;
#1498 = EDGE_CURVE ( 'NONE', #2969, #2754, #3439, .T. ) ;
#1499 = CARTESIAN_POINT ( 'NONE',  ( -11.00000000000000355, 22.00000000000000000, -46.20876540224810469 ) ) ;
#1500 = EDGE_LOOP ( 'NONE', ( #307, #1285 ) ) ;
#1501 = CARTESIAN_POINT ( 'NONE',  ( -32.60008194825059746, 22.96512321433857196, -34.54740158153925478 ) ) ;
#1502 = DIRECTION ( 'NONE',  ( 0.000000000000000000, 0.000000000000000000, 1.000000000000000000 ) ) ;
#1503 = EDGE_CURVE ( 'NONE', #423, #2339, #750, .T. ) ;
#1504 = EDGE_CURVE ( 'NONE', #186, #859, #1647, .T. ) ;
#1505 = PERSON ( '未指定', '未指定', '未指定', ('未指定'), ('未指定'), ('未指定') ) ;
#1506 = ORIENTED_EDGE ( 'NONE', *, *, #1553, .T. ) ;
#1507 = CARTESIAN_POINT ( 'NONE',  ( 14.99999999999999645, 58.00000000000000711, -36.50000000000003553 ) ) ;
#1508 = ORIENTED_EDGE ( 'NONE', *, *, #2770, .F. ) ;
#1509 = DIRECTION ( 'NONE',  ( -0.000000000000000000, -1.000000000000000000, -0.000000000000000000 ) ) ;
#1510 = CARTESIAN_POINT ( 'NONE',  ( 42.53914800081738434, 62.00000000000002842, -11.25657705695494570 ) ) ;
#1511 = VERTEX_POINT ( 'NONE', #1632 ) ;
#1512 = CARTESIAN_POINT ( 'NONE',  ( 15.00000000000000178, 26.00000000000000000, 36.50000000000003553 ) ) ;
#1513 = CARTESIAN_POINT ( 'NONE',  ( 12.02216186019824562, 61.87574527056790430, 42.32654371813234206 ) ) ;
#1514 = DIRECTION ( 'NONE',  ( -0.000000000000000000, -1.000000000000000000, -0.000000000000000000 ) ) ;
#1515 = CARTESIAN_POINT ( 'NONE',  ( -74.99999999999998579, 74.50000000000001421, -50.00000000000002132 ) ) ;
#1516 = FACE_BOUND ( 'NONE', #1069, .T. ) ;
#1517 = CARTESIAN_POINT ( 'NONE',  ( -74.99999999999997158, 67.00000000000000000, 50.00000000000002842 ) ) ;
#1518 = CARTESIAN_POINT ( 'NONE',  ( 30.09384230912911562, 61.60493954868902478, 32.10021131927854299 ) ) ;
#1519 = ORIENTED_EDGE ( 'NONE', *, *, #355, .F. ) ;
#1520 = AXIS2_PLACEMENT_3D ( 'NONE', #1176, #2149, #2488 ) ;
#1521 = SECURITY_CLASSIFICATION_LEVEL ( 'unclassified' ) ;
#1522 = B_SPLINE_CURVE_WITH_KNOTS ( 'NONE', 3,
 ( #2625, #3752, #3810, #2337, #3523, #295, #1748, #2929, #320, #14, #876, #3542, #2061, #3244, #30, #1261, #88, #3640 ),
 .UNSPECIFIED., .F., .F.,
 ( 4, 2, 2, 2, 2, 2, 2, 2, 4 ),
 ( 0.000000000000000000, 0.0007987275890163512623, 0.001597455178032702525, 0.002396182767049053787, 0.003194910356065405049, 0.003993637945081756312, 0.004792365534098107574, 0.005591093123114458836, 0.006389820712130810099 ),
 .UNSPECIFIED. ) ;
#1523 = CIRCLE ( 'NONE', #3684, 44.00000000000000711 ) ;
#1524 = ORIENTED_EDGE ( 'NONE', *, *, #2809, .T. ) ;
#1525 = ADVANCED_FACE ( 'NONE', ( #2814 ), #182, .F. ) ;
#1526 = CARTESIAN_POINT ( 'NONE',  ( 45.59470367684922820, 62.00000000000001421, 13.32085073668113751 ) ) ;
#1527 = CARTESIAN_POINT ( 'NONE',  ( -46.30699978845063214, 60.66923645782379282, -10.58060589606346547 ) ) ;
#1528 = AXIS2_PLACEMENT_3D ( 'NONE', #3305, #2737, #1868 ) ;
#1529 = ORIENTED_EDGE ( 'NONE', *, *, #3777, .F. ) ;
#1530 = VECTOR ( 'NONE', #3450, 1000.000000000000000 ) ;
#1531 = AXIS2_PLACEMENT_3D ( 'NONE', #966, #3095, #2804 ) ;
#1532 = CARTESIAN_POINT ( 'NONE',  ( -46.41253237301692280, 23.96453828144785447, 10.10697084341658858 ) ) ;
#1533 = CARTESIAN_POINT ( 'NONE',  ( 14.57941804891987303, 59.80478526118847071, 41.51448535595005751 ) ) ;
#1534 = CARTESIAN_POINT ( 'NONE',  ( 29.42783129115207430, 22.96185177130370292, 32.71149135272543163 ) ) ;
#1535 = DIRECTION ( 'NONE',  ( -0.000000000000000000, -1.000000000000000000, -0.000000000000000000 ) ) ;
#1536 = VECTOR ( 'NONE', #1778, 1000.000000000000000 ) ;
#1537 = AXIS2_PLACEMENT_3D ( 'NONE', #465, #145, #3671 ) ;
#1538 = CARTESIAN_POINT ( 'NONE',  ( -15.00000000000000355, 26.00000000000000000, -36.50000000000003553 ) ) ;
#1539 = CARTESIAN_POINT ( 'NONE',  ( 33.24787333058156236, 22.39672988624603533, -33.92476841471349758 ) ) ;
#1540 = CYLINDRICAL_SURFACE ( 'NONE', #1156, 2.750000000004595879 ) ;
#1541 = ORIENTED_EDGE ( 'NONE', *, *, #1753, .F. ) ;
#1542 = APPROVAL_DATE_TIME ( #985, #1267 ) ;
#1543 = EDGE_LOOP ( 'NONE', ( #225, #218 ) ) ;
#1544 = CARTESIAN_POINT ( 'NONE',  ( 46.44089412743964118, 59.80027442508902169, 9.975217596092226913 ) ) ;
#1545 = CARTESIAN_POINT ( 'NONE',  ( -46.53123748999002629, 58.26943924568022481, -9.544314414883253050 ) ) ;
#1546 = PRODUCT_DEFINITION ( '未知', '', #730, #3575 ) ;
#1547 = ORIENTED_EDGE ( 'NONE', *, *, #1784, .T. ) ;
#1548 = CARTESIAN_POINT ( 'NONE',  ( -46.53123748999001918, 58.00000000000000711, -9.544314414883247721 ) ) ;
#1549 = CARTESIAN_POINT ( 'NONE',  ( 45.29480916652447320, 5.000000000000000000, 26.15097026518177969 ) ) ;
#1550 = DIRECTION ( 'NONE',  ( 0.000000000000000000, 0.000000000000000000, 1.000000000000000000 ) ) ;
#1551 = CARTESIAN_POINT ( 'NONE',  ( 31.01871611396907724, 61.97476979579647605, -31.20749797014766713 ) ) ;
#1552 = APPLICATION_CONTEXT ( 'configuration controlled 3d designs of mechanical parts and assemblies' ) ;
#1553 = EDGE_CURVE ( 'NONE', #1393, #2411, #2012, .T. ) ;
#1554 = EDGE_CURVE ( 'NONE', #2716, #1433, #1124, .T. ) ;
#1555 = ORIENTED_EDGE ( 'NONE', *, *, #1988, .F. ) ;
#1556 = LINE ( 'NONE', #3625, #52 ) ;
#1557 = VERTEX_POINT ( 'NONE', #1717 ) ;
#1558 = CARTESIAN_POINT ( 'NONE',  ( -70.09999999999996589, 67.00000000000000000, 20.75000000000004974 ) ) ;
#1559 = VERTEX_POINT ( 'NONE', #548 ) ;
#1560 = VERTEX_POINT ( 'NONE', #830 ) ;
#1561 = DIRECTION ( 'NONE',  ( -0.000000000000000000, -1.000000000000000000, -0.000000000000000000 ) ) ;
#1562 = EDGE_LOOP ( 'NONE', ( #1595, #2013, #1322, #1042 ) ) ;
#1563 = DIRECTION ( 'NONE',  ( 0.000000000000000000, 1.000000000000000000, 0.000000000000000000 ) ) ;
#1564 = FACE_BOUND ( 'NONE', #2605, .T. ) ;
#1565 = CARTESIAN_POINT ( 'NONE',  ( -13.98737784173537690, 23.32730971096810890, 41.71799985565375835 ) ) ;
#1566 = CARTESIAN_POINT ( 'NONE',  ( 12.97847643447446586, 61.48603448492833223, 42.04295969619904838 ) ) ;
#1567 = CYLINDRICAL_SURFACE ( 'NONE', #861, 3.999999999999997780 ) ;
#1568 = LINE ( 'NONE', #2740, #2018 ) ;
#1569 = VERTEX_POINT ( 'NONE', #1141 ) ;
#1570 = CARTESIAN_POINT ( 'NONE',  ( 31.39512162874681778, 22.00000000000000000, 30.82768784576933285 ) ) ;
#1571 = VERTEX_POINT ( 'NONE', #1164 ) ;
#1572 = ORIENTED_EDGE ( 'NONE', *, *, #3201, .F. ) ;
#1573 = CARTESIAN_POINT ( 'NONE',  ( -13.99093572335238811, 60.66871690702275544, -45.39318578857365338 ) ) ;
#1574 = DIRECTION ( 'NONE',  ( 0.000000000000000000, 1.000000000000000000, -0.000000000000000000 ) ) ;
#1575 = VERTEX_POINT ( 'NONE', #1429 ) ;
#1576 = APPROVAL_DATE_TIME ( #948, #1221 ) ;
#1577 = CARTESIAN_POINT ( 'NONE',  ( 42.53584408768371361, 61.97476979579649026, 11.25924716240121271 ) ) ;
#1578 = VERTEX_POINT ( 'NONE', #892 ) ;
#1579 = CARTESIAN_POINT ( 'NONE',  ( -33.08052366417880563, 22.51501741697246572, 34.08783499275981654 ) ) ;
#1580 = FACE_OUTER_BOUND ( 'NONE', #782, .T. ) ;
#1581 = CARTESIAN_POINT ( 'NONE',  ( -39.10992723813201621, 58.00000000000000711, 5.259618943233622446 ) ) ;
#1582 = CARTESIAN_POINT ( 'NONE',  ( -10.99999999999999645, 62.00000000000000711, 46.20876540224810469 ) ) ;
#1583 = AXIS2_PLACEMENT_3D ( 'NONE', #2259, #2573, #2205 ) ;
#1584 = AXIS2_PLACEMENT_3D ( 'NONE', #28, #890, #1486 ) ;
#1585 = ORIENTED_EDGE ( 'NONE', *, *, #2011, .T. ) ;
#1586 = CARTESIAN_POINT ( 'NONE',  ( -70.09999999999999432, 74.50000000000001421, 6.574180545139649923E-14 ) ) ;
#1587 = ORIENTED_EDGE ( 'NONE', *, *, #281, .F. ) ;
#1588 = CIRCLE ( 'NONE', #3326, 44.00000000000000711 ) ;
#1589 = DIRECTION ( 'NONE',  ( 0.000000000000000000, 1.000000000000000000, 0.000000000000000000 ) ) ;
#1590 = CIRCLE ( 'NONE', #662, 4.999999999999997335 ) ;
#1591 = CARTESIAN_POINT ( 'NONE',  ( -26.10992723813191319, 58.00000000000000711, 27.77627944162896512 ) ) ;
#1592 = EDGE_CURVE ( 'NONE', #2368, #656, #3012, .T. ) ;
#1593 = EDGE_CURVE ( 'NONE', #2235, #2233, #3227, .T. ) ;
#1594 = EDGE_CURVE ( 'NONE', #1242, #1145, #179, .T. ) ;
#1595 = ORIENTED_EDGE ( 'NONE', *, *, #2225, .T. ) ;
#1596 = CIRCLE ( 'NONE', #2401, 2.750000000004595879 ) ;
#1597 = EDGE_CURVE ( 'NONE', #957, #1949, #359, .T. ) ;
#1598 = CARTESIAN_POINT ( 'NONE',  ( 42.89950936443099749, 61.48603448492835355, 9.781789553426559536 ) ) ;
#1599 = ORIENTED_EDGE ( 'NONE', *, *, #3726, .T. ) ;
#1600 = CARTESIAN_POINT ( 'NONE',  ( -31.53123748998983089, 26.00000000000000000, 35.52507652841666896 ) ) ;
#1601 = CARTESIAN_POINT ( 'NONE',  ( -46.53123748998995524, 25.73052386325665353, 9.544314414883574571 ) ) ;
#1602 = CARTESIAN_POINT ( 'NONE',  ( -14.99999999999999645, 58.00000000000000711, 41.36423575989287826 ) ) ;
#1603 = CARTESIAN_POINT ( 'NONE',  ( 75.00000000000001421, 67.00000000000000000, 45.00000000000001421 ) ) ;
#1604 = DIRECTION ( 'NONE',  ( -0.8660254037844397068, -0.000000000000000000, -0.4999999999999980016 ) ) ;
#1605 = VERTEX_POINT ( 'NONE', #2295 ) ;
#1606 = CARTESIAN_POINT ( 'NONE',  ( -46.53123748999002629, 25.73047923076703825, -9.544314414883247721 ) ) ;
#1607 = CARTESIAN_POINT ( 'NONE',  ( 0.000000000000000000, 5.000000000000000000, 0.000000000000000000 ) ) ;
#1608 = CARTESIAN_POINT ( 'NONE',  ( -33.60227040899059148, 22.19966583029910723, -33.57378852815661219 ) ) ;
#1609 = VERTEX_POINT ( 'NONE', #1106 ) ;
#1610 = EDGE_CURVE ( 'NONE', #1575, #2683, #2356, .T. ) ;
#1611 = CARTESIAN_POINT ( 'NONE',  ( 43.30204919038015987, 59.07679069448808917, 7.808984311173117199 ) ) ;
#1612 = ORIENTED_EDGE ( 'NONE', *, *, #3082, .F. ) ;
#1613 = EDGE_CURVE ( 'NONE', #493, #1214, #854, .T. ) ;
#1614 = CARTESIAN_POINT ( 'NONE',  ( -31.53123748998983800, 25.73047923076703825, 35.52507652841666896 ) ) ;
#1615 = B_SPLINE_CURVE_WITH_KNOTS ( 'NONE', 3,
 ( #2034, #1474, #2362, #3530, #2633, #882, #591, #1724, #2900, #2693, #3548, #269, #1173, #2617, #2010, #3819, #1132, #3193 ),
 .UNSPECIFIED., .F., .F.,
 ( 4, 2, 2, 2, 2, 2, 2, 2, 4 ),
 ( 0.000000000000000000, 0.0007960697386567652540, 0.001592139477313530508, 0.002388209215970295979, 0.003184278954627061016, 0.003980348693283826053, 0.004776418431940591958, 0.005572488170597356995, 0.006368557909254122032 ),
 .UNSPECIFIED. ) ;
#1616 = CARTESIAN_POINT ( 'NONE',  ( -45.29480916651780831, 0.000000000000000000, 28.90097026518986922 ) ) ;
#1617 = DIRECTION ( 'NONE',  ( -0.000000000000000000, -1.000000000000000000, -0.000000000000000000 ) ) ;
#1618 = CARTESIAN_POINT ( 'NONE',  ( -74.99999999999998579, 67.00000000000000000, -50.00000000000002132 ) ) ;
#1619 = ORIENTED_EDGE ( 'NONE', *, *, #3201, .T. ) ;
#1620 = DIRECTION ( 'NONE',  ( 0.000000000000000000, 0.000000000000000000, -1.000000000000000000 ) ) ;
#1621 = ORIENTED_EDGE ( 'NONE', *, *, #1592, .T. ) ;
#1622 = CARTESIAN_POINT ( 'NONE',  ( -43.04306914259246497, 22.96280814633473355, -9.128652609337498447 ) ) ;
#1623 = FACE_OUTER_BOUND ( 'NONE', #204, .T. ) ;
#1624 = DIRECTION ( 'NONE',  ( 0.000000000000000000, 0.000000000000000000, 1.000000000000000000 ) ) ;
#1625 = ORIENTED_EDGE ( 'NONE', *, *, #2864, .T. ) ;
#1626 = CARTESIAN_POINT ( 'NONE',  ( 45.80903847521313565, 61.87531084634355949, 12.56384262453614475 ) ) ;
#1627 = CARTESIAN_POINT ( 'NONE',  ( 34.14778885628960126, 22.02571639763799993, 33.01888704724471069 ) ) ;
#1628 = ORIENTED_EDGE ( 'NONE', *, *, #73, .F. ) ;
#1629 = CARTESIAN_POINT ( 'NONE',  ( -29.00090965855012115, 23.52913570499942608, 33.09035968383088289 ) ) ;
#1630 = DIRECTION ( 'NONE',  ( -0.000000000000000000, -1.000000000000000000, -0.000000000000000000 ) ) ;
#1631 = CARTESIAN_POINT ( 'NONE',  ( -46.00364792993642737, 61.60327011375398598, 11.83111871873478194 ) ) ;
#1632 = CARTESIAN_POINT ( 'NONE',  ( 11.00000000000000000, 62.00000000000000711, 46.20876540224810469 ) ) ;
#1633 = DIRECTION ( 'NONE',  ( 0.000000000000000000, 1.000000000000000000, -0.000000000000000000 ) ) ;
#1634 = VECTOR ( 'NONE', #3708, 1000.000000000000000 ) ;
#1635 = AXIS2_PLACEMENT_3D ( 'NONE', #2422, #3105, #2234 ) ;
#1636 = VERTEX_POINT ( 'NONE', #240 ) ;
#1637 = CARTESIAN_POINT ( 'NONE',  ( 11.25910804803714349, 22.00000000000000000, 46.14708471237037912 ) ) ;
#1638 = VERTEX_POINT ( 'NONE', #1734 ) ;
#1639 = CARTESIAN_POINT ( 'NONE',  ( -46.17001436447636564, 22.80202473005068597, -11.16383957131064975 ) ) ;
#1640 = CARTESIAN_POINT ( 'NONE',  ( 75.00000000000001421, 74.50000000000001421, 45.00000000000001421 ) ) ;
#1641 = DIRECTION ( 'NONE',  ( 0.000000000000000000, 0.000000000000000000, -1.000000000000000000 ) ) ;
#1642 = CIRCLE ( 'NONE', #3187, 4.250000000000003553 ) ;
#1643 = ORIENTED_EDGE ( 'NONE', *, *, #309, .T. ) ;
#1644 = AXIS2_PLACEMENT_3D ( 'NONE', #1953, #3154, #1995 ) ;
#1645 = CARTESIAN_POINT ( 'NONE',  ( -11.52109230942914131, 62.00000000000000711, 42.46827135253120389 ) ) ;
#1646 = AXIS2_PLACEMENT_3D ( 'NONE', #1430, #569, #2357 ) ;
#1647 = CIRCLE ( 'NONE', #1537, 2.750000000004217959 ) ;
#1648 = DIRECTION ( 'NONE',  ( 0.000000000000000000, 0.000000000000000000, -1.000000000000000000 ) ) ;
#1649 = ORIENTED_EDGE ( 'NONE', *, *, #1021, .T. ) ;
#1650 = CIRCLE ( 'NONE', #249, 47.50000000000000711 ) ;
#1651 = DIRECTION ( 'NONE',  ( 0.000000000000000000, 0.000000000000000000, -1.000000000000000000 ) ) ;
#1652 = CARTESIAN_POINT ( 'NONE',  ( -11.00000000000000178, 58.00000000000000711, -36.50000000000003553 ) ) ;
#1653 = CARTESIAN_POINT ( 'NONE',  ( -45.59486213875138105, 62.00000000000000711, 13.32031952380609674 ) ) ;
#1654 = EDGE_CURVE ( 'NONE', #211, #3084, #2134, .T. ) ;
#1655 = CARTESIAN_POINT ( 'NONE',  ( -14.99999999999999645, 26.00000000000000000, 36.50000000000003553 ) ) ;
#1656 = CARTESIAN_POINT ( 'NONE',  ( -70.09999999999996589, 74.50000000000001421, 25.00000000000003908 ) ) ;
#1657 = VERTEX_POINT ( 'NONE', #2591 ) ;
#1658 = DIRECTION ( 'NONE',  ( -0.000000000000000000, -0.000000000000000000, 1.000000000000000000 ) ) ;
#1659 = ORIENTED_EDGE ( 'NONE', *, *, #2160, .F. ) ;
#1660 = ORIENTED_EDGE ( 'NONE', *, *, #1198, .T. ) ;
#1661 = CARTESIAN_POINT ( 'NONE',  ( -45.87700435424996215, 22.19991920969130561, -12.31306742893759854 ) ) ;
#1662 = CARTESIAN_POINT ( 'NONE',  ( 45.29480916652447320, 5.000000000000000000, 26.15097026518177969 ) ) ;
#1663 = CARTESIAN_POINT ( 'NONE',  ( 42.53526176597055297, 22.02489005990400628, 11.26146657253161720 ) ) ;
#1664 = EDGE_CURVE ( 'NONE', #3624, #3324, #2911, .T. ) ;
#1665 = ORIENTED_EDGE ( 'NONE', *, *, #2160, .T. ) ;
#1666 = CARTESIAN_POINT ( 'NONE',  ( -12.98055042483150423, 61.48482396520916637, 42.04231695567055738 ) ) ;
#1667 = FACE_BOUND ( 'NONE', #3139, .T. ) ;
#1668 = ORIENTED_EDGE ( 'NONE', *, *, #3777, .T. ) ;
#1669 = LINE ( 'NONE', #3791, #1830 ) ;
#1670 = CARTESIAN_POINT ( 'NONE',  ( 45.29480916652447320, 5.000000000000000000, 23.40097026517890555 ) ) ;
#1671 = CARTESIAN_POINT ( 'NONE',  ( -10.99999999999999645, 62.00000000000000711, 36.50000000000003553 ) ) ;
#1672 = CYLINDRICAL_SURFACE ( 'NONE', #1408, 57.50000000000000711 ) ;
#1673 = CARTESIAN_POINT ( 'NONE',  ( -74.99999999999998579, 74.50000000000001421, 45.00000000000003553 ) ) ;
#1674 = ORIENTED_EDGE ( 'NONE', *, *, #3700, .T. ) ;
#1675 = CARTESIAN_POINT ( 'NONE',  ( 31.53123748998957865, 26.00000000000000000, -35.52507652841688923 ) ) ;
#1676 = ORIENTED_EDGE ( 'NONE', *, *, #1312, .T. ) ;
#1677 = ORIENTED_EDGE ( 'NONE', *, *, #2323, .T. ) ;
#1678 = LINE ( 'NONE', #3387, #979 ) ;
#1679 = CARTESIAN_POINT ( 'NONE',  ( 46.53123748999009024, 67.00000000000000000, 9.544314414882927977 ) ) ;
#1680 = CARTESIAN_POINT ( 'NONE',  ( 31.39512162874682488, 62.00000000000000711, 30.82768784576932219 ) ) ;
#1681 = EDGE_CURVE ( 'NONE', #742, #153, #3433, .T. ) ;
#1682 = ORIENTED_EDGE ( 'NONE', *, *, #2679, .T. ) ;
#1683 = CARTESIAN_POINT ( 'NONE',  ( 29.42539997567721954, 22.96478788433396545, -32.71366411136144592 ) ) ;
#1684 = PLANE ( 'NONE',  #2082 ) ;
#1685 = CARTESIAN_POINT ( 'NONE',  ( 46.53123748998988418, 25.73366051671410659, -9.544314414883910302 ) ) ;
#1686 = VERTEX_POINT ( 'NONE', #2951 ) ;
#1687 = CARTESIAN_POINT ( 'NONE',  ( -74.99999999999997158, 74.50000000000001421, 50.00000000000002842 ) ) ;
#1688 = DIRECTION ( 'NONE',  ( -0.000000000000000000, -1.000000000000000000, -0.000000000000000000 ) ) ;
#1689 = CARTESIAN_POINT ( 'NONE',  ( -46.30736265817175479, 60.66747224031092856, 10.57901342518998966 ) ) ;
#1690 = CARTESIAN_POINT ( 'NONE',  ( 43.32247897619601673, 62.00000000000000000, 7.691736823179453175 ) ) ;
#1691 = CARTESIAN_POINT ( 'NONE',  ( -70.09999999999996589, 67.00000000000000000, 29.25000000000002842 ) ) ;
#1692 = ORIENTED_EDGE ( 'NONE', *, *, #873, .F. ) ;
#1693 = CARTESIAN_POINT ( 'NONE',  ( 11.00000000000000355, 26.00000000000000000, 36.50000000000003553 ) ) ;
#1694 = VERTEX_POINT ( 'NONE', #3183 ) ;
#1695 = ORIENTED_EDGE ( 'NONE', *, *, #3367, .F. ) ;
#1696 = DIRECTION ( 'NONE',  ( 0.000000000000000000, -1.000000000000000000, 0.000000000000000000 ) ) ;
#1697 = DIRECTION ( 'NONE',  ( 0.8660254037844328234, -0.000000000000000000, -0.5000000000000101030 ) ) ;
#1698 = CARTESIAN_POINT ( 'NONE',  ( 43.15754693583705404, 23.52913570499943674, 8.570344655246270094 ) ) ;
#1699 = ORIENTED_EDGE ( 'NONE', *, *, #2864, .F. ) ;
#1700 = CARTESIAN_POINT ( 'NONE',  ( -13.41186277509511449, 61.20148340740770010, 41.90671833053353623 ) ) ;
#1701 = CARTESIAN_POINT ( 'NONE',  ( 10.99999999999999822, 22.00000000000000000, -46.20876540224810469 ) ) ;
#1702 = EDGE_CURVE ( 'NONE', #3230, #2622, #1886, .T. ) ;
#1703 = EDGE_CURVE ( 'NONE', #1016, #959, #584, .T. ) ;
#1704 = EDGE_CURVE ( 'NONE', #1774, #1272, #1522, .T. ) ;
#1705 = VECTOR ( 'NONE', #1389, 1000.000000000000000 ) ;
#1706 = FACE_BOUND ( 'NONE', #2601, .T. ) ;
#1707 = VERTEX_POINT ( 'NONE', #2103 ) ;
#1708 = CARTESIAN_POINT ( 'NONE',  ( 0.000000000000000000, 0.000000000000000000, -52.30194053036741764 ) ) ;
#1709 = CARTESIAN_POINT ( 'NONE',  ( 42.66798676462957474, 22.12531321243683635, -10.74764013133803253 ) ) ;
#1710 = AXIS2_PLACEMENT_3D ( 'NONE', #1457, #2640, #7 ) ;
#1711 = AXIS2_PLACEMENT_3D ( 'NONE', #2265, #3491, #2014 ) ;
#1712 = EDGE_CURVE ( 'NONE', #2415, #2304, #1280, .T. ) ;
#1713 = EDGE_CURVE ( 'NONE', #3324, #3549, #363, .T. ) ;
#1714 = B_SPLINE_CURVE_WITH_KNOTS ( 'NONE', 3,
 ( #439, #2661, #2967, #115, #1608, #1290, #2680, #3649, #1501, #2462, #332, #2945, #3368, #152, #2098, #41, #2171, #3283 ),
 .UNSPECIFIED., .F., .F.,
 ( 4, 2, 2, 2, 2, 2, 2, 2, 4 ),
 ( 0.006316973789912244154, 0.007113819706465395257, 0.007910665623018547227, 0.008707511539571697462, 0.009504357456124849432, 0.01030120337267800140, 0.01109804928923115164, 0.01189489520578430534, 0.01269174112233745558 ),
 .UNSPECIFIED. ) ;
#1715 = VECTOR ( 'NONE', #1688, 1000.000000000000000 ) ;
#1716 = CARTESIAN_POINT ( 'NONE',  ( 10.99999999999999645, 62.00000000000000711, -46.20876540224810469 ) ) ;
#1717 = CARTESIAN_POINT ( 'NONE',  ( -34.51796471586215631, 22.00000000000000000, 32.63066214275304588 ) ) ;
#1718 = CARTESIAN_POINT ( 'NONE',  ( 0.000000000000000000, 22.00000000000000000, 0.000000000000000000 ) ) ;
#1719 = AXIS2_PLACEMENT_3D ( 'NONE', #3348, #1386, #3643 ) ;
#1720 = DIRECTION ( 'NONE',  ( -5.421010862427519089E-17, 1.000000000000000000, 0.000000000000000000 ) ) ;
#1721 = EDGE_LOOP ( 'NONE', ( #2189, #516, #103, #2426 ) ) ;
#1722 = DIRECTION ( 'NONE',  ( 0.000000000000000000, 0.000000000000000000, -1.000000000000000000 ) ) ;
#1723 = CARTESIAN_POINT ( 'NONE',  ( 70.09999999999999432, 74.50000000000001421, -20.75000000000001776 ) ) ;
#1724 = CARTESIAN_POINT ( 'NONE',  ( -13.41419355799996893, 22.80024635486332585, 45.56709229844449993 ) ) ;
#1725 = EDGE_LOOP ( 'NONE', ( #407, #3556 ) ) ;
#1726 = CARTESIAN_POINT ( 'NONE',  ( 14.97308814826842571, 58.53365409407192743, -45.07837281889576531 ) ) ;
#1727 = DIRECTION ( 'NONE',  ( 0.000000000000000000, -1.000000000000000000, 0.000000000000000000 ) ) ;
#1728 = EDGE_CURVE ( 'NONE', #1332, #949, #1829, .T. ) ;
#1729 = DIRECTION ( 'NONE',  ( 0.000000000000000000, 0.000000000000000000, -1.000000000000000000 ) ) ;
#1730 = ORIENTED_EDGE ( 'NONE', *, *, #2404, .F. ) ;
#1731 = CARTESIAN_POINT ( 'NONE',  ( 34.33354697641105702, 62.00000000000001421, -32.82574629383469755 ) ) ;
#1732 = DIRECTION ( 'NONE',  ( 0.000000000000000000, -1.000000000000000000, 0.000000000000000000 ) ) ;
#1733 = CARTESIAN_POINT ( 'NONE',  ( 70.09999999999999432, 74.50000000000001421, -25.00000000000002132 ) ) ;
#1734 = CARTESIAN_POINT ( 'NONE',  ( -43.32247897619595989, 26.00000000000000000, -7.691736823179750715 ) ) ;
#1735 = CARTESIAN_POINT ( 'NONE',  ( -79.99999999999998579, 74.50000000000001421, 45.00000000000003553 ) ) ;
#1736 = CARTESIAN_POINT ( 'NONE',  ( 70.09999999999999432, 74.50000000000001421, 20.75000000000003197 ) ) ;
#1737 = VERTEX_POINT ( 'NONE', #2393 ) ;
#1738 = CARTESIAN_POINT ( 'NONE',  ( 46.17001436447642959, 22.80202473005068242, 11.16383957131032645 ) ) ;
#1739 = DIRECTION ( 'NONE',  ( -0.8660254037844363761, -0.000000000000000000, 0.5000000000000041078 ) ) ;
#1740 = DIRECTION ( 'NONE',  ( 0.000000000000000000, 0.000000000000000000, -1.000000000000000000 ) ) ;
#1741 = CARTESIAN_POINT ( 'NONE',  ( -70.09999999999999432, 74.50000000000001421, 4.250000000000071054 ) ) ;
#1742 = CARTESIAN_POINT ( 'NONE',  ( 12.75577459935450264, 61.60327011375398598, -45.75588713344768621 ) ) ;
#1743 = CARTESIAN_POINT ( 'NONE',  ( 13.41419355799996893, 22.80024635486332585, -45.56709229844449993 ) ) ;
#1744 = CARTESIAN_POINT ( 'NONE',  ( -15.00000000000000000, 62.00000000000000000, -41.36423575989287826 ) ) ;
#1745 = ORIENTED_EDGE ( 'NONE', *, *, #3801, .T. ) ;
#1746 = CARTESIAN_POINT ( 'NONE',  ( 32.18805927293873026, 60.46977601035781191, -34.93140427691009364 ) ) ;
#1747 = DIRECTION ( 'NONE',  ( 0.000000000000000000, -0.000000000000000000, -1.000000000000000000 ) ) ;
#1748 = CARTESIAN_POINT ( 'NONE',  ( -14.45461624714952187, 23.96652363059811819, -41.55825610309114637 ) ) ;
#1749 = CARTESIAN_POINT ( 'NONE',  ( 43.15749277691696051, 60.47116769002322201, -8.570614991577643949 ) ) ;
#1750 = EDGE_CURVE ( 'NONE', #153, #1707, #2718, .T. ) ;
#1751 = ADVANCED_FACE ( 'NONE', ( #935 ), #909, .F. ) ;
#1752 = ORIENTED_EDGE ( 'NONE', *, *, #1271, .T. ) ;
#1753 = EDGE_CURVE ( 'NONE', #3084, #3756, #3585, .T. ) ;
#1754 = FACE_OUTER_BOUND ( 'NONE', #2784, .T. ) ;
#1755 = ORIENTED_EDGE ( 'NONE', *, *, #610, .F. ) ;
#1756 = LINE ( 'NONE', #3783, #1893 ) ;
#1757 = DIRECTION ( 'NONE',  ( 0.000000000000000000, 1.000000000000000000, -0.000000000000000000 ) ) ;
#1758 = FACE_OUTER_BOUND ( 'NONE', #1292, .T. ) ;
#1759 = AXIS2_PLACEMENT_3D ( 'NONE', #3294, #327, #2673 ) ;
#1760 = CARTESIAN_POINT ( 'NONE',  ( 46.53123748998988418, 67.00000000000000000, -9.544314414883903197 ) ) ;
#1761 = LINE ( 'NONE', #560, #1407 ) ;
#1762 = CARTESIAN_POINT ( 'NONE',  ( -43.32247897619591015, 25.99999999999999645, 7.691736823180063354 ) ) ;
#1763 = AXIS2_PLACEMENT_3D ( 'NONE', #951, #2121, #1867 ) ;
#1764 = ORIENTED_EDGE ( 'NONE', *, *, #2058, .F. ) ;
#1765 = DIRECTION ( 'NONE',  ( 0.5000000000000041078, 0.000000000000000000, 0.8660254037844362651 ) ) ;
#1766 = CARTESIAN_POINT ( 'NONE',  ( 43.29741009520756734, 24.93995528765836056, -7.831824372958805291 ) ) ;
#1767 = DIRECTION ( 'NONE',  ( 0.000000000000000000, 0.000000000000000000, -1.000000000000000000 ) ) ;
#1768 = ORIENTED_EDGE ( 'NONE', *, *, #422, .T. ) ;
#1769 = CIRCLE ( 'NONE', #178, 4.250000000000003553 ) ;
#1770 = CIRCLE ( 'NONE', #3751, 4.250000000000003553 ) ;
#1771 = B_SPLINE_CURVE_WITH_KNOTS ( 'NONE', 3,
 ( #2857, #1172, #223, #3818, #2301, #800, #2880, #881, #2899, #3470, #3799, #1991, #573, #3168, #250, #1970 ),
 .UNSPECIFIED., .F., .F.,
 ( 4, 2, 2, 2, 2, 2, 2, 4 ),
 ( 0.01269174112233744170, 0.01348823391441710332, 0.01428472670649676493, 0.01508121949857642655, 0.01587771229065609163, 0.01667420508273575325, 0.01747069787481541486, 0.01906368345897474503 ),
 .UNSPECIFIED. ) ;
#1772 = DIRECTION ( 'NONE',  ( 0.8660254037844432595, -0.000000000000000000, 0.4999999999999920064 ) ) ;
#1773 = CARTESIAN_POINT ( 'NONE',  ( 43.12287166643053382, 60.67094779770305024, -8.743927985761152044 ) ) ;
#1774 = VERTEX_POINT ( 'NONE', #71 ) ;
#1775 = AXIS2_PLACEMENT_3D ( 'NONE', #3507, #1148, #2616 ) ;
#1776 = EDGE_CURVE ( 'NONE', #656, #669, #2859, .T. ) ;
#1777 = DIRECTION ( 'NONE',  ( 0.8660254037844328234, -0.000000000000000000, -0.5000000000000101030 ) ) ;
#1778 = DIRECTION ( 'NONE',  ( -0.000000000000000000, -1.000000000000000000, -0.000000000000000000 ) ) ;
#1779 = CARTESIAN_POINT ( 'NONE',  ( 29.00001695870950513, 23.53082318638969994, 33.09113530513241841 ) ) ;
#1780 = CARTESIAN_POINT ( 'NONE',  ( -13.41571232133899194, 61.19862047699376006, 45.56664557311422925 ) ) ;
#1781 = VERTEX_POINT ( 'NONE', #3601 ) ;
#1782 = FACE_BOUND ( 'NONE', #3667, .T. ) ;
#1783 = EDGE_LOOP ( 'NONE', ( #1619, #2371, #879, #3354 ) ) ;
#1784 = EDGE_CURVE ( 'NONE', #2184, #2925, #170, .T. ) ;
#1785 = DIRECTION ( 'NONE',  ( 0.000000000000000000, 0.000000000000000000, 1.000000000000000000 ) ) ;
#1786 = DIRECTION ( 'NONE',  ( -0.8660254037844397068, -0.000000000000000000, -0.4999999999999980016 ) ) ;
#1787 = ORIENTED_EDGE ( 'NONE', *, *, #310, .F. ) ;
#1788 = CARTESIAN_POINT ( 'NONE',  ( 0.000000000000000000, 22.00000000000000000, 0.000000000000000000 ) ) ;
#1789 = DIRECTION ( 'NONE',  ( -0.000000000000000000, -0.000000000000000000, 1.000000000000000000 ) ) ;
#1790 = ORIENTED_EDGE ( 'NONE', *, *, #463, .F. ) ;
#1791 = CARTESIAN_POINT ( 'NONE',  ( -43.21781364583134888, 60.03347636940188892, 8.261063179559014813 ) ) ;
#1792 = ORIENTED_EDGE ( 'NONE', *, *, #1503, .F. ) ;
#1793 = LINE ( 'NONE', #3729, #116 ) ;
#1794 = CARTESIAN_POINT ( 'NONE',  ( 42.39512162874640211, 62.00000000000000711, -11.77512896251247554 ) ) ;
#1795 = ORIENTED_EDGE ( 'NONE', *, *, #1827, .T. ) ;
#1796 = DIRECTION ( 'NONE',  ( 0.000000000000000000, 0.000000000000000000, 1.000000000000000000 ) ) ;
#1797 = CARTESIAN_POINT ( 'NONE',  ( -24.10992723813189542, 26.00000000000000000, 31.24038105676671506 ) ) ;
#1798 = CARTESIAN_POINT ( 'NONE',  ( 0.000000000000000000, 22.00000000000000000, 0.000000000000000000 ) ) ;
#1799 = DIRECTION ( 'NONE',  ( 0.000000000000000000, 1.000000000000000000, -0.000000000000000000 ) ) ;
#1800 = CARTESIAN_POINT ( 'NONE',  ( -79.99999999999998579, 67.00000000000000000, -45.00000000000002842 ) ) ;
#1801 = DIRECTION ( 'NONE',  ( 0.000000000000000000, 1.000000000000000000, -0.000000000000000000 ) ) ;
#1802 = ADVANCED_FACE ( 'NONE', ( #3303, #410, #3031, #2666, #623, #3559, #1564, #658 ), #2736, .F. ) ;
#1803 = CARTESIAN_POINT ( 'NONE',  ( -13.41951518066121629, 22.80406554300970257, -45.56553539879197245 ) ) ;
#1804 = ORIENTED_EDGE ( 'NONE', *, *, #586, .F. ) ;
#1805 = FACE_OUTER_BOUND ( 'NONE', #1010, .T. ) ;
#1806 = ORIENTED_EDGE ( 'NONE', *, *, #1613, .T. ) ;
#1807 = CARTESIAN_POINT ( 'NONE',  ( 46.30699978845073872, 60.66923645782379282, 10.58060589606314572 ) ) ;
#1808 = VERTEX_POINT ( 'NONE', #3047 ) ;
#1809 = CARTESIAN_POINT ( 'NONE',  ( -45.66817861903251696, 61.97467071674837058, -13.06658368273102155 ) ) ;
#1810 = VERTEX_POINT ( 'NONE', #2372 ) ;
#1811 = CARTESIAN_POINT ( 'NONE',  ( -11.51821898101522379, 22.02539768421411281, 42.46644671950569716 ) ) ;
#1812 = CARTESIAN_POINT ( 'NONE',  ( 14.45116583763421580, 60.03931759784774869, 41.55945732518909352 ) ) ;
#1813 = CARTESIAN_POINT ( 'NONE',  ( 45.29480916652447320, 0.000000000000000000, 26.15097026518177969 ) ) ;
#1814 = FACE_OUTER_BOUND ( 'NONE', #3779, .T. ) ;
#1815 = DIRECTION ( 'NONE',  ( 0.000000000000000000, 0.000000000000000000, 1.000000000000000000 ) ) ;
#1816 = CARTESIAN_POINT ( 'NONE',  ( 32.31537570227646228, 23.33252775968908921, -34.81384573164116603 ) ) ;
#1817 = CARTESIAN_POINT ( 'NONE',  ( -14.58273892073153810, 24.20168520127558054, -45.20625409303031716 ) ) ;
#1818 = EDGE_LOOP ( 'NONE', ( #527, #89, #3234, #1628 ) ) ;
#1819 = EDGE_CURVE ( 'NONE', #1262, #1605, #1793, .T. ) ;
#1820 = VECTOR ( 'NONE', #344, 1000.000000000000227 ) ;
#1821 = EDGE_CURVE ( 'NONE', #507, #3756, #1642, .T. ) ;
#1822 = PERSON_AND_ORGANIZATION ( #1505, #2090 ) ;
#1823 = AXIS2_PLACEMENT_3D ( 'NONE', #3473, #1152, #823 ) ;
#1824 = VECTOR ( 'NONE', #2728, 1000.000000000000000 ) ;
#1825 = VERTEX_POINT ( 'NONE', #197 ) ;
#1826 = DIRECTION ( 'NONE',  ( -0.000000000000000000, 1.000000000000000000, -0.000000000000000000 ) ) ;
#1827 = EDGE_CURVE ( 'NONE', #1262, #457, #2790, .T. ) ;
#1828 = EDGE_CURVE ( 'NONE', #3786, #2917, #783, .T. ) ;
#1829 = LINE ( 'NONE', #393, #1939 ) ;
#1830 = VECTOR ( 'NONE', #3496, 1000.000000000000000 ) ;
#1831 = ORIENTED_EDGE ( 'NONE', *, *, #744, .F. ) ;
#1832 = CARTESIAN_POINT ( 'NONE',  ( -14.15444302183599490, 23.52647218318737288, 41.66144801464115943 ) ) ;
#1833 = LINE ( 'NONE', #1581, #2822 ) ;
#1834 = DIRECTION ( 'NONE',  ( 0.000000000000000000, 0.000000000000000000, -1.000000000000000000 ) ) ;
#1835 = CARTESIAN_POINT ( 'NONE',  ( 28.32247897619556198, 58.54077218376895075, -33.67249893671334604 ) ) ;
#1836 = AXIS2_PLACEMENT_3D ( 'NONE', #2300, #2342, #2318 ) ;
#1837 = CIRCLE ( 'NONE', #921, 47.50000000000000711 ) ;
#1838 = EDGE_LOOP ( 'NONE', ( #929, #1942, #2467, #1792 ) ) ;
#1839 = DIRECTION ( 'NONE',  ( 0.000000000000000000, 1.000000000000000000, 0.000000000000000000 ) ) ;
#1840 = CIRCLE ( 'NONE', #2947, 5.000000000000011546 ) ;
#1841 = ORIENTED_EDGE ( 'NONE', *, *, #1899, .F. ) ;
#1842 = CARTESIAN_POINT ( 'NONE',  ( 46.53123748998986287, 58.26622145420671472, -9.544314414883910302 ) ) ;
#1843 = APPROVAL_PERSON_ORGANIZATION ( #2681, #1267, #1258 ) ;
#1844 = ORIENTED_EDGE ( 'NONE', *, *, #3485, .T. ) ;
#1845 = ORIENTED_EDGE ( 'NONE', *, *, #300, .T. ) ;
#1846 = DATE_AND_TIME ( #676, #374 ) ;
#1847 = CARTESIAN_POINT ( 'NONE',  ( 43.04314699650048226, 61.03687224948896528, 9.128283179555028326 ) ) ;
#1848 = ORIENTED_EDGE ( 'NONE', *, *, #2791, .F. ) ;
#1849 = LINE ( 'NONE', #3030, #2019 ) ;
#1850 = CARTESIAN_POINT ( 'NONE',  ( -46.34551313013779605, 60.46977601035781902, -10.40997489042959678 ) ) ;
#1851 = ORIENTED_EDGE ( 'NONE', *, *, #26, .T. ) ;
#1852 = EDGE_CURVE ( 'NONE', #10, #1181, #1311, .T. ) ;
#1853 = CARTESIAN_POINT ( 'NONE',  ( -46.30711991328769273, 23.33128309297724812, 10.58008713514866628 ) ) ;
#1854 = CARTESIAN_POINT ( 'NONE',  ( 11.26131973325103530, 62.00000000000000711, -42.53534434328715008 ) ) ;
#1855 = CARTESIAN_POINT ( 'NONE',  ( -33.60175922336561172, 61.80006371525087872, 33.57429622919850942 ) ) ;
#1856 = LINE ( 'NONE', #1266, #176 ) ;
#1857 = CARTESIAN_POINT ( 'NONE',  ( 0.000000000000000000, 22.00000000000000000, 0.000000000000000000 ) ) ;
#1858 = ORIENTED_EDGE ( 'NONE', *, *, #1452, .T. ) ;
#1859 = VERTEX_POINT ( 'NONE', #1958 ) ;
#1860 = CARTESIAN_POINT ( 'NONE',  ( 46.48605144818213120, 59.31068695147638437, -9.762613349871708479 ) ) ;
#1861 = ORIENTED_EDGE ( 'NONE', *, *, #2553, .T. ) ;
#1862 = VERTEX_POINT ( 'NONE', #1884 ) ;
#1863 = PERSON_AND_ORGANIZATION ( #1505, #2090 ) ;
#1864 = DIRECTION ( 'NONE',  ( 0.000000000000000000, 1.000000000000000000, 0.000000000000000000 ) ) ;
#1865 = ORIENTED_EDGE ( 'NONE', *, *, #1480, .F. ) ;
#1866 = CARTESIAN_POINT ( 'NONE',  ( 46.48567839275114011, 59.31555379423942043, 9.764390293876793692 ) ) ;
#1867 = DIRECTION ( 'NONE',  ( 0.000000000000000000, 0.000000000000000000, 1.000000000000000000 ) ) ;
#1868 = DIRECTION ( 'NONE',  ( 0.000000000000000000, 0.000000000000000000, 1.000000000000000000 ) ) ;
#1869 = DIRECTION ( 'NONE',  ( 0.8660254037844328234, -0.000000000000000000, -0.5000000000000101030 ) ) ;
#1870 = EDGE_CURVE ( 'NONE', #1208, #1557, #3237, .T. ) ;
#1871 = CARTESIAN_POINT ( 'NONE',  ( 31.39512162874617829, 62.00000000000000711, -30.82768784576998655 ) ) ;
#1872 = EDGE_CURVE ( 'NONE', #2614, #2787, #2191, .T. ) ;
#1873 = ORIENTED_EDGE ( 'NONE', *, *, #1613, .F. ) ;
#1874 = DIRECTION ( 'NONE',  ( -0.000000000000000000, -0.000000000000000000, -1.000000000000000000 ) ) ;
#1875 = VERTEX_POINT ( 'NONE', #729 ) ;
#1876 = CARTESIAN_POINT ( 'NONE',  ( -74.99999999999997158, 74.50000000000001421, 50.00000000000002842 ) ) ;
#1877 = EDGE_CURVE ( 'NONE', #2304, #16, #1903, .T. ) ;
#1878 = CARTESIAN_POINT ( 'NONE',  ( 0.000000000000000000, 22.00000000000000000, 0.000000000000000000 ) ) ;
#1879 = EDGE_LOOP ( 'NONE', ( #494, #302, #528, #3374, #806, #2875, #2071, #2358, #906, #1110, #914, #2966, #2341, #2878, #1668, #2744 ) ) ;
#1880 = APPROVAL_DATE_TIME ( #1846, #868 ) ;
#1881 = CARTESIAN_POINT ( 'NONE',  ( -11.00000000000000000, 62.00000000000000711, -42.60281680828158812 ) ) ;
#1882 = EDGE_LOOP ( 'NONE', ( #1060, #331, #1795, #2463 ) ) ;
#1883 = AXIS2_PLACEMENT_3D ( 'NONE', #3802, #3593, #899 ) ;
#1884 = CARTESIAN_POINT ( 'NONE',  ( 0.000000000000000000, 22.00000000000000000, -47.50000000000000711 ) ) ;
#1885 = CARTESIAN_POINT ( 'NONE',  ( -14.86472298971115791, 24.93416502601264639, 41.41308116291603625 ) ) ;
#1886 = CIRCLE ( 'NONE', #2074, 4.249999999999990230 ) ;
#1887 = AXIS2_PLACEMENT_3D ( 'NONE', #1512, #2088, #1720 ) ;
#1888 = CARTESIAN_POINT ( 'NONE',  ( 0.000000000000000000, 0.000000000000000000, -57.50000000000000711 ) ) ;
#1889 = CARTESIAN_POINT ( 'NONE',  ( 31.20652045448288092, 62.00000000000002132, -31.01976053169259728 ) ) ;
#1890 = AXIS2_PLACEMENT_3D ( 'NONE', #774, #3471, #534 ) ;
#1891 = CARTESIAN_POINT ( 'NONE',  ( -26.10992723813191319, 62.00000000000000711, 27.77627944162896512 ) ) ;
#1892 = ORIENTED_EDGE ( 'NONE', *, *, #2960, .T. ) ;
#1893 = VECTOR ( 'NONE', #324, 1000.000000000000000 ) ;
#1894 = CARTESIAN_POINT ( 'NONE',  ( 0.000000000000000000, 0.000000000000000000, -44.00000000000000711 ) ) ;
#1895 = VECTOR ( 'NONE', #1617, 1000.000000000000000 ) ;
#1896 = CARTESIAN_POINT ( 'NONE',  ( 0.000000000000000000, 62.00000000000000000, 0.000000000000000000 ) ) ;
#1897 = AXIS2_PLACEMENT_3D ( 'NONE', #22, #3257, #3041 ) ;
#1898 = ADVANCED_FACE ( 'NONE', ( #1932 ), #2537, .F. ) ;
#1899 = EDGE_CURVE ( 'NONE', #3147, #32, #1044, .T. ) ;
#1900 = ORIENTED_EDGE ( 'NONE', *, *, #1681, .T. ) ;
#1901 = CARTESIAN_POINT ( 'NONE',  ( -14.99999999999999645, 58.00000000000000711, 45.06939094329987938 ) ) ;
#1902 = ORIENTED_EDGE ( 'NONE', *, *, #2554, .T. ) ;
#1903 = LINE ( 'NONE', #3085, #3627 ) ;
#1904 = CARTESIAN_POINT ( 'NONE',  ( -45.29480916652004652, 5.000000000000000000, -26.15097026518175483 ) ) ;
#1905 = LINE ( 'NONE', #158, #62 ) ;
#1906 = CARTESIAN_POINT ( 'NONE',  ( 7.041719095097282063E-15, 0.000000000000000000, 57.50000000000000711 ) ) ;
#1907 = CARTESIAN_POINT ( 'NONE',  ( 0.000000000000000000, 5.000000000000000000, -52.30194053036741764 ) ) ;
#1908 = ORIENTED_EDGE ( 'NONE', *, *, #1877, .F. ) ;
#1909 = CARTESIAN_POINT ( 'NONE',  ( -43.12236591201893532, 23.32646212042878986, -8.746408281455176237 ) ) ;
#1910 = CARTESIAN_POINT ( 'NONE',  ( -14.86558347466681518, 59.06258499585644017, -45.11394036560500354 ) ) ;
#1911 = CARTESIAN_POINT ( 'NONE',  ( 43.31745619947661652, 25.46411311459298688, 7.720178733170653729 ) ) ;
#1912 = EDGE_LOOP ( 'NONE', ( #1674, #2689, #3267, #3113 ) ) ;
#1913 = EDGE_CURVE ( 'NONE', #3764, #1636, #2251, .T. ) ;
#1914 = CARTESIAN_POINT ( 'NONE',  ( 0.000000000000000000, 22.00000000000000000, 0.000000000000000000 ) ) ;
#1915 = ORIENTED_EDGE ( 'NONE', *, *, #2889, .F. ) ;
#1916 = B_SPLINE_CURVE_WITH_KNOTS ( 'NONE', 3,
 ( #855, #2626, #3813, #3228, #2667, #603, #585, #1749, #1773, #321, #1227, #2973, #3586, #338, #1510, #1794 ),
 .UNSPECIFIED., .F., .F.,
 ( 4, 2, 2, 2, 2, 2, 2, 4 ),
 ( 0.01272448166576133945, 0.01352357274548523884, 0.01432266382520913824, 0.01512175490493303763, 0.01592084598465693876, 0.01671993706438083815, 0.01751902814410473755, 0.01911721030355254675 ),
 .UNSPECIFIED. ) ;
#1917 = CARTESIAN_POINT ( 'NONE',  ( -28.34459900442061553, 25.46411311459298688, 33.65392812948100953 ) ) ;
#1918 = CARTESIAN_POINT ( 'NONE',  ( -31.53123748998982379, 58.26943924568022481, 35.52507652841666896 ) ) ;
#1919 = CARTESIAN_POINT ( 'NONE',  ( 10.99999999999999822, 22.00000000000000000, -46.20876540224810469 ) ) ;
#1920 = CARTESIAN_POINT ( 'NONE',  ( 10.99999999999999822, 22.00000000000000000, -36.50000000000003553 ) ) ;
#1921 = DIRECTION ( 'NONE',  ( -0.000000000000000000, -1.000000000000000000, -0.000000000000000000 ) ) ;
#1922 = VERTEX_POINT ( 'NONE', #1296 ) ;
#1923 = CARTESIAN_POINT ( 'NONE',  ( 12.75220383390487555, 22.39497477750957444, 45.75688424060335535 ) ) ;
#1924 = ORIENTED_EDGE ( 'NONE', *, *, #3359, .F. ) ;
#1925 = CARTESIAN_POINT ( 'NONE',  ( -45.66748833137911845, 22.02493962409058881, -13.06901836998962452 ) ) ;
#1926 = CARTESIAN_POINT ( 'NONE',  ( -14.15779103842968212, 60.46925961328675214, -45.34127230039069900 ) ) ;
#1927 = DIRECTION ( 'NONE',  ( 0.000000000000000000, 1.000000000000000000, -0.000000000000000000 ) ) ;
#1928 = ORIENTED_EDGE ( 'NONE', *, *, #2058, .T. ) ;
#1929 = CARTESIAN_POINT ( 'NONE',  ( 29.91953543810640781, 22.51495506573969152, -32.26256819775514373 ) ) ;
#1930 = CARTESIAN_POINT ( 'NONE',  ( 46.34635140354883021, 23.53514599071438695, -10.40622046293328573 ) ) ;
#1931 = ORIENTED_EDGE ( 'NONE', *, *, #190, .F. ) ;
#1932 = FACE_OUTER_BOUND ( 'NONE', #3080, .T. ) ;
#1933 = CARTESIAN_POINT ( 'NONE',  ( 14.99999999999999645, 67.00000000000000000, -45.06939094329987938 ) ) ;
#1934 = EDGE_CURVE ( 'NONE', #1605, #3452, #2682, .T. ) ;
#1935 = ADVANCED_FACE ( 'NONE', ( #542 ), #1182, .F. ) ;
#1936 = CARTESIAN_POINT ( 'NONE',  ( 42.39512162874664369, 22.00000000000000000, 11.77512896251157493 ) ) ;
#1937 = DIRECTION ( 'NONE',  ( 0.000000000000000000, 0.000000000000000000, 1.000000000000000000 ) ) ;
#1938 = CARTESIAN_POINT ( 'NONE',  ( -70.09999999999999432, 74.50000000000001421, -4.249999999999939604 ) ) ;
#1939 = VECTOR ( 'NONE', #1226, 1000.000000000000000 ) ;
#1940 = CIRCLE ( 'NONE', #1635, 2.750000000000633715 ) ;
#1941 = CARTESIAN_POINT ( 'NONE',  ( 15.00000000000000355, 26.00000000000000000, 45.06939094329987938 ) ) ;
#1942 = ORIENTED_EDGE ( 'NONE', *, *, #787, .T. ) ;
#1943 = ORIENTED_EDGE ( 'NONE', *, *, #2064, .T. ) ;
#1944 = CARTESIAN_POINT ( 'NONE',  ( -43.32247897619595989, 25.72955711150535052, -7.691736823179753380 ) ) ;
#1945 = CYLINDRICAL_SURFACE ( 'NONE', #2763, 3.999999999999999112 ) ;
#1946 = FACE_OUTER_BOUND ( 'NONE', #3472, .T. ) ;
#1947 = AXIS2_PLACEMENT_3D ( 'NONE', #1878, #3056, #3680 ) ;
#1948 = AXIS2_PLACEMENT_3D ( 'NONE', #3229, #2359, #552 ) ;
#1949 = VERTEX_POINT ( 'NONE', #2606 ) ;
#1950 = ORIENTED_EDGE ( 'NONE', *, *, #3726, .F. ) ;
#1951 = CIRCLE ( 'NONE', #2024, 2.750000000002243539 ) ;
#1952 = VECTOR ( 'NONE', #2684, 1000.000000000000000 ) ;
#1953 = CARTESIAN_POINT ( 'NONE',  ( 11.00000000000000178, 58.00000000000000711, 36.50000000000003553 ) ) ;
#1954 = CIRCLE ( 'NONE', #2646, 4.250000000000005329 ) ;
#1955 = FACE_BOUND ( 'NONE', #3704, .T. ) ;
#1956 = ORIENTED_EDGE ( 'NONE', *, *, #72, .T. ) ;
#1957 = AXIS2_PLACEMENT_3D ( 'NONE', #3478, #1732, #828 ) ;
#1958 = CARTESIAN_POINT ( 'NONE',  ( -45.29480916651780831, 0.000000000000000000, 23.40097026518143153 ) ) ;
#1959 = CARTESIAN_POINT ( 'NONE',  ( 70.09999999999999432, 74.50000000000001421, 4.250000000000054179 ) ) ;
#1960 = DIRECTION ( 'NONE',  ( 0.000000000000000000, 0.000000000000000000, -1.000000000000000000 ) ) ;
#1961 = CARTESIAN_POINT ( 'NONE',  ( -29.00001695870928486, 23.53082318638970349, -33.09113530513262447 ) ) ;
#1962 = CARTESIAN_POINT ( 'NONE',  ( -28.41380338642027326, 59.07679069448808207, 33.59618247920590761 ) ) ;
#1963 = EDGE_CURVE ( 'NONE', #3629, #3038, #3457, .T. ) ;
#1964 = EDGE_CURVE ( 'NONE', #1694, #1825, #778, .T. ) ;
#1965 = ORIENTED_EDGE ( 'NONE', *, *, #889, .F. ) ;
#1966 = CARTESIAN_POINT ( 'NONE',  ( 0.000000000000000000, 5.000000000000000000, -57.50000000000000711 ) ) ;
#1967 = ORIENTED_EDGE ( 'NONE', *, *, #1594, .F. ) ;
#1968 = VERTEX_POINT ( 'NONE', #807 ) ;
#1969 = CARTESIAN_POINT ( 'NONE',  ( -42.89922649372710595, 22.51311958029202387, -9.783067487631800674 ) ) ;
#1970 = CARTESIAN_POINT ( 'NONE',  ( -34.51796471586239079, 62.00000000000000711, -32.63066214275278298 ) ) ;
#1971 = DIRECTION ( 'NONE',  ( -0.000000000000000000, -1.000000000000000000, -0.000000000000000000 ) ) ;
#1972 = ORIENTED_EDGE ( 'NONE', *, *, #1309, .T. ) ;
#1973 = DIRECTION ( 'NONE',  ( 0.000000000000000000, 0.000000000000000000, 1.000000000000000000 ) ) ;
#1974 = CARTESIAN_POINT ( 'NONE',  ( 14.99999999999999645, 26.00000000000000000, -45.06939094329987938 ) ) ;
#1975 = CARTESIAN_POINT ( 'NONE',  ( 45.51796471586214921, 62.00000000000000711, -13.57810325949576225 ) ) ;
#1976 = ORIENTED_EDGE ( 'NONE', *, *, #1852, .T. ) ;
#1977 = CARTESIAN_POINT ( 'NONE',  ( -31.02034701866708843, 22.02489005990400983, 31.20588395968550088 ) ) ;
#1978 = CYLINDRICAL_SURFACE ( 'NONE', #1719, 3.999999999999999556 ) ;
#1979 = B_SPLINE_CURVE_WITH_KNOTS ( 'NONE', 3,
 ( #408, #2786, #1627, #1345, #390, #2466, #2520, #3083, #3355, #745, #711, #3062, #3097, #3706, #3687, #427, #1275, #2208 ),
 .UNSPECIFIED., .F., .F.,
 ( 4, 2, 2, 2, 2, 2, 2, 2, 4 ),
 ( 0.006316973789912237215, 0.007113819706465390053, 0.007910665623018542023, 0.008707511539571695727, 0.009504357456124847697, 0.01030120337267800140, 0.01109804928923115337, 0.01189489520578430534, 0.01269174112233745905 ),
 .UNSPECIFIED. ) ;
#1980 = CARTESIAN_POINT ( 'NONE',  ( -46.50312177116978063, 59.05309156546186955, 9.680533571602834897 ) ) ;
#1981 = DIRECTION ( 'NONE',  ( 0.000000000000000000, 1.000000000000000000, 0.000000000000000000 ) ) ;
#1982 = CYLINDRICAL_SURFACE ( 'NONE', #2756, 2.750000000000002665 ) ;
#1983 = ORIENTED_EDGE ( 'NONE', *, *, #255, .F. ) ;
#1984 = EDGE_CURVE ( 'NONE', #3317, #1922, #1405, .T. ) ;
#1985 = DIRECTION ( 'NONE',  ( -0.000000000000000000, -1.000000000000000000, -0.000000000000000000 ) ) ;
#1986 = ORIENTED_EDGE ( 'NONE', *, *, #3700, .F. ) ;
#1987 = ORIENTED_EDGE ( 'NONE', *, *, #1198, .F. ) ;
#1988 = EDGE_CURVE ( 'NONE', #2391, #3029, #827, .T. ) ;
#1989 = EDGE_CURVE ( 'NONE', #1511, #3786, #2173, .T. ) ;
#1990 = CARTESIAN_POINT ( 'NONE',  ( -42.89950936443091223, 61.48603448492835355, -9.781789553426856187 ) ) ;
#1991 = CARTESIAN_POINT ( 'NONE',  ( -33.07813357753356343, 61.48297841561181087, -34.09013940865573744 ) ) ;
#1992 = FACE_OUTER_BOUND ( 'NONE', #1721, .T. ) ;
#1993 = EDGE_LOOP ( 'NONE', ( #3262, #2227, #2431, #1659 ) ) ;
#1994 = EDGE_CURVE ( 'NONE', #908, #2622, #1669, .T. ) ;
#1995 = DIRECTION ( 'NONE',  ( 1.000000000000000000, 0.000000000000000000, 0.000000000000000000 ) ) ;
#1996 = CARTESIAN_POINT ( 'NONE',  ( 31.69769689240495936, 59.31068695147637015, 35.37679480082032057 ) ) ;
#1997 = DIRECTION ( 'NONE',  ( 0.000000000000000000, 0.000000000000000000, -1.000000000000000000 ) ) ;
#1998 = ORIENTED_EDGE ( 'NONE', *, *, #3152, .T. ) ;
#1999 = CARTESIAN_POINT ( 'NONE',  ( 14.45391753655580303, 60.03464052165235643, 45.24774505278239189 ) ) ;
#2000 = LINE ( 'NONE', #3808, #129 ) ;
#2001 = CARTESIAN_POINT ( 'NONE',  ( -30.09384230912888825, 61.60493954868901767, -32.10021131927875615 ) ) ;
#2002 = CARTESIAN_POINT ( 'NONE',  ( -70.09999999999996589, 67.00000000000000000, 25.00000000000003908 ) ) ;
#2003 = DIRECTION ( 'NONE',  ( -0.000000000000000000, -0.000000000000000000, -1.000000000000000000 ) ) ;
#2004 = VERTEX_POINT ( 'NONE', #3206 ) ;
#2005 = ORIENTED_EDGE ( 'NONE', *, *, #3435, .T. ) ;
#2006 = CARTESIAN_POINT ( 'NONE',  ( 14.45054018324496603, 23.95974925992723925, -41.55967271703992338 ) ) ;
#2007 = VERTEX_POINT ( 'NONE', #2848 ) ;
#2008 = CARTESIAN_POINT ( 'NONE',  ( -43.04314699650042542, 61.03687224948895818, -9.128283179555323201 ) ) ;
#2009 = CARTESIAN_POINT ( 'NONE',  ( 80.00000000000002842, 74.50000000000001421, 45.00000000000001421 ) ) ;
#2010 = CARTESIAN_POINT ( 'NONE',  ( -14.86558347466680985, 24.93741500414357759, 45.11394036560500354 ) ) ;
#2011 = EDGE_CURVE ( 'NONE', #2787, #1609, #1300, .T. ) ;
#2012 = CIRCLE ( 'NONE', #2025, 4.250000000000005329 ) ;
#2013 = ORIENTED_EDGE ( 'NONE', *, *, #1994, .T. ) ;
#2014 = DIRECTION ( 'NONE',  ( 0.000000000000000000, 0.000000000000000000, -1.000000000000000000 ) ) ;
#2015 = CARTESIAN_POINT ( 'NONE',  ( 32.31490445416323354, 60.66688128402473268, 34.81428756618410603 ) ) ;
#2016 = ADVANCED_FACE ( 'NONE', ( #721 ), #3553, .F. ) ;
#2017 = ADVANCED_FACE ( 'NONE', ( #3580 ), #136, .F. ) ;
#2018 = VECTOR ( 'NONE', #109, 1000.000000000000000 ) ;
#2019 = VECTOR ( 'NONE', #1563, 1000.000000000000000 ) ;
#2020 = CARTESIAN_POINT ( 'NONE',  ( 28.43068919498601588, 59.05801789743465235, 33.58123173764309399 ) ) ;
#2021 = ORIENTED_EDGE ( 'NONE', *, *, #3082, .T. ) ;
#2022 = CARTESIAN_POINT ( 'NONE',  ( 12.75412441119722295, 61.60415831683607735, 45.75635366476126364 ) ) ;
#2023 = CARTESIAN_POINT ( 'NONE',  ( -37.10992723813205885, 58.00000000000000711, -8.723720558371100608 ) ) ;
#2024 = AXIS2_PLACEMENT_3D ( 'NONE', #3550, #672, #691 ) ;
#2025 = AXIS2_PLACEMENT_3D ( 'NONE', #3416, #766, #1937 ) ;
#2026 = AXIS2_PLACEMENT_3D ( 'NONE', #1813, #590, #1550 ) ;
#2027 = PLANE ( 'NONE',  #547 ) ;
#2028 = DIRECTION ( 'NONE',  ( 0.000000000000000000, 1.000000000000000000, -0.000000000000000000 ) ) ;
#2029 = DIRECTION ( 'NONE',  ( -0.000000000000000000, -0.000000000000000000, -1.000000000000000000 ) ) ;
#2030 = CARTESIAN_POINT ( 'NONE',  ( -31.53123748998983089, 58.00000000000000711, 35.52507652841666896 ) ) ;
#2031 = ORIENTED_EDGE ( 'NONE', *, *, #3773, .F. ) ;
#2032 = CARTESIAN_POINT ( 'NONE',  ( 45.29480916652447320, 5.000000000000000000, 26.15097026518177969 ) ) ;
#2033 = CARTESIAN_POINT ( 'NONE',  ( -43.12253659093936164, 23.32730971096810535, 8.745575384552692455 ) ) ;
#2034 = CARTESIAN_POINT ( 'NONE',  ( -10.99999999999999822, 22.00000000000000000, 46.20876540224810469 ) ) ;
#2035 = CARTESIAN_POINT ( 'NONE',  ( 0.000000000000000000, 0.000000000000000000, 0.000000000000000000 ) ) ;
#2036 = CARTESIAN_POINT ( 'NONE',  ( 12.27929901172058536, 61.79864370466905399, -45.88605244275321127 ) ) ;
#2037 = CARTESIAN_POINT ( 'NONE',  ( 14.58176519627090428, 24.19990827978725534, -45.20656758417630527 ) ) ;
#2038 = CARTESIAN_POINT ( 'NONE',  ( 29.91943930515249050, 61.48482396520914506, 32.26264490084396641 ) ) ;
#2039 = ORIENTED_EDGE ( 'NONE', *, *, #231, .T. ) ;
#2040 = ADVANCED_FACE ( 'NONE', ( #639 ), #1200, .F. ) ;
#2041 = EDGE_CURVE ( 'NONE', #2391, #2007, #419, .T. ) ;
#2042 = EDGE_CURVE ( 'NONE', #2683, #498, #2492, .T. ) ;
#2043 = DIRECTION ( 'NONE',  ( -0.000000000000000000, -1.000000000000000000, -0.000000000000000000 ) ) ;
#2044 = CARTESIAN_POINT ( 'NONE',  ( -31.01805569138845442, 62.00000000000001421, -31.21169429557669517 ) ) ;
#2045 = CARTESIAN_POINT ( 'NONE',  ( -45.29480916652004652, 5.000000000000000000, -23.40097026517950951 ) ) ;
#2046 = CARTESIAN_POINT ( 'NONE',  ( -14.99999999999999645, 25.99999999999999645, 41.36423575989287826 ) ) ;
#2047 = FACE_OUTER_BOUND ( 'NONE', #1334, .T. ) ;
#2048 = ORIENTED_EDGE ( 'NONE', *, *, #1477, .F. ) ;
#2049 = CARTESIAN_POINT ( 'NONE',  ( 45.59410169552393910, 22.00000000000000000, 13.32286876263077247 ) ) ;
#2050 = CARTESIAN_POINT ( 'NONE',  ( -26.10992723813210148, 58.00000000000000711, -27.77627944162878038 ) ) ;
#2051 = CARTESIAN_POINT ( 'NONE',  ( 5.817072295949929004E-15, 22.00000000000000000, 47.50000000000000711 ) ) ;
#2052 = DIRECTION ( 'NONE',  ( -0.000000000000000000, -0.000000000000000000, -1.000000000000000000 ) ) ;
#2053 = CARTESIAN_POINT ( 'NONE',  ( 13.61986997196346394, 22.96618593828516453, -45.50589786387860869 ) ) ;
#2054 = CARTESIAN_POINT ( 'NONE',  ( -14.97308814826843282, 25.46634590592809033, -45.07837281889576531 ) ) ;
#2055 = ORIENTED_EDGE ( 'NONE', *, *, #1229, .T. ) ;
#2056 = CARTESIAN_POINT ( 'NONE',  ( 31.69904924333899388, 59.31555379423942753, -35.37558325333754539 ) ) ;
#2057 = CYLINDRICAL_SURFACE ( 'NONE', #2519, 3.999999999999996447 ) ;
#2058 = EDGE_CURVE ( 'NONE', #2754, #3662, #237, .T. ) ;
#2059 = CARTESIAN_POINT ( 'NONE',  ( 13.98657119239859448, 23.32646212042878986, 41.71826849182412644 ) ) ;
#2060 = ORIENTED_EDGE ( 'NONE', *, *, #2677, .T. ) ;
#2061 = CARTESIAN_POINT ( 'NONE',  ( -12.75269354469278937, 22.39526113634495630, -42.11211690373691141 ) ) ;
#2062 = CARTESIAN_POINT ( 'NONE',  ( 24.10992723813232885, 58.00000000000000711, 31.24038105676637045 ) ) ;
#2063 = VERTEX_POINT ( 'NONE', #3077 ) ;
#2064 = EDGE_CURVE ( 'NONE', #3452, #391, #722, .T. ) ;
#2065 = EDGE_CURVE ( 'NONE', #959, #2697, #1714, .T. ) ;
#2066 = CARTESIAN_POINT ( 'NONE',  ( 14.86472298971115791, 24.93416502601264639, -41.41308116291603625 ) ) ;
#2067 = CARTESIAN_POINT ( 'NONE',  ( 0.000000000000000000, 22.00000000000000000, 0.000000000000000000 ) ) ;
#2068 = DIRECTION ( 'NONE',  ( -0.000000000000000000, -1.000000000000000000, -0.000000000000000000 ) ) ;
#2069 = CARTESIAN_POINT ( 'NONE',  ( -14.45597641223301366, 60.03116116799167656, 45.24708687081727021 ) ) ;
#2070 = CARTESIAN_POINT ( 'NONE',  ( 26.10992723813229688, 58.00000000000000711, 27.77627944162859919 ) ) ;
#2071 = ORIENTED_EDGE ( 'NONE', *, *, #1381, .T. ) ;
#2072 = CARTESIAN_POINT ( 'NONE',  ( 46.41311488348549830, 60.03116116799169077, -10.10430062590676492 ) ) ;
#2073 = CARTESIAN_POINT ( 'NONE',  ( -13.99198695589493369, 23.33252775968908566, -45.39285915683055350 ) ) ;
#2074 = AXIS2_PLACEMENT_3D ( 'NONE', #2002, #525, #279 ) ;
#2075 = VERTEX_POINT ( 'NONE', #2782 ) ;
#2076 = CARTESIAN_POINT ( 'NONE',  ( 31.63693992155614509, 59.06235492879009286, -35.43102071231957950 ) ) ;
#2077 = CARTESIAN_POINT ( 'NONE',  ( -70.09999999999999432, 67.00000000000000000, -4.249999999999939604 ) ) ;
#2078 = VECTOR ( 'NONE', #1971, 1000.000000000000000 ) ;
#2079 = EDGE_LOOP ( 'NONE', ( #2048, #2509, #401, #221 ) ) ;
#2080 = CARTESIAN_POINT ( 'NONE',  ( -28.32247897619602384, 58.00000000000000711, -33.67249893671294814 ) ) ;
#2081 = ORIENTED_EDGE ( 'NONE', *, *, #1870, .F. ) ;
#2082 = AXIS2_PLACEMENT_3D ( 'NONE', #1135, #3493, #3200 ) ;
#2083 = VECTOR ( 'NONE', #1059, 1000.000000000000000 ) ;
#2084 = DIRECTION ( 'NONE',  ( -0.8660254037844363761, -0.000000000000000000, 0.5000000000000041078 ) ) ;
#2085 = PLANE ( 'NONE',  #1235 ) ;
#2086 = ORIENTED_EDGE ( 'NONE', *, *, #1819, .T. ) ;
#2087 = CIRCLE ( 'NONE', #3071, 2.750000000000002665 ) ;
#2088 = DIRECTION ( 'NONE',  ( 1.000000000000000000, 5.421010862427519089E-17, 0.000000000000000000 ) ) ;
#2089 = CARTESIAN_POINT ( 'NONE',  ( 14.99999999999999467, 58.27020101010507602, -41.36423575989288537 ) ) ;
#2090 = ORGANIZATION ( '未指定', '未指定', '' ) ;
#2091 = DIRECTION ( 'NONE',  ( 1.000000000000000000, 0.000000000000000000, -1.387778780781445922E-16 ) ) ;
#2092 = EDGE_CURVE ( 'NONE', #1068, #2407, #315, .T. ) ;
#2093 = CARTESIAN_POINT ( 'NONE',  ( 74.99999999999998579, 74.50000000000001421, -50.00000000000004263 ) ) ;
#2094 = FACE_BOUND ( 'NONE', #2131, .T. ) ;
#2095 = CARTESIAN_POINT ( 'NONE',  ( 46.30750967405372620, 60.66688128402470426, -10.57838439508032380 ) ) ;
#2096 = CARTESIAN_POINT ( 'NONE',  ( -14.16173625523992108, 23.53572381013718484, -45.34004019885158243 ) ) ;
#2097 = ORIENTED_EDGE ( 'NONE', *, *, #3037, .F. ) ;
#2098 = CARTESIAN_POINT ( 'NONE',  ( -31.63592725239686132, 24.94318887513154692, -35.43192354659414178 ) ) ;
#2099 = DIRECTION ( 'NONE',  ( 1.000000000000000000, 0.000000000000000000, 0.000000000000000000 ) ) ;
#2100 = ORIENTED_EDGE ( 'NONE', *, *, #2464, .T. ) ;
#2101 = CARTESIAN_POINT ( 'NONE',  ( -43.32247897619591015, 58.00000000000000711, 7.691736823180065130 ) ) ;
#2102 = VERTEX_POINT ( 'NONE', #1219 ) ;
#2103 = CARTESIAN_POINT ( 'NONE',  ( 34.51796471586261816, 22.00000000000000000, 32.63066214275255561 ) ) ;
#2104 = DIRECTION ( 'NONE',  ( -0.5000000000000102141, 0.000000000000000000, -0.8660254037844327124 ) ) ;
#2105 = ORIENTED_EDGE ( 'NONE', *, *, #3279, .F. ) ;
#2106 = CARTESIAN_POINT ( 'NONE',  ( -45.59491583792028990, 22.00000000000000000, 13.32013950772959454 ) ) ;
#2107 = LINE ( 'NONE', #1797, #3441 ) ;
#2108 = CARTESIAN_POINT ( 'NONE',  ( -24.10992723813211569, 26.00000000000000000, -31.24038105676653743 ) ) ;
#2109 = CARTESIAN_POINT ( 'NONE',  ( -14.15444302183600023, 60.47352781681262712, -41.66144801464115943 ) ) ;
#2110 = ADVANCED_FACE ( 'NONE', ( #1805 ), #1032, .F. ) ;
#2111 = EDGE_LOOP ( 'NONE', ( #622, #1900, #2172, #378 ) ) ;
#2112 = PLANE ( 'NONE',  #2869 ) ;
#2113 = ORIENTED_EDGE ( 'NONE', *, *, #1984, .F. ) ;
#2114 = CARTESIAN_POINT ( 'NONE',  ( 31.53123748998957865, 26.00000000000000000, -35.52507652841688923 ) ) ;
#2115 = EDGE_CURVE ( 'NONE', #3758, #1862, #3509, .T. ) ;
#2116 = CARTESIAN_POINT ( 'NONE',  ( -30.45730608121607474, 22.19897404045492806, -31.75554975935182611 ) ) ;
#2117 = VERTEX_POINT ( 'NONE', #418 ) ;
#2118 = APPROVAL_ROLE ( '' ) ;
#2119 = ORIENTED_EDGE ( 'NONE', *, *, #2589, .F. ) ;
#2120 = CARTESIAN_POINT ( 'NONE',  ( 46.53123748999009734, 58.26943924568022481, 9.544314414882929754 ) ) ;
#2121 = DIRECTION ( 'NONE',  ( 0.000000000000000000, 1.000000000000000000, -0.000000000000000000 ) ) ;
#2122 = ORIENTED_EDGE ( 'NONE', *, *, #1271, .F. ) ;
#2123 = CARTESIAN_POINT ( 'NONE',  ( -46.50261015876350257, 24.93741500414357759, 9.682997251663106653 ) ) ;
#2124 = CARTESIAN_POINT ( 'NONE',  ( 15.00000000000000000, 58.00000000000000711, 41.36423575989287826 ) ) ;
#2125 = CARTESIAN_POINT ( 'NONE',  ( 30.64172276678656459, 22.12531321243684701, 31.57774040083846501 ) ) ;
#2126 = CARTESIAN_POINT ( 'NONE',  ( -12.75167689016893569, 61.60537035190161248, -42.11243616000907508 ) ) ;
#2127 = ORIENTED_EDGE ( 'NONE', *, *, #1378, .F. ) ;
#2128 = CYLINDRICAL_SURFACE ( 'NONE', #169, 44.00000000000000711 ) ;
#2129 = ORIENTED_EDGE ( 'NONE', *, *, #1592, .F. ) ;
#2130 = CARTESIAN_POINT ( 'NONE',  ( -37.10992723813205885, 62.00000000000000711, -8.723720558371104161 ) ) ;
#2131 = EDGE_LOOP ( 'NONE', ( #3653, #3490 ) ) ;
#2132 = ORIENTED_EDGE ( 'NONE', *, *, #2353, .F. ) ;
#2133 = APPROVAL_STATUS ( 'not_yet_approved' ) ;
#2134 = CIRCLE ( 'NONE', #3003, 4.250000000000003553 ) ;
#2135 = ORIENTED_EDGE ( 'NONE', *, *, #73, .T. ) ;
#2136 = CARTESIAN_POINT ( 'NONE',  ( -31.39512162874660817, 22.00000000000000000, -30.82768784576954602 ) ) ;
#2137 = CARTESIAN_POINT ( 'NONE',  ( 26.10992723813229688, 22.00000000000000000, 27.77627944162859919 ) ) ;
#2138 = AXIS2_PLACEMENT_3D ( 'NONE', #3719, #2285, #1624 ) ;
#2139 = CIRCLE ( 'NONE', #2252, 4.250000000000005329 ) ;
#2140 = ORIENTED_EDGE ( 'NONE', *, *, #3152, .F. ) ;
#2141 = AXIS2_PLACEMENT_3D ( 'NONE', #1656, #3440, #792 ) ;
#2142 = CIRCLE ( 'NONE', #1711, 4.250000000000005329 ) ;
#2143 = CARTESIAN_POINT ( 'NONE',  ( -46.21919855812058131, 22.96618593828516453, 10.95779553997830824 ) ) ;
#2144 = FACE_OUTER_BOUND ( 'NONE', #3239, .T. ) ;
#2145 = CYLINDRICAL_SURFACE ( 'NONE', #67, 5.000000000000004441 ) ;
#2146 = CARTESIAN_POINT ( 'NONE',  ( -46.53123748998995524, 67.00000000000000000, 9.544314414883576347 ) ) ;
#2147 = VECTOR ( 'NONE', #577, 1000.000000000000000 ) ;
#2148 = AXIS2_PLACEMENT_3D ( 'NONE', #154, #1864, #3028 ) ;
#2149 = DIRECTION ( 'NONE',  ( 0.000000000000000000, -1.000000000000000000, 0.000000000000000000 ) ) ;
#2150 = ORIENTED_EDGE ( 'NONE', *, *, #3725, .F. ) ;
#2151 = CARTESIAN_POINT ( 'NONE',  ( 45.51796471586214921, 62.00000000000000711, -13.57810325949576225 ) ) ;
#2152 = AXIS2_PLACEMENT_3D ( 'NONE', #931, #42, #2099 ) ;
#2153 = ORIENTED_EDGE ( 'NONE', *, *, #2416, .F. ) ;
#2154 = ORIENTED_EDGE ( 'NONE', *, *, #2890, .F. ) ;
#2155 = COORDINATED_UNIVERSAL_TIME_OFFSET ( 8, 0, .AHEAD. ) ;
#2156 = EDGE_CURVE ( 'NONE', #3394, #64, #207, .T. ) ;
#2157 = DIRECTION ( 'NONE',  ( -0.000000000000000000, -1.000000000000000000, -0.000000000000000000 ) ) ;
#2158 = EDGE_LOOP ( 'NONE', ( #3196, #1506, #1108, #440 ) ) ;
#2159 = ADVANCED_FACE ( 'NONE', ( #191 ), #1361, .F. ) ;
#2160 = EDGE_CURVE ( 'NONE', #1609, #370, #3151, .T. ) ;
#2161 = CARTESIAN_POINT ( 'NONE',  ( -42.46734862663085863, 62.00000000000000711, 11.51508320250938056 ) ) ;
#2162 = CARTESIAN_POINT ( 'NONE',  ( -46.44089412743957013, 59.80027442508902169, -9.975217596092550210 ) ) ;
#2163 = ADVANCED_FACE ( 'NONE', ( #1992 ), #801, .F. ) ;
#2164 = FACE_OUTER_BOUND ( 'NONE', #1223, .T. ) ;
#2165 = FACE_OUTER_BOUND ( 'NONE', #74, .T. ) ;
#2166 = DIRECTION ( 'NONE',  ( 1.541976423090494401E-16, 0.000000000000000000, -1.000000000000000000 ) ) ;
#2167 = CARTESIAN_POINT ( 'NONE',  ( -11.52224578201281346, 62.00000000000000711, 46.08444475545884700 ) ) ;
#2168 = CARTESIAN_POINT ( 'NONE',  ( -70.09999999999999432, 67.00000000000000000, 6.574180545139649923E-14 ) ) ;
#2169 = EDGE_LOOP ( 'NONE', ( #1730, #1217, #3282, #1051 ) ) ;
#2170 = CARTESIAN_POINT ( 'NONE',  ( -14.78687592610755530, 59.31489271146475062, -45.13989288121735655 ) ) ;
#2171 = CARTESIAN_POINT ( 'NONE',  ( -31.53123748999008669, 25.73366051671411370, -35.52507652841644870 ) ) ;
#2172 = ORIENTED_EDGE ( 'NONE', *, *, #1750, .T. ) ;
#2173 = B_SPLINE_CURVE_WITH_KNOTS ( 'NONE', 3,
 ( #3769, #3178, #3807, #3747, #3158, #2022, #1159, #258, #3224, #2644, #502, #1999, #11, #1424, #1121, #2623, #3521, #2867 ),
 .UNSPECIFIED., .F., .F.,
 ( 4, 2, 2, 2, 2, 2, 2, 2, 4 ),
 ( 0.01900692651819921655, 0.01980346121714298205, 0.02059999591608674754, 0.02139653061503051304, 0.02219306531397427854, 0.02298960001291804403, 0.02378613471186180953, 0.02458266941080557502, 0.02537920410974934052 ),
 .UNSPECIFIED. ) ;
#2174 = CALENDAR_DATE ( 2026, 3, 9 ) ;
#2175 = DIRECTION ( 'NONE',  ( 0.000000000000000000, -1.000000000000000000, 0.000000000000000000 ) ) ;
#2176 = ORIENTED_EDGE ( 'NONE', *, *, #944, .T. ) ;
#2177 = DIRECTION ( 'NONE',  ( -0.000000000000000000, -1.000000000000000000, -0.000000000000000000 ) ) ;
#2178 = CARTESIAN_POINT ( 'NONE',  ( -13.41040153223227982, 22.79742796405890104, 41.90718559632100693 ) ) ;
#2179 = CARTESIAN_POINT ( 'NONE',  ( -28.49488385259933665, 24.68689446311729796, -33.52691051350942075 ) ) ;
#2180 = CARTESIAN_POINT ( 'NONE',  ( -11.00000000000000000, 62.00000000000000711, -42.60281680828158812 ) ) ;
#2181 = EDGE_CURVE ( 'NONE', #669, #2703, #251, .T. ) ;
#2182 = EDGE_LOOP ( 'NONE', ( #1625, #3420, #3370, #1137 ) ) ;
#2183 = DIRECTION ( 'NONE',  ( 0.000000000000000000, 0.000000000000000000, 1.000000000000000000 ) ) ;
#2184 = VERTEX_POINT ( 'NONE', #1114 ) ;
#2185 = DIRECTION ( 'NONE',  ( -0.8660254037844397068, -0.000000000000000000, -0.4999999999999980016 ) ) ;
#2186 = DIRECTION ( 'NONE',  ( -1.000000000000000000, 0.000000000000000000, 1.387778780781445922E-16 ) ) ;
#2187 = ORIENTED_EDGE ( 'NONE', *, *, #2440, .T. ) ;
#2188 = DIRECTION ( 'NONE',  ( 0.000000000000000000, 0.000000000000000000, -1.000000000000000000 ) ) ;
#2189 = ORIENTED_EDGE ( 'NONE', *, *, #26, .F. ) ;
#2190 = VECTOR ( 'NONE', #1604, 1000.000000000000227 ) ;
#2191 = LINE ( 'NONE', #3656, #1634 ) ;
#2192 = CARTESIAN_POINT ( 'NONE',  ( -46.34649474843303096, 60.46427618986282226, 10.40559674069313623 ) ) ;
#2193 = CIRCLE ( 'NONE', #544, 2.750000000004217959 ) ;
#2194 = PLANE ( 'NONE',  #551 ) ;
#2195 = CARTESIAN_POINT ( 'NONE',  ( 45.29480916652224209, 5.000000000000000000, -26.15097026518563794 ) ) ;
#2196 = VECTOR ( 'NONE', #1396, 1000.000000000000000 ) ;
#2197 = ORIENTED_EDGE ( 'NONE', *, *, #3119, .F. ) ;
#2198 = DIRECTION ( 'NONE',  ( -0.000000000000000000, -1.000000000000000000, -0.000000000000000000 ) ) ;
#2199 = ORIENTED_EDGE ( 'NONE', *, *, #1312, .F. ) ;
#2200 = ORIENTED_EDGE ( 'NONE', *, *, #1776, .F. ) ;
#2201 = CARTESIAN_POINT ( 'NONE',  ( -46.30696121700292167, 23.33056967998440356, -10.58077599924878953 ) ) ;
#2202 = VECTOR ( 'NONE', #2918, 1000.000000000000000 ) ;
#2203 = CARTESIAN_POINT ( 'NONE',  ( -12.02415979779430266, 61.87522433961473922, -45.95364574571716076 ) ) ;
#2204 = CIRCLE ( 'NONE', #2148, 4.250000000000005329 ) ;
#2205 = DIRECTION ( 'NONE',  ( 0.000000000000000000, 0.000000000000000000, 1.000000000000000000 ) ) ;
#2206 = VECTOR ( 'NONE', #1013, 1000.000000000000000 ) ;
#2207 = ORIENTED_EDGE ( 'NONE', *, *, #1382, .T. ) ;
#2208 = CARTESIAN_POINT ( 'NONE',  ( 31.53123748999033538, 26.00000000000000000, 35.52507652841622843 ) ) ;
#2209 = ORIENTED_EDGE ( 'NONE', *, *, #1426, .T. ) ;
#2210 = CARTESIAN_POINT ( 'NONE',  ( 11.00000000000000355, 22.00000000000000000, 36.50000000000003553 ) ) ;
#2211 = DIRECTION ( 'NONE',  ( -0.000000000000000000, -1.000000000000000000, -0.000000000000000000 ) ) ;
#2212 = CARTESIAN_POINT ( 'NONE',  ( -28.32247897619602384, 25.99999999999999645, -33.67249893671294814 ) ) ;
#2213 = DIRECTION ( 'NONE',  ( 0.000000000000000000, 0.000000000000000000, -1.000000000000000000 ) ) ;
#2214 = ORIENTED_EDGE ( 'NONE', *, *, #3391, .T. ) ;
#2215 = CARTESIAN_POINT ( 'NONE',  ( -45.29480916651780831, 5.000000000000000000, 23.40097026518143153 ) ) ;
#2216 = EDGE_LOOP ( 'NONE', ( #2005, #1276, #1098, #2627 ) ) ;
#2217 = CARTESIAN_POINT ( 'NONE',  ( -46.41319725019650377, 23.96947402809875527, -10.10392118815310347 ) ) ;
#2218 = CARTESIAN_POINT ( 'NONE',  ( 34.51796471586192183, 22.00000000000000000, -32.63066214275328747 ) ) ;
#2219 = CARTESIAN_POINT ( 'NONE',  ( 42.89922649372718411, 22.51311958029202742, 9.783067487631504022 ) ) ;
#2220 = ORIENTED_EDGE ( 'NONE', *, *, #1104, .F. ) ;
#2221 = EDGE_CURVE ( 'NONE', #1808, #493, #3376, .T. ) ;
#2222 = ORIENTED_EDGE ( 'NONE', *, *, #1827, .F. ) ;
#2223 = CARTESIAN_POINT ( 'NONE',  ( 45.66817861903260933, 61.97467071674837769, 13.06658368273071069 ) ) ;
#2224 = EDGE_CURVE ( 'NONE', #2700, #3038, #3820, .T. ) ;
#2225 = EDGE_CURVE ( 'NONE', #2860, #908, #3690, .T. ) ;
#2226 = DIRECTION ( 'NONE',  ( -0.000000000000000000, -1.000000000000000000, -0.000000000000000000 ) ) ;
#2227 = ORIENTED_EDGE ( 'NONE', *, *, #2721, .T. ) ;
#2228 = CARTESIAN_POINT ( 'NONE',  ( -28.49576730569886962, 24.68402184990854664, 33.52615813860826677 ) ) ;
#2229 = CARTESIAN_POINT ( 'NONE',  ( -31.85923891021338861, 59.80027442508901458, 35.23138529078001113 ) ) ;
#2230 = FACE_OUTER_BOUND ( 'NONE', #1004, .T. ) ;
#2231 = DIRECTION ( 'NONE',  ( 0.000000000000000000, 0.000000000000000000, -1.000000000000000000 ) ) ;
#2232 = DIRECTION ( 'NONE',  ( 0.000000000000000000, 0.000000000000000000, 1.000000000000000000 ) ) ;
#2233 = VERTEX_POINT ( 'NONE', #515 ) ;
#2234 = DIRECTION ( 'NONE',  ( 0.000000000000000000, 0.000000000000000000, 1.000000000000000000 ) ) ;
#2235 = VERTEX_POINT ( 'NONE', #1680 ) ;
#2236 = ORIENTED_EDGE ( 'NONE', *, *, #2889, .T. ) ;
#2237 = CARTESIAN_POINT ( 'NONE',  ( -46.00272606733881275, 22.39497477750957444, -11.83470964590263286 ) ) ;
#2238 = LINE ( 'NONE', #450, #555 ) ;
#2239 = DIRECTION ( 'NONE',  ( -0.000000000000000000, -1.000000000000000000, -0.000000000000000000 ) ) ;
#2240 = ORIENTED_EDGE ( 'NONE', *, *, #3037, .T. ) ;
#2241 = CARTESIAN_POINT ( 'NONE',  ( -10.99999999999999645, 62.00000000000000711, 42.60281680828158812 ) ) ;
#2242 = CARTESIAN_POINT ( 'NONE',  ( -28.32247897619578225, 58.00000000000000711, 33.67249893671315419 ) ) ;
#2243 = VERTEX_POINT ( 'NONE', #451 ) ;
#2244 = CARTESIAN_POINT ( 'NONE',  ( -33.60193136909559541, 22.19991920969130561, 33.57411750584104482 ) ) ;
#2245 = CARTESIAN_POINT ( 'NONE',  ( 46.53123748999009024, 58.00000000000000711, 9.544314414882931530 ) ) ;
#2246 = CARTESIAN_POINT ( 'NONE',  ( 14.57979971008101217, 24.19574640849205949, 41.51435263001734199 ) ) ;
#2247 = DIRECTION ( 'NONE',  ( 0.8660254037844432595, -0.000000000000000000, 0.4999999999999920064 ) ) ;
#2248 = B_SPLINE_CURVE_WITH_KNOTS ( 'NONE', 3,
 ( #2580, #536, #3724, #209, #2902, #3136, #3803, #499, #1438, #559, #1700, #1666, #3453, #253, #1645, #2241 ),
 .UNSPECIFIED., .F., .F.,
 ( 4, 2, 2, 2, 2, 2, 2, 4 ),
 ( 0.01272448166576134465, 0.01352357274548524578, 0.01432266382520914517, 0.01512175490493304630, 0.01592084598465694570, 0.01671993706438084856, 0.01751902814410474796, 0.01911721030355254675 ),
 .UNSPECIFIED. ) ;
#2249 = AXIS2_PLACEMENT_3D ( 'NONE', #491, #2527, #1333 ) ;
#2250 = FACE_OUTER_BOUND ( 'NONE', #1912, .T. ) ;
#2251 = CIRCLE ( 'NONE', #1092, 4.250000000000005329 ) ;
#2252 = AXIS2_PLACEMENT_3D ( 'NONE', #3735, #3384, #1620 ) ;
#2253 = ORIENTED_EDGE ( 'NONE', *, *, #3363, .T. ) ;
#2254 = DIRECTION ( 'NONE',  ( -0.000000000000000000, -1.000000000000000000, -0.000000000000000000 ) ) ;
#2255 = ORIENTED_EDGE ( 'NONE', *, *, #1498, .T. ) ;
#2256 = ORIENTED_EDGE ( 'NONE', *, *, #3208, .F. ) ;
#2257 = CARTESIAN_POINT ( 'NONE',  ( -42.46666543231283697, 21.99999999999999289, -11.51754297227498824 ) ) ;
#2258 = CARTESIAN_POINT ( 'NONE',  ( -10.99999999999999822, 22.00000000000000000, 42.60281680828158812 ) ) ;
#2259 = CARTESIAN_POINT ( 'NONE',  ( 0.000000000000000000, 62.00000000000000000, 0.000000000000000000 ) ) ;
#2260 = VECTOR ( 'NONE', #2872, 1000.000000000000000 ) ;
#2261 = VECTOR ( 'NONE', #2792, 1000.000000000000000 ) ;
#2262 = ORIENTED_EDGE ( 'NONE', *, *, #819, .F. ) ;
#2263 = AXIS2_PLACEMENT_3D ( 'NONE', #284, #2631, #3817 ) ;
#2264 = VECTOR ( 'NONE', #2293, 1000.000000000000000 ) ;
#2265 = CARTESIAN_POINT ( 'NONE',  ( -70.09999999999999432, 74.50000000000001421, 6.574180545139649923E-14 ) ) ;
#2266 = DIRECTION ( 'NONE',  ( 0.000000000000000000, 0.000000000000000000, -1.000000000000000000 ) ) ;
#2267 = VECTOR ( 'NONE', #615, 1000.000000000000227 ) ;
#2268 = CARTESIAN_POINT ( 'NONE',  ( 46.52547596276060915, 25.46321995146991313, -9.572522435033647525 ) ) ;
#2269 = ORIENTED_EDGE ( 'NONE', *, *, #230, .T. ) ;
#2270 = CARTESIAN_POINT ( 'NONE',  ( -30.45710541127844806, 22.19915916777096854, 31.75573140234459757 ) ) ;
#2271 = LINE ( 'NONE', #1933, #3015 ) ;
#2272 = ADVANCED_FACE ( 'NONE', ( #1946 ), #1337, .F. ) ;
#2273 = EDGE_CURVE ( 'NONE', #336, #1419, #1377, .T. ) ;
#2274 = EDGE_CURVE ( 'NONE', #2683, #742, #843, .T. ) ;
#2275 = DIRECTION ( 'NONE',  ( 0.000000000000000000, 0.000000000000000000, -1.000000000000000000 ) ) ;
#2276 = CARTESIAN_POINT ( 'NONE',  ( 0.000000000000000000, 62.00000000000000711, 0.000000000000000000 ) ) ;
#2277 = LINE ( 'NONE', #2505, #3321 ) ;
#2278 = EDGE_CURVE ( 'NONE', #334, #64, #239, .T. ) ;
#2279 = ORIENTED_EDGE ( 'NONE', *, *, #1452, .F. ) ;
#2280 = CARTESIAN_POINT ( 'NONE',  ( -42.39512162874648027, 22.00000000000000000, 11.77512896251216823 ) ) ;
#2281 = ORIENTED_EDGE ( 'NONE', *, *, #2770, .T. ) ;
#2282 = ORIENTED_EDGE ( 'NONE', *, *, #2464, .F. ) ;
#2283 = CARTESIAN_POINT ( 'NONE',  ( -74.99999999999998579, 74.50000000000001421, -45.00000000000002842 ) ) ;
#2284 = CARTESIAN_POINT ( 'NONE',  ( -43.04308669793590525, 22.96282394920143588, 9.128578112596200000 ) ) ;
#2285 = DIRECTION ( 'NONE',  ( 0.000000000000000000, 1.000000000000000000, -0.000000000000000000 ) ) ;
#2286 = EDGE_LOOP ( 'NONE', ( #1649, #3106, #1621, #1468, #1056, #3707, #1340, #531 ) ) ;
#2287 = DIRECTION ( 'NONE',  ( 0.000000000000000000, 0.000000000000000000, -1.000000000000000000 ) ) ;
#2288 = CARTESIAN_POINT ( 'NONE',  ( 33.07813357753379080, 61.48297841561181087, 34.09013940865551007 ) ) ;
#2289 = CARTESIAN_POINT ( 'NONE',  ( 0.000000000000000000, 62.00000000000000711, -47.50000000000000711 ) ) ;
#2290 = ORIENTED_EDGE ( 'NONE', *, *, #2225, .F. ) ;
#2291 = CARTESIAN_POINT ( 'NONE',  ( -29.58587425582476982, 22.79880283256872531, 32.56882079145913167 ) ) ;
#2292 = LINE ( 'NONE', #1122, #793 ) ;
#2293 = DIRECTION ( 'NONE',  ( -0.000000000000000000, -0.000000000000000000, -1.000000000000000000 ) ) ;
#2294 = EDGE_CURVE ( 'NONE', #2517, #2235, #1230, .T. ) ;
#2295 = CARTESIAN_POINT ( 'NONE',  ( -28.32247897619577870, 26.00000000000000000, 33.67249893671314709 ) ) ;
#2296 = CARTESIAN_POINT ( 'NONE',  ( -31.53123748998983089, 67.00000000000000000, 35.52507652841666896 ) ) ;
#2297 = ORIENTED_EDGE ( 'NONE', *, *, #2582, .T. ) ;
#2298 = CARTESIAN_POINT ( 'NONE',  ( 13.61596280302923212, 22.96282394920143588, -41.84069559400658278 ) ) ;
#2299 = ORIENTED_EDGE ( 'NONE', *, *, #2294, .T. ) ;
#2300 = CARTESIAN_POINT ( 'NONE',  ( -45.29480916652004652, 5.000000000000000000, -26.15097026518175483 ) ) ;
#2301 = CARTESIAN_POINT ( 'NONE',  ( -31.69769689240471067, 59.31068695147637726, -35.37679480082054795 ) ) ;
#2302 = PLANE ( 'NONE',  #3750 ) ;
#2303 = ADVANCED_FACE ( 'NONE', ( #574 ), #2302, .F. ) ;
#2304 = VERTEX_POINT ( 'NONE', #2093 ) ;
#2305 = CARTESIAN_POINT ( 'NONE',  ( -70.09999999999996589, 74.50000000000001421, 25.00000000000003908 ) ) ;
#2306 = CARTESIAN_POINT ( 'NONE',  ( 0.000000000000000000, 62.00000000000000711, 0.000000000000000000 ) ) ;
#2307 = B_SPLINE_CURVE_WITH_KNOTS ( 'NONE', 3,
 ( #2659, #3298, #2054, #290, #23, #1817, #946, #2096, #2073, #3261, #1803, #616, #2965, #2675, #2696, #330, #63, #1499 ),
 .UNSPECIFIED., .F., .F.,
 ( 4, 2, 2, 2, 2, 2, 2, 2, 4 ),
 ( 0.000000000000000000, 0.0007960521967110682252, 0.001592104393422136450, 0.002388156590133204676, 0.003184208786844272901, 0.003980260983555340693, 0.004776313180266409351, 0.005572365376977478010, 0.006368417573688545802 ),
 .UNSPECIFIED. ) ;
#2308 = B_SPLINE_CURVE_WITH_KNOTS ( 'NONE', 3,
 ( #1149, #2378, #3233, #2655, #557, #3800, #2069, #20, #1192, #36, #1780, #2957, #1212, #3568, #2167, #1582 ),
 .UNSPECIFIED., .F., .F.,
 ( 4, 2, 2, 2, 2, 2, 2, 4 ),
 ( 0.01269174112233744864, 0.01348823391441711025, 0.01428472670649677187, 0.01508121949857643349, 0.01587771229065609510, 0.01667420508273575325, 0.01747069787481541486, 0.01906368345897474156 ),
 .UNSPECIFIED. ) ;
#2309 = CARTESIAN_POINT ( 'NONE',  ( 28.32247897619625832, 58.00000000000000711, 33.67249893671274918 ) ) ;
#2310 = ORIENTED_EDGE ( 'NONE', *, *, #1048, .T. ) ;
#2311 = DIRECTION ( 'NONE',  ( -0.000000000000000000, -1.000000000000000000, -0.000000000000000000 ) ) ;
#2312 = CARTESIAN_POINT ( 'NONE',  ( 42.99856635103346036, 22.79974535120088319, -9.336712923393058361 ) ) ;
#2313 = CARTESIAN_POINT ( 'NONE',  ( -28.32247897619602384, 58.00000000000000711, -33.67249893671294814 ) ) ;
#2314 = DIRECTION ( 'NONE',  ( 0.000000000000000000, 0.000000000000000000, 1.000000000000000000 ) ) ;
#2315 = LINE ( 'NONE', #1207, #3194 ) ;
#2316 = DIRECTION ( 'NONE',  ( 0.000000000000000000, 0.000000000000000000, 1.000000000000000000 ) ) ;
#2317 = ORIENTED_EDGE ( 'NONE', *, *, #838, .T. ) ;
#2318 = DIRECTION ( 'NONE',  ( 0.000000000000000000, 0.000000000000000000, 1.000000000000000000 ) ) ;
#2319 = CARTESIAN_POINT ( 'NONE',  ( -42.53613115805782741, 22.02539768421411281, 11.25815311584174339 ) ) ;
#2320 = FACE_BOUND ( 'NONE', #2830, .T. ) ;
#2321 = CIRCLE ( 'NONE', #726, 44.00000000000000711 ) ;
#2322 = ADVANCED_FACE ( 'NONE', ( #920, #3277, #305, #1436, #3252, #2320, #2936, #1758 ), #2978, .T. ) ;
#2323 = EDGE_CURVE ( 'NONE', #692, #3317, #424, .T. ) ;
#2324 = EDGE_LOOP ( 'NONE', ( #1924, #2374, #1524, #814 ) ) ;
#2325 = CARTESIAN_POINT ( 'NONE',  ( 14.99999999999999467, 58.26927603240425668, -45.06939094329987938 ) ) ;
#2326 = AXIS2_PLACEMENT_3D ( 'NONE', #25, #2985, #596 ) ;
#2327 = DIRECTION ( 'NONE',  ( 0.000000000000000000, 0.000000000000000000, 1.000000000000000000 ) ) ;
#2328 = AXIS2_PLACEMENT_3D ( 'NONE', #3346, #2994, #661 ) ;
#2329 = VECTOR ( 'NONE', #689, 1000.000000000000000 ) ;
#2330 = CARTESIAN_POINT ( 'NONE',  ( 28.76435762538473995, 60.03592870019353001, 33.29619129153461188 ) ) ;
#2331 = ORIENTED_EDGE ( 'NONE', *, *, #2532, .F. ) ;
#2332 = CARTESIAN_POINT ( 'NONE',  ( 33.78512611960455558, 61.87531084634354528, -33.38986973020536198 ) ) ;
#2333 = AXIS2_PLACEMENT_3D ( 'NONE', #1549, #2433, #2722 ) ;
#2334 = AXIS2_PLACEMENT_3D ( 'NONE', #3112, #805, #3138 ) ;
#2335 = AXIS2_PLACEMENT_3D ( 'NONE', #3488, #1739, #2919 ) ;
#2336 = DIRECTION ( 'NONE',  ( -0.000000000000000000, -0.000000000000000000, 1.000000000000000000 ) ) ;
#2337 = CARTESIAN_POINT ( 'NONE',  ( -14.86713802292209508, 24.94364515698742579, -41.41221277633687947 ) ) ;
#2338 = DIRECTION ( 'NONE',  ( 0.000000000000000000, -1.000000000000000000, 0.000000000000000000 ) ) ;
#2339 = VERTEX_POINT ( 'NONE', #3489 ) ;
#2340 = CARTESIAN_POINT ( 'NONE',  ( 14.15444302183599490, 23.52647218318737288, -41.66144801464115943 ) ) ;
#2341 = ORIENTED_EDGE ( 'NONE', *, *, #3657, .T. ) ;
#2342 = DIRECTION ( 'NONE',  ( 0.000000000000000000, 1.000000000000000000, -0.000000000000000000 ) ) ;
#2343 = CARTESIAN_POINT ( 'NONE',  ( -42.66701790950740758, 22.12436077109844490, 10.75146725731002029 ) ) ;
#2344 = CARTESIAN_POINT ( 'NONE',  ( 11.00000000000000000, 62.00000000000000711, 36.50000000000003553 ) ) ;
#2345 = CARTESIAN_POINT ( 'NONE',  ( -24.10992723813211569, 58.00000000000000711, -31.24038105676653743 ) ) ;
#2346 = B_SPLINE_CURVE_WITH_KNOTS ( 'NONE', 3,
 ( #1087, #799, #513, #816, #2856, #222, #1990, #2360, #2008, #3167, #1416, #3546, #2376, #303, #248, #589 ),
 .UNSPECIFIED., .F., .F.,
 ( 4, 2, 2, 2, 2, 2, 2, 4 ),
 ( 0.01904983721772510880, 0.01984911191766220925, 0.02064838661759931318, 0.02144766131753641364, 0.02224693601747351757, 0.02304621071741061802, 0.02384548541734771848, 0.02544403481722192287 ),
 .UNSPECIFIED. ) ;
#2347 = CARTESIAN_POINT ( 'NONE',  ( 32.59832169389098766, 61.03269972943406430, 34.54905340764426569 ) ) ;
#2348 = ADVANCED_FACE ( 'NONE', ( #2920 ), #326, .F. ) ;
#2349 = CARTESIAN_POINT ( 'NONE',  ( 0.000000000000000000, 22.00000000000000000, 0.000000000000000000 ) ) ;
#2350 = ORIENTED_EDGE ( 'NONE', *, *, #1151, .F. ) ;
#2351 = CARTESIAN_POINT ( 'NONE',  ( 33.07958841043872411, 61.48411060104378123, -34.08872996470497441 ) ) ;
#2352 = DIRECTION ( 'NONE',  ( 0.000000000000000000, 0.000000000000000000, 1.000000000000000000 ) ) ;
#2353 = EDGE_CURVE ( 'NONE', #2517, #1511, #1494, .T. ) ;
#2354 = DIRECTION ( 'NONE',  ( -0.000000000000000000, -1.000000000000000000, -0.000000000000000000 ) ) ;
#2355 = ORIENTED_EDGE ( 'NONE', *, *, #309, .F. ) ;
#2356 = LINE ( 'NONE', #1690, #3327 ) ;
#2357 = DIRECTION ( 'NONE',  ( 0.000000000000000000, 0.000000000000000000, 1.000000000000000000 ) ) ;
#2358 = ORIENTED_EDGE ( 'NONE', *, *, #1988, .T. ) ;
#2359 = DIRECTION ( 'NONE',  ( 0.000000000000000000, 1.000000000000000000, -0.000000000000000000 ) ) ;
#2360 = CARTESIAN_POINT ( 'NONE',  ( -42.99794893191052836, 61.20242201137359928, -9.339576983206537619 ) ) ;
#2361 = CARTESIAN_POINT ( 'NONE',  ( 31.39512162874681778, 22.00000000000000000, 30.82768784576933285 ) ) ;
#2362 = CARTESIAN_POINT ( 'NONE',  ( -11.51898125160025899, 22.02546538142539845, 46.08287151525004788 ) ) ;
#2363 = CYLINDRICAL_SURFACE ( 'NONE', #716, 3.999999999999997780 ) ;
#2364 = CARTESIAN_POINT ( 'NONE',  ( 46.53123748998988418, 58.00000000000000711, -9.544314414883903197 ) ) ;
#2365 = DIRECTION ( 'NONE',  ( 0.000000000000000000, -1.000000000000000000, 0.000000000000000000 ) ) ;
#2366 = ORIENTED_EDGE ( 'NONE', *, *, #889, .T. ) ;
#2367 = DIRECTION ( 'NONE',  ( 0.000000000000000000, 0.000000000000000000, -1.000000000000000000 ) ) ;
#2368 = VERTEX_POINT ( 'NONE', #2672 ) ;
#2369 = EDGE_CURVE ( 'NONE', #2007, #1433, #1615, .T. ) ;
#2370 = CARTESIAN_POINT ( 'NONE',  ( 79.99999999999998579, 74.50000000000001421, -45.00000000000004974 ) ) ;
#2371 = ORIENTED_EDGE ( 'NONE', *, *, #3771, .F. ) ;
#2372 = CARTESIAN_POINT ( 'NONE',  ( 70.09999999999999432, 74.50000000000001421, 29.25000000000001066 ) ) ;
#2373 = CARTESIAN_POINT ( 'NONE',  ( 31.39512162874617829, 62.00000000000000711, -30.82768784576998655 ) ) ;
#2374 = ORIENTED_EDGE ( 'NONE', *, *, #1143, .T. ) ;
#2375 = PLANE ( 'NONE',  #1887 ) ;
#2376 = CARTESIAN_POINT ( 'NONE',  ( -43.24230796774977392, 59.80478526118848492, -8.131096275216966873 ) ) ;
#2377 = LINE ( 'NONE', #919, #3516 ) ;
#2378 = CARTESIAN_POINT ( 'NONE',  ( -14.99999999999999822, 58.26622145420670051, 45.06939094329987938 ) ) ;
#2379 = VECTOR ( 'NONE', #2656, 1000.000000000000227 ) ;
#2380 = DIRECTION ( 'NONE',  ( 0.000000000000000000, 0.000000000000000000, 1.000000000000000000 ) ) ;
#2381 = B_SPLINE_CURVE_WITH_KNOTS ( 'NONE', 3,
 ( #1368, #809, #2812, #1980, #524, #749, #3160, #2192, #1689, #3121, #3101, #464, #1631, #486, #2524, #3415, #1653, #144 ),
 .UNSPECIFIED., .F., .F.,
 ( 4, 2, 2, 2, 2, 2, 2, 2, 4 ),
 ( 0.000000000000000000, 0.0007960521967110677916, 0.001592104393422135583, 0.002388156590133203375, 0.003184208786844271166, 0.003980260983555338958, 0.004776313180266406749, 0.005572365376977474541, 0.006368417573688542332 ),
 .UNSPECIFIED. ) ;
#2382 = FACE_OUTER_BOUND ( 'NONE', #388, .T. ) ;
#2383 = CARTESIAN_POINT ( 'NONE',  ( 70.09999999999999432, 74.50000000000001421, 4.250000000000054179 ) ) ;
#2384 = AXIS2_PLACEMENT_3D ( 'NONE', #1462, #1442, #234 ) ;
#2385 = ORIENTED_EDGE ( 'NONE', *, *, #3279, .T. ) ;
#2386 = DIRECTION ( 'NONE',  ( -1.387778780781445922E-16, 0.000000000000000000, -1.000000000000000000 ) ) ;
#2387 = PERSON_AND_ORGANIZATION ( #1505, #2090 ) ;
#2388 = VECTOR ( 'NONE', #2239, 1000.000000000000000 ) ;
#2389 = ORIENTED_EDGE ( 'NONE', *, *, #1358, .T. ) ;
#2390 = DIRECTION ( 'NONE',  ( 0.000000000000000000, 0.000000000000000000, 1.000000000000000000 ) ) ;
#2391 = VERTEX_POINT ( 'NONE', #2051 ) ;
#2392 = VECTOR ( 'NONE', #2529, 1000.000000000000000 ) ;
#2393 = CARTESIAN_POINT ( 'NONE',  ( -43.32247897619595989, 58.00000000000000711, -7.691736823179756044 ) ) ;
#2394 = DIRECTION ( 'NONE',  ( 0.8660254037844328234, -0.000000000000000000, -0.5000000000000101030 ) ) ;
#2395 = EDGE_CURVE ( 'NONE', #1157, #2564, #2308, .T. ) ;
#2396 = VERTEX_POINT ( 'NONE', #3019 ) ;
#2397 = ADVANCED_FACE ( 'NONE', ( #1814 ), #717, .F. ) ;
#2398 = CIRCLE ( 'NONE', #1409, 44.00000000000000711 ) ;
#2399 = CARTESIAN_POINT ( 'NONE',  ( -46.06164618575999725, 22.51625576136130746, 11.60281172838330832 ) ) ;
#2400 = CARTESIAN_POINT ( 'NONE',  ( 15.00000000000000355, 26.00000000000000000, 45.06939094329987938 ) ) ;
#2401 = AXIS2_PLACEMENT_3D ( 'NONE', #3432, #2587, #1502 ) ;
#2402 = CARTESIAN_POINT ( 'NONE',  ( -70.09999999999996589, 74.50000000000001421, 25.00000000000003908 ) ) ;
#2403 = CARTESIAN_POINT ( 'NONE',  ( 29.00301427230479590, 60.47421161408914969, -33.08851538451828134 ) ) ;
#2404 = EDGE_CURVE ( 'NONE', #1127, #957, #362, .T. ) ;
#2405 = EDGE_CURVE ( 'NONE', #2614, #1461, #3696, .T. ) ;
#2406 = CARTESIAN_POINT ( 'NONE',  ( -74.99999999999998579, 74.50000000000001421, -50.00000000000002842 ) ) ;
#2407 = VERTEX_POINT ( 'NONE', #995 ) ;
#2408 = DIRECTION ( 'NONE',  ( 0.8660254037844328234, -0.000000000000000000, -0.5000000000000101030 ) ) ;
#2409 = UNCERTAINTY_MEASURE_WITH_UNIT (LENGTH_MEASURE( 1.000000000000000082E-05 ), #2662, 'distance_accuracy_value', 'NONE');
#2410 = CARTESIAN_POINT ( 'NONE',  ( -31.01619104026376306, 22.02565400611182511, -31.21001051414776128 ) ) ;
#2411 = VERTEX_POINT ( 'NONE', #1299 ) ;
#2412 = ORIENTED_EDGE ( 'NONE', *, *, #1197, .T. ) ;
#2413 = LINE ( 'NONE', #3302, #425 ) ;
#2414 = CARTESIAN_POINT ( 'NONE',  ( -45.87707306035277099, 61.80006371525087872, -12.31282898468354503 ) ) ;
#2415 = VERTEX_POINT ( 'NONE', #383 ) ;
#2416 = EDGE_CURVE ( 'NONE', #1175, #1875, #567, .T. ) ;
#2417 = CARTESIAN_POINT ( 'NONE',  ( 31.53123748999032827, 58.00000000000000711, 35.52507652841622843 ) ) ;
#2418 = CARTESIAN_POINT ( 'NONE',  ( 14.88824580395964858, 59.07679069448808917, 41.40516679037929038 ) ) ;
#2419 = CARTESIAN_POINT ( 'NONE',  ( 28.32247897619625476, 25.99999999999999645, 33.67249893671275629 ) ) ;
#2420 = CARTESIAN_POINT ( 'NONE',  ( -15.00000000000000000, 58.00000000000000711, -41.36423575989287826 ) ) ;
#2421 = ORIENTED_EDGE ( 'NONE', *, *, #3535, .F. ) ;
#2422 = CARTESIAN_POINT ( 'NONE',  ( 45.29480916652224209, 0.000000000000000000, -26.15097026518563794 ) ) ;
#2423 = EDGE_CURVE ( 'NONE', #2063, #1068, #2639, .T. ) ;
#2424 = CARTESIAN_POINT ( 'NONE',  ( 46.06199353521559914, 61.48297841561183930, -11.60143428359166684 ) ) ;
#2425 = ORIENTED_EDGE ( 'NONE', *, *, #961, .F. ) ;
#2426 = ORIENTED_EDGE ( 'NONE', *, *, #3391, .F. ) ;
#2427 = PERSON_AND_ORGANIZATION_ROLE ( 'classification_officer' ) ;
#2428 = ORIENTED_EDGE ( 'NONE', *, *, #1306, .T. ) ;
#2429 = FACE_BOUND ( 'NONE', #2286, .T. ) ;
#2430 = CARTESIAN_POINT ( 'NONE',  ( -45.59470367684915715, 62.00000000000001421, -13.32085073668144837 ) ) ;
#2431 = ORIENTED_EDGE ( 'NONE', *, *, #3208, .T. ) ;
#2432 = CARTESIAN_POINT ( 'NONE',  ( 46.53123748998988418, 58.00000000000000711, -9.544314414883903197 ) ) ;
#2433 = DIRECTION ( 'NONE',  ( -0.000000000000000000, -1.000000000000000000, -0.000000000000000000 ) ) ;
#2434 = DIRECTION ( 'NONE',  ( -0.000000000000000000, -1.000000000000000000, -0.000000000000000000 ) ) ;
#2435 = CARTESIAN_POINT ( 'NONE',  ( 29.13567471892842420, 60.67335697356285351, -32.97196560475716609 ) ) ;
#2436 = ORIENTED_EDGE ( 'NONE', *, *, #395, .T. ) ;
#2437 = LINE ( 'NONE', #2765, #2444 ) ;
#2438 = CARTESIAN_POINT ( 'NONE',  ( 45.81342137220959643, 61.89896511535745560, -12.55505454088762107 ) ) ;
#2439 = EDGE_CURVE ( 'NONE', #2622, #3230, #2450, .T. ) ;
#2440 = EDGE_CURVE ( 'NONE', #3223, #1578, #1856, .T. ) ;
#2441 = EDGE_CURVE ( 'NONE', #1781, #2663, #974, .T. ) ;
#2442 = EDGE_LOOP ( 'NONE', ( #509, #3571, #3468, #389, #2214, #1397, #1861, #535 ) ) ;
#2443 = ORIENTED_EDGE ( 'NONE', *, *, #414, .T. ) ;
#2444 = VECTOR ( 'NONE', #1839, 1000.000000000000000 ) ;
#2445 = VECTOR ( 'NONE', #481, 1000.000000000000000 ) ;
#2446 = CARTESIAN_POINT ( 'NONE',  ( 0.000000000000000000, 67.00000000000000000, -47.50000000000000711 ) ) ;
#2447 = ORIENTED_EDGE ( 'NONE', *, *, #2011, .F. ) ;
#2448 = CARTESIAN_POINT ( 'NONE',  ( 46.16941528745085321, 61.19961625050176224, 11.16627834264878061 ) ) ;
#2449 = DIRECTION ( 'NONE',  ( 0.000000000000000000, 1.000000000000000000, 0.000000000000000000 ) ) ;
#2450 = CIRCLE ( 'NONE', #3572, 4.249999999999990230 ) ;
#2451 = AXIS2_PLACEMENT_3D ( 'NONE', #1327, #3437, #1105 ) ;
#2452 = AXIS2_PLACEMENT_3D ( 'NONE', #48, #2394, #2104 ) ;
#2453 = CARTESIAN_POINT ( 'NONE',  ( -14.45054018324496603, 23.95974925992723925, 41.55967271703992338 ) ) ;
#2454 = CARTESIAN_POINT ( 'NONE',  ( 14.58052892631378938, 59.80277296587171065, -41.51409603541456761 ) ) ;
#2455 = CARTESIAN_POINT ( 'NONE',  ( -31.69904924333923901, 59.31555379423942753, 35.37558325333732512 ) ) ;
#2456 = CARTESIAN_POINT ( 'NONE',  ( -31.39512162874638790, 62.00000000000000711, 30.82768784576976628 ) ) ;
#2457 = CIRCLE ( 'NONE', #1775, 44.00000000000000711 ) ;
#2458 = ORIENTED_EDGE ( 'NONE', *, *, #3345, .T. ) ;
#2459 = PLANE ( 'NONE',  #1218 ) ;
#2460 = CC_DESIGN_APPROVAL ( #1267, ( #730 ) ) ;
#2461 = CARTESIAN_POINT ( 'NONE',  ( -74.99999999999998579, 67.00000000000000000, 45.00000000000003553 ) ) ;
#2462 = CARTESIAN_POINT ( 'NONE',  ( -32.31430730869214329, 23.33379488489997655, -34.81485088619799484 ) ) ;
#2463 = ORIENTED_EDGE ( 'NONE', *, *, #3634, .F. ) ;
#2464 = EDGE_CURVE ( 'NONE', #2925, #1825, #1568, .T. ) ;
#2465 = PERSON_AND_ORGANIZATION ( #1505, #2090 ) ;
#2466 = CARTESIAN_POINT ( 'NONE',  ( 33.24886410084359056, 22.39596058531784095, 33.92381005688983464 ) ) ;
#2467 = ORIENTED_EDGE ( 'NONE', *, *, #1023, .F. ) ;
#2468 = EDGE_CURVE ( 'NONE', #579, #1262, #699, .T. ) ;
#2469 = ADVANCED_FACE ( 'NONE', ( #1315 ), #146, .F. ) ;
#2470 = CARTESIAN_POINT ( 'NONE',  ( -31.69801951707783161, 24.68792069221563779, 35.37650749220303226 ) ) ;
#2471 = LINE ( 'NONE', #130, #850 ) ;
#2472 = CARTESIAN_POINT ( 'NONE',  ( 12.75101109732075777, 61.60562849123930107, 42.11263251846565225 ) ) ;
#2473 = CARTESIAN_POINT ( 'NONE',  ( -14.45054018324497136, 60.04025074007277141, -41.55967271703992338 ) ) ;
#2474 = ORIENTED_EDGE ( 'NONE', *, *, #190, .T. ) ;
#2475 = CARTESIAN_POINT ( 'NONE',  ( -39.10992723813205174, 58.00000000000000711, -5.259618943233343558 ) ) ;
#2476 = ORIENTED_EDGE ( 'NONE', *, *, #2221, .F. ) ;
#2477 = CARTESIAN_POINT ( 'NONE',  ( -12.98249338077223847, 61.48374423863870675, -45.69196160119034289 ) ) ;
#2478 = CARTESIAN_POINT ( 'NONE',  ( 31.53123748998957865, 58.00000000000000711, -35.52507652841688213 ) ) ;
#2479 = B_SPLINE_CURVE_WITH_KNOTS ( 'NONE', 3,
 ( #2114, #1270, #1479, #2730, #3295, #1497, #97, #980, #1816, #2674, #2999, #3338, #1539, #2745, #3718, #1360, #114, #2218 ),
 .UNSPECIFIED., .F., .F.,
 ( 4, 2, 2, 2, 2, 2, 2, 2, 4 ),
 ( 0.000000000000000000, 0.0007960521967110673579, 0.001592104393422134716, 0.002388156590133202074, 0.003184208786844269432, 0.003980260983555337223, 0.004776313180266404147, 0.005572365376977471071, 0.006368417573688538863 ),
 .UNSPECIFIED. ) ;
#2480 = ORIENTED_EDGE ( 'NONE', *, *, #511, .T. ) ;
#2481 = DIRECTION ( 'NONE',  ( -0.000000000000000000, 1.000000000000000000, -0.000000000000000000 ) ) ;
#2482 = ORIENTED_EDGE ( 'NONE', *, *, #80, .F. ) ;
#2483 = CARTESIAN_POINT ( 'NONE',  ( -33.25052223343374180, 22.39497477750957444, 33.92217459470077046 ) ) ;
#2484 = EDGE_CURVE ( 'NONE', #2567, #625, #159, .T. ) ;
#2485 = LINE ( 'NONE', #1671, #171 ) ;
#2486 = CARTESIAN_POINT ( 'NONE',  ( -28.32247897619603449, 25.73269506508536963, -33.67249893671296235 ) ) ;
#2487 = CARTESIAN_POINT ( 'NONE',  ( 39.10992723813197358, 58.00000000000000711, -5.259618943233895116 ) ) ;
#2488 = DIRECTION ( 'NONE',  ( 0.000000000000000000, -0.000000000000000000, -1.000000000000000000 ) ) ;
#2489 = EDGE_LOOP ( 'NONE', ( #706, #2113, #937, #815 ) ) ;
#2490 = CARTESIAN_POINT ( 'NONE',  ( -46.52554991371607684, 25.46586525362480913, -9.572161772242857580 ) ) ;
#2491 = CARTESIAN_POINT ( 'NONE',  ( -13.41419355799996893, 61.19975364513668126, -45.56709229844449993 ) ) ;
#2492 = LINE ( 'NONE', #904, #3117 ) ;
#2493 = ORIENTED_EDGE ( 'NONE', *, *, #2909, .F. ) ;
#2494 = CARTESIAN_POINT ( 'NONE',  ( 70.09999999999999432, 67.00000000000000000, 29.25000000000001066 ) ) ;
#2495 = ORIENTED_EDGE ( 'NONE', *, *, #2224, .T. ) ;
#2496 = DIRECTION ( 'NONE',  ( -1.000000000000000000, -0.000000000000000000, 1.387778780781445922E-16 ) ) ;
#2497 = VECTOR ( 'NONE', #1350, 1000.000000000000000 ) ;
#2498 = AXIS2_PLACEMENT_3D ( 'NONE', #1586, #1269, #364 ) ;
#2499 = FACE_OUTER_BOUND ( 'NONE', #2111, .T. ) ;
#2500 = VECTOR ( 'NONE', #2177, 1000.000000000000000 ) ;
#2501 = CIRCLE ( 'NONE', #478, 47.50000000000000711 ) ;
#2502 = EDGE_CURVE ( 'NONE', #1571, #3764, #1047, .T. ) ;
#2503 = LINE ( 'NONE', #445, #5 ) ;
#2504 = EDGE_CURVE ( 'NONE', #2304, #2243, #2277, .T. ) ;
#2505 = CARTESIAN_POINT ( 'NONE',  ( 74.99999999999998579, 74.50000000000001421, -50.00000000000004263 ) ) ;
#2506 = AXIS2_PLACEMENT_3D ( 'NONE', #2541, #3733, #1107 ) ;
#2507 = ORIENTED_EDGE ( 'NONE', *, *, #3248, .F. ) ;
#2508 = CYLINDRICAL_SURFACE ( 'NONE', #117, 4.000000000000000000 ) ;
#2509 = ORIENTED_EDGE ( 'NONE', *, *, #1205, .T. ) ;
#2510 = CARTESIAN_POINT ( 'NONE',  ( -26.10992723813191319, 22.00000000000000000, 27.77627944162897222 ) ) ;
#2511 = CIRCLE ( 'NONE', #3377, 5.000000000000004441 ) ;
#2512 = PLANE ( 'NONE',  #789 ) ;
#2513 = VECTOR ( 'NONE', #3102, 1000.000000000000000 ) ;
#2514 = DIRECTION ( 'NONE',  ( -0.8660254037844432595, 0.000000000000000000, -0.4999999999999920064 ) ) ;
#2515 = ADVANCED_FACE ( 'NONE', ( #2777 ), #1351, .F. ) ;
#2516 = AXIS2_PLACEMENT_3D ( 'NONE', #1336, #3055, #438 ) ;
#2517 = VERTEX_POINT ( 'NONE', #3103 ) ;
#2518 = CARTESIAN_POINT ( 'NONE',  ( 3.367778697655221505E-16, 5.000000000000000000, -49.55194053036741053 ) ) ;
#2519 = AXIS2_PLACEMENT_3D ( 'NONE', #2023, #3264, #543 ) ;
#2520 = CARTESIAN_POINT ( 'NONE',  ( 33.07634815563596931, 22.51841683703623787, 34.09186866731468513 ) ) ;
#2521 = EDGE_LOOP ( 'NONE', ( #2421, #3166, #2883, #2989 ) ) ;
#2522 = CARTESIAN_POINT ( 'NONE',  ( -34.15184607662598637, 22.02493962409058881, 33.01469583700902177 ) ) ;
#2523 = CARTESIAN_POINT ( 'NONE',  ( -32.75498835418743226, 61.19961625050176934, 34.40074734548151980 ) ) ;
#2524 = CARTESIAN_POINT ( 'NONE',  ( -45.81031479569808340, 61.87418781978083615, 12.55922090850267381 ) ) ;
#2525 = CARTESIAN_POINT ( 'NONE',  ( 45.29480916652224209, 5.000000000000000000, -23.40097026518500201 ) ) ;
#2526 = CARTESIAN_POINT ( 'NONE',  ( 14.99999999999999645, 26.00000000000000000, -36.50000000000003553 ) ) ;
#2527 = DIRECTION ( 'NONE',  ( -0.5000000000000101030, 5.421010862427519705E-17, -0.8660254037844328234 ) ) ;
#2528 = ORIENTED_EDGE ( 'NONE', *, *, #1427, .F. ) ;
#2529 = DIRECTION ( 'NONE',  ( -0.8660254037844363761, -0.000000000000000000, 0.5000000000000041078 ) ) ;
#2530 = CARTESIAN_POINT ( 'NONE',  ( -11.51898125160025899, 61.97453461857462997, -46.08287151525004788 ) ) ;
#2531 = CARTESIAN_POINT ( 'NONE',  ( -70.09999999999999432, 74.50000000000001421, -25.00000000000000355 ) ) ;
#2532 = EDGE_CURVE ( 'NONE', #2243, #334, #3462, .T. ) ;
#2533 = ORIENTED_EDGE ( 'NONE', *, *, #1427, .T. ) ;
#2534 = DIRECTION ( 'NONE',  ( 0.000000000000000000, 1.000000000000000000, 0.000000000000000000 ) ) ;
#2535 = DIRECTION ( 'NONE',  ( 0.000000000000000000, 0.000000000000000000, -1.000000000000000000 ) ) ;
#2536 = VERTEX_POINT ( 'NONE', #1906 ) ;
#2537 = CYLINDRICAL_SURFACE ( 'NONE', #3314, 3.999999999999999112 ) ;
#2538 = DIRECTION ( 'NONE',  ( -1.541976423090494401E-16, -0.000000000000000000, 1.000000000000000000 ) ) ;
#2539 = CARTESIAN_POINT ( 'NONE',  ( 15.00000000000000533, 25.72955711150534341, 41.36423575989288537 ) ) ;
#2540 = CARTESIAN_POINT ( 'NONE',  ( -29.58511375501727159, 22.79974535120087964, -32.56949432460946525 ) ) ;
#2541 = CARTESIAN_POINT ( 'NONE',  ( -10.99999999999999822, 58.00000000000000711, 36.50000000000003553 ) ) ;
#2542 = ORIENTED_EDGE ( 'NONE', *, *, #2908, .F. ) ;
#2543 = DIRECTION ( 'NONE',  ( -0.8660254037844397068, 0.000000000000000000, -0.4999999999999980016 ) ) ;
#2544 = ORIENTED_EDGE ( 'NONE', *, *, #3202, .F. ) ;
#2545 = ORIENTED_EDGE ( 'NONE', *, *, #1870, .T. ) ;
#2546 = CARTESIAN_POINT ( 'NONE',  ( -42.99836330461877765, 22.79880283256872531, -9.337708302986809983 ) ) ;
#2547 = CARTESIAN_POINT ( 'NONE',  ( -43.15709385004197429, 23.52647218318737288, 8.572616773991427408 ) ) ;
#2548 = CARTESIAN_POINT ( 'NONE',  ( 42.46666543231291513, 21.99999999999999289, 11.51754297227469337 ) ) ;
#2549 = ORIENTED_EDGE ( 'NONE', *, *, #787, .F. ) ;
#2550 = CARTESIAN_POINT ( 'NONE',  ( 29.58382848485781125, 22.80080280240496293, -32.57067699212625911 ) ) ;
#2551 = DIRECTION ( 'NONE',  ( 0.000000000000000000, 1.000000000000000000, 0.000000000000000000 ) ) ;
#2552 = ADVANCED_FACE ( 'NONE', ( #2250 ), #1024, .F. ) ;
#2553 = EDGE_CURVE ( 'NONE', #2117, #1707, #975, .T. ) ;
#2554 = EDGE_CURVE ( 'NONE', #1257, #10, #2818, .T. ) ;
#2555 = CARTESIAN_POINT ( 'NONE',  ( 46.30769895076061005, 23.33379488489996589, -10.57758559192599535 ) ) ;
#2556 = EDGE_LOOP ( 'NONE', ( #840, #1392 ) ) ;
#2557 = CARTESIAN_POINT ( 'NONE',  ( 45.29480916652447320, 5.000000000000000000, 23.40097026517890555 ) ) ;
#2558 = CARTESIAN_POINT ( 'NONE',  ( -32.59915943866570132, 61.03357823824697448, 34.54825978870476177 ) ) ;
#2559 = ADVANCED_FACE ( 'NONE', ( #1065 ), #1982, .F. ) ;
#2560 = AXIS2_PLACEMENT_3D ( 'NONE', #1478, #2979, #21 ) ;
#2561 = CARTESIAN_POINT ( 'NONE',  ( 14.78662098647954259, 24.68402184990854664, 41.44113745636947499 ) ) ;
#2562 = DIRECTION ( 'NONE',  ( 0.000000000000000000, 1.000000000000000000, 0.000000000000000000 ) ) ;
#2563 = CARTESIAN_POINT ( 'NONE',  ( -29.42689862468324336, 61.03687224948895818, 32.71231716801963074 ) ) ;
#2564 = VERTEX_POINT ( 'NONE', #3381 ) ;
#2565 = AXIS2_PLACEMENT_3D ( 'NONE', #2768, #1574, #618 ) ;
#2566 = AXIS2_PLACEMENT_3D ( 'NONE', #3274, #2954, #917 ) ;
#2567 = VERTEX_POINT ( 'NONE', #767 ) ;
#2568 = DIRECTION ( 'NONE',  ( 1.000000000000000000, 0.000000000000000000, 0.000000000000000000 ) ) ;
#2569 = ORIENTED_EDGE ( 'NONE', *, *, #79, .T. ) ;
#2570 = EDGE_LOOP ( 'NONE', ( #428, #473 ) ) ;
#2571 = CARTESIAN_POINT ( 'NONE',  ( -42.66680052354255537, 22.12404791780401325, -10.75236048261560384 ) ) ;
#2572 = CARTESIAN_POINT ( 'NONE',  ( -43.31739004499475953, 25.46022280167109386, 7.720557017269418232 ) ) ;
#2573 = DIRECTION ( 'NONE',  ( 0.000000000000000000, 1.000000000000000000, -0.000000000000000000 ) ) ;
#2574 = AXIS2_PLACEMENT_3D ( 'NONE', #1603, #3606, #956 ) ;
#2575 = AXIS2_PLACEMENT_3D ( 'NONE', #3379, #1387, #731 ) ;
#2576 = VERTEX_POINT ( 'NONE', #488 ) ;
#2577 = AXIS2_PLACEMENT_3D ( 'NONE', #2067, #2670, #1722 ) ;
#2578 = AXIS2_PLACEMENT_3D ( 'NONE', #1481, #1241, #1180 ) ;
#2579 = B_SPLINE_CURVE_WITH_KNOTS ( 'NONE', 3,
 ( #1147, #1210, #2933, #3191, #607, #267, #572, #2955, #3566, #1471, #1738, #1130, #896, #1492, #3528, #3231, #2049, #2615 ),
 .UNSPECIFIED., .F., .F.,
 ( 4, 2, 2, 2, 2, 2, 2, 2, 4 ),
 ( 0.000000000000000000, 0.0007967757044379266112, 0.001593551408875853222, 0.002390327113313779617, 0.003187102817751706445, 0.003983878522189633273, 0.004780654226627559233, 0.005577429931065486061, 0.006374205635503412889 ),
 .UNSPECIFIED. ) ;
#2580 = CARTESIAN_POINT ( 'NONE',  ( -14.99999999999999645, 58.00000000000000711, 41.36423575989287826 ) ) ;
#2581 = CARTESIAN_POINT ( 'NONE',  ( 5.817072295949929004E-15, 5.000000000000000000, 47.50000000000000711 ) ) ;
#2582 = EDGE_CURVE ( 'NONE', #908, #2860, #605, .T. ) ;
#2583 = FACE_BOUND ( 'NONE', #3637, .T. ) ;
#2584 = ORIENTED_EDGE ( 'NONE', *, *, #2042, .F. ) ;
#2585 = CC_DESIGN_APPROVAL ( #1221, ( #1546 ) ) ;
#2586 = CARTESIAN_POINT ( 'NONE',  ( 5.817072295949929004E-15, 67.00000000000000000, 47.50000000000000711 ) ) ;
#2587 = DIRECTION ( 'NONE',  ( 0.000000000000000000, 1.000000000000000000, -0.000000000000000000 ) ) ;
#2588 = ADVANCED_FACE ( 'NONE', ( #3145 ), #506, .T. ) ;
#2589 = EDGE_CURVE ( 'NONE', #1875, #1560, #2315, .T. ) ;
#2590 = LINE ( 'NONE', #1203, #1038 ) ;
#2591 = CARTESIAN_POINT ( 'NONE',  ( -31.53123748999007958, 58.00000000000000711, -35.52507652841644159 ) ) ;
#2592 = CARTESIAN_POINT ( 'NONE',  ( -46.53123748998995524, 58.00000000000000711, 9.544314414883576347 ) ) ;
#2593 = VERTEX_POINT ( 'NONE', #31 ) ;
#2594 = ORIENTED_EDGE ( 'NONE', *, *, #1784, .F. ) ;
#2595 = LINE ( 'NONE', #3467, #2874 ) ;
#2596 = ORIENTED_EDGE ( 'NONE', *, *, #1554, .F. ) ;
#2597 = ORIENTED_EDGE ( 'NONE', *, *, #1476, .T. ) ;
#2598 = FACE_OUTER_BOUND ( 'NONE', #2216, .T. ) ;
#2599 = DIRECTION ( 'NONE',  ( -0.5000000000000108802, 0.000000000000000000, -0.8660254037844323793 ) ) ;
#2600 = CARTESIAN_POINT ( 'NONE',  ( -79.99999999999998579, 74.50000000000001421, -45.00000000000002842 ) ) ;
#2601 = EDGE_LOOP ( 'NONE', ( #3172, #3406 ) ) ;
#2602 = FACE_OUTER_BOUND ( 'NONE', #2962, .T. ) ;
#2603 = CARTESIAN_POINT ( 'NONE',  ( 12.75464958441020613, 22.39604411147801244, -45.75621115643036063 ) ) ;
#2604 = CARTESIAN_POINT ( 'NONE',  ( 46.50290952249687138, 24.94318887513155047, -9.681554899555489868 ) ) ;
#2605 = EDGE_LOOP ( 'NONE', ( #3351, #2269 ) ) ;
#2606 = CARTESIAN_POINT ( 'NONE',  ( 4.440316247983206502E-12, 0.000000000000000000, 49.55194053036282043 ) ) ;
#2607 = FACE_OUTER_BOUND ( 'NONE', #3401, .T. ) ;
#2608 = CYLINDRICAL_SURFACE ( 'NONE', #3258, 4.250000000000003553 ) ;
#2609 = DIRECTION ( 'NONE',  ( 0.000000000000000000, 0.000000000000000000, 1.000000000000000000 ) ) ;
#2610 = LINE ( 'NONE', #1142, #242 ) ;
#2611 = ADVANCED_FACE ( 'NONE', ( #2930 ), #264, .F. ) ;
#2612 = EDGE_CURVE ( 'NONE', #1560, #1968, #3543, .T. ) ;
#2613 = CARTESIAN_POINT ( 'NONE',  ( 14.57954684969536885, 24.19541840568710711, -41.51444040888923581 ) ) ;
#2614 = VERTEX_POINT ( 'NONE', #2373 ) ;
#2615 = CARTESIAN_POINT ( 'NONE',  ( 45.51796471586244763, 22.00000000000000000, 13.57810325949479946 ) ) ;
#2616 = DIRECTION ( 'NONE',  ( 0.000000000000000000, 0.000000000000000000, 1.000000000000000000 ) ) ;
#2617 = CARTESIAN_POINT ( 'NONE',  ( -14.78687592610754997, 24.68510728853525293, 45.13989288121735655 ) ) ;
#2618 = FACE_OUTER_BOUND ( 'NONE', #3052, .T. ) ;
#2619 = DIRECTION ( 'NONE',  ( 0.000000000000000000, -1.000000000000000000, 0.000000000000000000 ) ) ;
#2620 = CARTESIAN_POINT ( 'NONE',  ( 31.53123748999032827, 58.00000000000000711, 35.52507652841622843 ) ) ;
#2621 = CARTESIAN_POINT ( 'NONE',  ( 46.17009173658269816, 22.80254055534670599, -11.16346476582485892 ) ) ;
#2622 = VERTEX_POINT ( 'NONE', #1691 ) ;
#2623 = CARTESIAN_POINT ( 'NONE',  ( 14.97304373445262371, 58.53582835843437948, 45.07838903114375029 ) ) ;
#2624 = CARTESIAN_POINT ( 'NONE',  ( 12.97722827563670833, 22.51311958029202387, 42.04335369008602186 ) ) ;
#2625 = CARTESIAN_POINT ( 'NONE',  ( -15.00000000000000355, 26.00000000000000000, -41.36423575989287116 ) ) ;
#2626 = CARTESIAN_POINT ( 'NONE',  ( 43.32247897619585331, 58.26713696442111257, -7.691736823180371552 ) ) ;
#2627 = ORIENTED_EDGE ( 'NONE', *, *, #1963, .F. ) ;
#2628 = CC_DESIGN_PERSON_AND_ORGANIZATION_ASSIGNMENT ( #2715, #2427, ( #1174 ) ) ;
#2629 = CARTESIAN_POINT ( 'NONE',  ( 10.99999999999999822, 22.00000000000000000, -42.60281680828158812 ) ) ;
#2630 = VERTEX_POINT ( 'NONE', #1165 ) ;
#2631 = DIRECTION ( 'NONE',  ( 0.000000000000000000, 1.000000000000000000, -0.000000000000000000 ) ) ;
#2632 = CARTESIAN_POINT ( 'NONE',  ( -43.29714183092763591, 24.93416502601264639, 7.833312852149783012 ) ) ;
#2633 = CARTESIAN_POINT ( 'NONE',  ( -12.27445975274782874, 22.19959929098139639, 45.88735755293730278 ) ) ;
#2634 = AXIS2_PLACEMENT_3D ( 'NONE', #1591, #1015, #1765 ) ;
#2635 = FACE_BOUND ( 'NONE', #1196, .T. ) ;
#2636 = ADVANCED_FACE ( 'NONE', ( #3560 ), #893, .F. ) ;
#2637 = CARTESIAN_POINT ( 'NONE',  ( 11.51969661128415012, 61.97456513972338144, -46.08270349592669390 ) ) ;
#2638 = EDGE_CURVE ( 'NONE', #2075, #1016, #2939, .T. ) ;
#2639 = CIRCLE ( 'NONE', #2574, 5.000000000000004441 ) ;
#2640 = DIRECTION ( 'NONE',  ( 0.000000000000000000, 1.000000000000000000, -0.000000000000000000 ) ) ;
#2641 = VECTOR ( 'NONE', #3776, 1000.000000000000114 ) ;
#2642 = FACE_OUTER_BOUND ( 'NONE', #2169, .T. ) ;
#2643 = EDGE_LOOP ( 'NONE', ( #952, #3190, #719, #2081 ) ) ;
#2644 = CARTESIAN_POINT ( 'NONE',  ( 13.99042640080284272, 60.66923645782379282, 45.39334113787065661 ) ) ;
#2645 = CIRCLE ( 'NONE', #4, 4.250000000000003553 ) ;
#2646 = AXIS2_PLACEMENT_3D ( 'NONE', #1289, #1589, #3702 ) ;
#2647 = CARTESIAN_POINT ( 'NONE',  ( 12.27271740454623661, 22.19915916777096854, 42.25449271307999766 ) ) ;
#2648 = DIRECTION ( 'NONE',  ( -0.8660254037844397068, -0.000000000000000000, -0.4999999999999980016 ) ) ;
#2649 = DIRECTION ( 'NONE',  ( 0.000000000000000000, 0.000000000000000000, -1.000000000000000000 ) ) ;
#2650 = LOCAL_TIME ( 18, 3, 10.00000000000000000, #3300 ) ;
#2651 = EDGE_LOOP ( 'NONE', ( #2569, #3315, #43, #1585, #1665, #771, #2480, #1972 ) ) ;
#2652 = PLANE ( 'NONE',  #1948 ) ;
#2653 = DIRECTION ( 'NONE',  ( -0.000000000000000000, -1.000000000000000000, -0.000000000000000000 ) ) ;
#2654 = FACE_OUTER_BOUND ( 'NONE', #403, .T. ) ;
#2655 = CARTESIAN_POINT ( 'NONE',  ( -14.86768654606900419, 59.05477169134135806, 45.11324653901664306 ) ) ;
#2656 = DIRECTION ( 'NONE',  ( -0.8660254037844397068, -0.000000000000000000, -0.4999999999999980016 ) ) ;
#2657 = CARTESIAN_POINT ( 'NONE',  ( 46.16972879222802817, 61.19862047699376006, -11.16497510641418245 ) ) ;
#2658 = EDGE_CURVE ( 'NONE', #692, #126, #877, .T. ) ;
#2659 = CARTESIAN_POINT ( 'NONE',  ( -15.00000000000000355, 26.00000000000000000, -45.06939094329987938 ) ) ;
#2660 = ORIENTED_EDGE ( 'NONE', *, *, #1610, .F. ) ;
#2661 = CARTESIAN_POINT ( 'NONE',  ( -34.33502520750563747, 22.00000000000000000, -32.82418256434185366 ) ) ;
#2662 =( LENGTH_UNIT ( ) NAMED_UNIT ( * ) SI_UNIT ( .MILLI., .METRE. ) );
#2663 = VERTEX_POINT ( 'NONE', #2592 ) ;
#2664 = CARTESIAN_POINT ( 'NONE',  ( -28.76435762538451613, 60.03592870019353711, -33.29619129153481083 ) ) ;
#2665 = ORIENTED_EDGE ( 'NONE', *, *, #3482, .T. ) ;
#2666 = FACE_BOUND ( 'NONE', #797, .T. ) ;
#2667 = CARTESIAN_POINT ( 'NONE',  ( 43.28247654201679495, 59.31444249112273326, -7.914489177708659007 ) ) ;
#2668 = ORIENTED_EDGE ( 'NONE', *, *, #938, .T. ) ;
#2669 = DIRECTION ( 'NONE',  ( 0.000000000000000000, 0.000000000000000000, -1.000000000000000000 ) ) ;
#2670 = DIRECTION ( 'NONE',  ( 0.000000000000000000, -1.000000000000000000, 0.000000000000000000 ) ) ;
#2671 = CARTESIAN_POINT ( 'NONE',  ( 31.01619104026398333, 22.02565400611182156, 31.21001051414755523 ) ) ;
#2672 = CARTESIAN_POINT ( 'NONE',  ( -34.51796471586239079, 62.00000000000000711, -32.63066214275278298 ) ) ;
#2673 = DIRECTION ( 'NONE',  ( 0.000000000000000000, 0.000000000000000000, 1.000000000000000000 ) ) ;
#2674 = CARTESIAN_POINT ( 'NONE',  ( 32.59763564999592234, 22.96816848588177251, -34.54969625678211997 ) ) ;
#2675 = CARTESIAN_POINT ( 'NONE',  ( -12.27929901172059601, 22.20135629533096022, -45.88605244275321127 ) ) ;
#2676 = ORIENTED_EDGE ( 'NONE', *, *, #2395, .T. ) ;
#2677 = EDGE_CURVE ( 'NONE', #2614, #947, #1588, .T. ) ;
#2678 = ADVANCED_FACE ( 'NONE', ( #241 ), #2085, .F. ) ;
#2679 = EDGE_CURVE ( 'NONE', #3674, #604, #3795, .T. ) ;
#2680 = CARTESIAN_POINT ( 'NONE',  ( -33.07634815563574193, 22.51841683703624497, -34.09186866731492671 ) ) ;
#2681 = PERSON_AND_ORGANIZATION ( #1505, #2090 ) ;
#2682 = B_SPLINE_CURVE_WITH_KNOTS ( 'NONE', 3,
 ( #747, #1005, #1917, #3099, #2228, #459, #3413, #1629, #2807, #174, #2291, #522, #1138, #2270, #292, #1977, #847, #564 ),
 .UNSPECIFIED., .F., .F.,
 ( 4, 2, 2, 2, 2, 2, 2, 2, 4 ),
 ( 0.000000000000000000, 0.0007994425935341558861, 0.001598885187068311772, 0.002398327780602468092, 0.003197770374136623545, 0.003997212967670779431, 0.004796655561204936184, 0.005596098154739091203, 0.006395540748273240150 ),
 .UNSPECIFIED. ) ;
#2683 = VERTEX_POINT ( 'NONE', #1467 ) ;
#2684 = DIRECTION ( 'NONE',  ( -0.000000000000000000, -0.000000000000000000, -1.000000000000000000 ) ) ;
#2685 = EDGE_LOOP ( 'NONE', ( #3720, #3021, #2105, #29 ) ) ;
#2686 = EDGE_CURVE ( 'NONE', #457, #1208, #1125, .T. ) ;
#2687 = DIRECTION ( 'NONE',  ( 0.000000000000000000, 0.000000000000000000, -1.000000000000000000 ) ) ;
#2688 = FACE_OUTER_BOUND ( 'NONE', #2974, .T. ) ;
#2689 = ORIENTED_EDGE ( 'NONE', *, *, #2404, .T. ) ;
#2690 = CARTESIAN_POINT ( 'NONE',  ( 11.26153055576626549, 21.99999999999999645, -42.53528990914777808 ) ) ;
#2691 = CARTESIAN_POINT ( 'NONE',  ( 13.41511945120926796, 61.19919719759504062, -41.90568550515185109 ) ) ;
#2692 = DIRECTION ( 'NONE',  ( 0.000000000000000000, 0.000000000000000000, -1.000000000000000000 ) ) ;
#2693 = CARTESIAN_POINT ( 'NONE',  ( -13.99093572335238811, 23.33128309297724812, 45.39318578857365338 ) ) ;
#2694 = FACE_BOUND ( 'NONE', #770, .T. ) ;
#2695 = CARTESIAN_POINT ( 'NONE',  ( 45.51796471586244763, 62.00000000000000711, 13.57810325949480834 ) ) ;
#2696 = CARTESIAN_POINT ( 'NONE',  ( -12.02855303934527420, 22.12581218021917451, -45.95250682268795828 ) ) ;
#2697 = VERTEX_POINT ( 'NONE', #3185 ) ;
#2698 = MECHANICAL_CONTEXT ( 'NONE', #1552, 'mechanical' ) ;
#2699 = CC_DESIGN_DATE_AND_TIME_ASSIGNMENT ( #3614, #964, ( #1174 ) ) ;
#2700 = VERTEX_POINT ( 'NONE', #549 ) ;
#2701 = CARTESIAN_POINT ( 'NONE',  ( 46.00322686382719439, 61.60415831683607735, 11.83278108925617822 ) ) ;
#2702 = CARTESIAN_POINT ( 'NONE',  ( -46.48567839275107616, 59.31555379423942043, -9.764390293877116989 ) ) ;
#2703 = VERTEX_POINT ( 'NONE', #1446 ) ;
#2704 = AXIS2_PLACEMENT_3D ( 'NONE', #304, #361, #325 ) ;
#2705 = EDGE_CURVE ( 'NONE', #1259, #3098, #484, .T. ) ;
#2706 = CARTESIAN_POINT ( 'NONE',  ( -45.51796471586233395, 62.00000000000000711, -13.57810325949511743 ) ) ;
#2707 = CARTESIAN_POINT ( 'NONE',  ( 12.75269354469278404, 61.60473886365505791, -42.11211690373691852 ) ) ;
#2708 = VECTOR ( 'NONE', #2538, 1000.000000000000000 ) ;
#2709 = CARTESIAN_POINT ( 'NONE',  ( 28.34490567120503712, 25.46131640094800730, 33.65367017803470162 ) ) ;
#2710 = CARTESIAN_POINT ( 'NONE',  ( 28.66288991882950299, 59.80478526118847782, -33.38338908073331623 ) ) ;
#2711 = DIRECTION ( 'NONE',  ( 0.000000000000000000, 1.000000000000000000, 0.000000000000000000 ) ) ;
#2712 = CYLINDRICAL_SURFACE ( 'NONE', #61, 4.000000000000000888 ) ;
#2713 = CARTESIAN_POINT ( 'NONE',  ( -26.10992723813210148, 26.00000000000000000, -27.77627944162878038 ) ) ;
#2714 = ORIENTED_EDGE ( 'NONE', *, *, #839, .F. ) ;
#2715 = PERSON_AND_ORGANIZATION ( #1505, #2090 ) ;
#2716 = VERTEX_POINT ( 'NONE', #2046 ) ;
#2717 = CARTESIAN_POINT ( 'NONE',  ( 10.99999999999999645, 62.00000000000000711, -42.60281680828158812 ) ) ;
#2718 = LINE ( 'NONE', #2137, #475 ) ;
#2719 = EDGE_LOOP ( 'NONE', ( #521, #94, #3032, #2806 ) ) ;
#2720 = CARTESIAN_POINT ( 'NONE',  ( -11.26153055576626549, 21.99999999999999645, 42.53528990914777808 ) ) ;
#2721 = EDGE_CURVE ( 'NONE', #1461, #3443, #2610, .T. ) ;
#2722 = DIRECTION ( 'NONE',  ( 0.000000000000000000, 0.000000000000000000, -1.000000000000000000 ) ) ;
#2723 = CYLINDRICAL_SURFACE ( 'NONE', #489, 4.249999999999990230 ) ;
#2724 = EDGE_CURVE ( 'NONE', #2567, #493, #1916, .T. ) ;
#2725 = CARTESIAN_POINT ( 'NONE',  ( -11.51821898101522379, 61.97460231578591561, -42.46644671950569716 ) ) ;
#2726 = ADVANCED_FACE ( 'NONE', ( #2688 ), #936, .F. ) ;
#2727 = ORIENTED_EDGE ( 'NONE', *, *, #2908, .T. ) ;
#2728 = DIRECTION ( 'NONE',  ( -0.8660254037844363761, -0.000000000000000000, 0.5000000000000041078 ) ) ;
#2729 = ORIENTED_EDGE ( 'NONE', *, *, #912, .T. ) ;
#2730 = CARTESIAN_POINT ( 'NONE',  ( 31.63514888078047704, 24.94690843453813400, -35.43261802331333854 ) ) ;
#2731 = ORIENTED_EDGE ( 'NONE', *, *, #1877, .T. ) ;
#2732 = ORIENTED_EDGE ( 'NONE', *, *, #1934, .F. ) ;
#2733 = CARTESIAN_POINT ( 'NONE',  ( 45.29480916652224209, 0.000000000000000000, -28.90097026518627032 ) ) ;
#2734 = ORIENTED_EDGE ( 'NONE', *, *, #141, .F. ) ;
#2735 = CARTESIAN_POINT ( 'NONE',  ( -42.89997136963693691, 61.48504493426032980, 9.779793659952062512 ) ) ;
#2736 = PLANE ( 'NONE',  #1034 ) ;
#2737 = DIRECTION ( 'NONE',  ( 0.000000000000000000, 1.000000000000000000, 0.000000000000000000 ) ) ;
#2738 = CARTESIAN_POINT ( 'NONE',  ( 13.61624837181701331, 61.03687224948894396, 41.84060034757492019 ) ) ;
#2739 = CARTESIAN_POINT ( 'NONE',  ( -80.00000000000000000, 74.50000000000001421, 45.00000000000003553 ) ) ;
#2740 = CARTESIAN_POINT ( 'NONE',  ( 0.000000000000000000, 5.000000000000000000, -55.05194053036741764 ) ) ;
#2741 = EDGE_CURVE ( 'NONE', #2703, #1356, #1014, .T. ) ;
#2742 = ORIENTED_EDGE ( 'NONE', *, *, #1681, .F. ) ;
#2743 = DIRECTION ( 'NONE',  ( -1.000000000000000000, 0.000000000000000000, 4.625929269271482956E-16 ) ) ;
#2744 = ORIENTED_EDGE ( 'NONE', *, *, #1197, .F. ) ;
#2745 = CARTESIAN_POINT ( 'NONE',  ( 33.59883758894858374, 22.20135629533096022, -33.57721110619218052 ) ) ;
#2746 = DIRECTION ( 'NONE',  ( 0.000000000000000000, -1.000000000000000000, 0.000000000000000000 ) ) ;
#2747 = EDGE_CURVE ( 'NONE', #16, #3394, #2511, .T. ) ;
#2748 = EDGE_CURVE ( 'NONE', #3452, #1557, #3421, .T. ) ;
#2749 = ORIENTED_EDGE ( 'NONE', *, *, #2423, .F. ) ;
#2750 = VECTOR ( 'NONE', #1413, 1000.000000000000000 ) ;
#2751 = COORDINATED_UNIVERSAL_TIME_OFFSET ( 8, 0, .AHEAD. ) ;
#2752 = VECTOR ( 'NONE', #2648, 1000.000000000000227 ) ;
#2753 = CARTESIAN_POINT ( 'NONE',  ( 42.46716086699706949, 61.99999999999999289, 11.51575921145468762 ) ) ;
#2754 = VERTEX_POINT ( 'NONE', #449 ) ;
#2755 = DIRECTION ( 'NONE',  ( -0.000000000000000000, -0.000000000000000000, 1.000000000000000000 ) ) ;
#2756 = AXIS2_PLACEMENT_3D ( 'NONE', #3417, #3124, #2835 ) ;
#2757 = VECTOR ( 'NONE', #1140, 1000.000000000000000 ) ;
#2758 = VECTOR ( 'NONE', #3515, 1000.000000000000000 ) ;
#2759 = CIRCLE ( 'NONE', #3198, 44.00000000000000711 ) ;
#2760 = CARTESIAN_POINT ( 'NONE',  ( -45.87684722975730267, 22.19959929098139639, 12.31368481285958616 ) ) ;
#2761 = DIRECTION ( 'NONE',  ( -0.5000000000000102141, 0.000000000000000000, -0.8660254037844327124 ) ) ;
#2762 = CARTESIAN_POINT ( 'NONE',  ( 4.440653025852972850E-12, 5.000000000000000000, 55.05194053037200774 ) ) ;
#2763 = AXIS2_PLACEMENT_3D ( 'NONE', #1030, #1303, #3352 ) ;
#2764 = ORIENTED_EDGE ( 'NONE', *, *, #2504, .T. ) ;
#2765 = CARTESIAN_POINT ( 'NONE',  ( 31.53123748999032827, 67.00000000000000000, 35.52507652841622843 ) ) ;
#2766 = ORIENTED_EDGE ( 'NONE', *, *, #2638, .T. ) ;
#2767 = CARTESIAN_POINT ( 'NONE',  ( -45.29480916652004652, 0.000000000000000000, -23.40097026517950951 ) ) ;
#2768 = CARTESIAN_POINT ( 'NONE',  ( -70.09999999999999432, 67.00000000000000000, -25.00000000000000355 ) ) ;
#2769 = ORIENTED_EDGE ( 'NONE', *, *, #1703, .F. ) ;
#2770 = EDGE_CURVE ( 'NONE', #1133, #2339, #1343, .T. ) ;
#2771 = ADVANCED_FACE ( 'NONE', ( #1375 ), #3701, .F. ) ;
#2772 = CARTESIAN_POINT ( 'NONE',  ( -28.32247897619602384, 62.00000000000000000, -33.67249893671294814 ) ) ;
#2773 = ORIENTED_EDGE ( 'NONE', *, *, #1075, .F. ) ;
#2774 = CARTESIAN_POINT ( 'NONE',  ( 45.29480916652224209, 5.000000000000000000, -28.90097026518627032 ) ) ;
#2775 = DIRECTION ( 'NONE',  ( 0.8660254037844432595, -0.000000000000000000, 0.4999999999999920064 ) ) ;
#2776 = CARTESIAN_POINT ( 'NONE',  ( 70.09999999999999432, 74.50000000000001421, 20.75000000000003197 ) ) ;
#2777 = FACE_OUTER_BOUND ( 'NONE', #652, .T. ) ;
#2778 = DIRECTION ( 'NONE',  ( 0.000000000000000000, -1.000000000000000000, 0.000000000000000000 ) ) ;
#2779 = ORIENTED_EDGE ( 'NONE', *, *, #2273, .T. ) ;
#2780 = CARTESIAN_POINT ( 'NONE',  ( -46.50307074562209664, 24.94597280722066301, -9.680779255583594534 ) ) ;
#2781 = DIRECTION ( 'NONE',  ( 0.000000000000000000, 1.000000000000000000, -0.000000000000000000 ) ) ;
#2782 = CARTESIAN_POINT ( 'NONE',  ( -42.39512162874656553, 22.00000000000000000, -11.77512896251186625 ) ) ;
#2783 = B_SPLINE_CURVE_WITH_KNOTS ( 'NONE', 3,
 ( #808, #175, #1348, #198, #1855, #2849, #3100, #2523, #2558, #2832, #994, #1062, #2229, #2455, #397, #1367, #1918, #213 ),
 .UNSPECIFIED., .F., .F.,
 ( 4, 2, 2, 2, 2, 2, 2, 2, 4 ),
 ( 0.01900692651819923390, 0.01980346121714299940, 0.02059999591608676836, 0.02139653061503053386, 0.02219306531397430282, 0.02298960001291806832, 0.02378613471186183381, 0.02458266941080559931, 0.02537920410974936827 ),
 .UNSPECIFIED. ) ;
#2784 = EDGE_LOOP ( 'NONE', ( #968, #3527, #2729, #2855 ) ) ;
#2785 = EDGE_CURVE ( 'NONE', #2411, #1393, #785, .T. ) ;
#2786 = CARTESIAN_POINT ( 'NONE',  ( 34.33502520750585063, 22.00000000000000000, 32.82418256434161208 ) ) ;
#2787 = VERTEX_POINT ( 'NONE', #1029 ) ;
#2788 = EDGE_CURVE ( 'NONE', #1638, #2703, #1678, .T. ) ;
#2789 = EDGE_CURVE ( 'NONE', #1638, #2075, #3681, .T. ) ;
#2790 = LINE ( 'NONE', #3357, #3685 ) ;
#2791 = EDGE_CURVE ( 'NONE', #3126, #1737, #2346, .T. ) ;
#2792 = DIRECTION ( 'NONE',  ( -4.625929269271482956E-16, 0.000000000000000000, -1.000000000000000000 ) ) ;
#2793 = LINE ( 'NONE', #1388, #2884 ) ;
#2794 = CARTESIAN_POINT ( 'NONE',  ( -30.45675892436900156, 61.80073690525605912, 31.75606930119340987 ) ) ;
#2795 = B_SPLINE_CURVE_WITH_KNOTS ( 'NONE', 3,
 ( #2620, #3454, #3804, #272, #1996, #842, #3474, #1117, #2015, #2347, #1154, #2288, #537, #3766, #2886, #311 ),
 .UNSPECIFIED., .F., .F.,
 ( 4, 2, 2, 2, 2, 2, 2, 4 ),
 ( 0.01269174112233744690, 0.01348823391441710852, 0.01428472670649676840, 0.01508121949857643002, 0.01587771229065609163, 0.01667420508273575325, 0.01747069787481541139, 0.01906368345897474156 ),
 .UNSPECIFIED. ) ;
#2796 = PRODUCT ( '机械臂法兰', '机械臂法兰', '', ( #2698 ) ) ;
#2797 = ORIENTED_EDGE ( 'NONE', *, *, #3119, .T. ) ;
#2798 = LINE ( 'NONE', #3164, #3372 ) ;
#2799 = ORIENTED_EDGE ( 'NONE', *, *, #300, .F. ) ;
#2800 = CARTESIAN_POINT ( 'NONE',  ( -46.06119289583151044, 22.51501741697247283, -11.60465636729133543 ) ) ;
#2801 = DIRECTION ( 'NONE',  ( -0.000000000000000000, -1.000000000000000000, -0.000000000000000000 ) ) ;
#2802 = CARTESIAN_POINT ( 'NONE',  ( 43.04306914259252892, 22.96280814633471579, 9.128652609337194690 ) ) ;
#2803 = ORIENTED_EDGE ( 'NONE', *, *, #2, .T. ) ;
#2804 = DIRECTION ( 'NONE',  ( 0.000000000000000000, 0.000000000000000000, -1.000000000000000000 ) ) ;
#2805 = CARTESIAN_POINT ( 'NONE',  ( 4.440653025852972850E-12, 5.000000000000000000, 55.05194053037200774 ) ) ;
#2806 = ORIENTED_EDGE ( 'NONE', *, *, #3428, .F. ) ;
#2807 = CARTESIAN_POINT ( 'NONE',  ( -29.13579471962016143, 23.32646212042878631, 32.97186021036898751 ) ) ;
#2808 = DIRECTION ( 'NONE',  ( 0.000000000000000000, 0.000000000000000000, -1.000000000000000000 ) ) ;
#2809 = EDGE_CURVE ( 'NONE', #2536, #1419, #2942, .T. ) ;
#2810 = AXIS2_PLACEMENT_3D ( 'NONE', #2904, #3429, #2535 ) ;
#2811 = VECTOR ( 'NONE', #3609, 1000.000000000000000 ) ;
#2812 = CARTESIAN_POINT ( 'NONE',  ( -46.52556009656384362, 58.53365409407192743, 9.572111699943938845 ) ) ;
#2813 = AXIS2_PLACEMENT_3D ( 'NONE', #1085, #2254, #245 ) ;
#2814 = FACE_OUTER_BOUND ( 'NONE', #2877, .T. ) ;
#2815 = CARTESIAN_POINT ( 'NONE',  ( -28.76596289229176051, 60.03931759784773448, 33.29480539228773495 ) ) ;
#2816 = EDGE_CURVE ( 'NONE', #3299, #1569, #1756, .T. ) ;
#2817 = EDGE_CURVE ( 'NONE', #498, #2117, #2579, .T. ) ;
#2818 = CIRCLE ( 'NONE', #780, 2.750000000000633715 ) ;
#2819 = CARTESIAN_POINT ( 'NONE',  ( 11.00000000000000355, 22.00000000000000000, 46.20876540224810469 ) ) ;
#2820 = ORIENTED_EDGE ( 'NONE', *, *, #2440, .F. ) ;
#2821 = CARTESIAN_POINT ( 'NONE',  ( -45.80896562947405215, 22.12454103623678137, -12.56413147055694601 ) ) ;
#2822 = VECTOR ( 'NONE', #3017, 1000.000000000000000 ) ;
#2823 = DIRECTION ( 'NONE',  ( 0.000000000000000000, 1.000000000000000000, 0.000000000000000000 ) ) ;
#2824 = AXIS2_PLACEMENT_3D ( 'NONE', #1186, #2028, #2609 ) ;
#2825 = CARTESIAN_POINT ( 'NONE',  ( -46.53123748999001918, 67.00000000000000000, -9.544314414883253050 ) ) ;
#2826 = AXIS2_PLACEMENT_3D ( 'NONE', #1473, #2434, #2692 ) ;
#2827 = EDGE_LOOP ( 'NONE', ( #3072, #3285 ) ) ;
#2828 = CARTESIAN_POINT ( 'NONE',  ( 30.64162786059102928, 22.12528516487696706, -31.57784066514297905 ) ) ;
#2829 = CARTESIAN_POINT ( 'NONE',  ( 45.59408856293096335, 22.00000000000000000, -13.32291278710845006 ) ) ;
#2830 = EDGE_LOOP ( 'NONE', ( #709, #2594 ) ) ;
#2831 = CARTESIAN_POINT ( 'NONE',  ( 70.09999999999999432, 67.00000000000000000, -25.00000000000002132 ) ) ;
#2832 = CARTESIAN_POINT ( 'NONE',  ( -32.31657338764762244, 60.66923645782378571, 34.81273524180724621 ) ) ;
#2833 = CARTESIAN_POINT ( 'NONE',  ( 80.00000000000002842, 74.50000000000001421, 45.00000000000001421 ) ) ;
#2834 = CARTESIAN_POINT ( 'NONE',  ( -28.66239796099027615, 24.19600646135180000, -33.38381460348433905 ) ) ;
#2835 = DIRECTION ( 'NONE',  ( 0.000000000000000000, 0.000000000000000000, -1.000000000000000000 ) ) ;
#2836 = CARTESIAN_POINT ( 'NONE',  ( -24.10992723813211569, 26.00000000000000000, -31.24038105676653743 ) ) ;
#2837 = ORIENTED_EDGE ( 'NONE', *, *, #1199, .F. ) ;
#2838 = ORIENTED_EDGE ( 'NONE', *, *, #517, .F. ) ;
#2839 = ADVANCED_FACE ( 'NONE', ( #2598 ), #2898, .F. ) ;
#2840 = EDGE_CURVE ( 'NONE', #270, #3247, #918, .T. ) ;
#2841 = CARTESIAN_POINT ( 'NONE',  ( 70.09999999999999432, 74.50000000000001421, 4.857225732735059864E-14 ) ) ;
#2842 = CARTESIAN_POINT ( 'NONE',  ( 28.32247897619554777, 26.00000000000000000, -33.67249893671334604 ) ) ;
#2843 = CARTESIAN_POINT ( 'NONE',  ( 45.29480916652447320, 0.000000000000000000, 26.15097026518177969 ) ) ;
#2844 = EDGE_LOOP ( 'NONE', ( #2749, #1572, #1018, #1115, #3301, #2331, #3716, #846 ) ) ;
#2845 = DIRECTION ( 'NONE',  ( 0.000000000000000000, -0.000000000000000000, -1.000000000000000000 ) ) ;
#2846 = CARTESIAN_POINT ( 'NONE',  ( -11.00000000000000355, 22.00000000000000000, -42.60281680828158812 ) ) ;
#2847 = ORIENTED_EDGE ( 'NONE', *, *, #1143, .F. ) ;
#2848 = CARTESIAN_POINT ( 'NONE',  ( -10.99999999999999822, 22.00000000000000000, 46.20876540224810469 ) ) ;
#2849 = CARTESIAN_POINT ( 'NONE',  ( -33.24910245262969966, 61.60415831683607735, 33.92357257550484206 ) ) ;
#2850 = CARTESIAN_POINT ( 'NONE',  ( 24.10992723813232885, 26.00000000000000000, 31.24038105676637045 ) ) ;
#2851 = DIRECTION ( 'NONE',  ( -0.000000000000000000, -1.000000000000000000, -0.000000000000000000 ) ) ;
#2852 = DIRECTION ( 'NONE',  ( 0.000000000000000000, -1.000000000000000000, -0.000000000000000000 ) ) ;
#2853 = CARTESIAN_POINT ( 'NONE',  ( 14.86773460904614730, 24.94597280722067367, 45.11323024748551802 ) ) ;
#2854 = ORIENTED_EDGE ( 'NONE', *, *, #788, .F. ) ;
#2855 = ORIENTED_EDGE ( 'NONE', *, *, #1828, .F. ) ;
#2856 = CARTESIAN_POINT ( 'NONE',  ( -42.72994220135711174, 61.80073690525605912, -10.49829229484537052 ) ) ;
#2857 = CARTESIAN_POINT ( 'NONE',  ( -31.53123748999007958, 58.00000000000000711, -35.52507652841644159 ) ) ;
#2858 = CARTESIAN_POINT ( 'NONE',  ( 43.28238829217863781, 24.68402184990854309, 7.914979317760938216 ) ) ;
#2859 = B_SPLINE_CURVE_WITH_KNOTS ( 'NONE', 3,
 ( #645, #2430, #1809, #3329, #2414, #2992, #684, #3013, #697, #1527, #1850, #356, #2162, #2702, #377, #3617, #1545, #1246 ),
 .UNSPECIFIED., .F., .F.,
 ( 4, 2, 2, 2, 2, 2, 2, 2, 4 ),
 ( 0.01900692651819922002, 0.01980346121714298552, 0.02059999591608675101, 0.02139653061503051651, 0.02219306531397428200, 0.02298960001291804750, 0.02378613471186181300, 0.02458266941080557849, 0.02537920410974934399 ),
 .UNSPECIFIED. ) ;
#2860 = VERTEX_POINT ( 'NONE', #554 ) ;
#2861 = FACE_OUTER_BOUND ( 'NONE', #963, .T. ) ;
#2862 = LINE ( 'NONE', #254, #2758 ) ;
#2863 = EDGE_CURVE ( 'NONE', #270, #442, #1288, .T. ) ;
#2864 = EDGE_CURVE ( 'NONE', #2576, #3624, #3512, .T. ) ;
#2865 = CARTESIAN_POINT ( 'NONE',  ( 46.53123748998988418, 26.00000000000000000, -9.544314414883903197 ) ) ;
#2866 = VERTEX_POINT ( 'NONE', #835 ) ;
#2867 = CARTESIAN_POINT ( 'NONE',  ( 15.00000000000000000, 58.00000000000000711, 45.06939094329987938 ) ) ;
#2868 = FACE_OUTER_BOUND ( 'NONE', #1414, .T. ) ;
#2869 = AXIS2_PLACEMENT_3D ( 'NONE', #2961, #3219, #575 ) ;
#2870 = CARTESIAN_POINT ( 'NONE',  ( 12.74918250245195850, 22.39353896501149777, 42.11318193215462458 ) ) ;
#2871 = CARTESIAN_POINT ( 'NONE',  ( 70.09999999999999432, 74.50000000000001421, -25.00000000000002132 ) ) ;
#2872 = DIRECTION ( 'NONE',  ( -0.000000000000000000, -1.000000000000000000, -0.000000000000000000 ) ) ;
#2873 = VECTOR ( 'NONE', #708, 1000.000000000000000 ) ;
#2874 = VECTOR ( 'NONE', #1985, 1000.000000000000000 ) ;
#2875 = ORIENTED_EDGE ( 'NONE', *, *, #349, .T. ) ;
#2876 = DIRECTION ( 'NONE',  ( 0.4999999999999980571, 0.000000000000000000, -0.8660254037844398178 ) ) ;
#2877 = EDGE_LOOP ( 'NONE', ( #1612, #2240, #2255, #291 ) ) ;
#2878 = ORIENTED_EDGE ( 'NONE', *, *, #1104, .T. ) ;
#2879 = LINE ( 'NONE', #34, #3067 ) ;
#2880 = CARTESIAN_POINT ( 'NONE',  ( -31.95713847125268003, 60.03116116799166946, -35.14278624491098668 ) ) ;
#2881 = CARTESIAN_POINT ( 'NONE',  ( 43.12236591201901348, 23.32646212042879341, 8.746408281454876033 ) ) ;
#2882 = VECTOR ( 'NONE', #3088, 1000.000000000000000 ) ;
#2883 = ORIENTED_EDGE ( 'NONE', *, *, #2502, .T. ) ;
#2884 = VECTOR ( 'NONE', #2562, 1000.000000000000000 ) ;
#2885 = CARTESIAN_POINT ( 'NONE',  ( 28.34455980589638457, 25.46458801980329412, -33.65396097690701538 ) ) ;
#2886 = CARTESIAN_POINT ( 'NONE',  ( 34.14917698652179467, 62.00000000000000000, 33.02077993360028785 ) ) ;
#2887 = CARTESIAN_POINT ( 'NONE',  ( 45.51796471586214921, 22.00000000000000000, -13.57810325949576225 ) ) ;
#2888 = EDGE_LOOP ( 'NONE', ( #3040, #1384, #1362, #27 ) ) ;
#2889 = EDGE_CURVE ( 'NONE', #2716, #1490, #2879, .T. ) ;
#2890 = EDGE_CURVE ( 'NONE', #1332, #1781, #1171, .T. ) ;
#2891 = DIRECTION ( 'NONE',  ( 0.000000000000000000, 1.000000000000000000, -0.000000000000000000 ) ) ;
#2892 = CARTESIAN_POINT ( 'NONE',  ( 42.84625042894738556, 22.39459160847396646, -10.01305440030554017 ) ) ;
#2893 = CARTESIAN_POINT ( 'NONE',  ( -28.34407081432953746, 58.53217693607594896, -33.65437360569136160 ) ) ;
#2894 = CARTESIAN_POINT ( 'NONE',  ( -14.99999999999999645, 26.00000000000000000, 36.50000000000003553 ) ) ;
#2895 = CARTESIAN_POINT ( 'NONE',  ( 0.000000000000000000, 62.00000000000000000, 0.000000000000000000 ) ) ;
#2896 = CARTESIAN_POINT ( 'NONE',  ( -70.09999999999999432, 74.50000000000001421, -20.75000000000000000 ) ) ;
#2897 = EDGE_LOOP ( 'NONE', ( #2436, #1204, #685, #3063 ) ) ;
#2898 = CYLINDRICAL_SURFACE ( 'NONE', #1465, 2.750000000002871481 ) ;
#2899 = CARTESIAN_POINT ( 'NONE',  ( -32.31490445416298485, 60.66688128402473268, -34.81428756618432629 ) ) ;
#2900 = CARTESIAN_POINT ( 'NONE',  ( -13.61986997196346394, 22.96618593828516453, 45.50589786387860869 ) ) ;
#2901 = CARTESIAN_POINT ( 'NONE',  ( 45.29480916652447320, 5.000000000000000000, 26.15097026518177969 ) ) ;
#2902 = CARTESIAN_POINT ( 'NONE',  ( -14.78708958513617056, 59.31444249112274747, 41.44096881294473889 ) ) ;
#2903 = LINE ( 'NONE', #1439, #2147 ) ;
#2904 = CARTESIAN_POINT ( 'NONE',  ( 0.000000000000000000, 22.00000000000000000, 0.000000000000000000 ) ) ;
#2905 = EDGE_LOOP ( 'NONE', ( #2596, #2236, #674, #1066 ) ) ;
#2906 = CARTESIAN_POINT ( 'NONE',  ( 34.15008271943624152, 61.97467071674837058, -33.01651098728230949 ) ) ;
#2907 = CARTESIAN_POINT ( 'NONE',  ( 42.72976584334742967, 22.19897404045492806, -10.49902591749588332 ) ) ;
#2908 = EDGE_CURVE ( 'NONE', #3419, #196, #3506, .T. ) ;
#2909 = EDGE_CURVE ( 'NONE', #317, #1181, #306, .T. ) ;
#2910 = CARTESIAN_POINT ( 'NONE',  ( -29.42620346394380704, 61.03619631081437547, -32.71294678071965478 ) ) ;
#2911 = LINE ( 'NONE', #2045, #1161 ) ;
#2912 = CARTESIAN_POINT ( 'NONE',  ( -15.00000000000000000, 67.00000000000000000, -45.06939094329987938 ) ) ;
#2913 = ORIENTED_EDGE ( 'NONE', *, *, #2935, .T. ) ;
#2914 = EDGE_CURVE ( 'NONE', #3365, #1949, #880, .T. ) ;
#2915 = EDGE_CURVE ( 'NONE', #1605, #1208, #2107, .T. ) ;
#2916 = CARTESIAN_POINT ( 'NONE',  ( -70.09999999999999432, 74.50000000000001421, 6.574180545139649923E-14 ) ) ;
#2917 = VERTEX_POINT ( 'NONE', #2400 ) ;
#2918 = DIRECTION ( 'NONE',  ( 0.8660254037844328234, -0.000000000000000000, -0.5000000000000101030 ) ) ;
#2919 = DIRECTION ( 'NONE',  ( 0.5000000000000039968, 0.000000000000000000, 0.8660254037844363761 ) ) ;
#2920 = FACE_OUTER_BOUND ( 'NONE', #322, .T. ) ;
#2921 = CARTESIAN_POINT ( 'NONE',  ( 11.00000000000000355, 22.00000000000000000, 46.20876540224810469 ) ) ;
#2922 = CARTESIAN_POINT ( 'NONE',  ( 14.16173625523991930, 60.46427618986282937, -45.34004019885158954 ) ) ;
#2923 = CARTESIAN_POINT ( 'NONE',  ( 70.09999999999999432, 74.50000000000001421, -29.25000000000002487 ) ) ;
#2924 = DIRECTION ( 'NONE',  ( 0.000000000000000000, -1.000000000000000000, 0.000000000000000000 ) ) ;
#2925 = VERTEX_POINT ( 'NONE', #53 ) ;
#2926 = CARTESIAN_POINT ( 'NONE',  ( 31.95873791139289821, 60.03464052165234222, -35.14133229725429430 ) ) ;
#2927 = CARTESIAN_POINT ( 'NONE',  ( -45.29480916651780831, 5.000000000000000000, 26.15097026518564860 ) ) ;
#2928 = CARTESIAN_POINT ( 'NONE',  ( -70.09999999999999432, 74.50000000000001421, -25.00000000000000355 ) ) ;
#2929 = CARTESIAN_POINT ( 'NONE',  ( -14.15808639571265282, 23.53101440320119764, -41.66021088273567585 ) ) ;
#2930 = FACE_OUTER_BOUND ( 'NONE', #3337, .T. ) ;
#2931 = CYLINDRICAL_SURFACE ( 'NONE', #1035, 4.250000000000005329 ) ;
#2932 = EDGE_LOOP ( 'NONE', ( #3618, #1587, #3008, #1692, #1057, #2299, #2199, #2971, #620, #2742, #501, #2660, #2350, #3430, #173, #3287, #3255, #3587, #2773, #2980, #83, #2060, #448, #2262, #1804, #386, #3025, #3495 ) ) ;
#2933 = CARTESIAN_POINT ( 'NONE',  ( 46.52554991371612658, 25.46586525362480913, 9.572161772242532507 ) ) ;
#2934 = DIRECTION ( 'NONE',  ( -0.000000000000000000, -1.000000000000000000, -0.000000000000000000 ) ) ;
#2935 = EDGE_CURVE ( 'NONE', #3756, #507, #1769, .T. ) ;
#2936 = FACE_BOUND ( 'NONE', #675, .T. ) ;
#2937 = AXIS2_PLACEMENT_3D ( 'NONE', #3161, #1466, #600 ) ;
#2938 = LINE ( 'NONE', #2345, #2379 ) ;
#2939 = CIRCLE ( 'NONE', #3438, 44.00000000000000711 ) ;
#2940 = CARTESIAN_POINT ( 'NONE',  ( -11.00000000000000355, 26.00000000000000000, -36.50000000000003553 ) ) ;
#2941 = AXIS2_PLACEMENT_3D ( 'NONE', #1349, #790, #1960 ) ;
#2942 = CIRCLE ( 'NONE', #3125, 57.50000000000000711 ) ;
#2943 = CARTESIAN_POINT ( 'NONE',  ( 29.58635127593379366, 61.20148340740770720, 32.56837304056971760 ) ) ;
#2944 = ORIENTED_EDGE ( 'NONE', *, *, #119, .T. ) ;
#2945 = CARTESIAN_POINT ( 'NONE',  ( -31.95804893613178521, 23.96712611547989624, -35.14195243494887677 ) ) ;
#2946 = CARTESIAN_POINT ( 'NONE',  ( 43.32247897619584620, 25.73269506508536608, -7.691736823180368887 ) ) ;
#2947 = AXIS2_PLACEMENT_3D ( 'NONE', #2461, #3422, #773 ) ;
#2948 = AXIS2_PLACEMENT_3D ( 'NONE', #1652, #748, #3730 ) ;
#2949 = LINE ( 'NONE', #851, #981 ) ;
#2950 = ORIENTED_EDGE ( 'NONE', *, *, #3096, .T. ) ;
#2951 = CARTESIAN_POINT ( 'NONE',  ( 14.99999999999999645, 58.00000000000000711, -45.06939094329987938 ) ) ;
#2952 = CARTESIAN_POINT ( 'NONE',  ( 10.99999999999999645, 22.00000000000000000, -36.50000000000003553 ) ) ;
#2953 = ORIENTED_EDGE ( 'NONE', *, *, #794, .T. ) ;
#2954 = DIRECTION ( 'NONE',  ( -0.000000000000000000, -1.000000000000000000, 0.000000000000000000 ) ) ;
#2955 = CARTESIAN_POINT ( 'NONE',  ( 46.34615888673459949, 23.53381634627333341, 10.40709655992530003 ) ) ;
#2956 = CYLINDRICAL_SURFACE ( 'NONE', #677, 5.000000000000004441 ) ;
#2957 = CARTESIAN_POINT ( 'NONE',  ( -12.98385995768222578, 61.48297841561186061, 45.69157369224696907 ) ) ;
#2958 = EDGE_CURVE ( 'NONE', #588, #947, #3169, .T. ) ;
#2959 = EDGE_CURVE ( 'NONE', #3662, #2754, #2645, .T. ) ;
#2960 = EDGE_CURVE ( 'NONE', #2517, #3153, #454, .T. ) ;
#2961 = CARTESIAN_POINT ( 'NONE',  ( 75.00000000000001421, 74.50000000000001421, 45.00000000000001421 ) ) ;
#2962 = EDGE_LOOP ( 'NONE', ( #2132, #1892, #84, #977 ) ) ;
#2963 = CARTESIAN_POINT ( 'NONE',  ( -42.39512162874656553, 62.00000000000000711, -11.77512896251187158 ) ) ;
#2964 = EDGE_CURVE ( 'NONE', #949, #2663, #1833, .T. ) ;
#2965 = CARTESIAN_POINT ( 'NONE',  ( -12.75577459935451330, 22.39672988624603533, -45.75588713344768621 ) ) ;
#2966 = ORIENTED_EDGE ( 'NONE', *, *, #3078, .T. ) ;
#2967 = CARTESIAN_POINT ( 'NONE',  ( -34.14778885628936678, 22.02571639763799993, -33.01888704724493806 ) ) ;
#2968 = CARTESIAN_POINT ( 'NONE',  ( 0.000000000000000000, 62.00000000000000711, 0.000000000000000000 ) ) ;
#2969 = VERTEX_POINT ( 'NONE', #381 ) ;
#2970 = CARTESIAN_POINT ( 'NONE',  ( -42.66802614296644691, 61.87471483512304360, 10.74750780801005590 ) ) ;
#2971 = ORIENTED_EDGE ( 'NONE', *, *, #990, .F. ) ;
#2972 = CARTESIAN_POINT ( 'NONE',  ( 74.99999999999998579, 74.50000000000001421, -45.00000000000004974 ) ) ;
#2973 = CARTESIAN_POINT ( 'NONE',  ( 42.89998972998358795, 61.48482396520915216, -9.779672054826809457 ) ) ;
#2974 = EDGE_LOOP ( 'NONE', ( #2256, #99, #1495, #3697 ) ) ;
#2975 = CARTESIAN_POINT ( 'NONE',  ( -31.39512162874638790, 62.00000000000000711, 30.82768784576976628 ) ) ;
#2976 = CARTESIAN_POINT ( 'NONE',  ( 14.78700118913503125, 59.31483829885560510, -41.44100130596770271 ) ) ;
#2977 = DIRECTION ( 'NONE',  ( 0.000000000000000000, -1.000000000000000000, 0.000000000000000000 ) ) ;
#2978 = PLANE ( 'NONE',  #3256 ) ;
#2979 = DIRECTION ( 'NONE',  ( -0.000000000000000000, -1.000000000000000000, -0.000000000000000000 ) ) ;
#2980 = ORIENTED_EDGE ( 'NONE', *, *, #2721, .F. ) ;
#2981 = LINE ( 'NONE', #1517, #613 ) ;
#2982 = ADVANCED_FACE ( 'NONE', ( #2165 ), #91, .F. ) ;
#2983 = CARTESIAN_POINT ( 'NONE',  ( 30.63985254002579595, 61.89953019365054132, 31.58244897093549142 ) ) ;
#2984 = ORIENTED_EDGE ( 'NONE', *, *, #1821, .F. ) ;
#2985 = DIRECTION ( 'NONE',  ( -0.000000000000000000, -1.000000000000000000, -0.000000000000000000 ) ) ;
#2986 = PERSON_AND_ORGANIZATION_ROLE ( 'creator' ) ;
#2987 = EDGE_CURVE ( 'NONE', #3445, #1068, #3620, .T. ) ;
#2988 = ADVANCED_FACE ( 'NONE', ( #2144 ), #3347, .F. ) ;
#2989 = ORIENTED_EDGE ( 'NONE', *, *, #230, .F. ) ;
#2990 = CARTESIAN_POINT ( 'NONE',  ( 46.52555192987469468, 58.53582835843437948, 9.572158269560052446 ) ) ;
#2991 = EDGE_LOOP ( 'NONE', ( #2950, #2533, #3541, #155 ) ) ;
#2992 = CARTESIAN_POINT ( 'NONE',  ( -46.00322686382710913, 61.60415831683607735, -11.83278108925648731 ) ) ;
#2993 = ORIENTED_EDGE ( 'NONE', *, *, #3009, .F. ) ;
#2994 = DIRECTION ( 'NONE',  ( -0.000000000000000000, -1.000000000000000000, -0.000000000000000000 ) ) ;
#2995 = DIRECTION ( 'NONE',  ( -0.8660254037844363761, -0.000000000000000000, 0.5000000000000041078 ) ) ;
#2996 = CYLINDRICAL_SURFACE ( 'NONE', #2704, 2.750000000000633715 ) ;
#2997 = CARTESIAN_POINT ( 'NONE',  ( -15.00000000000000000, 58.27044215415383377, -41.36423575989287826 ) ) ;
#2998 = DIRECTION ( 'NONE',  ( 0.000000000000000000, 0.000000000000000000, -1.000000000000000000 ) ) ;
#2999 = CARTESIAN_POINT ( 'NONE',  ( 32.75115360206194026, 22.80406554300970967, -34.40440875231988826 ) ) ;
#3000 = VECTOR ( 'NONE', #1772, 1000.000000000000114 ) ;
#3001 = AXIS2_PLACEMENT_3D ( 'NONE', #978, #385, #402 ) ;
#3002 = FACE_BOUND ( 'NONE', #2442, .T. ) ;
#3003 = AXIS2_PLACEMENT_3D ( 'NONE', #2871, #1981, #568 ) ;
#3004 = ORIENTED_EDGE ( 'NONE', *, *, #2915, .T. ) ;
#3005 = DATE_AND_TIME ( #66, #2650 ) ;
#3006 = AXIS2_PLACEMENT_3D ( 'NONE', #2531, #497, #757 ) ;
#3007 = ADVANCED_FACE ( 'NONE', ( #131 ), #3659, .F. ) ;
#3008 = ORIENTED_EDGE ( 'NONE', *, *, #794, .F. ) ;
#3009 = EDGE_CURVE ( 'NONE', #604, #2233, #2795, .T. ) ;
#3010 = CARTESIAN_POINT ( 'NONE',  ( -43.29759730269525164, 59.05635484301256355, 7.830787178748561672 ) ) ;
#3011 = VECTOR ( 'NONE', #1696, 1000.000000000000000 ) ;
#3012 = CIRCLE ( 'NONE', #1344, 47.50000000000000711 ) ;
#3013 = CARTESIAN_POINT ( 'NONE',  ( -46.16941528745075374, 61.19961625050176224, -11.16627834264909858 ) ) ;
#3014 = ORIENTED_EDGE ( 'NONE', *, *, #3746, .T. ) ;
#3015 = VECTOR ( 'NONE', #235, 1000.000000000000000 ) ;
#3016 = CARTESIAN_POINT ( 'NONE',  ( -46.44091854393020924, 24.19990827978726600, 9.975104700097986665 ) ) ;
#3017 = DIRECTION ( 'NONE',  ( -0.8660254037844363761, -0.000000000000000000, 0.5000000000000041078 ) ) ;
#3018 = FACE_OUTER_BOUND ( 'NONE', #208, .T. ) ;
#3019 = CARTESIAN_POINT ( 'NONE',  ( 7.041719095097282063E-15, 5.000000000000000000, 57.50000000000000711 ) ) ;
#3020 = PRODUCT_DEFINITION_SHAPE ( 'NONE', 'NONE',  #1546 ) ;
#3021 = ORIENTED_EDGE ( 'NONE', *, *, #3608, .T. ) ;
#3022 = CARTESIAN_POINT ( 'NONE',  ( -45.29480916651780831, 5.000000000000000000, 23.40097026518143153 ) ) ;
#3023 = ORIENTED_EDGE ( 'NONE', *, *, #681, .F. ) ;
#3024 = CARTESIAN_POINT ( 'NONE',  ( 46.44130405404641238, 59.79665233255975210, -9.973308198473587183 ) ) ;
#3025 = ORIENTED_EDGE ( 'NONE', *, *, #2840, .T. ) ;
#3026 = EDGE_LOOP ( 'NONE', ( #2119, #50, #1845, #1073 ) ) ;
#3027 = SHAPE_DEFINITION_REPRESENTATION ( #3020, #1454 ) ;
#3028 = DIRECTION ( 'NONE',  ( 0.000000000000000000, 0.000000000000000000, 1.000000000000000000 ) ) ;
#3029 = VERTEX_POINT ( 'NONE', #2581 ) ;
#3030 = CARTESIAN_POINT ( 'NONE',  ( -31.53123748999007958, 67.00000000000000000, -35.52507652841644159 ) ) ;
#3031 = FACE_BOUND ( 'NONE', #3042, .T. ) ;
#3032 = ORIENTED_EDGE ( 'NONE', *, *, #96, .T. ) ;
#3033 = CARTESIAN_POINT ( 'NONE',  ( -46.53123748998995524, 26.00000000000000000, 9.544314414883578124 ) ) ;
#3034 = DIRECTION ( 'NONE',  ( 0.000000000000000000, 0.000000000000000000, -1.000000000000000000 ) ) ;
#3035 = CARTESIAN_POINT ( 'NONE',  ( -74.99999999999998579, 74.50000000000001421, -45.00000000000002842 ) ) ;
#3036 = DIRECTION ( 'NONE',  ( 0.000000000000000000, 0.000000000000000000, -1.000000000000000000 ) ) ;
#3037 = EDGE_CURVE ( 'NONE', #436, #2969, #1167, .T. ) ;
#3038 = VERTEX_POINT ( 'NONE', #227 ) ;
#3039 = CARTESIAN_POINT ( 'NONE',  ( 5.388445916248354407E-15, 22.00000000000000000, 44.00000000000000711 ) ) ;
#3040 = ORIENTED_EDGE ( 'NONE', *, *, #1146, .F. ) ;
#3041 = DIRECTION ( 'NONE',  ( 0.000000000000000000, 0.000000000000000000, -1.000000000000000000 ) ) ;
#3042 = EDGE_LOOP ( 'NONE', ( #2385, #3741 ) ) ;
#3043 = EDGE_LOOP ( 'NONE', ( #1768, #3665, #3612, #2282 ) ) ;
#3044 = ORIENTED_EDGE ( 'NONE', *, *, #1964, .T. ) ;
#3045 = CARTESIAN_POINT ( 'NONE',  ( 42.99794893191059231, 61.20242201137359928, 9.339576983206239191 ) ) ;
#3046 = ORIENTED_EDGE ( 'NONE', *, *, #2987, .T. ) ;
#3047 = CARTESIAN_POINT ( 'NONE',  ( 42.39512162874664369, 62.00000000000000711, 11.77512896251157848 ) ) ;
#3048 = CARTESIAN_POINT ( 'NONE',  ( -46.16935628604310438, 22.80024635486332585, 11.16651375671292534 ) ) ;
#3049 = CARTESIAN_POINT ( 'NONE',  ( 10.99999999999999645, 62.00000000000000711, -42.60281680828158812 ) ) ;
#3050 = CARTESIAN_POINT ( 'NONE',  ( 30.64478118419578578, 61.87574527056793983, -31.57476943840661221 ) ) ;
#3051 = CYLINDRICAL_SURFACE ( 'NONE', #2498, 4.250000000000005329 ) ;
#3052 = EDGE_LOOP ( 'NONE', ( #2253, #795, #3544, #2731, #416, #1188, #1677, #988 ) ) ;
#3053 = EDGE_CURVE ( 'NONE', #3650, #1511, #611, .T. ) ;
#3054 = EDGE_CURVE ( 'NONE', #3419, #2567, #2862, .T. ) ;
#3055 = DIRECTION ( 'NONE',  ( 0.000000000000000000, 1.000000000000000000, -0.000000000000000000 ) ) ;
#3056 = DIRECTION ( 'NONE',  ( 0.000000000000000000, -1.000000000000000000, 0.000000000000000000 ) ) ;
#3057 = CIRCLE ( 'NONE', #3181, 57.50000000000000711 ) ;
#3058 = ORIENTED_EDGE ( 'NONE', *, *, #2747, .F. ) ;
#3059 = APPLICATION_PROTOCOL_DEFINITION ( 'international standard', 'config_control_design', 1994, #1552 ) ;
#3060 = AXIS2_PLACEMENT_3D ( 'NONE', #1788, #1304, #3664 ) ;
#3061 = CIRCLE ( 'NONE', #2566, 47.50000000000000711 ) ;
#3062 = CARTESIAN_POINT ( 'NONE',  ( 31.95804893613202324, 23.96712611547989269, 35.14195243494865650 ) ) ;
#3063 = ORIENTED_EDGE ( 'NONE', *, *, #2502, .F. ) ;
#3064 = CARTESIAN_POINT ( 'NONE',  ( -31.63533613657575927, 24.94597280722066657, 35.43245099190195901 ) ) ;
#3065 = AXIS2_PLACEMENT_3D ( 'NONE', #1515, #863, #837 ) ;
#3066 = B_SPLINE_CURVE_WITH_KNOTS ( 'NONE', 3,
 ( #3241, #333, #3179, #1709, #2907, #2892, #597, #2312, #1201, #848, #1160, #259, #872, #1425, #1766, #3497, #2946, #277 ),
 .UNSPECIFIED., .F., .F.,
 ( 4, 2, 2, 2, 2, 2, 2, 2, 4 ),
 ( 0.006327733405352052587, 0.007127326937903214962, 0.007926920470454377338, 0.008726514003005537978, 0.009526107535556700354, 0.01032570106810786273, 0.01112529460065902337, 0.01192488813321018574, 0.01272448166576134812 ),
 .UNSPECIFIED. ) ;
#3067 = VECTOR ( 'NONE', #860, 1000.000000000000000 ) ;
#3068 = DIRECTION ( 'NONE',  ( -0.8660254037844363761, 0.000000000000000000, 0.5000000000000041078 ) ) ;
#3069 = FACE_OUTER_BOUND ( 'NONE', #2905, .T. ) ;
#3070 = CARTESIAN_POINT ( 'NONE',  ( -14.57954684969537062, 59.80458159431289999, -41.51444040888923581 ) ) ;
#3071 = AXIS2_PLACEMENT_3D ( 'NONE', #3292, #1757, #649 ) ;
#3072 = ORIENTED_EDGE ( 'NONE', *, *, #1504, .F. ) ;
#3073 = FACE_OUTER_BOUND ( 'NONE', #2932, .T. ) ;
#3074 = CIRCLE ( 'NONE', #1293, 47.50000000000000711 ) ;
#3075 = ORIENTED_EDGE ( 'NONE', *, *, #395, .F. ) ;
#3076 = CARTESIAN_POINT ( 'NONE',  ( -14.58176519627090961, 59.80009172021274821, -45.20656758417630527 ) ) ;
#3077 = CARTESIAN_POINT ( 'NONE',  ( 75.00000000000000000, 67.00000000000000000, 50.00000000000000711 ) ) ;
#3078 = EDGE_CURVE ( 'NONE', #735, #2630, #3404, .T. ) ;
#3079 = ADVANCED_FACE ( 'NONE', ( #3155 ), #1684, .F. ) ;
#3080 = EDGE_LOOP ( 'NONE', ( #1950, #932, #754, #3682 ) ) ;
#3081 = EDGE_CURVE ( 'NONE', #1737, #1638, #1761, .T. ) ;
#3082 = EDGE_CURVE ( 'NONE', #436, #3662, #2903, .T. ) ;
#3083 = CARTESIAN_POINT ( 'NONE',  ( 32.75288994974810208, 22.80254055534670599, 34.40273995602627366 ) ) ;
#3084 = VERTEX_POINT ( 'NONE', #2923 ) ;
#3085 = CARTESIAN_POINT ( 'NONE',  ( -74.99999999999998579, 74.50000000000001421, -50.00000000000002132 ) ) ;
#3086 = DIRECTION ( 'NONE',  ( -0.000000000000000000, -0.000000000000000000, 1.000000000000000000 ) ) ;
#3087 = LINE ( 'NONE', #1920, #2497 ) ;
#3088 = DIRECTION ( 'NONE',  ( -0.000000000000000000, -1.000000000000000000, -0.000000000000000000 ) ) ;
#3089 = CARTESIAN_POINT ( 'NONE',  ( 12.27507298515416956, 22.19991920969130561, 45.88718493477860960 ) ) ;
#3090 = ORIENTED_EDGE ( 'NONE', *, *, #2484, .F. ) ;
#3091 = CARTESIAN_POINT ( 'NONE',  ( 70.09999999999999432, 67.00000000000000000, 25.00000000000002132 ) ) ;
#3092 = DIRECTION ( 'NONE',  ( 0.000000000000000000, 0.000000000000000000, -1.000000000000000000 ) ) ;
#3093 = CARTESIAN_POINT ( 'NONE',  ( 43.21762747732716292, 23.96489416460548938, 8.262042136158731509 ) ) ;
#3094 = ORIENTED_EDGE ( 'NONE', *, *, #3536, .F. ) ;
#3095 = DIRECTION ( 'NONE',  ( -0.000000000000000000, -1.000000000000000000, -0.000000000000000000 ) ) ;
#3096 = EDGE_CURVE ( 'NONE', #10, #1257, #3635, .T. ) ;
#3097 = CARTESIAN_POINT ( 'NONE',  ( 31.85869952353252188, 24.20070444274514543, 35.23187572290712666 ) ) ;
#3098 = VERTEX_POINT ( 'NONE', #1178 ) ;
#3099 = CARTESIAN_POINT ( 'NONE',  ( -28.43065086886032233, 24.94272107319291365, 33.58126356227007392 ) ) ;
#3100 = CARTESIAN_POINT ( 'NONE',  ( -33.07958841043896570, 61.48411060104378123, 34.08872996470474703 ) ) ;
#3101 = CARTESIAN_POINT ( 'NONE',  ( -46.17066878272349584, 61.19593445699030099, 11.16112664647266861 ) ) ;
#3102 = DIRECTION ( 'NONE',  ( -0.000000000000000000, -1.000000000000000000, -0.000000000000000000 ) ) ;
#3103 = CARTESIAN_POINT ( 'NONE',  ( 11.00000000000000000, 62.00000000000000711, 42.60281680828158812 ) ) ;
#3104 = VERTEX_POINT ( 'NONE', #2695 ) ;
#3105 = DIRECTION ( 'NONE',  ( 0.000000000000000000, 1.000000000000000000, -0.000000000000000000 ) ) ;
#3106 = ORIENTED_EDGE ( 'NONE', *, *, #3428, .T. ) ;
#3107 = DIRECTION ( 'NONE',  ( 0.000000000000000000, 1.000000000000000000, -0.000000000000000000 ) ) ;
#3108 = CARTESIAN_POINT ( 'NONE',  ( -15.00000000000000178, 58.26947613674337134, -45.06939094329987228 ) ) ;
#3109 = CARTESIAN_POINT ( 'NONE',  ( 43.32247897619600963, 25.72955711150535052, 7.691736823179453175 ) ) ;
#3110 = ORIENTED_EDGE ( 'NONE', *, *, #2791, .T. ) ;
#3111 = PLANE ( 'NONE',  #177 ) ;
#3112 = CARTESIAN_POINT ( 'NONE',  ( 0.000000000000000000, 0.000000000000000000, 0.000000000000000000 ) ) ;
#3113 = ORIENTED_EDGE ( 'NONE', *, *, #2914, .F. ) ;
#3114 = AXIS2_PLACEMENT_3D ( 'NONE', #2901, #864, #592 ) ;
#3115 = DIRECTION ( 'NONE',  ( -0.000000000000000000, -1.000000000000000000, -0.000000000000000000 ) ) ;
#3116 = CARTESIAN_POINT ( 'NONE',  ( -80.00000000000000000, 74.50000000000001421, 45.00000000000003553 ) ) ;
#3117 = VECTOR ( 'NONE', #3263, 1000.000000000000114 ) ;
#3118 = ADVANCED_FACE ( 'NONE', ( #2382 ), #2712, .F. ) ;
#3119 = EDGE_CURVE ( 'NONE', #3624, #2576, #1951, .T. ) ;
#3120 = EDGE_CURVE ( 'NONE', #1949, #957, #367, .T. ) ;
#3121 = CARTESIAN_POINT ( 'NONE',  ( -46.21973247640722349, 61.03183151411825946, 10.95553244781543967 ) ) ;
#3122 = AXIS2_PLACEMENT_3D ( 'NONE', #466, #2852, #3398 ) ;
#3123 = CARTESIAN_POINT ( 'NONE',  ( -29.91760342175074072, 22.51656328012083819, -32.26434443711709577 ) ) ;
#3124 = DIRECTION ( 'NONE',  ( -0.000000000000000000, -1.000000000000000000, -0.000000000000000000 ) ) ;
#3125 = AXIS2_PLACEMENT_3D ( 'NONE', #3215, #3487, #532 ) ;
#3126 = VERTEX_POINT ( 'NONE', #2963 ) ;
#3127 = CARTESIAN_POINT ( 'NONE',  ( 14.45634619832171275, 23.96947402809875527, 45.24696848360481738 ) ) ;
#3128 = ORIENTED_EDGE ( 'NONE', *, *, #260, .F. ) ;
#3129 = ORIENTED_EDGE ( 'NONE', *, *, #3536, .T. ) ;
#3130 = CARTESIAN_POINT ( 'NONE',  ( -43.31745619947657389, 25.46411311459299043, -7.720178733170961038 ) ) ;
#3131 = AXIS2_PLACEMENT_3D ( 'NONE', #2050, #3334, #973 ) ;
#3132 = CARTESIAN_POINT ( 'NONE',  ( -42.39512162874648027, 22.00000000000000000, 11.77512896251216823 ) ) ;
#3133 = CARTESIAN_POINT ( 'NONE',  ( -37.10992723813205885, 26.00000000000000000, -8.723720558371100608 ) ) ;
#3134 = VECTOR ( 'NONE', #2068, 1000.000000000000000 ) ;
#3135 = ORIENTED_EDGE ( 'NONE', *, *, #96, .F. ) ;
#3136 = CARTESIAN_POINT ( 'NONE',  ( -14.58129795276466290, 59.80114173840912883, 41.51382498116744557 ) ) ;
#3137 = LOCAL_TIME ( 18, 3, 10.00000000000000000, #3284 ) ;
#3138 = DIRECTION ( 'NONE',  ( 0.000000000000000000, 0.000000000000000000, 1.000000000000000000 ) ) ;
#3139 = EDGE_LOOP ( 'NONE', ( #558, #2135 ) ) ;
#3140 = DIRECTION ( 'NONE',  ( 0.000000000000000000, 0.000000000000000000, 1.000000000000000000 ) ) ;
#3141 = DIRECTION ( 'NONE',  ( 0.4999999999999920619, 0.000000000000000000, -0.8660254037844432595 ) ) ;
#3142 = FACE_OUTER_BOUND ( 'NONE', #3476, .T. ) ;
#3143 = EDGE_CURVE ( 'NONE', #625, #1214, #98, .T. ) ;
#3144 = LINE ( 'NONE', #2525, #1025 ) ;
#3145 = FACE_OUTER_BOUND ( 'NONE', #2489, .T. ) ;
#3146 = CYLINDRICAL_SURFACE ( 'NONE', #2813, 4.249999999999990230 ) ;
#3147 = VERTEX_POINT ( 'NONE', #3573 ) ;
#3148 = VERTEX_POINT ( 'NONE', #3595 ) ;
#3149 = DIRECTION ( 'NONE',  ( 0.000000000000000000, 0.000000000000000000, -1.000000000000000000 ) ) ;
#3150 = DIRECTION ( 'NONE',  ( 0.000000000000000000, 0.000000000000000000, 1.000000000000000000 ) ) ;
#3151 = LINE ( 'NONE', #3405, #1530 ) ;
#3152 = EDGE_CURVE ( 'NONE', #336, #2396, #3695, .T. ) ;
#3153 = VERTEX_POINT ( 'NONE', #387 ) ;
#3154 = DIRECTION ( 'NONE',  ( -0.000000000000000000, -0.000000000000000000, 1.000000000000000000 ) ) ;
#3155 = FACE_OUTER_BOUND ( 'NONE', #3737, .T. ) ;
#3156 = FACE_BOUND ( 'NONE', #1725, .T. ) ;
#3157 = ORIENTED_EDGE ( 'NONE', *, *, #512, .T. ) ;
#3158 = CARTESIAN_POINT ( 'NONE',  ( 12.27531383698697631, 61.80006371525087872, 45.88712521388200827 ) ) ;
#3159 = FACE_OUTER_BOUND ( 'NONE', #1317, .T. ) ;
#3160 = CARTESIAN_POINT ( 'NONE',  ( -46.41340899412059429, 60.02887248783918039, 10.10294435008630387 ) ) ;
#3161 = CARTESIAN_POINT ( 'NONE',  ( 0.000000000000000000, 22.00000000000000000, 0.000000000000000000 ) ) ;
#3162 = CARTESIAN_POINT ( 'NONE',  ( -29.13567471892865868, 60.67335697356285351, 32.97196560475698845 ) ) ;
#3163 = ORIENTED_EDGE ( 'NONE', *, *, #2274, .T. ) ;
#3164 = CARTESIAN_POINT ( 'NONE',  ( 15.00000000000000000, 58.00000000000000711, 36.50000000000003553 ) ) ;
#3165 = ORIENTED_EDGE ( 'NONE', *, *, #236, .F. ) ;
#3166 = ORIENTED_EDGE ( 'NONE', *, *, #1096, .T. ) ;
#3167 = CARTESIAN_POINT ( 'NONE',  ( -43.12239718589059123, 60.67335697356285351, -8.746251660613861389 ) ) ;
#3168 = CARTESIAN_POINT ( 'NONE',  ( -33.77970686441233283, 61.89896511535744139, -33.39805947217094229 ) ) ;
#3169 = B_SPLINE_CURVE_WITH_KNOTS ( 'NONE', 3,
 ( #360, #2089, #627, #76, #2976, #2454, #107, #396, #1298, #1281, #2691, #1264, #2707, #3333, #3275, #687, #1854, #3049 ),
 .UNSPECIFIED., .F., .F.,
 ( 4, 2, 2, 2, 2, 2, 2, 2, 4 ),
 ( 0.000000000000000000, 0.0007987275890163510455, 0.001597455178032702091, 0.002396182767049052920, 0.003194910356065404182, 0.003993637945081755444, 0.004792365534098105839, 0.005591093123114457102, 0.006389820712130808364 ),
 .UNSPECIFIED. ) ;
#3170 = CARTESIAN_POINT ( 'NONE',  ( 43.32247897619601673, 26.00000000000000000, 7.691736823179453175 ) ) ;
#3171 = ADVANCED_FACE ( 'NONE', ( #365 ), #635, .T. ) ;
#3172 = ORIENTED_EDGE ( 'NONE', *, *, #329, .T. ) ;
#3173 = CARTESIAN_POINT ( 'NONE',  ( 14.99999999999999645, 58.00000000000000711, -45.06939094329987938 ) ) ;
#3174 = DIRECTION ( 'NONE',  ( -0.000000000000000000, -0.000000000000000000, -1.000000000000000000 ) ) ;
#3175 = MANIFOLD_SOLID_BREP ( '组合1', #3309 ) ;
#3176 = CARTESIAN_POINT ( 'NONE',  ( 46.48618889728295756, 24.69068113157669586, -9.761969273216852372 ) ) ;
#3177 = ORIENTED_EDGE ( 'NONE', *, *, #3248, .T. ) ;
#3178 = CARTESIAN_POINT ( 'NONE',  ( 11.26115670043767913, 62.00000000000001421, 46.14659703051586348 ) ) ;
#3179 = CARTESIAN_POINT ( 'NONE',  ( 42.53675747776316740, 22.02565400611182511, -11.25580411242623313 ) ) ;
#3180 = B_SPLINE_CURVE_WITH_KNOTS ( 'NONE', 3,
 ( #1398, #1380, #2885, #226, #3787, #841, #474, #518, #777, #1683, #2550, #1929, #3742, #759, #2828, #1091, #194, #1134 ),
 .UNSPECIFIED., .F., .F.,
 ( 4, 2, 2, 2, 2, 2, 2, 2, 4 ),
 ( 0.000000000000000000, 0.0007987275890163514792, 0.001597455178032702958, 0.002396182767049054654, 0.003194910356065405917, 0.003993637945081757179, 0.004792365534098109309, 0.005591093123114460571, 0.006389820712130811833 ),
 .UNSPECIFIED. ) ;
#3181 = AXIS2_PLACEMENT_3D ( 'NONE', #2035, #3531, #2380 ) ;
#3182 = CARTESIAN_POINT ( 'NONE',  ( 11.00000000000000355, 22.00000000000000000, 42.60281680828158812 ) ) ;
#3183 = CARTESIAN_POINT ( 'NONE',  ( 3.367778697655219039E-16, 0.000000000000000000, -49.55194053036741053 ) ) ;
#3184 = AXIS2_PLACEMENT_3D ( 'NONE', #274, #2226, #1997 ) ;
#3185 = CARTESIAN_POINT ( 'NONE',  ( -31.53123748999007958, 26.00000000000000000, -35.52507652841644159 ) ) ;
#3186 = ORIENTED_EDGE ( 'NONE', *, *, #2156, .T. ) ;
#3187 = AXIS2_PLACEMENT_3D ( 'NONE', #2831, #3431, #3140 ) ;
#3188 = CIRCLE ( 'NONE', #1528, 4.250000000000003553 ) ;
#3189 = DIRECTION ( 'NONE',  ( 0.000000000000000000, 1.000000000000000000, -0.000000000000000000 ) ) ;
#3190 = ORIENTED_EDGE ( 'NONE', *, *, #1934, .T. ) ;
#3191 = CARTESIAN_POINT ( 'NONE',  ( 46.50307074562215348, 24.94597280722066301, 9.680779255583267684 ) ) ;
#3192 = CARTESIAN_POINT ( 'NONE',  ( -31.39512162874638790, 22.00000000000000000, 30.82768784576977339 ) ) ;
#3193 = CARTESIAN_POINT ( 'NONE',  ( -14.99999999999999645, 26.00000000000000000, 45.06939094329987938 ) ) ;
#3194 = VECTOR ( 'NONE', #2029, 1000.000000000000000 ) ;
#3195 = VECTOR ( 'NONE', #3749, 1000.000000000000000 ) ;
#3196 = ORIENTED_EDGE ( 'NONE', *, *, #3608, .F. ) ;
#3197 = AXIS2_PLACEMENT_3D ( 'NONE', #701, #1869, #2761 ) ;
#3198 = AXIS2_PLACEMENT_3D ( 'NONE', #928, #3551, #578 ) ;
#3199 = CARTESIAN_POINT ( 'NONE',  ( -26.10992723813210148, 22.00000000000000000, -27.77627944162877327 ) ) ;
#3200 = DIRECTION ( 'NONE',  ( 0.8660254037844397068, 0.000000000000000000, 0.4999999999999980016 ) ) ;
#3201 = EDGE_CURVE ( 'NONE', #1922, #2063, #2981, .T. ) ;
#3202 = EDGE_CURVE ( 'NONE', #3126, #656, #1239, .T. ) ;
#3203 = VECTOR ( 'NONE', #2801, 1000.000000000000000 ) ;
#3204 = FACE_OUTER_BOUND ( 'NONE', #1818, .T. ) ;
#3205 = ORIENTED_EDGE ( 'NONE', *, *, #2439, .T. ) ;
#3206 = CARTESIAN_POINT ( 'NONE',  ( 14.99999999999999645, 25.99999999999999645, -41.36423575989287826 ) ) ;
#3207 = DIRECTION ( 'NONE',  ( -0.000000000000000000, -1.000000000000000000, -0.000000000000000000 ) ) ;
#3208 = EDGE_CURVE ( 'NONE', #3443, #370, #328, .T. ) ;
#3209 = DIRECTION ( 'NONE',  ( 0.000000000000000000, -1.000000000000000000, 0.000000000000000000 ) ) ;
#3210 = B_SPLINE_CURVE_WITH_KNOTS ( 'NONE', 3,
 ( #3132, #1376, #2319, #2343, #268, #206, #1088, #836, #2284, #2033, #2547, #3761, #1451, #556, #2632, #2572, #1395, #1113 ),
 .UNSPECIFIED., .F., .F.,
 ( 4, 2, 2, 2, 2, 2, 2, 2, 4 ),
 ( 0.000000000000000000, 0.0007987521089666818272, 0.001597504217933363654, 0.002396256326900045482, 0.003195008435866727309, 0.003993760544833409136, 0.004792512653800090963, 0.005591264762766772790, 0.006390016871733454618 ),
 .UNSPECIFIED. ) ;
#3211 = CARTESIAN_POINT ( 'NONE',  ( 37.10992723813193095, 62.00000000000000711, -8.723720558371628186 ) ) ;
#3212 = DIRECTION ( 'NONE',  ( 0.000000000000000000, 1.000000000000000000, -0.000000000000000000 ) ) ;
#3213 = FACE_OUTER_BOUND ( 'NONE', #617, .T. ) ;
#3214 = ORIENTED_EDGE ( 'NONE', *, *, #1702, .T. ) ;
#3215 = CARTESIAN_POINT ( 'NONE',  ( 0.000000000000000000, 0.000000000000000000, 0.000000000000000000 ) ) ;
#3216 = B_SPLINE_CURVE_WITH_KNOTS ( 'NONE', 3,
 ( #2080, #294, #2893, #318, #3793, #278, #2664, #3268, #1464, #2910, #875, #829, #2001, #583, #2044, #1162 ),
 .UNSPECIFIED., .F., .F.,
 ( 4, 2, 2, 2, 2, 2, 2, 4 ),
 ( 0.01272448166576133771, 0.01352357274548523711, 0.01432266382520913650, 0.01512175490493303416, 0.01592084598465693529, 0.01671993706438083122, 0.01751902814410473061, 0.01911721030355254328 ),
 .UNSPECIFIED. ) ;
#3217 = LINE ( 'NONE', #1679, #3382 ) ;
#3218 = DIRECTION ( 'NONE',  ( 0.5000000000000101030, 0.000000000000000000, 0.8660254037844328234 ) ) ;
#3219 = DIRECTION ( 'NONE',  ( 0.000000000000000000, 1.000000000000000000, 0.000000000000000000 ) ) ;
#3220 = CARTESIAN_POINT ( 'NONE',  ( 14.45729803686529991, 60.02887248783918039, -45.24666344018865516 ) ) ;
#3221 = DIRECTION ( 'NONE',  ( -1.000000000000000000, 0.000000000000000000, 0.000000000000000000 ) ) ;
#3222 = CYLINDRICAL_SURFACE ( 'NONE', #2578, 47.50000000000000711 ) ;
#3223 = VERTEX_POINT ( 'NONE', #945 ) ;
#3224 = CARTESIAN_POINT ( 'NONE',  ( 13.62009091422964246, 61.03357823824698869, 45.50583011025622682 ) ) ;
#3225 = CARTESIAN_POINT ( 'NONE',  ( 70.09999999999999432, 74.50000000000001421, 25.00000000000002132 ) ) ;
#3226 = DIRECTION ( 'NONE',  ( 0.000000000000000000, -1.000000000000000000, 0.000000000000000000 ) ) ;
#3227 = LINE ( 'NONE', #3460, #3000 ) ;
#3228 = CARTESIAN_POINT ( 'NONE',  ( 43.29754437266417000, 59.05801789743466657, -7.831083221136205808 ) ) ;
#3229 = CARTESIAN_POINT ( 'NONE',  ( 0.000000000000000000, 62.00000000000000000, 0.000000000000000000 ) ) ;
#3230 = VERTEX_POINT ( 'NONE', #1558 ) ;
#3231 = CARTESIAN_POINT ( 'NONE',  ( 45.66748833137921082, 22.02493962409058881, 13.06901836998930300 ) ) ;
#3232 = CARTESIAN_POINT ( 'NONE',  ( 70.09999999999999432, 74.50000000000001421, -4.249999999999957367 ) ) ;
#3233 = CARTESIAN_POINT ( 'NONE',  ( -14.97368675880397149, 58.53043009191067370, 45.07817455677945873 ) ) ;
#3234 = ORIENTED_EDGE ( 'NONE', *, *, #355, .T. ) ;
#3235 = LINE ( 'NONE', #3, #1820 ) ;
#3236 = CARTESIAN_POINT ( 'NONE',  ( 14.97278267297018850, 25.46257995349617431, -45.07847564394403861 ) ) ;
#3237 = B_SPLINE_CURVE_WITH_KNOTS ( 'NONE', 3,
 ( #1600, #1614, #1325, #3064, #2470, #3395, #1347, #430, #3668, #1079, #143, #1579, #2483, #2244, #1366, #2522, #1019, #443 ),
 .UNSPECIFIED., .F., .F.,
 ( 4, 2, 2, 2, 2, 2, 2, 2, 4 ),
 ( 0.000000000000000000, 0.0007967757044379281291, 0.001593551408875856258, 0.002390327113313784387, 0.003187102817751712516, 0.003983878522189640212, 0.004780654226627568774, 0.005577429931065497337, 0.006374205635503425033 ),
 .UNSPECIFIED. ) ;
#3238 = CARTESIAN_POINT ( 'NONE',  ( 29.00111669722039309, 60.47116769002323622, 33.09017761266476754 ) ) ;
#3239 = EDGE_LOOP ( 'NONE', ( #3342, #982, #1449, #2447 ) ) ;
#3240 = CARTESIAN_POINT ( 'NONE',  ( 31.55250819542154517, 58.53582835843438659, -35.50623076158365166 ) ) ;
#3241 = CARTESIAN_POINT ( 'NONE',  ( 42.39512162874640211, 22.00000000000000000, -11.77512896251247199 ) ) ;
#3242 = LINE ( 'NONE', #262, #1095 ) ;
#3243 = ORIENTED_EDGE ( 'NONE', *, *, #3390, .T. ) ;
#3244 = CARTESIAN_POINT ( 'NONE',  ( -12.27687511077340154, 22.20057018906254598, -42.25328295261004996 ) ) ;
#3245 = DIRECTION ( 'NONE',  ( -0.000000000000000000, -1.000000000000000000, -0.000000000000000000 ) ) ;
#3246 = EDGE_CURVE ( 'NONE', #370, #983, #2479, .T. ) ;
#3247 = VERTEX_POINT ( 'NONE', #1894 ) ;
#3248 = EDGE_CURVE ( 'NONE', #1145, #1560, #3312, .T. ) ;
#3249 = CARTESIAN_POINT ( 'NONE',  ( 37.10992723813211569, 22.00000000000000000, 8.723720558370843037 ) ) ;
#3250 = CARTESIAN_POINT ( 'NONE',  ( 4.440316247983206502E-12, 5.000000000000000000, 49.55194053036282043 ) ) ;
#3251 = CARTESIAN_POINT ( 'NONE',  ( 31.20785695399363746, 22.00000000000000355, 31.01839943173249026 ) ) ;
#3252 = FACE_BOUND ( 'NONE', #1543, .T. ) ;
#3253 = EDGE_CURVE ( 'NONE', #1490, #1157, #164, .T. ) ;
#3254 = CARTESIAN_POINT ( 'NONE',  ( 39.10992723813208727, 58.00000000000000711, 5.259618943233070887 ) ) ;
#3255 = ORIENTED_EDGE ( 'NONE', *, *, #3801, .F. ) ;
#3256 = AXIS2_PLACEMENT_3D ( 'NONE', #3508, #1799, #629 ) ;
#3257 = DIRECTION ( 'NONE',  ( -0.000000000000000000, -1.000000000000000000, -0.000000000000000000 ) ) ;
#3258 = AXIS2_PLACEMENT_3D ( 'NONE', #1733, #2354, #1123 ) ;
#3259 = AXIS2_PLACEMENT_3D ( 'NONE', #2841, #163, #3149 ) ;
#3260 = VECTOR ( 'NONE', #2157, 1000.000000000000000 ) ;
#3261 = CARTESIAN_POINT ( 'NONE',  ( -13.62209682641094055, 22.96816848588177251, -45.50522870459695213 ) ) ;
#3262 = ORIENTED_EDGE ( 'NONE', *, *, #631, .F. ) ;
#3263 = DIRECTION ( 'NONE',  ( 0.8660254037844432595, -0.000000000000000000, 0.4999999999999920064 ) ) ;
#3264 = DIRECTION ( 'NONE',  ( -0.8660254037844397068, -0.000000000000000000, -0.4999999999999980016 ) ) ;
#3265 = CIRCLE ( 'NONE', #2026, 2.750000000002871481 ) ;
#3266 = CIRCLE ( 'NONE', #3763, 4.249999999999990230 ) ;
#3267 = ORIENTED_EDGE ( 'NONE', *, *, #3120, .F. ) ;
#3268 = CARTESIAN_POINT ( 'NONE',  ( -29.00111669722016217, 60.47116769002322911, -33.09017761266495938 ) ) ;
#3269 = EDGE_LOOP ( 'NONE', ( #3340, #3243, #452, #1541 ) ) ;
#3270 = CARTESIAN_POINT ( 'NONE',  ( 70.09999999999999432, 74.50000000000001421, -29.25000000000002487 ) ) ;
#3271 = DIRECTION ( 'NONE',  ( 0.000000000000000000, 0.000000000000000000, 1.000000000000000000 ) ) ;
#3272 = ORIENTED_EDGE ( 'NONE', *, *, #2612, .T. ) ;
#3273 = EDGE_CURVE ( 'NONE', #2075, #1356, #2238, .T. ) ;
#3274 = CARTESIAN_POINT ( 'NONE',  ( 0.000000000000000000, 22.00000000000000000, 0.000000000000000000 ) ) ;
#3275 = CARTESIAN_POINT ( 'NONE',  ( 12.02639828237510322, 61.87471483512304360, -42.32534847315247362 ) ) ;
#3276 = CARTESIAN_POINT ( 'NONE',  ( 30.45730608121629501, 22.19897404045492806, 31.75554975935161650 ) ) ;
#3277 = FACE_BOUND ( 'NONE', #2827, .T. ) ;
#3278 = LINE ( 'NONE', #718, #3565 ) ;
#3279 = EDGE_CURVE ( 'NONE', #3519, #1559, #1954, .T. ) ;
#3280 = CARTESIAN_POINT ( 'NONE',  ( 0.000000000000000000, 5.000000000000000000, 0.000000000000000000 ) ) ;
#3281 = CARTESIAN_POINT ( 'NONE',  ( 31.01805569138866758, 62.00000000000001421, 31.21169429557647135 ) ) ;
#3282 = ORIENTED_EDGE ( 'NONE', *, *, #2914, .T. ) ;
#3283 = CARTESIAN_POINT ( 'NONE',  ( -31.53123748999007958, 26.00000000000000000, -35.52507652841644159 ) ) ;
#3284 = COORDINATED_UNIVERSAL_TIME_OFFSET ( 8, 0, .AHEAD. ) ;
#3285 = ORIENTED_EDGE ( 'NONE', *, *, #3821, .F. ) ;
#3286 = CARTESIAN_POINT ( 'NONE',  ( -43.32247897619591015, 58.00000000000000711, 7.691736823180065130 ) ) ;
#3287 = ORIENTED_EDGE ( 'NONE', *, *, #3054, .F. ) ;
#3288 = DIRECTION ( 'NONE',  ( 0.5000000000000041078, 0.000000000000000000, 0.8660254037844362651 ) ) ;
#3289 = ORIENTED_EDGE ( 'NONE', *, *, #2439, .F. ) ;
#3290 = LINE ( 'NONE', #90, #976 ) ;
#3291 = CARTESIAN_POINT ( 'NONE',  ( 13.98672246696176558, 60.67335697356285351, 41.71821726537081076 ) ) ;
#3292 = CARTESIAN_POINT ( 'NONE',  ( 0.000000000000000000, 0.000000000000000000, -52.30194053036741764 ) ) ;
#3293 = CARTESIAN_POINT ( 'NONE',  ( -14.86472298971116146, 59.06583497398735716, -41.41308116291603625 ) ) ;
#3294 = CARTESIAN_POINT ( 'NONE',  ( 70.09999999999999432, 74.50000000000001421, 25.00000000000002132 ) ) ;
#3295 = CARTESIAN_POINT ( 'NONE',  ( 31.69771808059029183, 24.68907627439361008, -35.37677701596426516 ) ) ;
#3296 = EDGE_CURVE ( 'NONE', #126, #1922, #1840, .T. ) ;
#3297 = EDGE_CURVE ( 'NONE', #1356, #959, #1650, .T. ) ;
#3298 = CARTESIAN_POINT ( 'NONE',  ( -15.00000000000000178, 25.73072396759573266, -45.06939094329987938 ) ) ;
#3299 = VERTEX_POINT ( 'NONE', #998 ) ;
#3300 = COORDINATED_UNIVERSAL_TIME_OFFSET ( 8, 0, .AHEAD. ) ;
#3301 = ORIENTED_EDGE ( 'NONE', *, *, #2278, .F. ) ;
#3302 = CARTESIAN_POINT ( 'NONE',  ( 28.32247897619625476, 62.00000000000000000, 33.67249893671275629 ) ) ;
#3303 = FACE_BOUND ( 'NONE', #1403, .T. ) ;
#3304 = EDGE_LOOP ( 'NONE', ( #1986, #2838 ) ) ;
#3305 = CARTESIAN_POINT ( 'NONE',  ( 70.09999999999999432, 74.50000000000001421, -25.00000000000002132 ) ) ;
#3306 = CARTESIAN_POINT ( 'NONE',  ( 70.09999999999999432, 67.00000000000000000, -25.00000000000002132 ) ) ;
#3307 = CARTESIAN_POINT ( 'NONE',  ( 29.91760342175096099, 22.51656328012083819, 32.26434443711687550 ) ) ;
#3308 = DIRECTION ( 'NONE',  ( 0.000000000000000000, 1.000000000000000000, -0.000000000000000000 ) ) ;
#3309 = CLOSED_SHELL ( 'NONE', ( #2159, #192, #3537, #398, #1935, #2771, #2110, #1357, #3171, #703, #1310, #2552, #2839, #786, #2559, #636, #3486, #2982, #1330, #1249, #1, #1431, #2322, #1253, #1006, #261, #539, #124, #1802, #3463, #142, #740, #2348, #3607, #3654, #2588, #2040, #2017, #821, #3492, #1076, #538, #1525, #3361, #3007, #2636, #3319, #2515, #2611, #3673, #3079, #2272, #1033, #1353, #379, #3591, #3772, #2397, #1751, #138, #3436, #632, #458, #2016, #563, #373, #2678, #1898, #1475, #2469, #1031, #2163, #3655, #741, #3118, #762, #120, #3611, #350, #2726, #913, #3409, #2303, #462, #2988 ) ) ;
#3310 = ORIENTED_EDGE ( 'NONE', *, *, #2788, .T. ) ;
#3311 = CARTESIAN_POINT ( 'NONE',  ( 0.000000000000000000, 62.00000000000000711, 0.000000000000000000 ) ) ;
#3312 = B_SPLINE_CURVE_WITH_KNOTS ( 'NONE', 3,
 ( #707, #3679, #2530, #2203, #3663, #738, #2477, #2491, #135, #1573, #1926, #1071, #3076, #2170, #1910, #3366, #3108, #3648 ),
 .UNSPECIFIED., .F., .F.,
 ( 4, 2, 2, 2, 2, 2, 2, 2, 4 ),
 ( 0.000000000000000000, 0.0007960697386567647119, 0.001592139477313529424, 0.002388209215970294244, 0.003184278954627058848, 0.003980348693283823451, 0.004776418431940588488, 0.005572488170597352658, 0.006368557909254117695 ),
 .UNSPECIFIED. ) ;
#3313 = CARTESIAN_POINT ( 'NONE',  ( 46.52568770180221946, 58.53043009191067370, -9.571494156955369093 ) ) ;
#3314 = AXIS2_PLACEMENT_3D ( 'NONE', #3689, #2755, #128 ) ;
#3315 = ORIENTED_EDGE ( 'NONE', *, *, #3143, .T. ) ;
#3316 = AXIS2_PLACEMENT_3D ( 'NONE', #3344, #47, #337 ) ;
#3317 = VERTEX_POINT ( 'NONE', #1876 ) ;
#3318 = VECTOR ( 'NONE', #508, 1000.000000000000000 ) ;
#3319 = ADVANCED_FACE ( 'NONE', ( #1623 ), #1945, .F. ) ;
#3320 = APPROVAL_ROLE ( '' ) ;
#3321 = VECTOR ( 'NONE', #1921, 1000.000000000000000 ) ;
#3322 = CIRCLE ( 'NONE', #3442, 47.50000000000000711 ) ;
#3323 = CARTESIAN_POINT ( 'NONE',  ( 43.32247897619601673, 58.00000000000000711, 7.691736823179455840 ) ) ;
#3324 = VERTEX_POINT ( 'NONE', #2767 ) ;
#3325 = CARTESIAN_POINT ( 'NONE',  ( -43.32247897619591015, 58.27020101010507602, 7.691736823180065130 ) ) ;
#3326 = AXIS2_PLACEMENT_3D ( 'NONE', #2895, #3212, #3271 ) ;
#3327 = VECTOR ( 'NONE', #3500, 1000.000000000000000 ) ;
#3328 = EDGE_CURVE ( 'NONE', #2576, #3549, #417, .T. ) ;
#3329 = CARTESIAN_POINT ( 'NONE',  ( -45.80903847521305039, 61.87531084634354528, -12.56384262453645739 ) ) ;
#3330 = ORIENTED_EDGE ( 'NONE', *, *, #1503, .T. ) ;
#3331 = AXIS2_PLACEMENT_3D ( 'NONE', #2739, #1282, #2166 ) ;
#3332 = CARTESIAN_POINT ( 'NONE',  ( 14.99999999999999645, 58.00000000000000711, -41.36423575989287826 ) ) ;
#3333 = CARTESIAN_POINT ( 'NONE',  ( 12.27687511077339266, 61.79942981093747534, -42.25328295261002864 ) ) ;
#3334 = DIRECTION ( 'NONE',  ( -0.8660254037844397068, -0.000000000000000000, -0.4999999999999980016 ) ) ;
#3335 = CARTESIAN_POINT ( 'NONE',  ( -70.09999999999996589, 67.00000000000000000, 25.00000000000003908 ) ) ;
#3336 = DIRECTION ( 'NONE',  ( -0.000000000000000000, -0.000000000000000000, -1.000000000000000000 ) ) ;
#3337 = EDGE_LOOP ( 'NONE', ( #1036, #3558, #2317, #2220 ) ) ;
#3338 = CARTESIAN_POINT ( 'NONE',  ( 33.07808801329178294, 22.51688876623825308, -34.09019649763671822 ) ) ;
#3339 = ORIENTED_EDGE ( 'NONE', *, *, #1821, .T. ) ;
#3340 = ORIENTED_EDGE ( 'NONE', *, *, #610, .T. ) ;
#3341 = CARTESIAN_POINT ( 'NONE',  ( 43.32247897619602384, 58.54077218376892944, 7.691736823179455840 ) ) ;
#3342 = ORIENTED_EDGE ( 'NONE', *, *, #1872, .F. ) ;
#3343 = LINE ( 'NONE', #2518, #724 ) ;
#3344 = CARTESIAN_POINT ( 'NONE',  ( -45.29480916652004652, 0.000000000000000000, -26.15097026518175483 ) ) ;
#3345 = EDGE_CURVE ( 'NONE', #1447, #3029, #308, .T. ) ;
#3346 = CARTESIAN_POINT ( 'NONE',  ( 0.000000000000000000, 5.000000000000000000, -52.30194053036741764 ) ) ;
#3347 = CYLINDRICAL_SURFACE ( 'NONE', #3197, 3.999999999999998224 ) ;
#3348 = CARTESIAN_POINT ( 'NONE',  ( 37.10992723813211569, 26.00000000000000000, 8.723720558370843037 ) ) ;
#3349 = CARTESIAN_POINT ( 'NONE',  ( -12.97921327400287694, 61.48557283785471128, -42.04272941482440018 ) ) ;
#3350 = DIRECTION ( 'NONE',  ( 0.000000000000000000, 0.000000000000000000, -1.000000000000000000 ) ) ;
#3351 = ORIENTED_EDGE ( 'NONE', *, *, #1913, .T. ) ;
#3352 = DIRECTION ( 'NONE',  ( -1.000000000000000000, 0.000000000000000000, 0.000000000000000000 ) ) ;
#3353 = CARTESIAN_POINT ( 'NONE',  ( 80.00000000000002842, 67.00000000000000000, 45.00000000000001421 ) ) ;
#3354 = ORIENTED_EDGE ( 'NONE', *, *, #1984, .T. ) ;
#3355 = CARTESIAN_POINT ( 'NONE',  ( 32.60008194825082484, 22.96512321433856130, 34.54740158153902030 ) ) ;
#3356 = ORIENTED_EDGE ( 'NONE', *, *, #400, .T. ) ;
#3357 = CARTESIAN_POINT ( 'NONE',  ( -24.10992723813189542, 58.00000000000000711, 31.24038105676671506 ) ) ;
#3358 = CARTESIAN_POINT ( 'NONE',  ( -45.51796471586225579, 22.00000000000000000, 13.57810325949544250 ) ) ;
#3359 = EDGE_CURVE ( 'NONE', #2396, #336, #8, .T. ) ;
#3360 = CARTESIAN_POINT ( 'NONE',  ( -29.42783129115183272, 22.96185177130370647, -32.71149135272563768 ) ) ;
#3361 = ADVANCED_FACE ( 'NONE', ( #151 ), #2512, .F. ) ;
#3362 = CARTESIAN_POINT ( 'NONE',  ( -12.02246518196681357, 61.87563922890154799, -42.32645504201398268 ) ) ;
#3363 = EDGE_CURVE ( 'NONE', #2866, #3445, #1469, .T. ) ;
#3364 = CARTESIAN_POINT ( 'NONE',  ( -11.00000000000000355, 22.00000000000000000, -36.50000000000003553 ) ) ;
#3365 = VERTEX_POINT ( 'NONE', #285 ) ;
#3366 = CARTESIAN_POINT ( 'NONE',  ( -14.97278267297018850, 58.53742004650383279, -45.07847564394403861 ) ) ;
#3367 = EDGE_CURVE ( 'NONE', #391, #1332, #3210, .T. ) ;
#3368 = CARTESIAN_POINT ( 'NONE',  ( -31.85869952353227674, 24.20070444274513832, -35.23187572290734693 ) ) ;
#3369 = CIRCLE ( 'NONE', #49, 47.50000000000000711 ) ;
#3370 = ORIENTED_EDGE ( 'NONE', *, *, #228, .F. ) ;
#3371 = AXIS2_PLACEMENT_3D ( 'NONE', #2168, #996, #3350 ) ;
#3372 = VECTOR ( 'NONE', #1128, 1000.000000000000000 ) ;
#3373 = CARTESIAN_POINT ( 'NONE',  ( 5.388445916248354407E-15, 62.00000000000000000, 44.00000000000000711 ) ) ;
#3374 = ORIENTED_EDGE ( 'NONE', *, *, #1989, .T. ) ;
#3375 = DIRECTION ( 'NONE',  ( 0.000000000000000000, -1.000000000000000000, 0.000000000000000000 ) ) ;
#3376 = CIRCLE ( 'NONE', #2138, 44.00000000000000711 ) ;
#3377 = AXIS2_PLACEMENT_3D ( 'NONE', #2283, #3107, #3447 ) ;
#3378 = AXIS2_PLACEMENT_3D ( 'NONE', #2305, #1116, #2287 ) ;
#3379 = CARTESIAN_POINT ( 'NONE',  ( 45.29480916652224209, 5.000000000000000000, -26.15097026518563794 ) ) ;
#3380 = CARTESIAN_POINT ( 'NONE',  ( 0.000000000000000000, 5.000000000000000000, 0.000000000000000000 ) ) ;
#3381 = CARTESIAN_POINT ( 'NONE',  ( -10.99999999999999645, 62.00000000000000711, 46.20876540224810469 ) ) ;
#3382 = VECTOR ( 'NONE', #514, 1000.000000000000000 ) ;
#3383 = CC_DESIGN_PERSON_AND_ORGANIZATION_ASSIGNMENT ( #2465, #2986, ( #1546 ) ) ;
#3384 = DIRECTION ( 'NONE',  ( 0.000000000000000000, 1.000000000000000000, -0.000000000000000000 ) ) ;
#3385 = LOCAL_TIME ( 18, 3, 10.00000000000000000, #3633 ) ;
#3386 = ORIENTED_EDGE ( 'NONE', *, *, #1146, .T. ) ;
#3387 = CARTESIAN_POINT ( 'NONE',  ( -39.10992723813205174, 26.00000000000000000, -5.259618943233340005 ) ) ;
#3388 = CARTESIAN_POINT ( 'NONE',  ( 0.000000000000000000, 22.00000000000000000, 0.000000000000000000 ) ) ;
#3389 = DIRECTION ( 'NONE',  ( 0.000000000000000000, 0.000000000000000000, 1.000000000000000000 ) ) ;
#3390 = EDGE_CURVE ( 'NONE', #211, #507, #1131, .T. ) ;
#3391 = EDGE_CURVE ( 'NONE', #3645, #498, #3217, .T. ) ;
#3392 = VERTEX_POINT ( 'NONE', #3739 ) ;
#3393 = LINE ( 'NONE', #2772, #243 ) ;
#3394 = VERTEX_POINT ( 'NONE', #496 ) ;
#3395 = CARTESIAN_POINT ( 'NONE',  ( -31.85897011165853598, 24.20018319659062200, 35.23162992362676249 ) ) ;
#3396 = CARTESIAN_POINT ( 'NONE',  ( -45.29480916651780831, 5.000000000000000000, 28.90097026518986922 ) ) ;
#3397 = DIRECTION ( 'NONE',  ( -0.000000000000000000, -1.000000000000000000, -0.000000000000000000 ) ) ;
#3398 = DIRECTION ( 'NONE',  ( 0.000000000000000000, 0.000000000000000000, -1.000000000000000000 ) ) ;
#3399 = VERTEX_POINT ( 'NONE', #2258 ) ;
#3400 = DIRECTION ( 'NONE',  ( 0.000000000000000000, 0.000000000000000000, 1.000000000000000000 ) ) ;
#3401 = EDGE_LOOP ( 'NONE', ( #2544, #3110, #2474, #2200 ) ) ;
#3402 = DIRECTION ( 'NONE',  ( 0.000000000000000000, 1.000000000000000000, 0.000000000000000000 ) ) ;
#3403 = DIRECTION ( 'NONE',  ( 0.000000000000000000, 0.000000000000000000, 1.000000000000000000 ) ) ;
#3404 = B_SPLINE_CURVE_WITH_KNOTS ( 'NONE', 3,
 ( #1701, #3788, #884, #3743, #867, #2603, #519, #1743, #2053, #1421, #804, #1399, #2037, #289, #1093, #3236, #593, #1974 ),
 .UNSPECIFIED., .F., .F.,
 ( 4, 2, 2, 2, 2, 2, 2, 2, 4 ),
 ( 0.000000000000000000, 0.0007960697386567652540, 0.001592139477313530508, 0.002388209215970295979, 0.003184278954627061016, 0.003980348693283826053, 0.004776418431940591958, 0.005572488170597356995, 0.006368557909254122032 ),
 .UNSPECIFIED. ) ;
#3405 = CARTESIAN_POINT ( 'NONE',  ( 31.53123748998957865, 67.00000000000000000, -35.52507652841688213 ) ) ;
#3406 = ORIENTED_EDGE ( 'NONE', *, *, #2909, .T. ) ;
#3407 = ORIENTED_EDGE ( 'NONE', *, *, #2863, .T. ) ;
#3408 = CARTESIAN_POINT ( 'NONE',  ( 46.50263397965942147, 59.06235492879009996, 9.682883313910004119 ) ) ;
#3409 = ADVANCED_FACE ( 'NONE', ( #3449 ), #533, .F. ) ;
#3410 = EDGE_CURVE ( 'NONE', #3247, #2102, #2457, .T. ) ;
#3411 = DIRECTION ( 'NONE',  ( 0.000000000000000000, 1.000000000000000000, -0.000000000000000000 ) ) ;
#3412 = ORIENTED_EDGE ( 'NONE', *, *, #2816, .F. ) ;
#3413 = CARTESIAN_POINT ( 'NONE',  ( -28.76395211571464472, 23.96489416460548938, 33.29654221857821028 ) ) ;
#3414 = PLANE ( 'NONE',  #3331 ) ;
#3415 = CARTESIAN_POINT ( 'NONE',  ( -45.66864020818049141, 61.97456513972338854, 13.06500183870197063 ) ) ;
#3416 = CARTESIAN_POINT ( 'NONE',  ( 70.09999999999999432, 74.50000000000001421, 4.857225732735059864E-14 ) ) ;
#3417 = CARTESIAN_POINT ( 'NONE',  ( 0.000000000000000000, 5.000000000000000000, -52.30194053036741764 ) ) ;
#3418 = FACE_OUTER_BOUND ( 'NONE', #1993, .T. ) ;
#3419 = VERTEX_POINT ( 'NONE', #3529 ) ;
#3420 = ORIENTED_EDGE ( 'NONE', *, *, #1664, .T. ) ;
#3421 = LINE ( 'NONE', #2510, #2392 ) ;
#3422 = DIRECTION ( 'NONE',  ( 0.000000000000000000, 1.000000000000000000, -0.000000000000000000 ) ) ;
#3423 = DIRECTION ( 'NONE',  ( 0.4999999999999920064, 5.421010862427519705E-17, -0.8660254037844432595 ) ) ;
#3424 = ORIENTED_EDGE ( 'NONE', *, *, #236, .T. ) ;
#3425 = ORIENTED_EDGE ( 'NONE', *, *, #2679, .F. ) ;
#3426 = CARTESIAN_POINT ( 'NONE',  ( -28.32247897619602384, 25.99999999999999645, -33.67249893671294814 ) ) ;
#3427 = VECTOR ( 'NONE', #2052, 1000.000000000000000 ) ;
#3428 = EDGE_CURVE ( 'NONE', #1657, #2368, #1771, .T. ) ;
#3429 = DIRECTION ( 'NONE',  ( -0.000000000000000000, -1.000000000000000000, 0.000000000000000000 ) ) ;
#3430 = ORIENTED_EDGE ( 'NONE', *, *, #2221, .T. ) ;
#3431 = DIRECTION ( 'NONE',  ( 0.000000000000000000, 1.000000000000000000, 0.000000000000000000 ) ) ;
#3432 = CARTESIAN_POINT ( 'NONE',  ( 4.440316247983206502E-12, 5.000000000000000000, 52.30194053036741764 ) ) ;
#3433 = CIRCLE ( 'NONE', #2937, 44.00000000000000711 ) ;
#3434 = AXIS2_PLACEMENT_3D ( 'NONE', #447, #3444, #3400 ) ;
#3435 = EDGE_CURVE ( 'NONE', #3629, #2593, #429, .T. ) ;
#3436 = ADVANCED_FACE ( 'NONE', ( #3784 ), #1417, .F. ) ;
#3437 = DIRECTION ( 'NONE',  ( -0.000000000000000000, -1.000000000000000000, -0.000000000000000000 ) ) ;
#3438 = AXIS2_PLACEMENT_3D ( 'NONE', #1718, #2338, #3481 ) ;
#3439 = LINE ( 'NONE', #1046, #1236 ) ;
#3440 = DIRECTION ( 'NONE',  ( 0.000000000000000000, 1.000000000000000000, -0.000000000000000000 ) ) ;
#3441 = VECTOR ( 'NONE', #2995, 1000.000000000000000 ) ;
#3442 = AXIS2_PLACEMENT_3D ( 'NONE', #376, #1224, #2390 ) ;
#3443 = VERTEX_POINT ( 'NONE', #2842 ) ;
#3444 = DIRECTION ( 'NONE',  ( 0.000000000000000000, 1.000000000000000000, -0.000000000000000000 ) ) ;
#3445 = VERTEX_POINT ( 'NONE', #2009 ) ;
#3446 = ORIENTED_EDGE ( 'NONE', *, *, #1728, .T. ) ;
#3447 = DIRECTION ( 'NONE',  ( 0.000000000000000000, 0.000000000000000000, -1.000000000000000000 ) ) ;
#3448 = AXIS2_PLACEMENT_3D ( 'NONE', #1607, #2781, #3403 ) ;
#3449 = FACE_OUTER_BOUND ( 'NONE', #490, .T. ) ;
#3450 = DIRECTION ( 'NONE',  ( -0.000000000000000000, -1.000000000000000000, -0.000000000000000000 ) ) ;
#3451 = CIRCLE ( 'NONE', #3520, 2.750000000004217959 ) ;
#3452 = VERTEX_POINT ( 'NONE', #3192 ) ;
#3453 = CARTESIAN_POINT ( 'NONE',  ( -12.75267731477983801, 61.60493954868902478, 42.11213759682792812 ) ) ;
#3454 = CARTESIAN_POINT ( 'NONE',  ( 31.53123748999032827, 58.26622145420670762, 35.52507652841623553 ) ) ;
#3455 = FACE_BOUND ( 'NONE', #2570, .T. ) ;
#3456 = ORIENTED_EDGE ( 'NONE', *, *, #3143, .F. ) ;
#3457 = LINE ( 'NONE', #2557, #849 ) ;
#3458 = LINE ( 'NONE', #3116, #2708 ) ;
#3459 = PLANE ( 'NONE',  #2941 ) ;
#3460 = CARTESIAN_POINT ( 'NONE',  ( 26.10992723813229688, 62.00000000000000711, 27.77627944162859208 ) ) ;
#3461 = B_SPLINE_CURVE_WITH_KNOTS ( 'NONE', 3,
 ( #3705, #1526, #2223, #1626, #104, #2701, #657, #2448, #933, #1807, #683, #3638, #1544, #1866, #3408, #2990, #2120, #1245 ),
 .UNSPECIFIED., .F., .F.,
 ( 4, 2, 2, 2, 2, 2, 2, 2, 4 ),
 ( 0.01900692651819921308, 0.01980346121714297858, 0.02059999591608674407, 0.02139653061503050957, 0.02219306531397427507, 0.02298960001291804056, 0.02378613471186180953, 0.02458266941080557502, 0.02537920410974934052 ),
 .UNSPECIFIED. ) ;
#3462 = LINE ( 'NONE', #1618, #1705 ) ;
#3463 = ADVANCED_FACE ( 'NONE', ( #2654 ), #2956, .T. ) ;
#3464 = ORIENTED_EDGE ( 'NONE', *, *, #3345, .F. ) ;
#3465 = EDGE_CURVE ( 'NONE', #2411, #3519, #1265, .T. ) ;
#3466 = ORIENTED_EDGE ( 'NONE', *, *, #3297, .F. ) ;
#3467 = CARTESIAN_POINT ( 'NONE',  ( -70.09999999999996589, 74.50000000000001421, 20.75000000000004974 ) ) ;
#3468 = ORIENTED_EDGE ( 'NONE', *, *, #181, .T. ) ;
#3469 = CARTESIAN_POINT ( 'NONE',  ( -42.72982281582488184, 22.19915916777096143, -10.49876131073543384 ) ) ;
#3470 = CARTESIAN_POINT ( 'NONE',  ( -32.59832169389074608, 61.03269972943406430, -34.54905340764450727 ) ) ;
#3471 = DIRECTION ( 'NONE',  ( 0.000000000000000000, 1.000000000000000000, -0.000000000000000000 ) ) ;
#3472 = EDGE_LOOP ( 'NONE', ( #3754, #467, #1228, #275 ) ) ;
#3473 = CARTESIAN_POINT ( 'NONE',  ( 0.000000000000000000, 62.00000000000000711, 0.000000000000000000 ) ) ;
#3474 = CARTESIAN_POINT ( 'NONE',  ( 31.95713847125292162, 60.03116116799168367, 35.14278624491075220 ) ) ;
#3475 = FACE_OUTER_BOUND ( 'NONE', #1346, .T. ) ;
#3476 = EDGE_LOOP ( 'NONE', ( #3736, #614, #1682, #2734 ) ) ;
#3477 = DIRECTION ( 'NONE',  ( 0.000000000000000000, 0.000000000000000000, 1.000000000000000000 ) ) ;
#3478 = CARTESIAN_POINT ( 'NONE',  ( 0.000000000000000000, 22.00000000000000000, 0.000000000000000000 ) ) ;
#3479 = CARTESIAN_POINT ( 'NONE',  ( 13.41248904879383552, 22.79880283256872531, 41.90652909444590080 ) ) ;
#3480 = DIRECTION ( 'NONE',  ( -0.000000000000000000, -1.000000000000000000, -0.000000000000000000 ) ) ;
#3481 = DIRECTION ( 'NONE',  ( 0.000000000000000000, 0.000000000000000000, -1.000000000000000000 ) ) ;
#3482 = EDGE_CURVE ( 'NONE', #3038, #2700, #3265, .T. ) ;
#3483 = LINE ( 'NONE', #3249, #910 ) ;
#3484 = EDGE_LOOP ( 'NONE', ( #3165, #1752, #3407, #2209, #2837, #3505 ) ) ;
#3485 = EDGE_CURVE ( 'NONE', #1825, #1694, #2087, .T. ) ;
#3486 = ADVANCED_FACE ( 'NONE', ( #955 ), #2996, .F. ) ;
#3487 = DIRECTION ( 'NONE',  ( 0.000000000000000000, 1.000000000000000000, -0.000000000000000000 ) ) ;
#3488 = CARTESIAN_POINT ( 'NONE',  ( -37.10992723813200200, 26.00000000000000000, 8.723720558371365286 ) ) ;
#3489 = CARTESIAN_POINT ( 'NONE',  ( 70.09999999999999432, 67.00000000000000000, 20.75000000000003197 ) ) ;
#3490 = ORIENTED_EDGE ( 'NONE', *, *, #1553, .F. ) ;
#3491 = DIRECTION ( 'NONE',  ( 0.000000000000000000, 1.000000000000000000, -0.000000000000000000 ) ) ;
#3492 = ADVANCED_FACE ( 'NONE', ( #3018 ), #1251, .F. ) ;
#3493 = DIRECTION ( 'NONE',  ( -0.4999999999999980571, 5.421010862427520321E-17, 0.8660254037844398178 ) ) ;
#3494 = CYLINDRICAL_SURFACE ( 'NONE', #3184, 2.750000000004217959 ) ;
#3495 = ORIENTED_EDGE ( 'NONE', *, *, #348, .F. ) ;
#3496 = DIRECTION ( 'NONE',  ( -0.000000000000000000, -1.000000000000000000, -0.000000000000000000 ) ) ;
#3497 = CARTESIAN_POINT ( 'NONE',  ( 43.31738614036333956, 25.46131640094801796, -7.720573290119932430 ) ) ;
#3498 = CIRCLE ( 'NONE', #3114, 2.750000000002871481 ) ;
#3499 = CARTESIAN_POINT ( 'NONE',  ( -70.09999999999996589, 74.50000000000001421, 29.25000000000002842 ) ) ;
#3500 = DIRECTION ( 'NONE',  ( 0.000000000000000000, -1.000000000000000000, 0.000000000000000000 ) ) ;
#3501 = CIRCLE ( 'NONE', #1823, 47.50000000000000711 ) ;
#3502 = DIRECTION ( 'NONE',  ( 0.000000000000000000, -1.000000000000000000, 0.000000000000000000 ) ) ;
#3503 = VECTOR ( 'NONE', #2311, 1000.000000000000000 ) ;
#3504 = DIRECTION ( 'NONE',  ( 0.000000000000000000, 0.000000000000000000, 1.000000000000000000 ) ) ;
#3505 = ORIENTED_EDGE ( 'NONE', *, *, #2115, .F. ) ;
#3506 = LINE ( 'NONE', #1190, #2202 ) ;
#3507 = CARTESIAN_POINT ( 'NONE',  ( 0.000000000000000000, 0.000000000000000000, 0.000000000000000000 ) ) ;
#3508 = CARTESIAN_POINT ( 'NONE',  ( 0.000000000000000000, 5.000000000000000000, 0.000000000000000000 ) ) ;
#3509 = CIRCLE ( 'NONE', #1947, 47.50000000000000711 ) ;
#3510 = CC_DESIGN_PERSON_AND_ORGANIZATION_ASSIGNMENT ( #1822, #1243, ( #2796 ) ) ;
#3511 = DIRECTION ( 'NONE',  ( 0.4999999999999920619, 0.000000000000000000, -0.8660254037844432595 ) ) ;
#3512 = CIRCLE ( 'NONE', #1836, 2.750000000002243539 ) ;
#3513 = AXIS2_PLACEMENT_3D ( 'NONE', #2713, #1786, #885 ) ;
#3514 = CARTESIAN_POINT ( 'NONE',  ( 13.41951518066120386, 61.19593445699030099, -45.56553539879197245 ) ) ;
#3515 = DIRECTION ( 'NONE',  ( -0.000000000000000000, 1.000000000000000000, -0.000000000000000000 ) ) ;
#3516 = VECTOR ( 'NONE', #2091, 1000.000000000000000 ) ;
#3517 = EDGE_CURVE ( 'NONE', #153, #802, #1001, .T. ) ;
#3518 = CARTESIAN_POINT ( 'NONE',  ( 29.42620346394405573, 61.03619631081440389, 32.71294678071946294 ) ) ;
#3519 = VERTEX_POINT ( 'NONE', #941 ) ;
#3520 = AXIS2_PLACEMENT_3D ( 'NONE', #2927, #1443, #316 ) ;
#3521 = CARTESIAN_POINT ( 'NONE',  ( 15.00000000000000178, 58.26943924568022481, 45.06939094329987228 ) ) ;
#3522 = CARTESIAN_POINT ( 'NONE',  ( 37.10992723813193095, 22.00000000000000000, -8.723720558371628186 ) ) ;
#3523 = CARTESIAN_POINT ( 'NONE',  ( -14.78700118913503481, 24.68516170114439845, -41.44100130596768850 ) ) ;
#3524 = DIRECTION ( 'NONE',  ( 0.000000000000000000, -1.000000000000000000, 0.000000000000000000 ) ) ;
#3525 = ORIENTED_EDGE ( 'NONE', *, *, #678, .T. ) ;
#3526 = CARTESIAN_POINT ( 'NONE',  ( 4.440316247983206502E-12, 5.000000000000000000, 52.30194053036741764 ) ) ;
#3527 = ORIENTED_EDGE ( 'NONE', *, *, #873, .T. ) ;
#3528 = CARTESIAN_POINT ( 'NONE',  ( 45.80896562947413742, 22.12454103623678137, 12.56413147055662627 ) ) ;
#3529 = CARTESIAN_POINT ( 'NONE',  ( 43.32247897619586041, 25.99999999999999645, -7.691736823180365334 ) ) ;
#3530 = CARTESIAN_POINT ( 'NONE',  ( -12.02415979779430266, 22.12477566038527144, 45.95364574571716076 ) ) ;
#3531 = DIRECTION ( 'NONE',  ( 0.000000000000000000, 1.000000000000000000, -0.000000000000000000 ) ) ;
#3532 = CARTESIAN_POINT ( 'NONE',  ( -70.09999999999999432, 74.50000000000001421, -25.00000000000000355 ) ) ;
#3533 = CARTESIAN_POINT ( 'NONE',  ( -45.51796471586234105, 22.00000000000000000, -13.57810325949511565 ) ) ;
#3534 = EDGE_LOOP ( 'NONE', ( #1120, #2021, #1764, #217 ) ) ;
#3535 = EDGE_CURVE ( 'NONE', #110, #1636, #3605, .T. ) ;
#3536 = EDGE_CURVE ( 'NONE', #1052, #2697, #1211, .T. ) ;
#3537 = ADVANCED_FACE ( 'NONE', ( #1233 ), #2723, .F. ) ;
#3538 = CARTESIAN_POINT ( 'NONE',  ( 32.31657338764736664, 60.66923645782379992, -34.81273524180745227 ) ) ;
#3539 = CARTESIAN_POINT ( 'NONE',  ( -11.00000000000000355, 22.00000000000000000, -46.20876540224810469 ) ) ;
#3540 = CARTESIAN_POINT ( 'NONE',  ( 13.61588950928675956, 22.96280814633473355, 41.84071763900394103 ) ) ;
#3541 = ORIENTED_EDGE ( 'NONE', *, *, #329, .F. ) ;
#3542 = CARTESIAN_POINT ( 'NONE',  ( -12.98043593153019337, 22.51495506573969152, -42.04236185770665912 ) ) ;
#3543 = LINE ( 'NONE', #2912, #1463 ) ;
#3544 = ORIENTED_EDGE ( 'NONE', *, *, #1712, .T. ) ;
#3545 = DIRECTION ( 'NONE',  ( 0.000000000000000000, 1.000000000000000000, 0.000000000000000000 ) ) ;
#3546 = CARTESIAN_POINT ( 'NONE',  ( -43.21712872992614507, 60.03931759784774869, -8.264651932901383447 ) ) ;
#3547 = CARTESIAN_POINT ( 'NONE',  ( 28.76521094059495809, 23.96253346066474776, 33.29544802117995772 ) ) ;
#3548 = CARTESIAN_POINT ( 'NONE',  ( -14.15779103842967857, 23.53074038671324786, 45.34127230039069900 ) ) ;
#3549 = VERTEX_POINT ( 'NONE', #35 ) ;
#3550 = CARTESIAN_POINT ( 'NONE',  ( -45.29480916652004652, 5.000000000000000000, -26.15097026518175483 ) ) ;
#3551 = DIRECTION ( 'NONE',  ( 0.000000000000000000, 1.000000000000000000, -0.000000000000000000 ) ) ;
#3552 = ORIENTED_EDGE ( 'NONE', *, *, #2817, .F. ) ;
#3553 = CYLINDRICAL_SURFACE ( 'NONE', #2634, 3.999999999999998224 ) ;
#3554 = DIRECTION ( 'NONE',  ( 0.000000000000000000, 1.000000000000000000, 0.000000000000000000 ) ) ;
#3555 = CC_DESIGN_PERSON_AND_ORGANIZATION_ASSIGNMENT ( #641, #710, ( #730 ) ) ;
#3556 = ORIENTED_EDGE ( 'NONE', *, *, #1597, .T. ) ;
#3557 = CARTESIAN_POINT ( 'NONE',  ( 10.99999999999999645, 62.00000000000000711, -36.50000000000003553 ) ) ;
#3558 = ORIENTED_EDGE ( 'NONE', *, *, #2958, .T. ) ;
#3559 = FACE_BOUND ( 'NONE', #934, .T. ) ;
#3560 = FACE_OUTER_BOUND ( 'NONE', #3484, .T. ) ;
#3561 = EDGE_LOOP ( 'NONE', ( #634, #2953, #962, #1352 ) ) ;
#3562 = EDGE_CURVE ( 'NONE', #3317, #2866, #2377, .T. ) ;
#3563 = EDGE_CURVE ( 'NONE', #166, #3399, #2398, .T. ) ;
#3564 = CYLINDRICAL_SURFACE ( 'NONE', #1339, 3.999999999999996447 ) ;
#3565 = VECTOR ( 'NONE', #2198, 1000.000000000000000 ) ;
#3566 = CARTESIAN_POINT ( 'NONE',  ( 46.30696121700299983, 23.33056967998440356, 10.58077599924846979 ) ) ;
#3567 = CARTESIAN_POINT ( 'NONE',  ( 28.43126391256415531, 24.93995528765835701, 33.58074487404322639 ) ) ;
#3568 = CARTESIAN_POINT ( 'NONE',  ( -12.03371450779748741, 61.89896511535744850, 45.95311401305810506 ) ) ;
#3569 = AXIS2_PLACEMENT_3D ( 'NONE', #3526, #895, #1796 ) ;
#3570 = LINE ( 'NONE', #3254, #659 ) ;
#3571 = ORIENTED_EDGE ( 'NONE', *, *, #3009, .T. ) ;
#3572 = AXIS2_PLACEMENT_3D ( 'NONE', #3335, #3308, #3036 ) ;
#3573 = CARTESIAN_POINT ( 'NONE',  ( 11.00000000000000355, 22.00000000000000000, 42.60281680828158812 ) ) ;
#3574 = CIRCLE ( 'NONE', #1584, 47.50000000000000711 ) ;
#3575 = DESIGN_CONTEXT ( 'detailed design', #118, 'design' ) ;
#3576 = AXIS2_PLACEMENT_3D ( 'NONE', #3532, #824, #2266 ) ;
#3577 = AXIS2_PLACEMENT_3D ( 'NONE', #195, #3805, #825 ) ;
#3578 = CARTESIAN_POINT ( 'NONE',  ( -31.20785695399343851, 22.00000000000000711, -31.01839943173270697 ) ) ;
#3579 = ORIENTED_EDGE ( 'NONE', *, *, #1964, .F. ) ;
#3580 = FACE_OUTER_BOUND ( 'NONE', #2158, .T. ) ;
#3581 = APPROVAL_PERSON_ORGANIZATION ( #1863, #868, #3320 ) ;
#3582 = ORIENTED_EDGE ( 'NONE', *, *, #3053, .F. ) ;
#3583 = DIRECTION ( 'NONE',  ( -0.000000000000000000, -1.000000000000000000, -0.000000000000000000 ) ) ;
#3584 = ORIENTED_EDGE ( 'NONE', *, *, #1704, .F. ) ;
#3585 = LINE ( 'NONE', #3270, #1460 ) ;
#3586 = CARTESIAN_POINT ( 'NONE',  ( 42.84651962390852731, 61.60493954868901767, -10.01192627754960007 ) ) ;
#3587 = ORIENTED_EDGE ( 'NONE', *, *, #1205, .F. ) ;
#3588 = CARTESIAN_POINT ( 'NONE',  ( -39.10992723813201621, 26.00000000000000000, 5.259618943233622446 ) ) ;
#3589 = CARTESIAN_POINT ( 'NONE',  ( -70.09999999999999432, 67.00000000000000000, -25.00000000000000355 ) ) ;
#3590 = DIRECTION ( 'NONE',  ( 0.000000000000000000, 0.000000000000000000, -1.000000000000000000 ) ) ;
#3591 = ADVANCED_FACE ( 'NONE', ( #665 ), #92, .F. ) ;
#3592 = CARTESIAN_POINT ( 'NONE',  ( -11.26153055576626549, 61.99999999999999289, -42.53528990914777808 ) ) ;
#3593 = DIRECTION ( 'NONE',  ( 0.000000000000000000, 1.000000000000000000, -0.000000000000000000 ) ) ;
#3594 = ORIENTED_EDGE ( 'NONE', *, *, #281, .T. ) ;
#3595 = CARTESIAN_POINT ( 'NONE',  ( 31.39512162874617829, 22.00000000000000000, -30.82768784576998655 ) ) ;
#3596 = CARTESIAN_POINT ( 'NONE',  ( -30.64172276678633722, 22.12531321243683635, -31.57774040083866751 ) ) ;
#3597 = ORIENTED_EDGE ( 'NONE', *, *, #2441, .T. ) ;
#3598 = CALENDAR_DATE ( 2026, 3, 9 ) ;
#3599 = ORIENTED_EDGE ( 'NONE', *, *, #1404, .F. ) ;
#3600 = CARTESIAN_POINT ( 'NONE',  ( -43.15784414932231527, 60.46898559679881657, 8.568842953706026222 ) ) ;
#3601 = CARTESIAN_POINT ( 'NONE',  ( -46.53123748998995524, 26.00000000000000000, 9.544314414883578124 ) ) ;
#3602 = EDGE_LOOP ( 'NONE', ( #3356, #1390, #761, #3186 ) ) ;
#3603 = CARTESIAN_POINT ( 'NONE',  ( -46.34558917126083344, 23.53074038671324786, 10.40962944944379664 ) ) ;
#3604 = DIRECTION ( 'NONE',  ( 0.000000000000000000, 1.000000000000000000, -0.000000000000000000 ) ) ;
#3605 = LINE ( 'NONE', #1191, #3134 ) ;
#3606 = DIRECTION ( 'NONE',  ( 0.000000000000000000, 1.000000000000000000, 0.000000000000000000 ) ) ;
#3607 = ADVANCED_FACE ( 'NONE', ( #503 ), #2145, .T. ) ;
#3608 = EDGE_CURVE ( 'NONE', #1393, #1559, #784, .T. ) ;
#3609 = DIRECTION ( 'NONE',  ( -0.000000000000000000, -0.000000000000000000, -1.000000000000000000 ) ) ;
#3610 = CARTESIAN_POINT ( 'NONE',  ( 46.50306082301323585, 59.05477169134138649, -9.680829025108998565 ) ) ;
#3611 = ADVANCED_FACE ( 'NONE', ( #1100 ), #1567, .F. ) ;
#3612 = ORIENTED_EDGE ( 'NONE', *, *, #3485, .F. ) ;
#3613 = EDGE_LOOP ( 'NONE', ( #406, #2297, #2443, #3289 ) ) ;
#3614 = DATE_AND_TIME ( #2174, #1240 ) ;
#3615 = EDGE_LOOP ( 'NONE', ( #1699, #2197 ) ) ;
#3616 = CYLINDRICAL_SURFACE ( 'NONE', #1531, 47.50000000000000711 ) ;
#3617 = CARTESIAN_POINT ( 'NONE',  ( -46.52555192987462362, 58.53582835843437948, -9.572158269560372190 ) ) ;
#3618 = ORIENTED_EDGE ( 'NONE', *, *, #1126, .F. ) ;
#3619 = CARTESIAN_POINT ( 'NONE',  ( 14.99999999999999645, 25.99999999999999645, -41.36423575989287826 ) ) ;
#3620 = LINE ( 'NONE', #412, #1039 ) ;
#3621 = CARTESIAN_POINT ( 'NONE',  ( 28.66239796099051063, 24.19600646135179289, 33.38381460348414009 ) ) ;
#3622 = CARTESIAN_POINT ( 'NONE',  ( 29.92103292995605202, 61.48603448492833223, -32.26117014277244266 ) ) ;
#3623 = VECTOR ( 'NONE', #612, 1000.000000000000000 ) ;
#3624 = VERTEX_POINT ( 'NONE', #460 ) ;
#3625 = CARTESIAN_POINT ( 'NONE',  ( -11.00000000000000000, 62.00000000000000711, -36.50000000000003553 ) ) ;
#3626 = CARTESIAN_POINT ( 'NONE',  ( 24.10992723813167160, 26.00000000000000000, -31.24038105676688204 ) ) ;
#3627 = VECTOR ( 'NONE', #2496, 1000.000000000000000 ) ;
#3628 = CIRCLE ( 'NONE', #1026, 44.00000000000000711 ) ;
#3629 = VERTEX_POINT ( 'NONE', #1670 ) ;
#3630 = AXIS2_PLACEMENT_3D ( 'NONE', #1412, #2003, #15 ) ;
#3631 = ORIENTED_EDGE ( 'NONE', *, *, #2065, .F. ) ;
#3632 = VECTOR ( 'NONE', #157, 1000.000000000000000 ) ;
#3633 = COORDINATED_UNIVERSAL_TIME_OFFSET ( 8, 0, .AHEAD. ) ;
#3634 = EDGE_CURVE ( 'NONE', #3688, #457, #2783, .T. ) ;
#3635 = CIRCLE ( 'NONE', #1710, 2.750000000000633715 ) ;
#3636 = CARTESIAN_POINT ( 'NONE',  ( 43.24230796774982366, 59.80478526118847782, 8.131096275216666669 ) ) ;
#3637 = EDGE_LOOP ( 'NONE', ( #2665, #2495 ) ) ;
#3638 = CARTESIAN_POINT ( 'NONE',  ( 46.41265544794920572, 60.03464052165235643, 10.10641275552804608 ) ) ;
#3639 = VECTOR ( 'NONE', #2408, 1000.000000000000000 ) ;
#3640 = CARTESIAN_POINT ( 'NONE',  ( -11.00000000000000355, 22.00000000000000000, -42.60281680828158812 ) ) ;
#3641 = CARTESIAN_POINT ( 'NONE',  ( -14.78563688727385106, 24.68143117835720801, 41.44148755345739232 ) ) ;
#3642 = CARTESIAN_POINT ( 'NONE',  ( 11.00000000000000000, 62.00000000000000711, 42.60281680828158812 ) ) ;
#3643 = DIRECTION ( 'NONE',  ( 0.4999999999999918399, 0.000000000000000000, -0.8660254037844433705 ) ) ;
#3644 = CARTESIAN_POINT ( 'NONE',  ( 29.42689862468300177, 61.03687224948893686, -32.71231716801982259 ) ) ;
#3645 = VERTEX_POINT ( 'NONE', #2245 ) ;
#3646 = CARTESIAN_POINT ( 'NONE',  ( -45.51796471586225579, 22.00000000000000000, 13.57810325949544250 ) ) ;
#3647 = VERTEX_POINT ( 'NONE', #3709 ) ;
#3648 = CARTESIAN_POINT ( 'NONE',  ( -15.00000000000000000, 58.00000000000000711, -45.06939094329987938 ) ) ;
#3649 = CARTESIAN_POINT ( 'NONE',  ( -32.75288994974785339, 22.80254055534670599, -34.40273995602650814 ) ) ;
#3650 = VERTEX_POINT ( 'NONE', #3748 ) ;
#3651 = ORIENTED_EDGE ( 'NONE', *, *, #1021, .F. ) ;
#3652 = CARTESIAN_POINT ( 'NONE',  ( 15.00000000000000355, 26.00000000000000000, 41.36423575989287116 ) ) ;
#3653 = ORIENTED_EDGE ( 'NONE', *, *, #2785, .F. ) ;
#3654 = ADVANCED_FACE ( 'NONE', ( #108 ), #3414, .F. ) ;
#3655 = ADVANCED_FACE ( 'NONE', ( #2868 ), #1978, .F. ) ;
#3656 = CARTESIAN_POINT ( 'NONE',  ( 26.10992723813171423, 62.00000000000000711, -27.77627944162914275 ) ) ;
#3657 = EDGE_CURVE ( 'NONE', #2630, #1686, #2271, .T. ) ;
#3658 = CARTESIAN_POINT ( 'NONE',  ( -12.27215409094893594, 22.19885658376260196, 42.25466574012996546 ) ) ;
#3659 = CYLINDRICAL_SURFACE ( 'NONE', #426, 4.000000000000000000 ) ;
#3660 = CARTESIAN_POINT ( 'NONE',  ( -14.78563688727385106, 59.31856882164279199, -41.44148755345739232 ) ) ;
#3661 = DIRECTION ( 'NONE',  ( 0.000000000000000000, 1.000000000000000000, 0.000000000000000000 ) ) ;
#3662 = VERTEX_POINT ( 'NONE', #1406 ) ;
#3663 = CARTESIAN_POINT ( 'NONE',  ( -12.27445975274782697, 61.80040070901861071, -45.88735755293730278 ) ) ;
#3664 = DIRECTION ( 'NONE',  ( 0.000000000000000000, 0.000000000000000000, -1.000000000000000000 ) ) ;
#3665 = ORIENTED_EDGE ( 'NONE', *, *, #961, .T. ) ;
#3666 = CARTESIAN_POINT ( 'NONE',  ( 42.72994220135718990, 61.80073690525605912, 10.49829229484507565 ) ) ;
#3667 = EDGE_LOOP ( 'NONE', ( #3790, #2097 ) ) ;
#3668 = CARTESIAN_POINT ( 'NONE',  ( -32.31670141560351084, 23.33056967998440001, 34.81261678636098367 ) ) ;
#3669 = EDGE_CURVE ( 'NONE', #3394, #692, #3458, .T. ) ;
#3670 = DIRECTION ( 'NONE',  ( -0.4999999999999920064, 0.000000000000000000, 0.8660254037844432595 ) ) ;
#3671 = DIRECTION ( 'NONE',  ( 0.000000000000000000, 0.000000000000000000, 1.000000000000000000 ) ) ;
#3672 = DIRECTION ( 'NONE',  ( 0.000000000000000000, 0.000000000000000000, -1.000000000000000000 ) ) ;
#3673 = ADVANCED_FACE ( 'NONE', ( #3159 ), #482, .F. ) ;
#3674 = VERTEX_POINT ( 'NONE', #1080 ) ;
#3675 = LINE ( 'NONE', #3364, #2811 ) ;
#3676 = ORIENTED_EDGE ( 'NONE', *, *, #1704, .T. ) ;
#3677 = EDGE_LOOP ( 'NONE', ( #2150, #354, #2412, #352, #3177, #3272, #2207, #1485, #1487, #2458, #1555, #100, #1268, #2597, #2676, #776 ) ) ;
#3678 = CARTESIAN_POINT ( 'NONE',  ( -46.48596394395724474, 24.68792069221563423, -9.763036405342944590 ) ) ;
#3679 = CARTESIAN_POINT ( 'NONE',  ( -11.26187872331378514, 62.00000000000002132, -46.14642515291715341 ) ) ;
#3680 = DIRECTION ( 'NONE',  ( 0.000000000000000000, 0.000000000000000000, -1.000000000000000000 ) ) ;
#3681 = B_SPLINE_CURVE_WITH_KNOTS ( 'NONE', 3,
 ( #1112, #1944, #3130, #495, #737, #205, #1394, #1335, #1909, #1622, #2546, #1969, #755, #3469, #2571, #470, #2257, #3738 ),
 .UNSPECIFIED., .F., .F.,
 ( 4, 2, 2, 2, 2, 2, 2, 2, 4 ),
 ( 0.000000000000000000, 0.0007994425935341549104, 0.001598885187068309821, 0.002398327780602464623, 0.003197770374136619641, 0.003997212967670774227, 0.004796655561204929245, 0.005596098154739084264, 0.006395540748273239283 ),
 .UNSPECIFIED. ) ;
#3682 = ORIENTED_EDGE ( 'NONE', *, *, #2369, .F. ) ;
#3683 = CIRCLE ( 'NONE', #2810, 44.00000000000000711 ) ;
#3684 = AXIS2_PLACEMENT_3D ( 'NONE', #651, #415, #1815 ) ;
#3685 = VECTOR ( 'NONE', #156, 1000.000000000000000 ) ;
#3686 = AXIS2_PLACEMENT_3D ( 'NONE', #3588, #380, #3068 ) ;
#3687 = CARTESIAN_POINT ( 'NONE',  ( 31.63592725239709580, 24.94318887513154692, 35.43192354659390730 ) ) ;
#3688 = VERTEX_POINT ( 'NONE', #523 ) ;
#3689 = CARTESIAN_POINT ( 'NONE',  ( -10.99999999999999822, 26.00000000000000000, 36.50000000000003553 ) ) ;
#3690 = CIRCLE ( 'NONE', #1890, 4.249999999999990230 ) ;
#3691 = AXIS2_PLACEMENT_3D ( 'NONE', #2306, #2551, #2327 ) ;
#3692 = CARTESIAN_POINT ( 'NONE',  ( 14.86690190167623449, 24.94272107319291010, 41.41229767969426234 ) ) ;
#3693 = CARTESIAN_POINT ( 'NONE',  ( 28.32247897619555133, 58.00000000000000711, -33.67249893671334604 ) ) ;
#3694 = CARTESIAN_POINT ( 'NONE',  ( -29.92103292995628649, 61.48603448492835355, 32.26117014277224371 ) ) ;
#3695 = CIRCLE ( 'NONE', #184, 57.50000000000000711 ) ;
#3696 = B_SPLINE_CURVE_WITH_KNOTS ( 'NONE', 3,
 ( #1871, #1889, #1551, #3050, #702, #650, #3622, #55, #3644, #2435, #2403, #1234, #2710, #1252, #1835, #132 ),
 .UNSPECIFIED., .F., .F.,
 ( 4, 2, 2, 2, 2, 2, 2, 4 ),
 ( 0.01904983721772510880, 0.01984911191766221272, 0.02064838661759931665, 0.02144766131753642058, 0.02224693601747352451, 0.02304621071741062843, 0.02384548541734773236, 0.02544403481722193328 ),
 .UNSPECIFIED. ) ;
#3697 = ORIENTED_EDGE ( 'NONE', *, *, #3246, .F. ) ;
#3698 = CARTESIAN_POINT ( 'NONE',  ( 13.61978846271059496, 22.96615420234792282, 45.50592093486636003 ) ) ;
#3699 = ORIENTED_EDGE ( 'NONE', *, *, #2484, .T. ) ;
#3700 = EDGE_CURVE ( 'NONE', #3365, #1127, #1596, .T. ) ;
#3701 = CYLINDRICAL_SURFACE ( 'NONE', #3259, 4.250000000000005329 ) ;
#3702 = DIRECTION ( 'NONE',  ( 0.000000000000000000, 0.000000000000000000, 1.000000000000000000 ) ) ;
#3703 = DIRECTION ( 'NONE',  ( -0.8660254037844397068, -0.000000000000000000, -0.4999999999999980016 ) ) ;
#3704 = EDGE_LOOP ( 'NONE', ( #1844, #3044 ) ) ;
#3705 = CARTESIAN_POINT ( 'NONE',  ( 45.51796471586244763, 62.00000000000000711, 13.57810325949480834 ) ) ;
#3706 = CARTESIAN_POINT ( 'NONE',  ( 31.69720783021029575, 24.69068113157670297, 35.37723587356081367 ) ) ;
#3707 = ORIENTED_EDGE ( 'NONE', *, *, #2741, .T. ) ;
#3708 = DIRECTION ( 'NONE',  ( 0.8660254037844328234, -0.000000000000000000, -0.5000000000000101030 ) ) ;
#3709 = CARTESIAN_POINT ( 'NONE',  ( -31.39512162874660817, 62.00000000000000711, -30.82768784576953891 ) ) ;
#3710 = DIRECTION ( 'NONE',  ( 0.8660254037844432595, 0.000000000000000000, 0.4999999999999920064 ) ) ;
#3711 = CARTESIAN_POINT ( 'NONE',  ( -70.09999999999999432, 74.50000000000001421, -25.00000000000000355 ) ) ;
#3712 = DIRECTION ( 'NONE',  ( -0.000000000000000000, -1.000000000000000000, -0.000000000000000000 ) ) ;
#3713 = ORIENTED_EDGE ( 'NONE', *, *, #2964, .F. ) ;
#3714 = FACE_OUTER_BOUND ( 'NONE', #1423, .T. ) ;
#3715 = EDGE_LOOP ( 'NONE', ( #2528, #1902, #1976, #2493 ) ) ;
#3716 = ORIENTED_EDGE ( 'NONE', *, *, #1306, .F. ) ;
#3717 = CARTESIAN_POINT ( 'NONE',  ( -45.51796471586234105, 22.00000000000000000, -13.57810325949511565 ) ) ;
#3718 = CARTESIAN_POINT ( 'NONE',  ( 33.78176175635248057, 22.12581218021918161, -33.39328591418590975 ) ) ;
#3719 = CARTESIAN_POINT ( 'NONE',  ( 0.000000000000000000, 62.00000000000000000, 0.000000000000000000 ) ) ;
#3720 = ORIENTED_EDGE ( 'NONE', *, *, #2785, .T. ) ;
#3721 = PRODUCT_RELATED_PRODUCT_CATEGORY ( 'detail', '', ( #2796 ) ) ;
#3722 = B_SPLINE_CURVE_WITH_KNOTS ( 'NONE', 3,
 ( #2629, #2690, #1144, #17, #1189, #3815, #1432, #51, #2298, #833, #2340, #2006, #2613, #282, #2066, #1231, #992, #3619 ),
 .UNSPECIFIED., .F., .F.,
 ( 4, 2, 2, 2, 2, 2, 2, 2, 4 ),
 ( 0.000000000000000000, 0.0007987521089666812851, 0.001597504217933362570, 0.002396256326900043747, 0.003195008435866725140, 0.003993760544833406534, 0.004792512653800087494, 0.005591264762766769321, 0.006390016871733450281 ),
 .UNSPECIFIED. ) ;
#3723 = ORIENTED_EDGE ( 'NONE', *, *, #3363, .F. ) ;
#3724 = CARTESIAN_POINT ( 'NONE',  ( -14.97350708381653561, 58.53217693607594896, 41.37387217472011969 ) ) ;
#3725 = EDGE_CURVE ( 'NONE', #3098, #3650, #12, .T. ) ;
#3726 = EDGE_CURVE ( 'NONE', #3399, #2007, #2292, .T. ) ;
#3727 = FACE_OUTER_BOUND ( 'NONE', #746, .T. ) ;
#3728 = ORIENTED_EDGE ( 'NONE', *, *, #922, .T. ) ;
#3729 = CARTESIAN_POINT ( 'NONE',  ( -28.32247897619578225, 62.00000000000000000, 33.67249893671315419 ) ) ;
#3730 = DIRECTION ( 'NONE',  ( -1.000000000000000000, 0.000000000000000000, 0.000000000000000000 ) ) ;
#3731 = CYLINDRICAL_SURFACE ( 'NONE', #299, 2.750000000002243539 ) ;
#3732 = DIRECTION ( 'NONE',  ( -0.000000000000000000, 0.000000000000000000, 1.000000000000000000 ) ) ;
#3733 = DIRECTION ( 'NONE',  ( -0.000000000000000000, -0.000000000000000000, 1.000000000000000000 ) ) ;
#3734 = ORIENTED_EDGE ( 'NONE', *, *, #1963, .T. ) ;
#3735 = CARTESIAN_POINT ( 'NONE',  ( -70.09999999999999432, 74.50000000000001421, 6.574180545139649923E-14 ) ) ;
#3736 = ORIENTED_EDGE ( 'NONE', *, *, #678, .F. ) ;
#3737 = EDGE_LOOP ( 'NONE', ( #1931, #997, #3310, #965 ) ) ;
#3738 = CARTESIAN_POINT ( 'NONE',  ( -42.39512162874656553, 22.00000000000000000, -11.77512896251186625 ) ) ;
#3739 = CARTESIAN_POINT ( 'NONE',  ( 31.53123748999033538, 26.00000000000000000, 35.52507652841622843 ) ) ;
#3740 = CARTESIAN_POINT ( 'NONE',  ( 42.39512162874664369, 22.00000000000000000, 11.77512896251157493 ) ) ;
#3741 = ORIENTED_EDGE ( 'NONE', *, *, #1153, .T. ) ;
#3742 = CARTESIAN_POINT ( 'NONE',  ( 30.09381627342948207, 22.39526113634495630, -32.10021502825058093 ) ) ;
#3743 = CARTESIAN_POINT ( 'NONE',  ( 12.02415979779430266, 22.12477566038527144, -45.95364574571716076 ) ) ;
#3744 = CARTESIAN_POINT ( 'NONE',  ( 46.41284801531594439, 23.96712611547988558, -10.10550601660237824 ) ) ;
#3745 = ORIENTED_EDGE ( 'NONE', *, *, #3563, .T. ) ;
#3746 = EDGE_CURVE ( 'NONE', #1557, #193, #1472, .T. ) ;
#3747 = CARTESIAN_POINT ( 'NONE',  ( 12.02391235560808980, 61.87531084634354528, 45.95371235474154759 ) ) ;
#3748 = CARTESIAN_POINT ( 'NONE',  ( 5.817072295949929004E-15, 62.00000000000000711, 47.50000000000000711 ) ) ;
#3749 = DIRECTION ( 'NONE',  ( -0.000000000000000000, -1.000000000000000000, -0.000000000000000000 ) ) ;
#3750 = AXIS2_PLACEMENT_3D ( 'NONE', #898, #3218, #1453 ) ;
#3751 = AXIS2_PLACEMENT_3D ( 'NONE', #2928, #598, #1767 ) ;
#3752 = CARTESIAN_POINT ( 'NONE',  ( -15.00000000000000533, 25.72979898989492753, -41.36423575989287116 ) ) ;
#3753 = CARTESIAN_POINT ( 'NONE',  ( -28.32247897619578225, 58.54077218376892944, 33.67249893671313998 ) ) ;
#3754 = ORIENTED_EDGE ( 'NONE', *, *, #2788, .F. ) ;
#3755 = VECTOR ( 'NONE', #2175, 1000.000000000000000 ) ;
#3756 = VERTEX_POINT ( 'NONE', #905 ) ;
#3757 = LINE ( 'NONE', #796, #3318 ) ;
#3758 = VERTEX_POINT ( 'NONE', #3539 ) ;
#3759 = ORIENTED_EDGE ( 'NONE', *, *, #1593, .F. ) ;
#3760 = DIRECTION ( 'NONE',  ( 0.000000000000000000, 0.000000000000000000, 1.000000000000000000 ) ) ;
#3761 = CARTESIAN_POINT ( 'NONE',  ( -43.21700243754604998, 23.95974925992723925, 8.265301461422176033 ) ) ;
#3762 = CARTESIAN_POINT ( 'NONE',  ( 43.24238385430092535, 24.19574640849206304, 8.130699383989123064 ) ) ;
#3763 = AXIS2_PLACEMENT_3D ( 'NONE', #3225, #3554, #2352 ) ;
#3764 = VERTEX_POINT ( 'NONE', #2077 ) ;
#3765 = CYLINDRICAL_SURFACE ( 'NONE', #3378, 4.249999999999990230 ) ;
#3766 = CARTESIAN_POINT ( 'NONE',  ( 33.77970686441256021, 61.89896511535744139, 33.39805947217070781 ) ) ;
#3767 = CARTESIAN_POINT ( 'NONE',  ( 45.81015527956186872, 22.12573596652662644, -12.55977941187139280 ) ) ;
#3768 = ORIENTED_EDGE ( 'NONE', *, *, #3410, .F. ) ;
#3769 = CARTESIAN_POINT ( 'NONE',  ( 11.00000000000000000, 62.00000000000000711, 46.20876540224810469 ) ) ;
#3770 = CARTESIAN_POINT ( 'NONE',  ( 5.817072295949929004E-15, 67.00000000000000000, 47.50000000000000711 ) ) ;
#3771 = EDGE_CURVE ( 'NONE', #2866, #2063, #1183, .T. ) ;
#3772 = ADVANCED_FACE ( 'NONE', ( #2607 ), #2057, .F. ) ;
#3773 = EDGE_CURVE ( 'NONE', #1810, #423, #3266, .T. ) ;
#3774 = FACE_OUTER_BOUND ( 'NONE', #553, .T. ) ;
#3775 = CARTESIAN_POINT ( 'NONE',  ( 0.000000000000000000, 62.00000000000000711, 0.000000000000000000 ) ) ;
#3776 = DIRECTION ( 'NONE',  ( 0.8660254037844432595, -0.000000000000000000, 0.4999999999999920064 ) ) ;
#3777 = EDGE_CURVE ( 'NONE', #886, #1242, #3074, .T. ) ;
#3778 = EDGE_CURVE ( 'NONE', #1862, #1447, #2000, .T. ) ;
#3779 = EDGE_LOOP ( 'NONE', ( #2222, #2086, #3004, #3782 ) ) ;
#3780 = CARTESIAN_POINT ( 'NONE',  ( 12.02362578474706645, 22.12454103623678137, 45.95379369149123505 ) ) ;
#3781 = EDGE_LOOP ( 'NONE', ( #3597, #233, #812, #903, #1302, #2545, #3014, #510 ) ) ;
#3782 = ORIENTED_EDGE ( 'NONE', *, *, #2686, .F. ) ;
#3783 = CARTESIAN_POINT ( 'NONE',  ( 37.10992723813193095, 22.00000000000000000, -8.723720558371628186 ) ) ;
#3784 = FACE_OUTER_BOUND ( 'NONE', #2888, .T. ) ;
#3785 = CARTESIAN_POINT ( 'NONE',  ( -74.99999999999998579, 67.00000000000000000, -45.00000000000002842 ) ) ;
#3786 = VERTEX_POINT ( 'NONE', #1484 ) ;
#3787 = CARTESIAN_POINT ( 'NONE',  ( 28.49545929466421512, 24.68516170114439134, -33.52641932856582230 ) ) ;
#3788 = CARTESIAN_POINT ( 'NONE',  ( 11.26187872331377804, 22.00000000000000000, -46.14642515291715341 ) ) ;
#3789 = CARTESIAN_POINT ( 'NONE',  ( 28.32247897619625476, 58.26713696442112678, 33.67249893671275629 ) ) ;
#3790 = ORIENTED_EDGE ( 'NONE', *, *, #915, .F. ) ;
#3791 = CARTESIAN_POINT ( 'NONE',  ( -70.09999999999996589, 74.50000000000001421, 29.25000000000002842 ) ) ;
#3792 = CARTESIAN_POINT ( 'NONE',  ( 75.00000000000000000, 74.50000000000001421, 50.00000000000000711 ) ) ;
#3793 = CARTESIAN_POINT ( 'NONE',  ( -28.49538695688078960, 59.31444249112272615, -33.52647963523652663 ) ) ;
#3794 = DIRECTION ( 'NONE',  ( 0.000000000000000000, 1.000000000000000000, -0.000000000000000000 ) ) ;
#3795 = LINE ( 'NONE', #2062, #2641 ) ;
#3796 = FACE_OUTER_BOUND ( 'NONE', #646, .T. ) ;
#3797 = ORIENTED_EDGE ( 'NONE', *, *, #1712, .F. ) ;
#3798 = DIRECTION ( 'NONE',  ( 0.000000000000000000, 0.000000000000000000, -1.000000000000000000 ) ) ;
#3799 = CARTESIAN_POINT ( 'NONE',  ( -32.75401647088923340, 61.19862047699376006, -34.40167046670050865 ) ) ;
#3800 = CARTESIAN_POINT ( 'NONE',  ( -14.58351376737399541, 59.79665233255970946, 45.20600319491804697 ) ) ;
#3801 = EDGE_CURVE ( 'NONE', #3299, #3419, #3066, .T. ) ;
#3802 = CARTESIAN_POINT ( 'NONE',  ( -45.29480916651780831, 0.000000000000000000, 26.15097026518564860 ) ) ;
#3803 = CARTESIAN_POINT ( 'NONE',  ( -14.45316869504318547, 60.03592870019353711, 41.55876007289099761 ) ) ;
#3804 = CARTESIAN_POINT ( 'NONE',  ( 31.55200094299868141, 58.53043009191067370, 35.50668039982434721 ) ) ;
#3805 = DIRECTION ( 'NONE',  ( 0.000000000000000000, 1.000000000000000000, -0.000000000000000000 ) ) ;
#3806 = ORIENTED_EDGE ( 'NONE', *, *, #1381, .F. ) ;
#3807 = CARTESIAN_POINT ( 'NONE',  ( 11.51809589959585445, 61.97467071674837058, 46.08309467001303972 ) ) ;
#3808 = CARTESIAN_POINT ( 'NONE',  ( 0.000000000000000000, 67.00000000000000000, -47.50000000000000711 ) ) ;
#3809 = DIRECTION ( 'NONE',  ( -0.000000000000000000, 1.000000000000000000, -0.000000000000000000 ) ) ;
#3810 = CARTESIAN_POINT ( 'NONE',  ( -14.97290524102296594, 25.46458801980329412, -41.37408933944726641 ) ) ;
#3811 = AXIS2_PLACEMENT_3D ( 'NONE', #1206, #2084, #3288 ) ;
#3812 = VECTOR ( 'NONE', #1874, 1000.000000000000000 ) ;
#3813 = CARTESIAN_POINT ( 'NONE',  ( 43.31757789814590609, 58.53217693607597027, -7.719498569029195956 ) ) ;
#3814 = AXIS2_PLACEMENT_3D ( 'NONE', #1673, #1489, #2649 ) ;
#3815 = CARTESIAN_POINT ( 'NONE',  ( 12.75167689016893391, 22.39462964809839107, -42.11243616000907508 ) ) ;
#3816 = ORIENTED_EDGE ( 'NONE', *, *, #1048, .F. ) ;
#3817 = DIRECTION ( 'NONE',  ( 0.000000000000000000, 0.000000000000000000, 1.000000000000000000 ) ) ;
#3818 = CARTESIAN_POINT ( 'NONE',  ( -31.63537427694440396, 59.05477169134135806, -35.43241751390812766 ) ) ;
#3819 = CARTESIAN_POINT ( 'NONE',  ( -14.97278267297018850, 25.46257995349617431, 45.07847564394403861 ) ) ;
#3820 = CIRCLE ( 'NONE', #1284, 2.750000000002871481 ) ;
#3821 = EDGE_CURVE ( 'NONE', #859, #186, #3451, .T. ) ;
ENDSEC;
END-ISO-10303-21;
