ISO-10303-21;
HEADER;
FILE_DESCRIPTION (( 'STEP AP203' ),
    '1' );
FILE_NAME ('转接座.STEP',
    '2026-09-03T06:56:59',
    ( 'YSGS' ),
    ( 'HP' ),
    'SwSTEP 2.0',
    'SolidWorks 2021',
    '' );
FILE_SCHEMA (( 'CONFIG_CONTROL_DESIGN' ));
ENDSEC;

DATA;
#1 = AXIS2_PLACEMENT_3D ( 'NONE', #174, #946, #638 ) ;
#2 = CARTESIAN_POINT ( 'NONE',  ( -40.09999999999996589, 33.00000000000000000, 29.35000000000000497 ) ) ;
#3 = EDGE_CURVE ( 'NONE', #1478, #404, #1344, .T. ) ;
#4 = EDGE_CURVE ( 'NONE', #1307, #1806, #83, .T. ) ;
#5 = LINE ( 'NONE', #139, #1082 ) ;
#6 = DIRECTION ( 'NONE',  ( 1.000000000000000000, 0.000000000000000000, 0.000000000000000000 ) ) ;
#7 = DIRECTION ( 'NONE',  ( -0.000000000000000000, -1.000000000000000000, -0.000000000000000000 ) ) ;
#8 = AXIS2_PLACEMENT_3D ( 'NONE', #157, #789, #1087 ) ;
#9 = AXIS2_PLACEMENT_3D ( 'NONE', #1737, #324, #1306 ) ;
#10 = EDGE_LOOP ( 'NONE', ( #128, #1798, #1302, #1176 ) ) ;
#11 = DIRECTION ( 'NONE',  ( 0.000000000000000000, 0.000000000000000000, -1.000000000000000000 ) ) ;
#12 = EDGE_CURVE ( 'NONE', #1971, #491, #2039, .T. ) ;
#13 = ORIENTED_EDGE ( 'NONE', *, *, #464, .F. ) ;
#14 = FACE_OUTER_BOUND ( 'NONE', #116, .T. ) ;
#15 = CARTESIAN_POINT ( 'NONE',  ( -50.09999999999998010, 67.00000000000000000, 29.35000000000001208 ) ) ;
#16 = FACE_OUTER_BOUND ( 'NONE', #120, .T. ) ;
#17 = ORIENTED_EDGE ( 'NONE', *, *, #256, .F. ) ;
#18 = EDGE_CURVE ( 'NONE', #729, #1164, #261, .T. ) ;
#19 = CARTESIAN_POINT ( 'NONE',  ( 50.10000000000000853, 0.000000000000000000, 35.10000000000000853 ) ) ;
#20 = EDGE_CURVE ( 'NONE', #1231, #642, #1140, .T. ) ;
#21 = AXIS2_PLACEMENT_3D ( 'NONE', #1825, #241, #286 ) ;
#22 = DIRECTION ( 'NONE',  ( -0.000000000000000000, -0.000000000000000000, -1.000000000000000000 ) ) ;
#23 = ORIENTED_EDGE ( 'NONE', *, *, #1987, .T. ) ;
#24 = CARTESIAN_POINT ( 'NONE',  ( 74.34999999999975273, 49.99999999999997158, 26.10000000000004761 ) ) ;
#25 = CARTESIAN_POINT ( 'NONE',  ( 50.10000000000000853, 33.00000000000000000, 25.10000000000000497 ) ) ;
#26 = CARTESIAN_POINT ( 'NONE',  ( -80.09999999999998010, 100.0000000000000000, 43.09999999999999432 ) ) ;
#27 = EDGE_CURVE ( 'NONE', #1359, #251, #1963, .T. ) ;
#28 = ORIENTED_EDGE ( 'NONE', *, *, #1871, .F. ) ;
#29 = DIRECTION ( 'NONE',  ( -0.000000000000000000, -1.000000000000000000, -0.000000000000000000 ) ) ;
#30 = VECTOR ( 'NONE', #492, 1000.000000000000000 ) ;
#31 = DIRECTION ( 'NONE',  ( -1.000000000000000000, 0.000000000000000000, 0.000000000000000000 ) ) ;
#32 = ORIENTED_EDGE ( 'NONE', *, *, #94, .F. ) ;
#33 = DIRECTION ( 'NONE',  ( -1.000000000000000000, 0.000000000000000000, 0.000000000000000000 ) ) ;
#34 = DIRECTION ( 'NONE',  ( 1.000000000000000000, 0.000000000000000000, -6.938893903907232322E-16 ) ) ;
#35 = DIRECTION ( 'NONE',  ( 0.000000000000000000, 0.000000000000000000, 1.000000000000000000 ) ) ;
#36 = EDGE_CURVE ( 'NONE', #2000, #1748, #380, .T. ) ;
#37 = EDGE_LOOP ( 'NONE', ( #1638, #28 ) ) ;
#38 = CARTESIAN_POINT ( 'NONE',  ( 40.10000000000002984, 100.0000000000000000, -35.10000000000000142 ) ) ;
#39 = DIRECTION ( 'NONE',  ( 0.000000000000000000, 0.000000000000000000, 1.000000000000000000 ) ) ;
#40 = ORIENTED_EDGE ( 'NONE', *, *, #885, .F. ) ;
#41 = LINE ( 'NONE', #1474, #953 ) ;
#42 = CARTESIAN_POINT ( 'NONE',  ( -50.09999999999998010, 33.00000000000000000, 25.10000000000000497 ) ) ;
#43 = CARTESIAN_POINT ( 'NONE',  ( -78.09999999999998010, 100.0000000000000000, 37.10000000000000853 ) ) ;
#44 = ORIENTED_EDGE ( 'NONE', *, *, #150, .T. ) ;
#45 = ORIENTED_EDGE ( 'NONE', *, *, #27, .T. ) ;
#46 = CARTESIAN_POINT ( 'NONE',  ( -46.09999999999994458, 100.0000000000000000, -45.09999999999999432 ) ) ;
#47 = DIRECTION ( 'NONE',  ( 0.000000000000000000, 0.000000000000000000, 1.000000000000000000 ) ) ;
#48 = AXIS2_PLACEMENT_3D ( 'NONE', #2018, #1028, #609 ) ;
#49 = EDGE_LOOP ( 'NONE', ( #32, #558, #1099, #637 ) ) ;
#50 = ORIENTED_EDGE ( 'NONE', *, *, #99, .F. ) ;
#51 = DIRECTION ( 'NONE',  ( -1.000000000000000000, 0.000000000000000000, 0.000000000000000000 ) ) ;
#52 = CARTESIAN_POINT ( 'NONE',  ( 50.10000000000000853, 100.0000000000000000, 45.10000000000000853 ) ) ;
#53 = LINE ( 'NONE', #1291, #782 ) ;
#54 = EDGE_CURVE ( 'NONE', #1051, #397, #1767, .T. ) ;
#55 = EDGE_LOOP ( 'NONE', ( #1175, #965, #1018, #1831 ) ) ;
#56 = ORIENTED_EDGE ( 'NONE', *, *, #1329, .F. ) ;
#57 = DIRECTION ( 'NONE',  ( 0.000000000000000000, 0.000000000000000000, -1.000000000000000000 ) ) ;
#58 = FACE_OUTER_BOUND ( 'NONE', #2002, .T. ) ;
#59 = DIRECTION ( 'NONE',  ( -1.000000000000000000, 0.000000000000000000, 0.000000000000000000 ) ) ;
#60 = ORIENTED_EDGE ( 'NONE', *, *, #528, .F. ) ;
#61 = ORIENTED_EDGE ( 'NONE', *, *, #1397, .T. ) ;
#62 = CYLINDRICAL_SURFACE ( 'NONE', #1486, 4.250000000000000000 ) ;
#63 = CARTESIAN_POINT ( 'NONE',  ( 50.10000000000000853, 0.000000000000000000, 35.10000000000000853 ) ) ;
#64 = DIRECTION ( 'NONE',  ( 0.000000000000000000, 0.000000000000000000, -1.000000000000000000 ) ) ;
#65 = EDGE_LOOP ( 'NONE', ( #1614, #1368, #876, #1666 ) ) ;
#66 = ORIENTED_EDGE ( 'NONE', *, *, #740, .T. ) ;
#67 = ORIENTED_EDGE ( 'NONE', *, *, #1151, .F. ) ;
#68 = ADVANCED_FACE ( 'NONE', ( #1180 ), #702, .F. ) ;
#69 = CIRCLE ( 'NONE', #1119, 4.250000000000003553 ) ;
#70 = DIRECTION ( 'NONE',  ( -0.000000000000000000, -0.000000000000000000, 1.000000000000000000 ) ) ;
#71 = ORIENTED_EDGE ( 'NONE', *, *, #751, .T. ) ;
#72 = EDGE_LOOP ( 'NONE', ( #1326, #712, #1067, #1508 ) ) ;
#73 = EDGE_LOOP ( 'NONE', ( #984, #389 ) ) ;
#74 = CYLINDRICAL_SURFACE ( 'NONE', #818, 4.250000000000007105 ) ;
#75 = VECTOR ( 'NONE', #1003, 1000.000000000000000 ) ;
#76 = CARTESIAN_POINT ( 'NONE',  ( -15.75000000000035705, 32.00000000000000000, -26.10000000000003340 ) ) ;
#77 = CARTESIAN_POINT ( 'NONE',  ( 50.10000000000000853, 67.00000000000000000, 25.10000000000000497 ) ) ;
#78 = AXIS2_PLACEMENT_3D ( 'NONE', #427, #117, #416 ) ;
#79 = VERTEX_POINT ( 'NONE', #1358 ) ;
#80 = VERTEX_POINT ( 'NONE', #1809 ) ;
#81 = EDGE_CURVE ( 'NONE', #703, #1448, #114, .T. ) ;
#82 =( NAMED_UNIT ( * ) SI_UNIT ( $, .STERADIAN. ) SOLID_ANGLE_UNIT ( ) );
#83 = LINE ( 'NONE', #864, #618 ) ;
#84 = EDGE_LOOP ( 'NONE', ( #2003, #737 ) ) ;
#85 = ORIENTED_EDGE ( 'NONE', *, *, #1981, .F. ) ;
#86 = CARTESIAN_POINT ( 'NONE',  ( -50.09999999999998010, 67.00000000000000000, -14.89999999999999680 ) ) ;
#87 = CARTESIAN_POINT ( 'NONE',  ( 19.99999999999964118, 32.00000000000000000, -35.10000000000000142 ) ) ;
#88 = DIRECTION ( 'NONE',  ( 0.000000000000000000, 0.000000000000000000, 1.000000000000000000 ) ) ;
#89 = AXIS2_PLACEMENT_3D ( 'NONE', #1196, #88, #1498 ) ;
#90 = DIRECTION ( 'NONE',  ( -1.000000000000000000, 0.000000000000000000, 0.000000000000000000 ) ) ;
#91 = ORIENTED_EDGE ( 'NONE', *, *, #1397, .F. ) ;
#92 = EDGE_CURVE ( 'NONE', #729, #1622, #1834, .T. ) ;
#93 = ORIENTED_EDGE ( 'NONE', *, *, #302, .F. ) ;
#94 = EDGE_CURVE ( 'NONE', #198, #1459, #1672, .T. ) ;
#95 = CALENDAR_DATE ( 2026, 3, 9 ) ;
#96 = CARTESIAN_POINT ( 'NONE',  ( -70.09999999999998010, 75.00000000000001421, 45.10000000000000853 ) ) ;
#97 = CIRCLE ( 'NONE', #1245, 2.000000000000001776 ) ;
#98 = ORIENTED_EDGE ( 'NONE', *, *, #1406, .F. ) ;
#99 = EDGE_CURVE ( 'NONE', #1218, #1788, #997, .T. ) ;
#100 = EDGE_LOOP ( 'NONE', ( #481, #917 ) ) ;
#101 = CARTESIAN_POINT ( 'NONE',  ( 15.74999999999963585, 32.00000000000000000, -26.10000000000003340 ) ) ;
#102 = LINE ( 'NONE', #1195, #2012 ) ;
#103 = AXIS2_PLACEMENT_3D ( 'NONE', #1130, #342, #975 ) ;
#104 = FACE_OUTER_BOUND ( 'NONE', #1965, .T. ) ;
#105 = CARTESIAN_POINT ( 'NONE',  ( -40.09999999999997300, 0.000000000000000000, 45.10000000000000853 ) ) ;
#106 = ORIENTED_EDGE ( 'NONE', *, *, #408, .T. ) ;
#107 = CIRCLE ( 'NONE', #1525, 4.250000000000003553 ) ;
#108 = VERTEX_POINT ( 'NONE', #834 ) ;
#109 = EDGE_CURVE ( 'NONE', #1794, #1635, #277, .T. ) ;
#110 = APPROVAL_ROLE ( '' ) ;
#111 = CIRCLE ( 'NONE', #1418, 4.249999999999990230 ) ;
#112 = EDGE_LOOP ( 'NONE', ( #749, #106, #246, #1367 ) ) ;
#113 = CARTESIAN_POINT ( 'NONE',  ( 65.85000000000002274, 74.99999999999997158, 45.10000000000000853 ) ) ;
#114 = CIRCLE ( 'NONE', #1888, 4.250000000000003553 ) ;
#115 = CARTESIAN_POINT ( 'NONE',  ( 74.34999999999999432, 74.99999999999997158, 45.10000000000000853 ) ) ;
#116 = EDGE_LOOP ( 'NONE', ( #1821, #177, #1854, #1157 ) ) ;
#117 = DIRECTION ( 'NONE',  ( 0.000000000000000000, 0.000000000000000000, 1.000000000000000000 ) ) ;
#118 = EDGE_CURVE ( 'NONE', #668, #861, #1784, .T. ) ;
#119 = ORIENTED_EDGE ( 'NONE', *, *, #1992, .T. ) ;
#120 = EDGE_LOOP ( 'NONE', ( #1805, #484, #1382, #1308 ) ) ;
#121 = PERSON_AND_ORGANIZATION ( #419, #458 ) ;
#122 = ADVANCED_BREP_SHAPE_REPRESENTATION ( '转接座', ( #622, #1350 ), #2043 ) ;
#123 = ORIENTED_EDGE ( 'NONE', *, *, #606, .F. ) ;
#124 = DIRECTION ( 'NONE',  ( 1.000000000000000000, -0.000000000000000000, 2.595596223406693159E-16 ) ) ;
#125 = CARTESIAN_POINT ( 'NONE',  ( -70.09999999999972431, 50.00000000000000711, 35.10000000000000853 ) ) ;
#126 = LINE ( 'NONE', #105, #281 ) ;
#127 = VECTOR ( 'NONE', #1866, 1000.000000000000000 ) ;
#128 = ORIENTED_EDGE ( 'NONE', *, *, #899, .T. ) ;
#129 = AXIS2_PLACEMENT_3D ( 'NONE', #1652, #588, #1370 ) ;
#130 = EDGE_LOOP ( 'NONE', ( #865, #269 ) ) ;
#131 = FACE_OUTER_BOUND ( 'NONE', #883, .T. ) ;
#132 = CARTESIAN_POINT ( 'NONE',  ( 74.34999999999942588, 24.99999999999998224, 45.10000000000000853 ) ) ;
#133 = AXIS2_PLACEMENT_3D ( 'NONE', #1736, #1745, #1427 ) ;
#134 = CARTESIAN_POINT ( 'NONE',  ( -40.09999999999996589, 33.00000000000000000, -14.89999999999999680 ) ) ;
#135 = AXIS2_PLACEMENT_3D ( 'NONE', #989, #1640, #857 ) ;
#136 = LINE ( 'NONE', #1083, #1007 ) ;
#137 = DIRECTION ( 'NONE',  ( 0.000000000000000000, 0.000000000000000000, 1.000000000000000000 ) ) ;
#138 = CIRCLE ( 'NONE', #1555, 4.250000000000003553 ) ;
#139 = CARTESIAN_POINT ( 'NONE',  ( -50.09999999999998010, 100.0000000000000000, 35.10000000000000853 ) ) ;
#140 = CARTESIAN_POINT ( 'NONE',  ( 78.10000000000000853, 0.000000000000000000, 43.10000000000000853 ) ) ;
#141 = DIRECTION ( 'NONE',  ( 1.000000000000000000, -0.000000000000000000, 2.595596223406693159E-16 ) ) ;
#142 = AXIS2_PLACEMENT_3D ( 'NONE', #1949, #1283, #1174 ) ;
#143 = PERSON_AND_ORGANIZATION ( #419, #458 ) ;
#144 = EDGE_CURVE ( 'NONE', #1279, #1218, #535, .T. ) ;
#145 = LINE ( 'NONE', #1073, #1272 ) ;
#146 = FACE_OUTER_BOUND ( 'NONE', #1609, .T. ) ;
#147 = CARTESIAN_POINT ( 'NONE',  ( -46.09999999999994458, 100.0000000000000000, -45.09999999999999432 ) ) ;
#148 = CARTESIAN_POINT ( 'NONE',  ( 57.90000000000003411, 67.00000000000000000, -19.14999999999999858 ) ) ;
#149 = CARTESIAN_POINT ( 'NONE',  ( 19.99999999999964118, 32.00000000000000000, -35.10000000000000142 ) ) ;
#150 = EDGE_CURVE ( 'NONE', #108, #1460, #1691, .T. ) ;
#151 = VECTOR ( 'NONE', #774, 1000.000000000000000 ) ;
#152 = ADVANCED_FACE ( 'NONE', ( #1944 ), #1579, .F. ) ;
#153 = DIRECTION ( 'NONE',  ( 0.000000000000000000, 0.000000000000000000, 1.000000000000000000 ) ) ;
#154 = DIRECTION ( 'NONE',  ( -0.000000000000000000, -0.000000000000000000, -1.000000000000000000 ) ) ;
#155 = EDGE_CURVE ( 'NONE', #1779, #288, #1365, .T. ) ;
#156 = DIRECTION ( 'NONE',  ( 1.000000000000000000, -0.000000000000000000, -0.000000000000000000 ) ) ;
#157 = CARTESIAN_POINT ( 'NONE',  ( -70.09999999999998010, 75.00000000000001421, 26.10000000000004761 ) ) ;
#158 = CARTESIAN_POINT ( 'NONE',  ( -78.09999999999996589, 100.0000000000000000, 35.10000000000000853 ) ) ;
#159 = AXIS2_PLACEMENT_3D ( 'NONE', #652, #1294, #1285 ) ;
#160 = EDGE_CURVE ( 'NONE', #1459, #831, #1720, .T. ) ;
#161 = ORIENTED_EDGE ( 'NONE', *, *, #891, .T. ) ;
#162 = CARTESIAN_POINT ( 'NONE',  ( 40.10000000000002274, 67.00000000000000000, -14.89999999999999680 ) ) ;
#163 = ORIENTED_EDGE ( 'NONE', *, *, #1776, .F. ) ;
#164 = CARTESIAN_POINT ( 'NONE',  ( 57.90000000000003411, 33.00000000000000000, -14.89999999999999680 ) ) ;
#165 = DIRECTION ( 'NONE',  ( 0.000000000000000000, 0.000000000000000000, 1.000000000000000000 ) ) ;
#166 = FACE_OUTER_BOUND ( 'NONE', #993, .T. ) ;
#167 = CIRCLE ( 'NONE', #991, 4.250000000000007105 ) ;
#168 = ADVANCED_FACE ( 'NONE', ( #1278, #1587, #964, #490, #1625 ), #1120, .F. ) ;
#169 = ORIENTED_EDGE ( 'NONE', *, *, #160, .T. ) ;
#170 = DIRECTION ( 'NONE',  ( 0.000000000000000000, 0.000000000000000000, 1.000000000000000000 ) ) ;
#171 = AXIS2_PLACEMENT_3D ( 'NONE', #1718, #1433, #1255 ) ;
#172 = DIRECTION ( 'NONE',  ( 0.000000000000000000, 0.000000000000000000, 1.000000000000000000 ) ) ;
#173 = EDGE_LOOP ( 'NONE', ( #1811, #1203, #209, #362 ) ) ;
#174 = CARTESIAN_POINT ( 'NONE',  ( -50.09999999999998010, 67.00000000000000000, 25.10000000000000497 ) ) ;
#175 = DIRECTION ( 'NONE',  ( 0.000000000000000000, 0.000000000000000000, 1.000000000000000000 ) ) ;
#176 = CYLINDRICAL_SURFACE ( 'NONE', #340, 4.250000000000007105 ) ;
#177 = ORIENTED_EDGE ( 'NONE', *, *, #3, .T. ) ;
#178 = DIRECTION ( 'NONE',  ( 0.000000000000000000, 0.000000000000000000, -1.000000000000000000 ) ) ;
#179 = VECTOR ( 'NONE', #7, 1000.000000000000000 ) ;
#180 = AXIS2_PLACEMENT_3D ( 'NONE', #195, #373, #1618 ) ;
#181 = LINE ( 'NONE', #812, #470 ) ;
#182 = ORIENTED_EDGE ( 'NONE', *, *, #888, .F. ) ;
#183 = CARTESIAN_POINT ( 'NONE',  ( 74.34999999999975273, 49.99999999999997158, 45.10000000000000853 ) ) ;
#184 = EDGE_CURVE ( 'NONE', #1346, #668, #181, .T. ) ;
#185 = DIRECTION ( 'NONE',  ( 1.000000000000000000, 0.000000000000000000, 0.000000000000000000 ) ) ;
#186 = CARTESIAN_POINT ( 'NONE',  ( 40.10000000000000853, 33.00000000000000000, 25.10000000000000497 ) ) ;
#187 = CIRCLE ( 'NONE', #944, 4.250000000000003553 ) ;
#188 = ORIENTED_EDGE ( 'NONE', *, *, #443, .F. ) ;
#189 = AXIS2_PLACEMENT_3D ( 'NONE', #772, #1413, #485 ) ;
#190 = DIRECTION ( 'NONE',  ( -1.000000000000000000, 0.000000000000000000, 0.000000000000000000 ) ) ;
#191 = CIRCLE ( 'NONE', #135, 4.250000000000000000 ) ;
#192 = LINE ( 'NONE', #1295, #1710 ) ;
#193 = ORIENTED_EDGE ( 'NONE', *, *, #528, .T. ) ;
#194 = CARTESIAN_POINT ( 'NONE',  ( 50.10000000000000853, 67.00000000000000000, 29.35000000000001208 ) ) ;
#195 = CARTESIAN_POINT ( 'NONE',  ( -70.09999999999945430, 25.00000000000000711, 26.10000000000004761 ) ) ;
#196 = CARTESIAN_POINT ( 'NONE',  ( -40.09999999999996589, 67.00000000000000000, 29.35000000000001208 ) ) ;
#197 = VECTOR ( 'NONE', #29, 1000.000000000000000 ) ;
#198 = VERTEX_POINT ( 'NONE', #986 ) ;
#199 = EDGE_LOOP ( 'NONE', ( #67, #1059 ) ) ;
#200 = AXIS2_PLACEMENT_3D ( 'NONE', #499, #691, #47 ) ;
#201 = CARTESIAN_POINT ( 'NONE',  ( -46.09999999999994458, 0.000000000000000000, -45.09999999999999432 ) ) ;
#202 = DIRECTION ( 'NONE',  ( -1.000000000000000000, -0.000000000000000000, -0.000000000000000000 ) ) ;
#203 = ADVANCED_FACE ( 'NONE', ( #653 ), #1287, .F. ) ;
#204 = ORIENTED_EDGE ( 'NONE', *, *, #1981, .T. ) ;
#205 = CARTESIAN_POINT ( 'NONE',  ( 15.74999999999963585, 32.00000000000000000, -35.10000000000000142 ) ) ;
#206 = PLANE ( 'NONE',  #616 ) ;
#207 = FACE_OUTER_BOUND ( 'NONE', #804, .T. ) ;
#208 = ORIENTED_EDGE ( 'NONE', *, *, #1192, .F. ) ;
#209 = ORIENTED_EDGE ( 'NONE', *, *, #4, .F. ) ;
#210 = FACE_OUTER_BOUND ( 'NONE', #1644, .T. ) ;
#211 = EDGE_CURVE ( 'NONE', #221, #698, #1921, .T. ) ;
#212 = DIRECTION ( 'NONE',  ( -1.000000000000000000, 0.000000000000000000, 0.000000000000000000 ) ) ;
#213 = DIRECTION ( 'NONE',  ( -0.000000000000000000, -0.000000000000000000, -1.000000000000000000 ) ) ;
#214 = AXIS2_PLACEMENT_3D ( 'NONE', #1534, #124, #1823 ) ;
#215 = ORIENTED_EDGE ( 'NONE', *, *, #92, .F. ) ;
#216 = VERTEX_POINT ( 'NONE', #525 ) ;
#217 = CARTESIAN_POINT ( 'NONE',  ( 40.10000000000000853, 0.000000000000000000, 45.10000000000001563 ) ) ;
#218 = DIRECTION ( 'NONE',  ( 0.000000000000000000, 0.000000000000000000, -1.000000000000000000 ) ) ;
#219 = CARTESIAN_POINT ( 'NONE',  ( 78.09999999999999432, 0.000000000000000000, 45.10000000000000853 ) ) ;
#220 = EDGE_CURVE ( 'NONE', #1622, #1735, #724, .T. ) ;
#221 = VERTEX_POINT ( 'NONE', #1599 ) ;
#222 = EDGE_LOOP ( 'NONE', ( #1477, #2019 ) ) ;
#223 = CARTESIAN_POINT ( 'NONE',  ( -78.09999999999996589, 0.000000000000000000, 35.10000000000000853 ) ) ;
#224 = EDGE_CURVE ( 'NONE', #491, #1585, #192, .T. ) ;
#225 =( NAMED_UNIT ( * ) PLANE_ANGLE_UNIT ( ) SI_UNIT ( $, .RADIAN. ) );
#226 = ORIENTED_EDGE ( 'NONE', *, *, #1248, .F. ) ;
#227 = ORIENTED_EDGE ( 'NONE', *, *, #1715, .T. ) ;
#228 = ORIENTED_EDGE ( 'NONE', *, *, #1838, .T. ) ;
#229 = CYLINDRICAL_SURFACE ( 'NONE', #1548, 4.250000000000007105 ) ;
#230 = DIRECTION ( 'NONE',  ( -1.000000000000000000, 0.000000000000000000, 0.000000000000000000 ) ) ;
#231 = DIRECTION ( 'NONE',  ( 0.000000000000000000, 0.000000000000000000, 1.000000000000000000 ) ) ;
#232 = ORIENTED_EDGE ( 'NONE', *, *, #1312, .T. ) ;
#233 = EDGE_CURVE ( 'NONE', #540, #1346, #1770, .T. ) ;
#234 = ORIENTED_EDGE ( 'NONE', *, *, #1547, .T. ) ;
#235 = VECTOR ( 'NONE', #1440, 1000.000000000000000 ) ;
#236 = EDGE_LOOP ( 'NONE', ( #736, #512 ) ) ;
#237 = VERTEX_POINT ( 'NONE', #1141 ) ;
#238 = ORIENTED_EDGE ( 'NONE', *, *, #1321, .T. ) ;
#239 = LINE ( 'NONE', #1038, #650 ) ;
#240 = CIRCLE ( 'NONE', #1920, 4.250000000000007105 ) ;
#241 = DIRECTION ( 'NONE',  ( -1.000000000000000000, 0.000000000000000000, 0.000000000000000000 ) ) ;
#242 = CARTESIAN_POINT ( 'NONE',  ( -65.84999999999945430, 25.00000000000000711, 26.10000000000004761 ) ) ;
#243 = ADVANCED_FACE ( 'NONE', ( #352 ), #1786, .T. ) ;
#244 = DIRECTION ( 'NONE',  ( 1.000000000000000000, -0.000000000000000000, 2.595596223406693159E-16 ) ) ;
#245 = ORIENTED_EDGE ( 'NONE', *, *, #1042, .T. ) ;
#246 = ORIENTED_EDGE ( 'NONE', *, *, #109, .T. ) ;
#247 = VERTEX_POINT ( 'NONE', #310 ) ;
#248 = FACE_BOUND ( 'NONE', #1149, .T. ) ;
#249 = DIRECTION ( 'NONE',  ( -1.000000000000000000, 0.000000000000000000, 0.000000000000000000 ) ) ;
#250 = ORIENTED_EDGE ( 'NONE', *, *, #960, .F. ) ;
#251 = VERTEX_POINT ( 'NONE', #476 ) ;
#252 = DIRECTION ( 'NONE',  ( 0.000000000000000000, -0.000000000000000000, 1.000000000000000000 ) ) ;
#253 = DIRECTION ( 'NONE',  ( 0.000000000000000000, 0.000000000000000000, -1.000000000000000000 ) ) ;
#254 = CARTESIAN_POINT ( 'NONE',  ( -50.09999999999998010, 33.00000000000000000, -10.64999999999999680 ) ) ;
#255 = VECTOR ( 'NONE', #925, 1000.000000000000000 ) ;
#256 = EDGE_CURVE ( 'NONE', #1689, #1971, #2030, .T. ) ;
#257 = CIRCLE ( 'NONE', #1762, 4.250000000000003553 ) ;
#258 = DIRECTION ( 'NONE',  ( -0.000000000000000000, -0.000000000000000000, 1.000000000000000000 ) ) ;
#259 = ORIENTED_EDGE ( 'NONE', *, *, #361, .F. ) ;
#260 = ORIENTED_EDGE ( 'NONE', *, *, #1268, .T. ) ;
#261 = CIRCLE ( 'NONE', #1408, 4.250000000000007105 ) ;
#262 = PERSON_AND_ORGANIZATION ( #419, #458 ) ;
#263 = DIRECTION ( 'NONE',  ( 0.000000000000000000, 1.000000000000000000, -0.000000000000000000 ) ) ;
#264 = CC_DESIGN_APPROVAL ( #1126, ( #1017 ) ) ;
#265 = ORIENTED_EDGE ( 'NONE', *, *, #758, .F. ) ;
#266 = CARTESIAN_POINT ( 'NONE',  ( 24.24999999999964473, 32.00000000000000000, -35.10000000000000142 ) ) ;
#267 = FACE_OUTER_BOUND ( 'NONE', #1191, .T. ) ;
#268 = AXIS2_PLACEMENT_3D ( 'NONE', #845, #1094, #1567 ) ;
#269 = ORIENTED_EDGE ( 'NONE', *, *, #1769, .T. ) ;
#270 = CARTESIAN_POINT ( 'NONE',  ( -80.09999999999998010, 100.0000000000000000, 43.09999999999999432 ) ) ;
#271 = ORIENTED_EDGE ( 'NONE', *, *, #1185, .F. ) ;
#272 = EDGE_LOOP ( 'NONE', ( #119, #533, #520, #722 ) ) ;
#273 = PERSON_AND_ORGANIZATION_ROLE ( 'creator' ) ;
#274 = AXIS2_PLACEMENT_3D ( 'NONE', #778, #612, #1705 ) ;
#275 = ORIENTED_EDGE ( 'NONE', *, *, #810, .T. ) ;
#276 = CARTESIAN_POINT ( 'NONE',  ( 57.90000000000003411, 67.00000000000000000, 29.35000000000001208 ) ) ;
#277 = CIRCLE ( 'NONE', #1995, 4.250000000000007105 ) ;
#278 = CARTESIAN_POINT ( 'NONE',  ( 46.10000000000000853, 100.0000000000000000, -41.09999999999999432 ) ) ;
#279 = ORIENTED_EDGE ( 'NONE', *, *, #18, .T. ) ;
#280 = CARTESIAN_POINT ( 'NONE',  ( -65.84999999999998010, 75.00000000000001421, 26.10000000000004761 ) ) ;
#281 = VECTOR ( 'NONE', #735, 1000.000000000000000 ) ;
#282 = ORIENTED_EDGE ( 'NONE', *, *, #1243, .T. ) ;
#283 = DATE_AND_TIME ( #902, #560 ) ;
#284 = EDGE_LOOP ( 'NONE', ( #13, #892, #596, #317 ) ) ;
#285 = CARTESIAN_POINT ( 'NONE',  ( 50.10000000000000853, 33.00000000000000000, -10.64999999999999680 ) ) ;
#286 = DIRECTION ( 'NONE',  ( 0.000000000000000000, 0.000000000000000000, 1.000000000000000000 ) ) ;
#287 = DIRECTION ( 'NONE',  ( -0.000000000000000000, -1.000000000000000000, -0.000000000000000000 ) ) ;
#288 = VERTEX_POINT ( 'NONE', #1079 ) ;
#289 = CIRCLE ( 'NONE', #89, 4.250000000000003553 ) ;
#290 = ORIENTED_EDGE ( 'NONE', *, *, #1396, .F. ) ;
#291 = DIRECTION ( 'NONE',  ( 0.000000000000000000, 0.000000000000000000, -1.000000000000000000 ) ) ;
#292 = FACE_OUTER_BOUND ( 'NONE', #55, .T. ) ;
#293 = APPROVAL_PERSON_ORGANIZATION ( #1034, #1126, #574 ) ;
#294 = DIRECTION ( 'NONE',  ( 1.000000000000000000, -0.000000000000000000, 2.595596223406693159E-16 ) ) ;
#295 = FACE_BOUND ( 'NONE', #1266, .T. ) ;
#296 = AXIS2_PLACEMENT_3D ( 'NONE', #566, #252, #441 ) ;
#297 = EDGE_CURVE ( 'NONE', #1375, #1787, #936, .T. ) ;
#298 = DIRECTION ( 'NONE',  ( 0.000000000000000000, 0.000000000000000000, 1.000000000000000000 ) ) ;
#299 = DIRECTION ( 'NONE',  ( -1.000000000000000000, 0.000000000000000000, 0.000000000000000000 ) ) ;
#300 = VECTOR ( 'NONE', #1103, 1000.000000000000000 ) ;
#301 = DIRECTION ( 'NONE',  ( 1.000000000000000000, 0.000000000000000000, 0.000000000000000000 ) ) ;
#302 = EDGE_CURVE ( 'NONE', #728, #1748, #1980, .T. ) ;
#303 = CARTESIAN_POINT ( 'NONE',  ( -78.09999999999996589, 100.0000000000000000, 35.10000000000000853 ) ) ;
#304 = CARTESIAN_POINT ( 'NONE',  ( -50.09999999999998010, 0.000000000000000000, 35.10000000000000853 ) ) ;
#305 = EDGE_CURVE ( 'NONE', #1766, #1108, #1681, .T. ) ;
#306 = CARTESIAN_POINT ( 'NONE',  ( -50.09999999999998010, 33.00000000000000000, 25.10000000000000497 ) ) ;
#307 = EDGE_CURVE ( 'NONE', #1585, #1660, #5, .T. ) ;
#308 = EDGE_CURVE ( 'NONE', #1962, #698, #1515, .T. ) ;
#309 = FACE_BOUND ( 'NONE', #709, .T. ) ;
#310 = CARTESIAN_POINT ( 'NONE',  ( 78.09999999999999432, 100.0000000000000000, 45.10000000000000853 ) ) ;
#311 = DIRECTION ( 'NONE',  ( -0.000000000000000000, -0.000000000000000000, 1.000000000000000000 ) ) ;
#312 = CARTESIAN_POINT ( 'NONE',  ( -80.09999999999998010, 0.000000000000000000, 43.09999999999999432 ) ) ;
#313 = ADVANCED_FACE ( 'NONE', ( #460 ), #1581, .F. ) ;
#314 = AXIS2_PLACEMENT_3D ( 'NONE', #867, #904, #1378 ) ;
#315 = ORIENTED_EDGE ( 'NONE', *, *, #451, .T. ) ;
#316 = FACE_OUTER_BOUND ( 'NONE', #1993, .T. ) ;
#317 = ORIENTED_EDGE ( 'NONE', *, *, #1256, .F. ) ;
#318 = ADVANCED_FACE ( 'NONE', ( #956 ), #796, .F. ) ;
#319 = DIRECTION ( 'NONE',  ( 0.000000000000000000, 0.000000000000000000, 1.000000000000000000 ) ) ;
#320 = DIRECTION ( 'NONE',  ( -1.000000000000000000, -0.000000000000000000, -0.000000000000000000 ) ) ;
#321 = CYLINDRICAL_SURFACE ( 'NONE', #171, 4.250000000000003553 ) ;
#322 = VERTEX_POINT ( 'NONE', #1393 ) ;
#323 = DIRECTION ( 'NONE',  ( -2.595596223406693159E-16, 0.000000000000000000, 1.000000000000000000 ) ) ;
#324 = DIRECTION ( 'NONE',  ( 0.000000000000000000, 0.000000000000000000, -1.000000000000000000 ) ) ;
#325 = ORIENTED_EDGE ( 'NONE', *, *, #1198, .T. ) ;
#326 = DIRECTION ( 'NONE',  ( 0.000000000000000000, 0.000000000000000000, 1.000000000000000000 ) ) ;
#327 = DIRECTION ( 'NONE',  ( -1.000000000000000000, 0.000000000000000000, 0.000000000000000000 ) ) ;
#328 = FACE_BOUND ( 'NONE', #1738, .T. ) ;
#329 = AXIS2_PLACEMENT_3D ( 'NONE', #43, #1763, #337 ) ;
#330 = ORIENTED_EDGE ( 'NONE', *, *, #959, .T. ) ;
#331 = DIRECTION ( 'NONE',  ( 1.000000000000000000, -0.000000000000000000, 2.595596223406693159E-16 ) ) ;
#332 = AXIS2_PLACEMENT_3D ( 'NONE', #2025, #244, #1526 ) ;
#333 = DIRECTION ( 'NONE',  ( 0.000000000000000000, 0.000000000000000000, -1.000000000000000000 ) ) ;
#334 = ORIENTED_EDGE ( 'NONE', *, *, #1374, .F. ) ;
#335 = LINE ( 'NONE', #1775, #562 ) ;
#336 = CARTESIAN_POINT ( 'NONE',  ( -24.25000000000000355, 67.00000000000000000, -45.09999999999999432 ) ) ;
#337 = DIRECTION ( 'NONE',  ( 0.000000000000000000, 0.000000000000000000, -1.000000000000000000 ) ) ;
#338 = ORIENTED_EDGE ( 'NONE', *, *, #1151, .T. ) ;
#339 = DIRECTION ( 'NONE',  ( 0.000000000000000000, 0.000000000000000000, -1.000000000000000000 ) ) ;
#340 = AXIS2_PLACEMENT_3D ( 'NONE', #1080, #626, #807 ) ;
#341 = CIRCLE ( 'NONE', #783, 2.000000000000001776 ) ;
#342 = DIRECTION ( 'NONE',  ( -1.000000000000000000, 0.000000000000000000, 0.000000000000000000 ) ) ;
#343 = ORIENTED_EDGE ( 'NONE', *, *, #2004, .T. ) ;
#344 = CARTESIAN_POINT ( 'NONE',  ( -40.09999999999996589, 67.00000000000000000, -19.14999999999999858 ) ) ;
#345 = CARTESIAN_POINT ( 'NONE',  ( -50.09999999999998010, 0.000000000000000000, -41.09999999999996589 ) ) ;
#346 = DIRECTION ( 'NONE',  ( -1.000000000000000000, 0.000000000000000000, 0.000000000000000000 ) ) ;
#347 = ORIENTED_EDGE ( 'NONE', *, *, #386, .T. ) ;
#348 = VERTEX_POINT ( 'NONE', #1868 ) ;
#349 = VECTOR ( 'NONE', #156, 1000.000000000000000 ) ;
#350 = EDGE_CURVE ( 'NONE', #1735, #1622, #1879, .T. ) ;
#351 = DIRECTION ( 'NONE',  ( 0.000000000000000000, 0.000000000000000000, -1.000000000000000000 ) ) ;
#352 = FACE_OUTER_BOUND ( 'NONE', #699, .T. ) ;
#353 = EDGE_LOOP ( 'NONE', ( #1288, #511 ) ) ;
#354 = VECTOR ( 'NONE', #320, 1000.000000000000000 ) ;
#355 = EDGE_LOOP ( 'NONE', ( #1940, #1753, #715, #1495 ) ) ;
#356 = DIRECTION ( 'NONE',  ( -0.000000000000000000, -0.000000000000000000, 1.000000000000000000 ) ) ;
#357 = DIRECTION ( 'NONE',  ( 0.000000000000000000, 1.000000000000000000, -0.000000000000000000 ) ) ;
#358 = CARTESIAN_POINT ( 'NONE',  ( -74.34999999999945430, 25.00000000000000711, 45.10000000000000853 ) ) ;
#359 = EDGE_CURVE ( 'NONE', #1460, #108, #624, .T. ) ;
#360 = AXIS2_PLACEMENT_3D ( 'NONE', #1566, #786, #771 ) ;
#361 = EDGE_CURVE ( 'NONE', #601, #108, #1574, .T. ) ;
#362 = ORIENTED_EDGE ( 'NONE', *, *, #1410, .T. ) ;
#363 = ORIENTED_EDGE ( 'NONE', *, *, #1403, .F. ) ;
#364 = VECTOR ( 'NONE', #1050, 1000.000000000000000 ) ;
#365 = DIRECTION ( 'NONE',  ( 0.000000000000000000, 0.000000000000000000, 1.000000000000000000 ) ) ;
#366 = ADVANCED_FACE ( 'NONE', ( #14 ), #1903, .F. ) ;
#367 = DIRECTION ( 'NONE',  ( -0.000000000000000000, -0.000000000000000000, 1.000000000000000000 ) ) ;
#368 = VECTOR ( 'NONE', #1698, 1000.000000000000000 ) ;
#369 = DIRECTION ( 'NONE',  ( -0.000000000000000000, -0.000000000000000000, 1.000000000000000000 ) ) ;
#370 = ORIENTED_EDGE ( 'NONE', *, *, #617, .T. ) ;
#371 = EDGE_LOOP ( 'NONE', ( #1570, #584, #1182, #591 ) ) ;
#372 = CARTESIAN_POINT ( 'NONE',  ( -50.09999999999998010, 33.00000000000000000, -19.14999999999999858 ) ) ;
#373 = DIRECTION ( 'NONE',  ( -0.000000000000000000, -0.000000000000000000, 1.000000000000000000 ) ) ;
#374 = CARTESIAN_POINT ( 'NONE',  ( 46.09999999999997300, 100.0000000000000000, -45.09999999999999432 ) ) ;
#375 = EDGE_CURVE ( 'NONE', #1806, #1922, #1404, .T. ) ;
#376 = VERTEX_POINT ( 'NONE', #1875 ) ;
#377 = ORIENTED_EDGE ( 'NONE', *, *, #829, .T. ) ;
#378 = CARTESIAN_POINT ( 'NONE',  ( 74.34999999999975273, 49.99999999999997158, 35.10000000000000853 ) ) ;
#379 = LINE ( 'NONE', #1009, #391 ) ;
#380 = LINE ( 'NONE', #1637, #1511 ) ;
#381 = EDGE_LOOP ( 'NONE', ( #265, #840, #447, #681 ) ) ;
#382 = CIRCLE ( 'NONE', #641, 4.250000000000003553 ) ;
#383 = ORIENTED_EDGE ( 'NONE', *, *, #1046, .T. ) ;
#384 = FACE_OUTER_BOUND ( 'NONE', #704, .T. ) ;
#385 = LINE ( 'NONE', #76, #1504 ) ;
#386 = EDGE_CURVE ( 'NONE', #1686, #1490, #1430, .T. ) ;
#387 = DIRECTION ( 'NONE',  ( -1.000000000000000000, 0.000000000000000000, 0.000000000000000000 ) ) ;
#388 = EDGE_CURVE ( 'NONE', #1142, #748, #138, .T. ) ;
#389 = ORIENTED_EDGE ( 'NONE', *, *, #1774, .T. ) ;
#390 = ORIENTED_EDGE ( 'NONE', *, *, #1755, .T. ) ;
#391 = VECTOR ( 'NONE', #1624, 1000.000000000000000 ) ;
#392 = CARTESIAN_POINT ( 'NONE',  ( -40.09999999999997300, 0.000000000000000000, -35.10000000000000142 ) ) ;
#393 = VECTOR ( 'NONE', #587, 1000.000000000000000 ) ;
#394 = DIRECTION ( 'NONE',  ( 0.000000000000000000, 0.000000000000000000, 1.000000000000000000 ) ) ;
#395 = ORIENTED_EDGE ( 'NONE', *, *, #1532, .F. ) ;
#396 = EDGE_CURVE ( 'NONE', #348, #548, #1744, .T. ) ;
#397 = VERTEX_POINT ( 'NONE', #1716 ) ;
#398 = DIRECTION ( 'NONE',  ( -1.000000000000000000, 0.000000000000000000, 0.000000000000000000 ) ) ;
#399 = FACE_OUTER_BOUND ( 'NONE', #1165, .T. ) ;
#400 = CARTESIAN_POINT ( 'NONE',  ( 80.10000000000000853, 100.0000000000000000, 43.09999999999999432 ) ) ;
#401 = DIRECTION ( 'NONE',  ( -1.000000000000000000, 0.000000000000000000, 0.000000000000000000 ) ) ;
#402 = VERTEX_POINT ( 'NONE', #471 ) ;
#403 = EDGE_CURVE ( 'NONE', #198, #1842, #768, .T. ) ;
#404 = VERTEX_POINT ( 'NONE', #372 ) ;
#405 = CIRCLE ( 'NONE', #926, 2.000000000000001776 ) ;
#406 = VECTOR ( 'NONE', #1322, 1000.000000000000000 ) ;
#407 = FACE_BOUND ( 'NONE', #862, .T. ) ;
#408 = EDGE_CURVE ( 'NONE', #547, #1794, #1789, .T. ) ;
#409 = CARTESIAN_POINT ( 'NONE',  ( -50.09999999999998010, 0.000000000000000000, 35.10000000000000853 ) ) ;
#410 = ORIENTED_EDGE ( 'NONE', *, *, #968, .T. ) ;
#411 = VERTEX_POINT ( 'NONE', #1758 ) ;
#412 = DIRECTION ( 'NONE',  ( 1.000000000000000000, 0.000000000000000000, 0.000000000000000000 ) ) ;
#413 = VECTOR ( 'NONE', #1642, 1000.000000000000000 ) ;
#414 = DIRECTION ( 'NONE',  ( 1.000000000000000000, -0.000000000000000000, 0.000000000000000000 ) ) ;
#415 = CARTESIAN_POINT ( 'NONE',  ( 57.90000000000003411, 33.00000000000000000, -10.64999999999999680 ) ) ;
#416 = DIRECTION ( 'NONE',  ( 1.000000000000000000, 0.000000000000000000, 0.000000000000000000 ) ) ;
#417 = EDGE_LOOP ( 'NONE', ( #1773, #551, #169, #1855 ) ) ;
#418 = ORIENTED_EDGE ( 'NONE', *, *, #960, .T. ) ;
#419 = PERSON ( '未指定', '未指定', '未指定', ('未指定'), ('未指定'), ('未指定') ) ;
#420 = APPLICATION_PROTOCOL_DEFINITION ( 'international standard', 'config_control_design', 1994, #1969 ) ;
#421 = CARTESIAN_POINT ( 'NONE',  ( 57.90000000000003411, 67.00000000000000000, 20.84999999999999787 ) ) ;
#422 = ORIENTED_EDGE ( 'NONE', *, *, #224, .T. ) ;
#423 = DIRECTION ( 'NONE',  ( 0.000000000000000000, -0.000000000000000000, 1.000000000000000000 ) ) ;
#424 = PLANE ( 'NONE',  #1402 ) ;
#425 = LINE ( 'NONE', #400, #971 ) ;
#426 = ORIENTED_EDGE ( 'NONE', *, *, #307, .F. ) ;
#427 = CARTESIAN_POINT ( 'NONE',  ( 70.09999999999945430, 24.99999999999998224, 35.10000000000000853 ) ) ;
#428 = ORIENTED_EDGE ( 'NONE', *, *, #1631, .F. ) ;
#429 = VERTEX_POINT ( 'NONE', #183 ) ;
#430 = ADVANCED_FACE ( 'NONE', ( #1001 ), #825, .F. ) ;
#431 = APPROVAL_DATE_TIME ( #1833, #1126 ) ;
#432 = CIRCLE ( 'NONE', #760, 3.999999999999996447 ) ;
#433 = ORIENTED_EDGE ( 'NONE', *, *, #443, .T. ) ;
#434 = FACE_BOUND ( 'NONE', #1928, .T. ) ;
#435 = FACE_OUTER_BOUND ( 'NONE', #1354, .T. ) ;
#436 = EDGE_LOOP ( 'NONE', ( #1835, #93 ) ) ;
#437 = CYLINDRICAL_SURFACE ( 'NONE', #799, 4.250000000000007105 ) ;
#438 = ORIENTED_EDGE ( 'NONE', *, *, #1464, .T. ) ;
#439 = EDGE_CURVE ( 'NONE', #1131, #429, #69, .T. ) ;
#440 = VERTEX_POINT ( 'NONE', #205 ) ;
#441 = DIRECTION ( 'NONE',  ( 1.000000000000000000, 0.000000000000000000, 0.000000000000000000 ) ) ;
#442 = CARTESIAN_POINT ( 'NONE',  ( -40.09999999999997300, 100.0000000000000000, 45.10000000000000853 ) ) ;
#443 = EDGE_CURVE ( 'NONE', #221, #871, #1628, .T. ) ;
#444 = DIRECTION ( 'NONE',  ( 1.000000000000000000, 0.000000000000000000, 0.000000000000000000 ) ) ;
#445 = AXIS2_PLACEMENT_3D ( 'NONE', #1199, #1066, #1351 ) ;
#446 = VERTEX_POINT ( 'NONE', #1144 ) ;
#447 = ORIENTED_EDGE ( 'NONE', *, *, #36, .T. ) ;
#448 = CARTESIAN_POINT ( 'NONE',  ( -80.09999999999998010, 0.000000000000000000, 37.10000000000002274 ) ) ;
#449 = FACE_BOUND ( 'NONE', #353, .T. ) ;
#450 = DIRECTION ( 'NONE',  ( 0.000000000000000000, 1.000000000000000000, 0.000000000000000000 ) ) ;
#451 = EDGE_CURVE ( 'NONE', #1533, #1627, #927, .T. ) ;
#452 = FACE_BOUND ( 'NONE', #236, .T. ) ;
#453 = CIRCLE ( 'NONE', #1401, 4.249999999999990230 ) ;
#454 = AXIS2_PLACEMENT_3D ( 'NONE', #52, #1014, #1591 ) ;
#455 = PERSON_AND_ORGANIZATION ( #419, #458 ) ;
#456 = DIRECTION ( 'NONE',  ( 0.000000000000000000, 0.000000000000000000, 1.000000000000000000 ) ) ;
#457 = CYLINDRICAL_SURFACE ( 'NONE', #1881, 4.250000000000007105 ) ;
#458 = ORGANIZATION ( '未指定', '未指定', '' ) ;
#459 = EDGE_CURVE ( 'NONE', #680, #1320, #41, .T. ) ;
#460 = FACE_OUTER_BOUND ( 'NONE', #1301, .T. ) ;
#461 = CYLINDRICAL_SURFACE ( 'NONE', #1553, 4.250000000000000000 ) ;
#462 = DIRECTION ( 'NONE',  ( 0.000000000000000000, 1.000000000000000000, -0.000000000000000000 ) ) ;
#463 = CIRCLE ( 'NONE', #1084, 4.250000000000003553 ) ;
#464 = EDGE_CURVE ( 'NONE', #288, #1779, #1227, .T. ) ;
#465 = CC_DESIGN_DATE_AND_TIME_ASSIGNMENT ( #283, #1060, ( #1017 ) ) ;
#466 = CIRCLE ( 'NONE', #1611, 4.250000000000000000 ) ;
#467 = DATE_AND_TIME ( #1864, #1597 ) ;
#468 = FACE_OUTER_BOUND ( 'NONE', #371, .T. ) ;
#469 = ADVANCED_FACE ( 'NONE', ( #1913 ), #62, .F. ) ;
#470 = VECTOR ( 'NONE', #202, 1000.000000000000000 ) ;
#471 = CARTESIAN_POINT ( 'NONE',  ( 50.10000000000000853, 0.000000000000000000, 35.10000000000000853 ) ) ;
#472 = DIRECTION ( 'NONE',  ( 0.000000000000000000, 0.000000000000000000, 1.000000000000000000 ) ) ;
#473 = CARTESIAN_POINT ( 'NONE',  ( -70.09999999999998010, 75.00000000000001421, 26.10000000000004761 ) ) ;
#474 = ORIENTED_EDGE ( 'NONE', *, *, #885, .T. ) ;
#475 = DIRECTION ( 'NONE',  ( -1.000000000000000000, 0.000000000000000000, 0.000000000000000000 ) ) ;
#476 = CARTESIAN_POINT ( 'NONE',  ( -50.09999999999998010, 0.000000000000000000, 35.10000000000000853 ) ) ;
#477 = DIRECTION ( 'NONE',  ( 1.000000000000000000, 0.000000000000000000, 0.000000000000000000 ) ) ;
#478 = CARTESIAN_POINT ( 'NONE',  ( 40.10000000000002984, 100.0000000000000000, -35.10000000000000142 ) ) ;
#479 = AXIS2_PLACEMENT_3D ( 'NONE', #1385, #2028, #2036 ) ;
#480 = AXIS2_PLACEMENT_3D ( 'NONE', #1071, #744, #717 ) ;
#481 = ORIENTED_EDGE ( 'NONE', *, *, #888, .T. ) ;
#482 = CARTESIAN_POINT ( 'NONE',  ( -24.25000000000037303, 32.00000000000000000, -45.09999999999999432 ) ) ;
#483 = CARTESIAN_POINT ( 'NONE',  ( -50.09999999999998010, 67.00000000000000000, -14.89999999999999680 ) ) ;
#484 = ORIENTED_EDGE ( 'NONE', *, *, #740, .F. ) ;
#485 = DIRECTION ( 'NONE',  ( -1.000000000000000000, 0.000000000000000000, 0.000000000000000000 ) ) ;
#486 = DIRECTION ( 'NONE',  ( -1.000000000000000000, 0.000000000000000000, 0.000000000000000000 ) ) ;
#487 = CARTESIAN_POINT ( 'NONE',  ( -19.99999999999999645, 67.00000000000000000, -35.10000000000000142 ) ) ;
#488 = VERTEX_POINT ( 'NONE', #217 ) ;
#489 = CARTESIAN_POINT ( 'NONE',  ( -19.99999999999999645, 67.00000000000000000, -35.10000000000000142 ) ) ;
#490 = FACE_BOUND ( 'NONE', #2008, .T. ) ;
#491 = VERTEX_POINT ( 'NONE', #1122 ) ;
#492 = DIRECTION ( 'NONE',  ( -0.000000000000000000, -0.000000000000000000, 1.000000000000000000 ) ) ;
#493 = CARTESIAN_POINT ( 'NONE',  ( 50.10000000000000853, 100.0000000000000000, 35.10000000000000853 ) ) ;
#494 = CARTESIAN_POINT ( 'NONE',  ( 65.84999999999973852, 49.99999999999997158, 45.10000000000000853 ) ) ;
#495 = CIRCLE ( 'NONE', #552, 2.000000000000001776 ) ;
#496 = ORIENTED_EDGE ( 'NONE', *, *, #1761, .F. ) ;
#497 = CARTESIAN_POINT ( 'NONE',  ( 15.74999999999999645, 67.00000000000000000, -35.10000000000000142 ) ) ;
#498 = APPROVAL_PERSON_ORGANIZATION ( #121, #1317, #110 ) ;
#499 = CARTESIAN_POINT ( 'NONE',  ( 50.10000000000000853, 100.0000000000000000, 35.10000000000000853 ) ) ;
#500 = ORIENTED_EDGE ( 'NONE', *, *, #1556, .T. ) ;
#501 = CARTESIAN_POINT ( 'NONE',  ( -15.74999999999998934, 67.00000000000000000, -35.10000000000000142 ) ) ;
#502 = CARTESIAN_POINT ( 'NONE',  ( 50.10000000000000853, 33.00000000000000000, 20.85000000000000497 ) ) ;
#503 = DIRECTION ( 'NONE',  ( 1.000000000000000000, -0.000000000000000000, 2.595596223406693159E-16 ) ) ;
#504 = EDGE_CURVE ( 'NONE', #1231, #80, #529, .T. ) ;
#505 = ORIENTED_EDGE ( 'NONE', *, *, #665, .F. ) ;
#506 = ORIENTED_EDGE ( 'NONE', *, *, #233, .F. ) ;
#507 = CARTESIAN_POINT ( 'NONE',  ( 40.10000000000000853, 33.00000000000000000, 25.10000000000000497 ) ) ;
#508 = AXIS2_PLACEMENT_3D ( 'NONE', #1959, #1015, #231 ) ;
#509 = EDGE_CURVE ( 'NONE', #237, #594, #335, .T. ) ;
#510 = DIRECTION ( 'NONE',  ( -1.000000000000000000, 0.000000000000000000, 0.000000000000000000 ) ) ;
#511 = ORIENTED_EDGE ( 'NONE', *, *, #396, .T. ) ;
#512 = ORIENTED_EDGE ( 'NONE', *, *, #822, .T. ) ;
#513 = CARTESIAN_POINT ( 'NONE',  ( -80.09999999999998010, 100.0000000000000000, 43.09999999999999432 ) ) ;
#514 = CARTESIAN_POINT ( 'NONE',  ( 40.10000000000000853, 67.00000000000000000, 29.35000000000001208 ) ) ;
#515 = ADVANCED_FACE ( 'NONE', ( #543 ), #229, .F. ) ;
#516 = CARTESIAN_POINT ( 'NONE',  ( -15.75000000000035705, 32.00000000000000000, -45.09999999999999432 ) ) ;
#517 = VECTOR ( 'NONE', #1819, 1000.000000000000000 ) ;
#518 = VECTOR ( 'NONE', #323, 1000.000000000000000 ) ;
#519 = ADVANCED_FACE ( 'NONE', ( #384 ), #1935, .F. ) ;
#520 = ORIENTED_EDGE ( 'NONE', *, *, #891, .F. ) ;
#521 = ORIENTED_EDGE ( 'NONE', *, *, #1899, .F. ) ;
#522 = VECTOR ( 'NONE', #1422, 1000.000000000000000 ) ;
#523 = CARTESIAN_POINT ( 'NONE',  ( 65.84999999999973852, 49.99999999999997158, 26.10000000000004761 ) ) ;
#524 = APPROVAL_STATUS ( 'not_yet_approved' ) ;
#525 = CARTESIAN_POINT ( 'NONE',  ( -65.84999999999945430, 25.00000000000000711, 45.10000000000000853 ) ) ;
#526 = ORIENTED_EDGE ( 'NONE', *, *, #829, .F. ) ;
#527 = EDGE_LOOP ( 'NONE', ( #757, #534, #1417, #1193 ) ) ;
#528 = EDGE_CURVE ( 'NONE', #1600, #1384, #191, .T. ) ;
#529 = LINE ( 'NONE', #669, #406 ) ;
#530 = DIRECTION ( 'NONE',  ( -1.000000000000000000, 0.000000000000000000, 0.000000000000000000 ) ) ;
#531 = DIRECTION ( 'NONE',  ( 1.000000000000000000, 0.000000000000000000, 0.000000000000000000 ) ) ;
#532 = CIRCLE ( 'NONE', #1518, 4.250000000000000000 ) ;
#533 = ORIENTED_EDGE ( 'NONE', *, *, #1456, .F. ) ;
#534 = ORIENTED_EDGE ( 'NONE', *, *, #155, .F. ) ;
#535 = CIRCLE ( 'NONE', #9, 4.250000000000007105 ) ;
#536 = DIRECTION ( 'NONE',  ( 1.000000000000000000, 0.000000000000000000, 0.000000000000000000 ) ) ;
#537 = CARTESIAN_POINT ( 'NONE',  ( -65.84999999999971010, 50.00000000000000711, 35.10000000000000853 ) ) ;
#538 = EDGE_CURVE ( 'NONE', #1951, #429, #1289, .T. ) ;
#539 = AXIS2_PLACEMENT_3D ( 'NONE', #1225, #1364, #1860 ) ;
#540 = VERTEX_POINT ( 'NONE', #344 ) ;
#541 = ORIENTED_EDGE ( 'NONE', *, *, #1711, .F. ) ;
#542 = ORIENTED_EDGE ( 'NONE', *, *, #3, .F. ) ;
#543 = FACE_OUTER_BOUND ( 'NONE', #1352, .T. ) ;
#544 = PLANE ( 'NONE',  #1900 ) ;
#545 = DIRECTION ( 'NONE',  ( 0.000000000000000000, 0.000000000000000000, 1.000000000000000000 ) ) ;
#546 = ORIENTED_EDGE ( 'NONE', *, *, #1715, .F. ) ;
#547 = VERTEX_POINT ( 'NONE', #501 ) ;
#548 = VERTEX_POINT ( 'NONE', #1601 ) ;
#549 =( LENGTH_UNIT ( ) NAMED_UNIT ( * ) SI_UNIT ( .MILLI., .METRE. ) );
#550 = DIRECTION ( 'NONE',  ( 0.000000000000000000, 0.000000000000000000, -1.000000000000000000 ) ) ;
#551 = ORIENTED_EDGE ( 'NONE', *, *, #94, .T. ) ;
#552 = AXIS2_PLACEMENT_3D ( 'NONE', #1664, #1982, #1997 ) ;
#553 = ORIENTED_EDGE ( 'NONE', *, *, #1764, .T. ) ;
#554 = DIRECTION ( 'NONE',  ( -0.000000000000000000, -0.000000000000000000, 1.000000000000000000 ) ) ;
#555 = LINE ( 'NONE', #1310, #1240 ) ;
#556 = LINE ( 'NONE', #242, #2026 ) ;
#557 = VERTEX_POINT ( 'NONE', #194 ) ;
#558 = ORIENTED_EDGE ( 'NONE', *, *, #602, .F. ) ;
#559 = ADVANCED_FACE ( 'NONE', ( #1994 ), #74, .F. ) ;
#560 = LOCAL_TIME ( 14, 56, 59.00000000000000000, #1246 ) ;
#561 = AXIS2_PLACEMENT_3D ( 'NONE', #1262, #450, #924 ) ;
#562 = VECTOR ( 'NONE', #1589, 1000.000000000000000 ) ;
#563 = DIRECTION ( 'NONE',  ( -0.000000000000000000, -0.000000000000000000, 1.000000000000000000 ) ) ;
#564 = ORIENTED_EDGE ( 'NONE', *, *, #1107, .F. ) ;
#565 = ORIENTED_EDGE ( 'NONE', *, *, #1764, .F. ) ;
#566 = CARTESIAN_POINT ( 'NONE',  ( -70.09999999999998010, 75.00000000000001421, 35.10000000000000853 ) ) ;
#567 = DIRECTION ( 'NONE',  ( 1.000000000000000000, 0.000000000000000000, 0.000000000000000000 ) ) ;
#568 = DIRECTION ( 'NONE',  ( -0.000000000000000000, -1.000000000000000000, -0.000000000000000000 ) ) ;
#569 = CARTESIAN_POINT ( 'NONE',  ( -40.09999999999997300, 0.000000000000000000, -35.10000000000000142 ) ) ;
#570 = ORIENTED_EDGE ( 'NONE', *, *, #144, .F. ) ;
#571 = EDGE_LOOP ( 'NONE', ( #1580, #60, #692, #792 ) ) ;
#572 = VECTOR ( 'NONE', #636, 1000.000000000000000 ) ;
#573 = AXIS2_PLACEMENT_3D ( 'NONE', #803, #31, #1428 ) ;
#574 = APPROVAL_ROLE ( '' ) ;
#575 = CARTESIAN_POINT ( 'NONE',  ( 50.10000000000000853, 67.00000000000000000, -14.89999999999999680 ) ) ;
#576 = VERTEX_POINT ( 'NONE', #705 ) ;
#577 = DIRECTION ( 'NONE',  ( -0.000000000000000000, -0.000000000000000000, 1.000000000000000000 ) ) ;
#578 = FACE_OUTER_BOUND ( 'NONE', #1673, .T. ) ;
#579 = DIRECTION ( 'NONE',  ( 0.000000000000000000, 0.000000000000000000, -1.000000000000000000 ) ) ;
#580 = DIRECTION ( 'NONE',  ( -0.000000000000000000, -1.000000000000000000, -0.000000000000000000 ) ) ;
#581 = ORIENTED_EDGE ( 'NONE', *, *, #1931, .F. ) ;
#582 = EDGE_CURVE ( 'NONE', #548, #348, #463, .T. ) ;
#583 = VERTEX_POINT ( 'NONE', #1966 ) ;
#584 = ORIENTED_EDGE ( 'NONE', *, *, #1064, .T. ) ;
#585 = CALENDAR_DATE ( 2026, 3, 9 ) ;
#586 = VERTEX_POINT ( 'NONE', #1662 ) ;
#587 = DIRECTION ( 'NONE',  ( -1.000000000000000000, -0.000000000000000000, -0.000000000000000000 ) ) ;
#588 = DIRECTION ( 'NONE',  ( 0.000000000000000000, 0.000000000000000000, -1.000000000000000000 ) ) ;
#589 = ADVANCED_FACE ( 'NONE', ( #1856 ), #2016, .F. ) ;
#590 = VECTOR ( 'NONE', #753, 1000.000000000000000 ) ;
#591 = ORIENTED_EDGE ( 'NONE', *, *, #1055, .F. ) ;
#592 = EDGE_CURVE ( 'NONE', #1766, #846, #239, .T. ) ;
#593 = CARTESIAN_POINT ( 'NONE',  ( -65.84999999999998010, 75.00000000000001421, 45.10000000000000853 ) ) ;
#594 = VERTEX_POINT ( 'NONE', #113 ) ;
#595 = ADVANCED_FACE ( 'NONE', ( #2006 ), #1208, .F. ) ;
#596 = ORIENTED_EDGE ( 'NONE', *, *, #1776, .T. ) ;
#597 = CARTESIAN_POINT ( 'NONE',  ( 50.10000000000000853, 67.00000000000000000, 20.84999999999999787 ) ) ;
#598 = FACE_BOUND ( 'NONE', #2015, .T. ) ;
#599 = EDGE_CURVE ( 'NONE', #861, #668, #726, .T. ) ;
#600 = CARTESIAN_POINT ( 'NONE',  ( -50.09999999999998010, 0.000000000000000000, 45.10000000000000853 ) ) ;
#601 = VERTEX_POINT ( 'NONE', #266 ) ;
#602 = EDGE_CURVE ( 'NONE', #1842, #198, #764, .T. ) ;
#603 = ORIENTED_EDGE ( 'NONE', *, *, #1499, .F. ) ;
#604 = LINE ( 'NONE', #1399, #1729 ) ;
#605 = CYLINDRICAL_SURFACE ( 'NONE', #480, 4.250000000000007105 ) ;
#606 = EDGE_CURVE ( 'NONE', #440, #1460, #1521, .T. ) ;
#607 = AXIS2_PLACEMENT_3D ( 'NONE', #1463, #684, #531 ) ;
#608 = DIRECTION ( 'NONE',  ( 0.000000000000000000, 0.000000000000000000, -1.000000000000000000 ) ) ;
#609 = DIRECTION ( 'NONE',  ( -1.000000000000000000, 0.000000000000000000, 0.000000000000000000 ) ) ;
#610 = EDGE_CURVE ( 'NONE', #1922, #446, #1712, .T. ) ;
#611 = CARTESIAN_POINT ( 'NONE',  ( -74.34999999999972431, 50.00000000000000711, 45.10000000000000853 ) ) ;
#612 = DIRECTION ( 'NONE',  ( 0.000000000000000000, -0.000000000000000000, 1.000000000000000000 ) ) ;
#613 = DIRECTION ( 'NONE',  ( 0.000000000000000000, -1.000000000000000000, 0.000000000000000000 ) ) ;
#614 = PLANE ( 'NONE',  #1197 ) ;
#615 = DIRECTION ( 'NONE',  ( -0.000000000000000000, -1.000000000000000000, -0.000000000000000000 ) ) ;
#616 = AXIS2_PLACEMENT_3D ( 'NONE', #858, #1145, #1967 ) ;
#617 = EDGE_CURVE ( 'NONE', #1164, #1735, #743, .T. ) ;
#618 = VECTOR ( 'NONE', #890, 1000.000000000000000 ) ;
#619 = CARTESIAN_POINT ( 'NONE',  ( 57.90000000000003411, 33.00000000000000000, -14.89999999999999680 ) ) ;
#620 = DIRECTION ( 'NONE',  ( 1.000000000000000000, 0.000000000000000000, 0.000000000000000000 ) ) ;
#621 = CIRCLE ( 'NONE', #1016, 4.250000000000007105 ) ;
#622 = MANIFOLD_SOLID_BREP ( '切除-拉伸4', #785 ) ;
#623 = DIRECTION ( 'NONE',  ( -0.000000000000000000, -0.000000000000000000, -1.000000000000000000 ) ) ;
#624 = CIRCLE ( 'NONE', #982, 4.250000000000003553 ) ;
#625 = CARTESIAN_POINT ( 'NONE',  ( -40.09999999999997300, 0.000000000000000000, 45.10000000000000853 ) ) ;
#626 = DIRECTION ( 'NONE',  ( -1.000000000000000000, -0.000000000000000000, -0.000000000000000000 ) ) ;
#627 = AXIS2_PLACEMENT_3D ( 'NONE', #1914, #311, #937 ) ;
#628 = CARTESIAN_POINT ( 'NONE',  ( -20.00000000000036593, 32.00000000000000000, -45.09999999999999432 ) ) ;
#629 = VECTOR ( 'NONE', #22, 1000.000000000000000 ) ;
#630 = CARTESIAN_POINT ( 'NONE',  ( -70.09999999999972431, 50.00000000000000711, 45.10000000000000853 ) ) ;
#631 = DIRECTION ( 'NONE',  ( -1.000000000000000000, 0.000000000000000000, 0.000000000000000000 ) ) ;
#632 = PLANE ( 'NONE',  #1759 ) ;
#633 = AXIS2_PLACEMENT_3D ( 'NONE', #134, #401, #1665 ) ;
#634 = EDGE_CURVE ( 'NONE', #1164, #729, #1465, .T. ) ;
#635 = ORIENTED_EDGE ( 'NONE', *, *, #538, .T. ) ;
#636 = DIRECTION ( 'NONE',  ( -2.595596223406693159E-16, 0.000000000000000000, 1.000000000000000000 ) ) ;
#637 = ORIENTED_EDGE ( 'NONE', *, *, #940, .T. ) ;
#638 = DIRECTION ( 'NONE',  ( 0.000000000000000000, 0.000000000000000000, 1.000000000000000000 ) ) ;
#639 = DIRECTION ( 'NONE',  ( 0.000000000000000000, 0.000000000000000000, -1.000000000000000000 ) ) ;
#640 = DIRECTION ( 'NONE',  ( 2.595596223406693159E-16, 0.000000000000000000, -1.000000000000000000 ) ) ;
#641 = AXIS2_PLACEMENT_3D ( 'NONE', #87, #914, #1544 ) ;
#642 = VERTEX_POINT ( 'NONE', #285 ) ;
#643 = CARTESIAN_POINT ( 'NONE',  ( 20.00000000000000355, 67.00000000000000000, -45.09999999999999432 ) ) ;
#644 = DIRECTION ( 'NONE',  ( 1.000000000000000000, 0.000000000000000000, 0.000000000000000000 ) ) ;
#645 = ORIENTED_EDGE ( 'NONE', *, *, #160, .F. ) ;
#646 = DIRECTION ( 'NONE',  ( -1.000000000000000000, 0.000000000000000000, 0.000000000000000000 ) ) ;
#647 = DIRECTION ( 'NONE',  ( 0.000000000000000000, 1.000000000000000000, 0.000000000000000000 ) ) ;
#648 = AXIS2_PLACEMENT_3D ( 'NONE', #700, #212, #844 ) ;
#649 = LINE ( 'NONE', #1869, #255 ) ;
#650 = VECTOR ( 'NONE', #1674, 1000.000000000000000 ) ;
#651 = VERTEX_POINT ( 'NONE', #597 ) ;
#652 = CARTESIAN_POINT ( 'NONE',  ( 70.10000000000000853, 74.99999999999997158, 26.10000000000004761 ) ) ;
#653 = FACE_OUTER_BOUND ( 'NONE', #112, .T. ) ;
#654 = ADVANCED_FACE ( 'NONE', ( #1025, #1194, #1070, #434, #1848 ), #1650, .F. ) ;
#655 = ORIENTED_EDGE ( 'NONE', *, *, #305, .T. ) ;
#656 = CARTESIAN_POINT ( 'NONE',  ( 57.90000000000003411, 33.00000000000000000, -14.89999999999999680 ) ) ;
#657 = FACE_BOUND ( 'NONE', #1683, .T. ) ;
#658 = AXIS2_PLACEMENT_3D ( 'NONE', #1722, #1560, #299 ) ;
#659 = CARTESIAN_POINT ( 'NONE',  ( -40.09999999999996589, 33.00000000000000000, -14.89999999999999680 ) ) ;
#660 = AXIS2_PLACEMENT_3D ( 'NONE', #1297, #1923, #646 ) ;
#661 = CIRCLE ( 'NONE', #1746, 4.250000000000000000 ) ;
#662 = ORIENTED_EDGE ( 'NONE', *, *, #942, .F. ) ;
#663 = EDGE_CURVE ( 'NONE', #586, #80, #1104, .T. ) ;
#664 = DIRECTION ( 'NONE',  ( 0.000000000000000000, 0.000000000000000000, -1.000000000000000000 ) ) ;
#665 = EDGE_CURVE ( 'NONE', #698, #951, #730, .T. ) ;
#666 = LOCAL_TIME ( 14, 56, 59.00000000000000000, #2034 ) ;
#667 = DIRECTION ( 'NONE',  ( -0.000000000000000000, -1.000000000000000000, -0.000000000000000000 ) ) ;
#668 = VERTEX_POINT ( 'NONE', #879 ) ;
#669 = CARTESIAN_POINT ( 'NONE',  ( 57.90000000000003411, 33.00000000000000000, -19.14999999999999858 ) ) ;
#670 = FACE_OUTER_BOUND ( 'NONE', #1333, .T. ) ;
#671 = CARTESIAN_POINT ( 'NONE',  ( 20.00000000000000355, 67.00000000000000000, -45.09999999999999432 ) ) ;
#672 = EDGE_CURVE ( 'NONE', #1108, #687, #1509, .T. ) ;
#673 = CC_DESIGN_DATE_AND_TIME_ASSIGNMENT ( #2014, #919, ( #1878 ) ) ;
#674 = ORIENTED_EDGE ( 'NONE', *, *, #1447, .T. ) ;
#675 = ORIENTED_EDGE ( 'NONE', *, *, #1205, .T. ) ;
#676 = PLANE ( 'NONE',  #685 ) ;
#677 = VECTOR ( 'NONE', #719, 1000.000000000000000 ) ;
#678 = EDGE_CURVE ( 'NONE', #397, #1533, #604, .T. ) ;
#679 = CARTESIAN_POINT ( 'NONE',  ( -19.99999999999999645, 67.00000000000000000, -26.10000000000003340 ) ) ;
#680 = VERTEX_POINT ( 'NONE', #921 ) ;
#681 = ORIENTED_EDGE ( 'NONE', *, *, #1261, .T. ) ;
#682 = DIRECTION ( 'NONE',  ( 0.000000000000000000, 0.000000000000000000, 1.000000000000000000 ) ) ;
#683 = DIRECTION ( 'NONE',  ( 0.000000000000000000, 0.000000000000000000, -1.000000000000000000 ) ) ;
#684 = DIRECTION ( 'NONE',  ( -0.000000000000000000, -0.000000000000000000, 1.000000000000000000 ) ) ;
#685 = AXIS2_PLACEMENT_3D ( 'NONE', #1942, #842, #1152 ) ;
#686 = ORIENTED_EDGE ( 'NONE', *, *, #1752, .T. ) ;
#687 = VERTEX_POINT ( 'NONE', #777 ) ;
#688 = ADVANCED_FACE ( 'NONE', ( #2021 ), #770, .F. ) ;
#689 = CARTESIAN_POINT ( 'NONE',  ( 80.10000000000000853, 100.0000000000000000, 43.09999999999999432 ) ) ;
#690 = FACE_BOUND ( 'NONE', #1472, .T. ) ;
#691 = DIRECTION ( 'NONE',  ( -1.000000000000000000, 0.000000000000000000, 0.000000000000000000 ) ) ;
#692 = ORIENTED_EDGE ( 'NONE', *, *, #1055, .T. ) ;
#693 = ORIENTED_EDGE ( 'NONE', *, *, #1871, .T. ) ;
#694 = DIRECTION ( 'NONE',  ( 0.000000000000000000, 0.000000000000000000, 1.000000000000000000 ) ) ;
#695 = CARTESIAN_POINT ( 'NONE',  ( -15.75000000000035705, 32.00000000000000000, -35.10000000000000142 ) ) ;
#696 = LINE ( 'NONE', #1778, #413 ) ;
#697 = ORIENTED_EDGE ( 'NONE', *, *, #968, .F. ) ;
#698 = VERTEX_POINT ( 'NONE', #448 ) ;
#699 = EDGE_LOOP ( 'NONE', ( #383, #1807, #1429, #71 ) ) ;
#700 = CARTESIAN_POINT ( 'NONE',  ( -40.09999999999997300, 100.0000000000000000, 45.10000000000000853 ) ) ;
#701 = AXIS2_PLACEMENT_3D ( 'NONE', #1679, #1655, #444 ) ;
#702 = CYLINDRICAL_SURFACE ( 'NONE', #739, 4.250000000000003553 ) ;
#703 = VERTEX_POINT ( 'NONE', #928 ) ;
#704 = EDGE_LOOP ( 'NONE', ( #988, #428, #635, #1703 ) ) ;
#705 = CARTESIAN_POINT ( 'NONE',  ( -78.09999999999996589, 0.000000000000000000, 45.10000000000000853 ) ) ;
#706 = FACE_BOUND ( 'NONE', #37, .T. ) ;
#707 = LINE ( 'NONE', #415, #1136 ) ;
#708 = ORIENTED_EDGE ( 'NONE', *, *, #1198, .F. ) ;
#709 = EDGE_LOOP ( 'NONE', ( #674, #238 ) ) ;
#710 = CARTESIAN_POINT ( 'NONE',  ( 0.000000000000000000, 0.000000000000000000, 0.000000000000000000 ) ) ;
#711 = AXIS2_PLACEMENT_3D ( 'NONE', #149, #1877, #1734 ) ;
#712 = ORIENTED_EDGE ( 'NONE', *, *, #1089, .F. ) ;
#713 = ORIENTED_EDGE ( 'NONE', *, *, #1711, .T. ) ;
#714 = AXIS2_PLACEMENT_3D ( 'NONE', #1948, #230, #815 ) ;
#715 = ORIENTED_EDGE ( 'NONE', *, *, #663, .F. ) ;
#716 = DIRECTION ( 'NONE',  ( 0.000000000000000000, 1.000000000000000000, -0.000000000000000000 ) ) ;
#717 = DIRECTION ( 'NONE',  ( 0.000000000000000000, 0.000000000000000000, 1.000000000000000000 ) ) ;
#718 = DIRECTION ( 'NONE',  ( -0.000000000000000000, -0.000000000000000000, 1.000000000000000000 ) ) ;
#719 = DIRECTION ( 'NONE',  ( -0.000000000000000000, -0.000000000000000000, 1.000000000000000000 ) ) ;
#720 = EDGE_LOOP ( 'NONE', ( #208, #999, #325, #875 ) ) ;
#721 = ORIENTED_EDGE ( 'NONE', *, *, #606, .T. ) ;
#722 = ORIENTED_EDGE ( 'NONE', *, *, #1129, .T. ) ;
#723 = CC_DESIGN_APPROVAL ( #1558, ( #1709 ) ) ;
#724 = CIRCLE ( 'NONE', #103, 4.250000000000007105 ) ;
#725 = CARTESIAN_POINT ( 'NONE',  ( -70.09999999999945430, 25.00000000000000711, 26.10000000000004761 ) ) ;
#726 = CIRCLE ( 'NONE', #1643, 4.250000000000003553 ) ;
#727 = DIRECTION ( 'NONE',  ( 0.000000000000000000, 0.000000000000000000, 1.000000000000000000 ) ) ;
#728 = VERTEX_POINT ( 'NONE', #611 ) ;
#729 = VERTEX_POINT ( 'NONE', #1238 ) ;
#730 = LINE ( 'NONE', #1496, #590 ) ;
#731 = CARTESIAN_POINT ( 'NONE',  ( 50.10000000000000853, 100.0000000000000000, 35.10000000000000853 ) ) ;
#732 = EDGE_CURVE ( 'NONE', #322, #1951, #843, .T. ) ;
#733 = DIRECTION ( 'NONE',  ( -0.000000000000000000, -0.000000000000000000, 1.000000000000000000 ) ) ;
#734 = VECTOR ( 'NONE', #935, 1000.000000000000000 ) ;
#735 = DIRECTION ( 'NONE',  ( 0.000000000000000000, 0.000000000000000000, -1.000000000000000000 ) ) ;
#736 = ORIENTED_EDGE ( 'NONE', *, *, #663, .T. ) ;
#737 = ORIENTED_EDGE ( 'NONE', *, *, #1047, .F. ) ;
#738 = CIRCLE ( 'NONE', #827, 4.250000000000007105 ) ;
#739 = AXIS2_PLACEMENT_3D ( 'NONE', #1647, #1506, #1954 ) ;
#740 = EDGE_CURVE ( 'NONE', #583, #488, #1232, .T. ) ;
#741 = ADVANCED_FACE ( 'NONE', ( #131 ), #1391, .F. ) ;
#742 = ORIENTED_EDGE ( 'NONE', *, *, #1911, .T. ) ;
#743 = LINE ( 'NONE', #276, #393 ) ;
#744 = DIRECTION ( 'NONE',  ( -1.000000000000000000, -0.000000000000000000, -0.000000000000000000 ) ) ;
#745 = ORIENTED_EDGE ( 'NONE', *, *, #308, .F. ) ;
#746 = EDGE_CURVE ( 'NONE', #79, #680, #1898, .T. ) ;
#747 = LINE ( 'NONE', #280, #677 ) ;
#748 = VERTEX_POINT ( 'NONE', #1549 ) ;
#749 = ORIENTED_EDGE ( 'NONE', *, *, #1769, .F. ) ;
#750 = COORDINATED_UNIVERSAL_TIME_OFFSET ( 8, 0, .AHEAD. ) ;
#751 = EDGE_CURVE ( 'NONE', #79, #376, #136, .T. ) ;
#752 = ORIENTED_EDGE ( 'NONE', *, *, #509, .T. ) ;
#753 = DIRECTION ( 'NONE',  ( -0.000000000000000000, -0.000000000000000000, 1.000000000000000000 ) ) ;
#754 = PLANE ( 'NONE',  #1633 ) ;
#755 = AXIS2_PLACEMENT_3D ( 'NONE', #1535, #1053, #1675 ) ;
#756 = CARTESIAN_POINT ( 'NONE',  ( 40.10000000000002984, 0.000000000000000000, -35.10000000000000142 ) ) ;
#757 = ORIENTED_EDGE ( 'NONE', *, *, #1595, .F. ) ;
#758 = EDGE_CURVE ( 'NONE', #856, #728, #145, .T. ) ;
#759 = ADVANCED_FACE ( 'NONE', ( #1853 ), #1690, .F. ) ;
#760 = AXIS2_PLACEMENT_3D ( 'NONE', #1139, #1768, #351 ) ;
#761 = SHAPE_DEFINITION_REPRESENTATION ( #1685, #122 ) ;
#762 = EDGE_LOOP ( 'NONE', ( #227, #1524 ) ) ;
#763 = CARTESIAN_POINT ( 'NONE',  ( 78.10000000000000853, 100.0000000000000000, 37.10000000000000853 ) ) ;
#764 = CIRCLE ( 'NONE', #296, 4.250000000000003553 ) ;
#765 = LINE ( 'NONE', #1979, #1804 ) ;
#766 = CYLINDRICAL_SURFACE ( 'NONE', #1328, 3.999999999999996447 ) ;
#767 = EDGE_CURVE ( 'NONE', #1842, #831, #747, .T. ) ;
#768 = CIRCLE ( 'NONE', #1859, 4.250000000000003553 ) ;
#769 = CC_DESIGN_PERSON_AND_ORGANIZATION_ASSIGNMENT ( #455, #1846, ( #1709 ) ) ;
#770 = CYLINDRICAL_SURFACE ( 'NONE', #479, 4.250000000000003553 ) ;
#771 = DIRECTION ( 'NONE',  ( 0.000000000000000000, 0.000000000000000000, 1.000000000000000000 ) ) ;
#772 = CARTESIAN_POINT ( 'NONE',  ( 20.00000000000000355, 67.00000000000000000, -35.10000000000000142 ) ) ;
#773 = FACE_OUTER_BOUND ( 'NONE', #854, .T. ) ;
#774 = DIRECTION ( 'NONE',  ( -0.000000000000000000, -1.000000000000000000, -0.000000000000000000 ) ) ;
#775 = ADVANCED_FACE ( 'NONE', ( #1387 ), #896, .F. ) ;
#776 = APPROVAL_STATUS ( 'not_yet_approved' ) ;
#777 = CARTESIAN_POINT ( 'NONE',  ( 24.25000000000001066, 67.00000000000000000, -45.09999999999999432 ) ) ;
#778 = CARTESIAN_POINT ( 'NONE',  ( -50.09999999999998010, 100.0000000000000000, 35.10000000000000853 ) ) ;
#779 = DIRECTION ( 'NONE',  ( -1.000000000000000000, 0.000000000000000000, 0.000000000000000000 ) ) ;
#780 = CARTESIAN_POINT ( 'NONE',  ( 46.09999999999997300, 100.0000000000000000, -45.09999999999999432 ) ) ;
#781 = DIRECTION ( 'NONE',  ( 1.000000000000000000, 0.000000000000000000, 0.000000000000000000 ) ) ;
#782 = VECTOR ( 'NONE', #1619, 1000.000000000000000 ) ;
#783 = AXIS2_PLACEMENT_3D ( 'NONE', #1475, #1002, #218 ) ;
#784 = DIRECTION ( 'NONE',  ( -1.000000000000000000, 0.000000000000000000, 0.000000000000000000 ) ) ;
#785 = CLOSED_SHELL ( 'NONE', ( #1830, #1170, #589, #1998, #595, #998, #934, #1604, #203, #1470, #1607, #1606, #1706, #559, #152, #318, #366, #1040, #1305, #2013, #654, #978, #1300, #950, #1926, #243, #1355, #168, #1409, #1741, #873, #1480, #1554, #1118, #1416, #1251, #313, #1919, #1454, #741, #430, #2041, #1845, #469, #688, #1098, #923, #759, #515, #775, #1699, #68, #1390, #1693, #519, #1728 ) ) ;
#786 = DIRECTION ( 'NONE',  ( -1.000000000000000000, -0.000000000000000000, -0.000000000000000000 ) ) ;
#787 = CIRCLE ( 'NONE', #918, 4.249999999999976019 ) ;
#788 = CARTESIAN_POINT ( 'NONE',  ( -50.09999999999998010, 100.0000000000000000, 45.10000000000000853 ) ) ;
#789 = DIRECTION ( 'NONE',  ( -0.000000000000000000, -0.000000000000000000, 1.000000000000000000 ) ) ;
#790 = EDGE_CURVE ( 'NONE', #1346, #540, #938, .T. ) ;
#791 = FACE_OUTER_BOUND ( 'NONE', #417, .T. ) ;
#792 = ORIENTED_EDGE ( 'NONE', *, *, #1774, .F. ) ;
#793 = CARTESIAN_POINT ( 'NONE',  ( -15.74999999999998934, 67.00000000000000000, -45.09999999999999432 ) ) ;
#794 = EDGE_CURVE ( 'NONE', #1478, #1056, #1263, .T. ) ;
#795 = ORIENTED_EDGE ( 'NONE', *, *, #610, .T. ) ;
#796 = CYLINDRICAL_SURFACE ( 'NONE', #1598, 4.250000000000003553 ) ;
#797 = CARTESIAN_POINT ( 'NONE',  ( 50.10000000000000853, 33.00000000000000000, -14.89999999999999680 ) ) ;
#798 = DIRECTION ( 'NONE',  ( 0.000000000000000000, 0.000000000000000000, -1.000000000000000000 ) ) ;
#799 = AXIS2_PLACEMENT_3D ( 'NONE', #1552, #1106, #1407 ) ;
#800 = CC_DESIGN_PERSON_AND_ORGANIZATION_ASSIGNMENT ( #1880, #1237, ( #1878 ) ) ;
#801 = VERTEX_POINT ( 'NONE', #1500 ) ;
#802 = FACE_OUTER_BOUND ( 'NONE', #820, .T. ) ;
#803 = CARTESIAN_POINT ( 'NONE',  ( -40.09999999999996589, 33.00000000000000000, 25.10000000000000497 ) ) ;
#804 = EDGE_LOOP ( 'NONE', ( #836, #23, #972, #1005 ) ) ;
#805 = DIRECTION ( 'NONE',  ( -0.000000000000000000, -1.000000000000000000, -0.000000000000000000 ) ) ;
#806 = FACE_BOUND ( 'NONE', #199, .T. ) ;
#807 = DIRECTION ( 'NONE',  ( 0.000000000000000000, 0.000000000000000000, 1.000000000000000000 ) ) ;
#808 = AXIS2_PLACEMENT_3D ( 'NONE', #1958, #357, #683 ) ;
#809 = VERTEX_POINT ( 'NONE', #756 ) ;
#810 = EDGE_CURVE ( 'NONE', #576, #1656, #1057, .T. ) ;
#811 = CYLINDRICAL_SURFACE ( 'NONE', #159, 4.249999999999990230 ) ;
#812 = CARTESIAN_POINT ( 'NONE',  ( 57.90000000000003411, 67.00000000000000000, -10.64999999999999325 ) ) ;
#813 = VERTEX_POINT ( 'NONE', #1219 ) ;
#814 = DIRECTION ( 'NONE',  ( 1.000000000000000000, 0.000000000000000000, 0.000000000000000000 ) ) ;
#815 = DIRECTION ( 'NONE',  ( 0.000000000000000000, 0.000000000000000000, 1.000000000000000000 ) ) ;
#816 = DIRECTION ( 'NONE',  ( 0.000000000000000000, 0.000000000000000000, 1.000000000000000000 ) ) ;
#817 = AXIS2_PLACEMENT_3D ( 'NONE', #823, #510, #1155 ) ;
#818 = AXIS2_PLACEMENT_3D ( 'NONE', #893, #1369, #1335 ) ;
#819 = EDGE_CURVE ( 'NONE', #216, #1116, #1530, .T. ) ;
#820 = EDGE_LOOP ( 'NONE', ( #250, #1577, #1452, #1443 ) ) ;
#821 = DIRECTION ( 'NONE',  ( 1.000000000000000000, -0.000000000000000000, 2.595596223406693159E-16 ) ) ;
#822 = EDGE_CURVE ( 'NONE', #80, #586, #906, .T. ) ;
#823 = CARTESIAN_POINT ( 'NONE',  ( -40.09999999999996589, 67.00000000000000000, -14.89999999999999680 ) ) ;
#824 = ORIENTED_EDGE ( 'NONE', *, *, #1329, .T. ) ;
#825 = CYLINDRICAL_SURFACE ( 'NONE', #2024, 4.250000000000003553 ) ;
#826 = CARTESIAN_POINT ( 'NONE',  ( 78.09999999999999432, 0.000000000000000000, 35.10000000000000853 ) ) ;
#827 = AXIS2_PLACEMENT_3D ( 'NONE', #1128, #973, #1891 ) ;
#828 = DIRECTION ( 'NONE',  ( -0.000000000000000000, -1.000000000000000000, -0.000000000000000000 ) ) ;
#829 = EDGE_CURVE ( 'NONE', #491, #1359, #1984, .T. ) ;
#830 = ORIENTED_EDGE ( 'NONE', *, *, #211, .F. ) ;
#831 = VERTEX_POINT ( 'NONE', #593 ) ;
#832 = LINE ( 'NONE', #523, #1081 ) ;
#833 = CARTESIAN_POINT ( 'NONE',  ( 80.10000000000000853, 100.0000000000000000, 43.09999999999999432 ) ) ;
#834 = CARTESIAN_POINT ( 'NONE',  ( 24.24999999999964473, 32.00000000000000000, -45.09999999999999432 ) ) ;
#835 = ORIENTED_EDGE ( 'NONE', *, *, #974, .T. ) ;
#836 = ORIENTED_EDGE ( 'NONE', *, *, #732, .F. ) ;
#837 = DIRECTION ( 'NONE',  ( 0.000000000000000000, 0.000000000000000000, 1.000000000000000000 ) ) ;
#838 = CARTESIAN_POINT ( 'NONE',  ( -70.09999999999972431, 50.00000000000000711, 35.10000000000000853 ) ) ;
#839 = CYLINDRICAL_SURFACE ( 'NONE', #607, 4.250000000000003553 ) ;
#840 = ORIENTED_EDGE ( 'NONE', *, *, #1447, .F. ) ;
#841 = ORIENTED_EDGE ( 'NONE', *, *, #732, .T. ) ;
#842 = DIRECTION ( 'NONE',  ( 0.000000000000000000, -1.000000000000000000, 0.000000000000000000 ) ) ;
#843 = CIRCLE ( 'NONE', #1632, 4.250000000000003553 ) ;
#844 = DIRECTION ( 'NONE',  ( 0.000000000000000000, 0.000000000000000000, 1.000000000000000000 ) ) ;
#845 = CARTESIAN_POINT ( 'NONE',  ( 78.10000000000000853, 100.0000000000000000, 37.10000000000000853 ) ) ;
#846 = VERTEX_POINT ( 'NONE', #1841 ) ;
#847 = VERTEX_POINT ( 'NONE', #569 ) ;
#848 = DIRECTION ( 'NONE',  ( -1.000000000000000000, 0.000000000000000000, 0.000000000000000000 ) ) ;
#849 = LINE ( 'NONE', #63, #1178 ) ;
#850 = CARTESIAN_POINT ( 'NONE',  ( 40.10000000000002274, 67.00000000000000000, -10.64999999999999325 ) ) ;
#851 = ORIENTED_EDGE ( 'NONE', *, *, #92, .T. ) ;
#852 = EDGE_LOOP ( 'NONE', ( #878, #1648 ) ) ;
#853 = PLANE ( 'NONE',  #1411 ) ;
#854 = EDGE_LOOP ( 'NONE', ( #1156, #521, #17, #1226 ) ) ;
#855 = ORIENTED_EDGE ( 'NONE', *, *, #220, .T. ) ;
#856 = VERTEX_POINT ( 'NONE', #908 ) ;
#857 = DIRECTION ( 'NONE',  ( 0.000000000000000000, 0.000000000000000000, 1.000000000000000000 ) ) ;
#858 = CARTESIAN_POINT ( 'NONE',  ( -50.09999999999998010, 100.0000000000000000, 45.10000000000000853 ) ) ;
#859 = CARTESIAN_POINT ( 'NONE',  ( 24.25000000000001066, 67.00000000000000000, -35.10000000000000142 ) ) ;
#860 = VECTOR ( 'NONE', #805, 1000.000000000000000 ) ;
#861 = VERTEX_POINT ( 'NONE', #1536 ) ;
#862 = EDGE_LOOP ( 'NONE', ( #1594, #1181 ) ) ;
#863 = VECTOR ( 'NONE', #718, 1000.000000000000000 ) ;
#864 = CARTESIAN_POINT ( 'NONE',  ( 50.10000000000000853, 100.0000000000000000, 35.10000000000000853 ) ) ;
#865 = ORIENTED_EDGE ( 'NONE', *, *, #948, .T. ) ;
#866 = ORIENTED_EDGE ( 'NONE', *, *, #810, .F. ) ;
#867 = CARTESIAN_POINT ( 'NONE',  ( -40.09999999999997300, 100.0000000000000000, -35.10000000000000142 ) ) ;
#868 = DIRECTION ( 'NONE',  ( -0.000000000000000000, -1.000000000000000000, -0.000000000000000000 ) ) ;
#869 = CARTESIAN_POINT ( 'NONE',  ( 57.90000000000003411, 33.00000000000000000, 29.35000000000000497 ) ) ;
#870 = DIRECTION ( 'NONE',  ( -0.000000000000000000, -0.000000000000000000, -1.000000000000000000 ) ) ;
#871 = VERTEX_POINT ( 'NONE', #270 ) ;
#872 = ORIENTED_EDGE ( 'NONE', *, *, #1331, .F. ) ;
#873 = ADVANCED_FACE ( 'NONE', ( #1999 ), #766, .T. ) ;
#874 = CIRCLE ( 'NONE', #1936, 2.000000000000001776 ) ;
#875 = ORIENTED_EDGE ( 'NONE', *, *, #819, .T. ) ;
#876 = ORIENTED_EDGE ( 'NONE', *, *, #1785, .T. ) ;
#877 = VECTOR ( 'NONE', #2007, 1000.000000000000000 ) ;
#878 = ORIENTED_EDGE ( 'NONE', *, *, #155, .T. ) ;
#879 = CARTESIAN_POINT ( 'NONE',  ( -50.09999999999998010, 67.00000000000000000, -10.64999999999999325 ) ) ;
#880 = LINE ( 'NONE', #731, #1541 ) ;
#881 = CARTESIAN_POINT ( 'NONE',  ( -24.25000000000037303, 32.00000000000000000, -35.10000000000000142 ) ) ;
#882 = DIRECTION ( 'NONE',  ( 0.000000000000000000, 0.000000000000000000, -1.000000000000000000 ) ) ;
#883 = EDGE_LOOP ( 'NONE', ( #542, #1345, #1890, #1657 ) ) ;
#884 = AXIS2_PLACEMENT_3D ( 'NONE', #1318, #1482, #727 ) ;
#885 = EDGE_CURVE ( 'NONE', #1111, #1788, #1863, .T. ) ;
#886 = ORIENTED_EDGE ( 'NONE', *, *, #678, .T. ) ;
#887 = VECTOR ( 'NONE', #1435, 1000.000000000000000 ) ;
#888 = EDGE_CURVE ( 'NONE', #397, #1051, #1166, .T. ) ;
#889 = AXIS2_PLACEMENT_3D ( 'NONE', #630, #1551, #301 ) ;
#890 = DIRECTION ( 'NONE',  ( 0.000000000000000000, 0.000000000000000000, -1.000000000000000000 ) ) ;
#891 = EDGE_CURVE ( 'NONE', #1912, #1616, #1211, .T. ) ;
#892 = ORIENTED_EDGE ( 'NONE', *, *, #1595, .T. ) ;
#893 = CARTESIAN_POINT ( 'NONE',  ( 57.90000000000003411, 67.00000000000000000, 25.10000000000000497 ) ) ;
#894 = DIRECTION ( 'NONE',  ( 0.000000000000000000, -0.000000000000000000, 1.000000000000000000 ) ) ;
#895 = ORIENTED_EDGE ( 'NONE', *, *, #678, .F. ) ;
#896 = CYLINDRICAL_SURFACE ( 'NONE', #48, 4.250000000000003553 ) ;
#897 = ORIENTED_EDGE ( 'NONE', *, *, #307, .T. ) ;
#898 = ORIENTED_EDGE ( 'NONE', *, *, #396, .F. ) ;
#899 = EDGE_CURVE ( 'NONE', #1656, #847, #126, .T. ) ;
#900 = CIRCLE ( 'NONE', #1990, 4.250000000000003553 ) ;
#901 = AXIS2_PLACEMENT_3D ( 'NONE', #1910, #1613, #172 ) ;
#902 = CALENDAR_DATE ( 2026, 3, 9 ) ;
#903 = ORIENTED_EDGE ( 'NONE', *, *, #1410, .F. ) ;
#904 = DIRECTION ( 'NONE',  ( 0.000000000000000000, 0.000000000000000000, -1.000000000000000000 ) ) ;
#905 = DIRECTION ( 'NONE',  ( 0.000000000000000000, 0.000000000000000000, -1.000000000000000000 ) ) ;
#906 = CIRCLE ( 'NONE', #332, 4.250000000000000000 ) ;
#907 = CC_DESIGN_APPROVAL ( #1317, ( #1878 ) ) ;
#908 = CARTESIAN_POINT ( 'NONE',  ( -74.34999999999972431, 50.00000000000000711, 35.10000000000000853 ) ) ;
#909 = EDGE_CURVE ( 'NONE', #429, #1131, #1423, .T. ) ;
#910 = ORIENTED_EDGE ( 'NONE', *, *, #220, .F. ) ;
#911 = APPROVAL_STATUS ( 'not_yet_approved' ) ;
#912 = ORIENTED_EDGE ( 'NONE', *, *, #1031, .F. ) ;
#913 = CARTESIAN_POINT ( 'NONE',  ( 70.09999999999975273, 49.99999999999997158, 35.10000000000000853 ) ) ;
#914 = DIRECTION ( 'NONE',  ( 0.000000000000000000, 0.000000000000000000, -1.000000000000000000 ) ) ;
#915 = CIRCLE ( 'NONE', #808, 3.999999999999996447 ) ;
#916 = CARTESIAN_POINT ( 'NONE',  ( -19.99999999999999645, 67.00000000000000000, -26.10000000000003340 ) ) ;
#917 = ORIENTED_EDGE ( 'NONE', *, *, #54, .T. ) ;
#918 = AXIS2_PLACEMENT_3D ( 'NONE', #1565, #153, #784 ) ;
#919 = DATE_TIME_ROLE ( 'classification_date' ) ;
#920 = ORIENTED_EDGE ( 'NONE', *, *, #1899, .T. ) ;
#921 = CARTESIAN_POINT ( 'NONE',  ( 78.09999999999999432, 100.0000000000000000, 35.10000000000000853 ) ) ;
#922 = CARTESIAN_POINT ( 'NONE',  ( 57.90000000000003411, 67.00000000000000000, -14.89999999999999680 ) ) ;
#923 = ADVANCED_FACE ( 'NONE', ( #1381 ), #437, .F. ) ;
#924 = DIRECTION ( 'NONE',  ( 0.000000000000000000, 0.000000000000000000, 1.000000000000000000 ) ) ;
#925 = DIRECTION ( 'NONE',  ( -1.000000000000000000, -0.000000000000000000, -0.000000000000000000 ) ) ;
#926 = AXIS2_PLACEMENT_3D ( 'NONE', #140, #647, #175 ) ;
#927 = CIRCLE ( 'NONE', #660, 4.249999999999976019 ) ;
#928 = CARTESIAN_POINT ( 'NONE',  ( 50.10000000000000853, 67.00000000000000000, -19.14999999999999858 ) ) ;
#929 = DIRECTION ( 'NONE',  ( -1.000000000000000000, 0.000000000000000000, 0.000000000000000000 ) ) ;
#930 = CARTESIAN_POINT ( 'NONE',  ( -78.09999999999998010, 100.0000000000000000, 43.10000000000000853 ) ) ;
#931 = DIRECTION ( 'NONE',  ( 0.000000000000000000, 0.000000000000000000, 1.000000000000000000 ) ) ;
#932 = DIRECTION ( 'NONE',  ( 1.000000000000000000, 0.000000000000000000, 0.000000000000000000 ) ) ;
#933 = LINE ( 'NONE', #1586, #1571 ) ;
#934 = ADVANCED_FACE ( 'NONE', ( #1569 ), #321, .F. ) ;
#935 = DIRECTION ( 'NONE',  ( -1.000000000000000000, -0.000000000000000000, -0.000000000000000000 ) ) ;
#936 = LINE ( 'NONE', #788, #349 ) ;
#937 = DIRECTION ( 'NONE',  ( 1.000000000000000000, 0.000000000000000000, 0.000000000000000000 ) ) ;
#938 = CIRCLE ( 'NONE', #1792, 4.250000000000003553 ) ;
#939 = CARTESIAN_POINT ( 'NONE',  ( 57.90000000000003411, 67.00000000000000000, 20.84999999999999787 ) ) ;
#940 = EDGE_CURVE ( 'NONE', #831, #1459, #1072, .T. ) ;
#941 = EDGE_LOOP ( 'NONE', ( #564, #418, #1502, #1473 ) ) ;
#942 = EDGE_CURVE ( 'NONE', #440, #601, #970, .T. ) ;
#943 = LINE ( 'NONE', #19, #887 ) ;
#944 = AXIS2_PLACEMENT_3D ( 'NONE', #162, #1412, #11 ) ;
#945 = ORIENTED_EDGE ( 'NONE', *, *, #1532, .T. ) ;
#946 = DIRECTION ( 'NONE',  ( -1.000000000000000000, 0.000000000000000000, 0.000000000000000000 ) ) ;
#947 = FACE_BOUND ( 'NONE', #1045, .T. ) ;
#948 = EDGE_CURVE ( 'NONE', #1956, #547, #1870, .T. ) ;
#949 = CARTESIAN_POINT ( 'NONE',  ( 78.10000000000000853, 100.0000000000000000, 43.10000000000000853 ) ) ;
#950 = ADVANCED_FACE ( 'NONE', ( #166 ), #1894, .T. ) ;
#951 = VERTEX_POINT ( 'NONE', #312 ) ;
#952 = DIRECTION ( 'NONE',  ( 0.000000000000000000, 1.000000000000000000, 0.000000000000000000 ) ) ;
#953 = VECTOR ( 'NONE', #977, 1000.000000000000000 ) ;
#954 = DIRECTION ( 'NONE',  ( 0.000000000000000000, 0.000000000000000000, -1.000000000000000000 ) ) ;
#955 = ORIENTED_EDGE ( 'NONE', *, *, #1046, .F. ) ;
#956 = FACE_OUTER_BOUND ( 'NONE', #1939, .T. ) ;
#957 = FACE_BOUND ( 'NONE', #1972, .T. ) ;
#958 = LINE ( 'NONE', #304, #1340 ) ;
#959 = EDGE_CURVE ( 'NONE', #247, #1065, #1725, .T. ) ;
#960 = EDGE_CURVE ( 'NONE', #651, #801, #1576, .T. ) ;
#961 = VECTOR ( 'NONE', #1513, 1000.000000000000000 ) ;
#962 = EDGE_LOOP ( 'NONE', ( #1977, #1061, #1667, #1366 ) ) ;
#963 = CYLINDRICAL_SURFACE ( 'NONE', #133, 4.250000000000007105 ) ;
#964 = FACE_BOUND ( 'NONE', #762, .T. ) ;
#965 = ORIENTED_EDGE ( 'NONE', *, *, #1670, .T. ) ;
#966 = CARTESIAN_POINT ( 'NONE',  ( 57.90000000000003411, 67.00000000000000000, -14.89999999999999680 ) ) ;
#967 = LINE ( 'NONE', #148, #354 ) ;
#968 = EDGE_CURVE ( 'NONE', #871, #951, #1425, .T. ) ;
#969 = LINE ( 'NONE', #1593, #1489 ) ;
#970 = CIRCLE ( 'NONE', #711, 4.250000000000003553 ) ;
#971 = VECTOR ( 'NONE', #1027, 1000.000000000000000 ) ;
#972 = ORIENTED_EDGE ( 'NONE', *, *, #439, .T. ) ;
#973 = DIRECTION ( 'NONE',  ( 0.000000000000000000, 0.000000000000000000, -1.000000000000000000 ) ) ;
#974 = EDGE_CURVE ( 'NONE', #1660, #1962, #1274, .T. ) ;
#975 = DIRECTION ( 'NONE',  ( 0.000000000000000000, 0.000000000000000000, 1.000000000000000000 ) ) ;
#976 = EDGE_LOOP ( 'NONE', ( #1339, #851, #855, #1284 ) ) ;
#977 = DIRECTION ( 'NONE',  ( -0.000000000000000000, -1.000000000000000000, -0.000000000000000000 ) ) ;
#978 = ADVANCED_FACE ( 'NONE', ( #2042, #295, #452, #328, #16 ), #632, .F. ) ;
#979 = DIRECTION ( 'NONE',  ( 0.000000000000000000, 0.000000000000000000, 1.000000000000000000 ) ) ;
#980 = LOCAL_TIME ( 14, 56, 59.00000000000000000, #1701 ) ;
#981 = DIRECTION ( 'NONE',  ( 0.000000000000000000, 0.000000000000000000, 1.000000000000000000 ) ) ;
#982 = AXIS2_PLACEMENT_3D ( 'NONE', #1892, #608, #1270 ) ;
#983 = VERTEX_POINT ( 'NONE', #1415 ) ;
#984 = ORIENTED_EDGE ( 'NONE', *, *, #1095, .T. ) ;
#985 = CARTESIAN_POINT ( 'NONE',  ( -46.09999999999994458, 0.000000000000000000, -45.09999999999999432 ) ) ;
#986 = CARTESIAN_POINT ( 'NONE',  ( -74.34999999999998010, 75.00000000000001421, 35.10000000000000853 ) ) ;
#987 = ORIENTED_EDGE ( 'NONE', *, *, #592, .T. ) ;
#988 = ORIENTED_EDGE ( 'NONE', *, *, #1987, .F. ) ;
#989 = CARTESIAN_POINT ( 'NONE',  ( 50.10000000000000853, 33.00000000000000000, 25.10000000000000497 ) ) ;
#990 = CARTESIAN_POINT ( 'NONE',  ( 50.10000000000000853, 100.0000000000000000, 35.10000000000000853 ) ) ;
#991 = AXIS2_PLACEMENT_3D ( 'NONE', #489, #1754, #1109 ) ;
#992 = DIRECTION ( 'NONE',  ( 1.000000000000000000, -0.000000000000000000, 2.595596223406693159E-16 ) ) ;
#993 = EDGE_LOOP ( 'NONE', ( #713, #1143, #1933, #330 ) ) ;
#994 = ORIENTED_EDGE ( 'NONE', *, *, #899, .F. ) ;
#995 = CARTESIAN_POINT ( 'NONE',  ( 80.10000000000000853, 100.0000000000000000, 43.09999999999999432 ) ) ;
#996 = FACE_OUTER_BOUND ( 'NONE', #10, .T. ) ;
#997 = LINE ( 'NONE', #1110, #629 ) ;
#998 = ADVANCED_FACE ( 'NONE', ( #791 ), #1905, .F. ) ;
#999 = ORIENTED_EDGE ( 'NONE', *, *, #582, .F. ) ;
#1000 = ORIENTED_EDGE ( 'NONE', *, *, #118, .F. ) ;
#1001 = FACE_OUTER_BOUND ( 'NONE', #1293, .T. ) ;
#1002 = DIRECTION ( 'NONE',  ( 0.000000000000000000, 1.000000000000000000, -0.000000000000000000 ) ) ;
#1003 = DIRECTION ( 'NONE',  ( -0.000000000000000000, -1.000000000000000000, -0.000000000000000000 ) ) ;
#1004 = ORIENTED_EDGE ( 'NONE', *, *, #610, .F. ) ;
#1005 = ORIENTED_EDGE ( 'NONE', *, *, #538, .F. ) ;
#1006 = LINE ( 'NONE', #1636, #1943 ) ;
#1007 = VECTOR ( 'NONE', #1559, 1000.000000000000000 ) ;
#1008 = CIRCLE ( 'NONE', #129, 4.250000000000007105 ) ;
#1009 = CARTESIAN_POINT ( 'NONE',  ( 57.90000000000003411, 67.00000000000000000, 29.35000000000001208 ) ) ;
#1010 = CARTESIAN_POINT ( 'NONE',  ( -46.09999999999998010, 100.0000000000000000, -41.09999999999999432 ) ) ;
#1011 = ORIENTED_EDGE ( 'NONE', *, *, #1564, .T. ) ;
#1012 = ORIENTED_EDGE ( 'NONE', *, *, #99, .T. ) ;
#1013 = DIRECTION ( 'NONE',  ( 1.000000000000000000, 0.000000000000000000, 0.000000000000000000 ) ) ;
#1014 = DIRECTION ( 'NONE',  ( 0.000000000000000000, 0.000000000000000000, -1.000000000000000000 ) ) ;
#1015 = DIRECTION ( 'NONE',  ( -1.000000000000000000, 0.000000000000000000, 0.000000000000000000 ) ) ;
#1016 = AXIS2_PLACEMENT_3D ( 'NONE', #1100, #331, #339 ) ;
#1017 = PRODUCT_DEFINITION ( '未知', '', #1709, #1380 ) ;
#1018 = ORIENTED_EDGE ( 'NONE', *, *, #388, .F. ) ;
#1019 = ORIENTED_EDGE ( 'NONE', *, *, #1101, .T. ) ;
#1020 = AXIS2_PLACEMENT_3D ( 'NONE', #1183, #577, #412 ) ;
#1021 = CYLINDRICAL_SURFACE ( 'NONE', #1810, 4.250000000000000000 ) ;
#1022 = CARTESIAN_POINT ( 'NONE',  ( 70.09999999999945430, 24.99999999999998224, 35.10000000000000853 ) ) ;
#1023 = EDGE_LOOP ( 'NONE', ( #275, #98, #1315, #234 ) ) ;
#1024 = ORIENTED_EDGE ( 'NONE', *, *, #1163, .T. ) ;
#1025 = FACE_BOUND ( 'NONE', #1573, .T. ) ;
#1026 = FACE_BOUND ( 'NONE', #1757, .T. ) ;
#1027 = DIRECTION ( 'NONE',  ( -0.000000000000000000, -1.000000000000000000, -0.000000000000000000 ) ) ;
#1028 = DIRECTION ( 'NONE',  ( -0.000000000000000000, -0.000000000000000000, -1.000000000000000000 ) ) ;
#1029 = VECTOR ( 'NONE', #1707, 1000.000000000000000 ) ;
#1030 = ORIENTED_EDGE ( 'NONE', *, *, #1192, .T. ) ;
#1031 = EDGE_CURVE ( 'NONE', #251, #1962, #958, .T. ) ;
#1032 = EDGE_LOOP ( 'NONE', ( #570, #1861, #474, #50 ) ) ;
#1033 = AXIS2_PLACEMENT_3D ( 'NONE', #186, #503, #64 ) ;
#1034 = PERSON_AND_ORGANIZATION ( #419, #458 ) ;
#1035 = ORIENTED_EDGE ( 'NONE', *, *, #504, .F. ) ;
#1036 = EDGE_LOOP ( 'NONE', ( #1213, #1743 ) ) ;
#1037 = ORIENTED_EDGE ( 'NONE', *, *, #665, .T. ) ;
#1038 = CARTESIAN_POINT ( 'NONE',  ( 15.74999999999999645, 67.00000000000000000, -26.10000000000003340 ) ) ;
#1039 = DIRECTION ( 'NONE',  ( 0.000000000000000000, 0.000000000000000000, -1.000000000000000000 ) ) ;
#1040 = ADVANCED_FACE ( 'NONE', ( #1584 ), #176, .F. ) ;
#1041 = CYLINDRICAL_SURFACE ( 'NONE', #1702, 2.000000000000001776 ) ;
#1042 = EDGE_CURVE ( 'NONE', #540, #861, #649, .T. ) ;
#1043 = CARTESIAN_POINT ( 'NONE',  ( -40.09999999999997300, 100.0000000000000000, -35.10000000000000142 ) ) ;
#1044 = EDGE_LOOP ( 'NONE', ( #1325, #182, #886, #315 ) ) ;
#1045 = EDGE_LOOP ( 'NONE', ( #1127, #40 ) ) ;
#1046 = EDGE_CURVE ( 'NONE', #376, #1320, #874, .T. ) ;
#1047 = EDGE_CURVE ( 'NONE', #594, #1490, #453, .T. ) ;
#1048 = DIRECTION ( 'NONE',  ( 1.000000000000000000, 0.000000000000000000, 0.000000000000000000 ) ) ;
#1049 = AXIS2_PLACEMENT_3D ( 'NONE', #949, #1708, #1097 ) ;
#1050 = DIRECTION ( 'NONE',  ( -1.000000000000000000, -0.000000000000000000, -0.000000000000000000 ) ) ;
#1051 = VERTEX_POINT ( 'NONE', #1324 ) ;
#1052 = CARTESIAN_POINT ( 'NONE',  ( -70.09999999999945430, 25.00000000000000711, 35.10000000000000853 ) ) ;
#1053 = DIRECTION ( 'NONE',  ( -0.000000000000000000, -0.000000000000000000, -1.000000000000000000 ) ) ;
#1054 = DIRECTION ( 'NONE',  ( -1.000000000000000000, -0.000000000000000000, -0.000000000000000000 ) ) ;
#1055 = EDGE_CURVE ( 'NONE', #1600, #1528, #1802, .T. ) ;
#1056 = VERTEX_POINT ( 'NONE', #1925 ) ;
#1057 = LINE ( 'NONE', #600, #368 ) ;
#1058 = ORIENTED_EDGE ( 'NONE', *, *, #959, .F. ) ;
#1059 = ORIENTED_EDGE ( 'NONE', *, *, #1785, .F. ) ;
#1060 = DATE_TIME_ROLE ( 'creation_date' ) ;
#1061 = ORIENTED_EDGE ( 'NONE', *, *, #758, .T. ) ;
#1062 = CARTESIAN_POINT ( 'NONE',  ( -70.09999999999972431, 50.00000000000000711, 26.10000000000004761 ) ) ;
#1063 = CARTESIAN_POINT ( 'NONE',  ( 15.74999999999963585, 32.00000000000000000, -45.09999999999999432 ) ) ;
#1064 = EDGE_CURVE ( 'NONE', #1384, #813, #53, .T. ) ;
#1065 = VERTEX_POINT ( 'NONE', #219 ) ;
#1066 = DIRECTION ( 'NONE',  ( 0.000000000000000000, 0.000000000000000000, -1.000000000000000000 ) ) ;
#1067 = ORIENTED_EDGE ( 'NONE', *, *, #1620, .T. ) ;
#1068 = CIRCLE ( 'NONE', #1445, 4.250000000000007105 ) ;
#1069 = ORIENTED_EDGE ( 'NONE', *, *, #751, .F. ) ;
#1070 = FACE_BOUND ( 'NONE', #130, .T. ) ;
#1071 = CARTESIAN_POINT ( 'NONE',  ( 57.90000000000003411, 67.00000000000000000, 25.10000000000000497 ) ) ;
#1072 = CIRCLE ( 'NONE', #1234, 4.250000000000003553 ) ;
#1073 = CARTESIAN_POINT ( 'NONE',  ( -74.34999999999972431, 50.00000000000000711, 26.10000000000004761 ) ) ;
#1074 = ORIENTED_EDGE ( 'NONE', *, *, #388, .T. ) ;
#1075 = ORIENTED_EDGE ( 'NONE', *, *, #942, .T. ) ;
#1076 = DIRECTION ( 'NONE',  ( 0.000000000000000000, 1.000000000000000000, -0.000000000000000000 ) ) ;
#1077 = DIRECTION ( 'NONE',  ( 0.000000000000000000, 0.000000000000000000, 1.000000000000000000 ) ) ;
#1078 = AXIS2_PLACEMENT_3D ( 'NONE', #487, #798, #1088 ) ;
#1079 = CARTESIAN_POINT ( 'NONE',  ( -40.09999999999996589, 33.00000000000000000, 20.85000000000000497 ) ) ;
#1080 = CARTESIAN_POINT ( 'NONE',  ( 57.90000000000003411, 67.00000000000000000, 25.10000000000000497 ) ) ;
#1081 = VECTOR ( 'NONE', #367, 1000.000000000000000 ) ;
#1082 = VECTOR ( 'NONE', #779, 1000.000000000000000 ) ;
#1083 = CARTESIAN_POINT ( 'NONE',  ( 80.10000000000000853, 100.0000000000000000, 37.10000000000002274 ) ) ;
#1084 = AXIS2_PLACEMENT_3D ( 'NONE', #1052, #423, #1836 ) ;
#1085 = PLANE ( 'NONE',  #274 ) ;
#1086 = CARTESIAN_POINT ( 'NONE',  ( 74.34999999999999432, 74.99999999999997158, 26.10000000000004761 ) ) ;
#1087 = DIRECTION ( 'NONE',  ( 1.000000000000000000, 0.000000000000000000, 0.000000000000000000 ) ) ;
#1088 = DIRECTION ( 'NONE',  ( -1.000000000000000000, 0.000000000000000000, 0.000000000000000000 ) ) ;
#1089 = EDGE_CURVE ( 'NONE', #1448, #703, #1590, .T. ) ;
#1090 = AXIS2_PLACEMENT_3D ( 'NONE', #1253, #639, #486 ) ;
#1091 = DATE_AND_TIME ( #2027, #666 ) ;
#1092 = AXIS2_PLACEMENT_3D ( 'NONE', #96, #1747, #644 ) ;
#1093 = CYLINDRICAL_SURFACE ( 'NONE', #360, 4.250000000000000000 ) ;
#1094 = DIRECTION ( 'NONE',  ( -0.000000000000000000, -1.000000000000000000, -0.000000000000000000 ) ) ;
#1095 = EDGE_CURVE ( 'NONE', #1528, #813, #1125, .T. ) ;
#1096 = CARTESIAN_POINT ( 'NONE',  ( -50.09999999999998010, 67.00000000000000000, 20.84999999999999787 ) ) ;
#1097 = DIRECTION ( 'NONE',  ( 0.000000000000000000, 0.000000000000000000, -1.000000000000000000 ) ) ;
#1098 = ADVANCED_FACE ( 'NONE', ( #1751 ), #1938, .F. ) ;
#1099 = ORIENTED_EDGE ( 'NONE', *, *, #767, .T. ) ;
#1100 = CARTESIAN_POINT ( 'NONE',  ( 40.10000000000000853, 67.00000000000000000, 25.10000000000000497 ) ) ;
#1101 = EDGE_CURVE ( 'NONE', #557, #651, #240, .T. ) ;
#1102 = CARTESIAN_POINT ( 'NONE',  ( 57.90000000000003411, 67.00000000000000000, -14.89999999999999680 ) ) ;
#1103 = DIRECTION ( 'NONE',  ( -1.000000000000000000, -0.000000000000000000, -0.000000000000000000 ) ) ;
#1104 = CIRCLE ( 'NONE', #214, 4.250000000000000000 ) ;
#1105 = CIRCLE ( 'NONE', #1432, 2.000000000000001776 ) ;
#1106 = DIRECTION ( 'NONE',  ( -0.000000000000000000, -0.000000000000000000, -1.000000000000000000 ) ) ;
#1107 = EDGE_CURVE ( 'NONE', #651, #557, #1230, .T. ) ;
#1108 = VERTEX_POINT ( 'NONE', #859 ) ;
#1109 = DIRECTION ( 'NONE',  ( -1.000000000000000000, 0.000000000000000000, 0.000000000000000000 ) ) ;
#1110 = CARTESIAN_POINT ( 'NONE',  ( -24.25000000000037303, 32.00000000000000000, -26.10000000000003340 ) ) ;
#1111 = VERTEX_POINT ( 'NONE', #516 ) ;
#1112 = EDGE_CURVE ( 'NONE', #1956, #1635, #696, .T. ) ;
#1113 = DIRECTION ( 'NONE',  ( -1.000000000000000000, -0.000000000000000000, -0.000000000000000000 ) ) ;
#1114 = CARTESIAN_POINT ( 'NONE',  ( 57.90000000000003411, 33.00000000000000000, -14.89999999999999680 ) ) ;
#1115 = CARTESIAN_POINT ( 'NONE',  ( 78.09999999999999432, 100.0000000000000000, 45.10000000000000853 ) ) ;
#1116 = VERTEX_POINT ( 'NONE', #358 ) ;
#1117 = CARTESIAN_POINT ( 'NONE',  ( 78.10000000000000853, 100.0000000000000000, 43.10000000000000853 ) ) ;
#1118 = ADVANCED_FACE ( 'NONE', ( #1124 ), #1915, .T. ) ;
#1119 = AXIS2_PLACEMENT_3D ( 'NONE', #1281, #694, #848 ) ;
#1120 = PLANE ( 'NONE',  #200 ) ;
#1121 = ORIENTED_EDGE ( 'NONE', *, *, #1523, .F. ) ;
#1122 = CARTESIAN_POINT ( 'NONE',  ( -50.09999999999998010, 100.0000000000000000, -41.09999999999996589 ) ) ;
#1123 = DIRECTION ( 'NONE',  ( -1.000000000000000000, -0.000000000000000000, -0.000000000000000000 ) ) ;
#1124 = FACE_OUTER_BOUND ( 'NONE', #1426, .T. ) ;
#1125 = CIRCLE ( 'NONE', #1033, 4.250000000000000000 ) ;
#1126 = APPROVAL ( #524, '未指定' ) ;
#1127 = ORIENTED_EDGE ( 'NONE', *, *, #1752, .F. ) ;
#1128 = CARTESIAN_POINT ( 'NONE',  ( -20.00000000000036593, 32.00000000000000000, -35.10000000000000142 ) ) ;
#1129 = EDGE_CURVE ( 'NONE', #1912, #847, #969, .T. ) ;
#1130 = CARTESIAN_POINT ( 'NONE',  ( -50.09999999999998010, 67.00000000000000000, 25.10000000000000497 ) ) ;
#1131 = VERTEX_POINT ( 'NONE', #494 ) ;
#1132 = DIRECTION ( 'NONE',  ( -1.000000000000000000, -0.000000000000000000, -0.000000000000000000 ) ) ;
#1133 = CARTESIAN_POINT ( 'NONE',  ( 50.10000000000000853, 0.000000000000000000, 45.10000000000000853 ) ) ;
#1134 = DIRECTION ( 'NONE',  ( -1.000000000000000000, -0.000000000000000000, -0.000000000000000000 ) ) ;
#1135 = VECTOR ( 'NONE', #1395, 1000.000000000000000 ) ;
#1136 = VECTOR ( 'NONE', #1337, 1000.000000000000000 ) ;
#1137 = EDGE_LOOP ( 'NONE', ( #204, #526, #1649, #920 ) ) ;
#1138 = ORIENTED_EDGE ( 'NONE', *, *, #1205, .F. ) ;
#1139 = CARTESIAN_POINT ( 'NONE',  ( -46.09999999999998010, 0.000000000000000000, -41.09999999999999432 ) ) ;
#1140 = CIRCLE ( 'NONE', #884, 4.250000000000000000 ) ;
#1141 = CARTESIAN_POINT ( 'NONE',  ( 65.85000000000002274, 74.99999999999997158, 35.10000000000000853 ) ) ;
#1142 = VERTEX_POINT ( 'NONE', #850 ) ;
#1143 = ORIENTED_EDGE ( 'NONE', *, *, #1268, .F. ) ;
#1144 = CARTESIAN_POINT ( 'NONE',  ( 46.09999999999997300, 0.000000000000000000, -45.09999999999999432 ) ) ;
#1145 = DIRECTION ( 'NONE',  ( 0.000000000000000000, 0.000000000000000000, -1.000000000000000000 ) ) ;
#1146 = AXIS2_PLACEMENT_3D ( 'NONE', #1623, #1781, #536 ) ;
#1147 = CARTESIAN_POINT ( 'NONE',  ( 70.10000000000000853, 74.99999999999997158, 45.10000000000000853 ) ) ;
#1148 = VECTOR ( 'NONE', #667, 1000.000000000000000 ) ;
#1149 = EDGE_LOOP ( 'NONE', ( #1377, #1371 ) ) ;
#1150 = ORIENTED_EDGE ( 'NONE', *, *, #359, .T. ) ;
#1151 = EDGE_CURVE ( 'NONE', #846, #687, #1557, .T. ) ;
#1152 = DIRECTION ( 'NONE',  ( 0.000000000000000000, -0.000000000000000000, -1.000000000000000000 ) ) ;
#1153 = EDGE_CURVE ( 'NONE', #1056, #1478, #661, .T. ) ;
#1154 = DIRECTION ( 'NONE',  ( 1.000000000000000000, 0.000000000000000000, 0.000000000000000000 ) ) ;
#1155 = DIRECTION ( 'NONE',  ( 0.000000000000000000, 0.000000000000000000, 1.000000000000000000 ) ) ;
#1156 = ORIENTED_EDGE ( 'NONE', *, *, #1927, .T. ) ;
#1157 = ORIENTED_EDGE ( 'NONE', *, *, #1201, .F. ) ;
#1158 = DIRECTION ( 'NONE',  ( -0.000000000000000000, -0.000000000000000000, -1.000000000000000000 ) ) ;
#1159 = CARTESIAN_POINT ( 'NONE',  ( -40.09999999999996589, 67.00000000000000000, -10.64999999999999325 ) ) ;
#1160 = AXIS2_PLACEMENT_3D ( 'NONE', #1264, #1282, #477 ) ;
#1161 = DIRECTION ( 'NONE',  ( -1.000000000000000000, -0.000000000000000000, -0.000000000000000000 ) ) ;
#1162 = AXIS2_PLACEMENT_3D ( 'NONE', #1022, #1190, #1659 ) ;
#1163 = EDGE_CURVE ( 'NONE', #801, #1269, #1654, .T. ) ;
#1164 = VERTEX_POINT ( 'NONE', #196 ) ;
#1165 = EDGE_LOOP ( 'NONE', ( #1207, #1058, #56, #66 ) ) ;
#1166 = CIRCLE ( 'NONE', #78, 4.249999999999976019 ) ;
#1167 = FACE_OUTER_BOUND ( 'NONE', #1661, .T. ) ;
#1168 = CARTESIAN_POINT ( 'NONE',  ( -40.09999999999996589, 67.00000000000000000, 25.10000000000000497 ) ) ;
#1169 = EDGE_LOOP ( 'NONE', ( #1961, #343, #693, #895 ) ) ;
#1170 = ADVANCED_FACE ( 'NONE', ( #207 ), #839, .F. ) ;
#1171 = ORIENTED_EDGE ( 'NONE', *, *, #1556, .F. ) ;
#1172 = DIRECTION ( 'NONE',  ( 0.000000000000000000, 0.000000000000000000, 1.000000000000000000 ) ) ;
#1173 = DIRECTION ( 'NONE',  ( -1.000000000000000000, -0.000000000000000000, -0.000000000000000000 ) ) ;
#1174 = DIRECTION ( 'NONE',  ( 0.000000000000000000, 0.000000000000000000, 1.000000000000000000 ) ) ;
#1175 = ORIENTED_EDGE ( 'NONE', *, *, #81, .F. ) ;
#1176 = ORIENTED_EDGE ( 'NONE', *, *, #1406, .T. ) ;
#1177 = ORIENTED_EDGE ( 'NONE', *, *, #599, .T. ) ;
#1178 = VECTOR ( 'NONE', #1173, 1000.000000000000000 ) ;
#1179 = DIRECTION ( 'NONE',  ( 0.000000000000000000, 0.000000000000000000, 1.000000000000000000 ) ) ;
#1180 = FACE_OUTER_BOUND ( 'NONE', #381, .T. ) ;
#1181 = ORIENTED_EDGE ( 'NONE', *, *, #233, .T. ) ;
#1182 = ORIENTED_EDGE ( 'NONE', *, *, #1095, .F. ) ;
#1183 = CARTESIAN_POINT ( 'NONE',  ( 70.09999999999945430, 24.99999999999998224, 26.10000000000004761 ) ) ;
#1184 = FACE_BOUND ( 'NONE', #1257, .T. ) ;
#1185 = EDGE_CURVE ( 'NONE', #1689, #446, #1313, .T. ) ;
#1186 = LINE ( 'NONE', #1362, #1389 ) ;
#1187 = EDGE_LOOP ( 'NONE', ( #1847, #1434 ) ) ;
#1188 = ORIENTED_EDGE ( 'NONE', *, *, #1089, .T. ) ;
#1189 = PERSON_AND_ORGANIZATION ( #419, #458 ) ;
#1190 = DIRECTION ( 'NONE',  ( 0.000000000000000000, 0.000000000000000000, 1.000000000000000000 ) ) ;
#1191 = EDGE_LOOP ( 'NONE', ( #45, #565, #1608, #377 ) ) ;
#1192 = EDGE_CURVE ( 'NONE', #348, #1116, #1630, .T. ) ;
#1193 = ORIENTED_EDGE ( 'NONE', *, *, #1331, .T. ) ;
#1194 = FACE_BOUND ( 'NONE', #1976, .T. ) ;
#1195 = CARTESIAN_POINT ( 'NONE',  ( -40.09999999999997300, 100.0000000000000000, 45.10000000000000853 ) ) ;
#1196 = CARTESIAN_POINT ( 'NONE',  ( -70.09999999999972431, 50.00000000000000711, 45.10000000000000853 ) ) ;
#1197 = AXIS2_PLACEMENT_3D ( 'NONE', #1394, #931, #1578 ) ;
#1198 = EDGE_CURVE ( 'NONE', #548, #216, #556, .T. ) ;
#1199 = CARTESIAN_POINT ( 'NONE',  ( -20.00000000000036593, 32.00000000000000000, -45.09999999999999432 ) ) ;
#1200 = EDGE_LOOP ( 'NONE', ( #1960, #645 ) ) ;
#1201 = EDGE_CURVE ( 'NONE', #1056, #1220, #1186, .T. ) ;
#1202 = EDGE_LOOP ( 'NONE', ( #1275, #1692, #1851, #1494 ) ) ;
#1203 = ORIENTED_EDGE ( 'NONE', *, *, #375, .F. ) ;
#1204 = CARTESIAN_POINT ( 'NONE',  ( 65.84999999999948272, 24.99999999999998224, 26.10000000000004761 ) ) ;
#1205 = EDGE_CURVE ( 'NONE', #1660, #221, #495, .T. ) ;
#1206 = DIRECTION ( 'NONE',  ( -1.000000000000000000, 0.000000000000000000, 0.000000000000000000 ) ) ;
#1207 = ORIENTED_EDGE ( 'NONE', *, *, #1374, .T. ) ;
#1208 = CYLINDRICAL_SURFACE ( 'NONE', #1280, 4.250000000000003553 ) ;
#1209 = FACE_BOUND ( 'NONE', #1929, .T. ) ;
#1210 = CARTESIAN_POINT ( 'NONE',  ( -78.09999999999998010, 100.0000000000000000, 43.10000000000000853 ) ) ;
#1211 = LINE ( 'NONE', #1043, #961 ) ;
#1212 = ORIENTED_EDGE ( 'NONE', *, *, #599, .F. ) ;
#1213 = ORIENTED_EDGE ( 'NONE', *, *, #359, .F. ) ;
#1214 = VECTOR ( 'NONE', #1543, 1000.000000000000000 ) ;
#1215 = ORIENTED_EDGE ( 'NONE', *, *, #672, .F. ) ;
#1216 = DIRECTION ( 'NONE',  ( 0.000000000000000000, 0.000000000000000000, 1.000000000000000000 ) ) ;
#1217 = DIRECTION ( 'NONE',  ( -0.000000000000000000, -1.000000000000000000, -0.000000000000000000 ) ) ;
#1218 = VERTEX_POINT ( 'NONE', #881 ) ;
#1219 = CARTESIAN_POINT ( 'NONE',  ( 40.10000000000000853, 33.00000000000000000, 20.85000000000000497 ) ) ;
#1220 = VERTEX_POINT ( 'NONE', #254 ) ;
#1221 = APPROVAL_DATE_TIME ( #1091, #1317 ) ;
#1222 = EDGE_LOOP ( 'NONE', ( #1188, #1319 ) ) ;
#1223 = DIRECTION ( 'NONE',  ( -0.000000000000000000, -0.000000000000000000, -1.000000000000000000 ) ) ;
#1224 = CARTESIAN_POINT ( 'NONE',  ( -50.09999999999998010, 100.0000000000000000, 35.10000000000000853 ) ) ;
#1225 = CARTESIAN_POINT ( 'NONE',  ( 70.09999999999975273, 49.99999999999997158, 45.10000000000000853 ) ) ;
#1226 = ORIENTED_EDGE ( 'NONE', *, *, #1185, .T. ) ;
#1227 = CIRCLE ( 'NONE', #1388, 4.250000000000000000 ) ;
#1228 = APPLICATION_CONTEXT ( 'configuration controlled 3d designs of mechanical parts and assemblies' ) ;
#1229 = SECURITY_CLASSIFICATION_LEVEL ( 'unclassified' ) ;
#1230 = CIRCLE ( 'NONE', #142, 4.250000000000007105 ) ;
#1231 = VERTEX_POINT ( 'NONE', #1349 ) ;
#1232 = LINE ( 'NONE', #1873, #127 ) ;
#1233 = LINE ( 'NONE', #442, #877 ) ;
#1234 = AXIS2_PLACEMENT_3D ( 'NONE', #1265, #2032, #932 ) ;
#1235 = CARTESIAN_POINT ( 'NONE',  ( 40.10000000000002274, 67.00000000000000000, -14.89999999999999680 ) ) ;
#1236 = CARTESIAN_POINT ( 'NONE',  ( -50.09999999999998010, 100.0000000000000000, -41.09999999999996589 ) ) ;
#1237 = PERSON_AND_ORGANIZATION_ROLE ( 'classification_officer' ) ;
#1238 = CARTESIAN_POINT ( 'NONE',  ( -40.09999999999996589, 67.00000000000000000, 20.84999999999999787 ) ) ;
#1239 = LINE ( 'NONE', #1250, #734 ) ;
#1240 = VECTOR ( 'NONE', #34, 1000.000000000000000 ) ;
#1241 = DIRECTION ( 'NONE',  ( -1.000000000000000000, -0.000000000000000000, -0.000000000000000000 ) ) ;
#1242 = DIRECTION ( 'NONE',  ( 0.000000000000000000, 0.000000000000000000, 1.000000000000000000 ) ) ;
#1243 = EDGE_CURVE ( 'NONE', #642, #586, #707, .T. ) ;
#1244 = DIRECTION ( 'NONE',  ( -1.000000000000000000, 0.000000000000000000, 0.000000000000000000 ) ) ;
#1245 = AXIS2_PLACEMENT_3D ( 'NONE', #1117, #952, #170 ) ;
#1246 = COORDINATED_UNIVERSAL_TIME_OFFSET ( 8, 0, .AHEAD. ) ;
#1247 = AXIS2_PLACEMENT_3D ( 'NONE', #679, #213, #1471 ) ;
#1248 = EDGE_CURVE ( 'NONE', #951, #576, #1105, .T. ) ;
#1249 = DIRECTION ( 'NONE',  ( -1.000000000000000000, -0.000000000000000000, -0.000000000000000000 ) ) ;
#1250 = CARTESIAN_POINT ( 'NONE',  ( 57.90000000000003411, 33.00000000000000000, 20.85000000000000497 ) ) ;
#1251 = ADVANCED_FACE ( 'NONE', ( #104 ), #1041, .T. ) ;
#1252 = CARTESIAN_POINT ( 'NONE',  ( -70.09999999999945430, 25.00000000000000711, 35.10000000000000853 ) ) ;
#1253 = CARTESIAN_POINT ( 'NONE',  ( 20.00000000000000355, 67.00000000000000000, -35.10000000000000142 ) ) ;
#1254 = CIRCLE ( 'NONE', #1090, 4.250000000000007105 ) ;
#1255 = DIRECTION ( 'NONE',  ( -1.000000000000000000, 0.000000000000000000, 0.000000000000000000 ) ) ;
#1256 = EDGE_CURVE ( 'NONE', #1779, #983, #1968, .T. ) ;
#1257 = EDGE_LOOP ( 'NONE', ( #1916, #1338 ) ) ;
#1258 = CIRCLE ( 'NONE', #658, 4.249999999999990230 ) ;
#1259 = CARTESIAN_POINT ( 'NONE',  ( -40.09999999999997300, 100.0000000000000000, 45.10000000000000853 ) ) ;
#1260 = AXIS2_PLACEMENT_3D ( 'NONE', #483, #1901, #39 ) ;
#1261 = EDGE_CURVE ( 'NONE', #1748, #728, #289, .T. ) ;
#1262 = CARTESIAN_POINT ( 'NONE',  ( -78.09999999999998010, 0.000000000000000000, 37.10000000000000853 ) ) ;
#1263 = CIRCLE ( 'NONE', #633, 4.250000000000000000 ) ;
#1264 = CARTESIAN_POINT ( 'NONE',  ( 70.10000000000000853, 74.99999999999997158, 26.10000000000004761 ) ) ;
#1265 = CARTESIAN_POINT ( 'NONE',  ( -70.09999999999998010, 75.00000000000001421, 45.10000000000000853 ) ) ;
#1266 = EDGE_LOOP ( 'NONE', ( #1074, #1726 ) ) ;
#1267 = LINE ( 'NONE', #1897, #518 ) ;
#1268 = EDGE_CURVE ( 'NONE', #2020, #1520, #425, .T. ) ;
#1269 = VERTEX_POINT ( 'NONE', #514 ) ;
#1270 = DIRECTION ( 'NONE',  ( -1.000000000000000000, 0.000000000000000000, 0.000000000000000000 ) ) ;
#1271 = FACE_OUTER_BOUND ( 'NONE', #1044, .T. ) ;
#1272 = VECTOR ( 'NONE', #258, 1000.000000000000000 ) ;
#1273 = CIRCLE ( 'NONE', #21, 4.250000000000000000 ) ;
#1274 = LINE ( 'NONE', #158, #2033 ) ;
#1275 = ORIENTED_EDGE ( 'NONE', *, *, #408, .F. ) ;
#1276 = DIRECTION ( 'NONE',  ( 0.000000000000000000, 0.000000000000000000, -1.000000000000000000 ) ) ;
#1277 = VECTOR ( 'NONE', #57, 1000.000000000000000 ) ;
#1278 = FACE_BOUND ( 'NONE', #1772, .T. ) ;
#1279 = VERTEX_POINT ( 'NONE', #695 ) ;
#1280 = AXIS2_PLACEMENT_3D ( 'NONE', #1062, #554, #1695 ) ;
#1281 = CARTESIAN_POINT ( 'NONE',  ( 70.09999999999975273, 49.99999999999997158, 45.10000000000000853 ) ) ;
#1282 = DIRECTION ( 'NONE',  ( -0.000000000000000000, -0.000000000000000000, 1.000000000000000000 ) ) ;
#1283 = DIRECTION ( 'NONE',  ( -1.000000000000000000, 0.000000000000000000, 0.000000000000000000 ) ) ;
#1284 = ORIENTED_EDGE ( 'NONE', *, *, #617, .F. ) ;
#1285 = DIRECTION ( 'NONE',  ( 1.000000000000000000, 0.000000000000000000, 0.000000000000000000 ) ) ;
#1286 = VECTOR ( 'NONE', #1749, 1000.000000000000000 ) ;
#1287 = CYLINDRICAL_SURFACE ( 'NONE', #1247, 4.250000000000007105 ) ;
#1288 = ORIENTED_EDGE ( 'NONE', *, *, #582, .T. ) ;
#1289 = LINE ( 'NONE', #24, #30 ) ;
#1290 = DIRECTION ( 'NONE',  ( 1.000000000000000000, 0.000000000000000000, -0.000000000000000000 ) ) ;
#1291 = CARTESIAN_POINT ( 'NONE',  ( 57.90000000000003411, 33.00000000000000000, 20.85000000000000497 ) ) ;
#1292 = AXIS2_PLACEMENT_3D ( 'NONE', #671, #1476, #1299 ) ;
#1293 = EDGE_LOOP ( 'NONE', ( #1626, #1832, #1542, #1373 ) ) ;
#1294 = DIRECTION ( 'NONE',  ( -0.000000000000000000, -0.000000000000000000, 1.000000000000000000 ) ) ;
#1295 = CARTESIAN_POINT ( 'NONE',  ( -50.09999999999998010, 100.0000000000000000, 35.10000000000000853 ) ) ;
#1296 = ORIENTED_EDGE ( 'NONE', *, *, #1547, .F. ) ;
#1297 = CARTESIAN_POINT ( 'NONE',  ( 70.09999999999945430, 24.99999999999998224, 45.10000000000000853 ) ) ;
#1298 = CARTESIAN_POINT ( 'NONE',  ( 50.10000000000000853, 100.0000000000000000, 35.10000000000000853 ) ) ;
#1299 = DIRECTION ( 'NONE',  ( -1.000000000000000000, 0.000000000000000000, 0.000000000000000000 ) ) ;
#1300 = ADVANCED_FACE ( 'NONE', ( #1441, #1937, #706, #399 ), #1629, .F. ) ;
#1301 = EDGE_LOOP ( 'NONE', ( #1516, #438, #161, #390, #824, #228, #742, #1514, #1964, #1621, #232, #1844, #1517, #422, #897, #675, #433, #1453 ) ) ;
#1302 = ORIENTED_EDGE ( 'NONE', *, *, #1464, .F. ) ;
#1303 = CARTESIAN_POINT ( 'NONE',  ( 50.10000000000000853, 0.000000000000000000, -41.09999999999996589 ) ) ;
#1304 = FACE_BOUND ( 'NONE', #852, .T. ) ;
#1305 = ADVANCED_FACE ( 'NONE', ( #1487, #1462, #1801, #1641 ), #206, .F. ) ;
#1306 = DIRECTION ( 'NONE',  ( -1.000000000000000000, 0.000000000000000000, 0.000000000000000000 ) ) ;
#1307 = VERTEX_POINT ( 'NONE', #990 ) ;
#1308 = ORIENTED_EDGE ( 'NONE', *, *, #1456, .T. ) ;
#1309 = CARTESIAN_POINT ( 'NONE',  ( -70.09999999999998010, 75.00000000000001421, 35.10000000000000853 ) ) ;
#1310 = CARTESIAN_POINT ( 'NONE',  ( 40.10000000000000853, 100.0000000000000000, 45.10000000000001563 ) ) ;
#1311 = CIRCLE ( 'NONE', #1146, 4.249999999999990230 ) ;
#1312 = EDGE_CURVE ( 'NONE', #1806, #1689, #915, .T. ) ;
#1313 = LINE ( 'NONE', #374, #75 ) ;
#1314 = ORIENTED_EDGE ( 'NONE', *, *, #634, .T. ) ;
#1315 = ORIENTED_EDGE ( 'NONE', *, *, #297, .F. ) ;
#1316 = DIRECTION ( 'NONE',  ( -0.000000000000000000, -1.000000000000000000, -0.000000000000000000 ) ) ;
#1317 = APPROVAL ( #911, '未指定' ) ;
#1318 = CARTESIAN_POINT ( 'NONE',  ( 50.10000000000000853, 33.00000000000000000, -14.89999999999999680 ) ) ;
#1319 = ORIENTED_EDGE ( 'NONE', *, *, #81, .T. ) ;
#1320 = VERTEX_POINT ( 'NONE', #826 ) ;
#1321 = EDGE_CURVE ( 'NONE', #856, #2000, #257, .T. ) ;
#1322 = DIRECTION ( 'NONE',  ( -1.000000000000000000, -0.000000000000000000, -0.000000000000000000 ) ) ;
#1323 = CARTESIAN_POINT ( 'NONE',  ( -78.09999999999996589, 100.0000000000000000, 45.10000000000000853 ) ) ;
#1324 = CARTESIAN_POINT ( 'NONE',  ( 65.84999999999948272, 24.99999999999998224, 35.10000000000000853 ) ) ;
#1325 = ORIENTED_EDGE ( 'NONE', *, *, #2004, .F. ) ;
#1326 = ORIENTED_EDGE ( 'NONE', *, *, #1670, .F. ) ;
#1327 = ORIENTED_EDGE ( 'NONE', *, *, #1761, .T. ) ;
#1328 = AXIS2_PLACEMENT_3D ( 'NONE', #1828, #580, #882 ) ;
#1329 = EDGE_CURVE ( 'NONE', #583, #247, #555, .T. ) ;
#1330 = DIRECTION ( 'NONE',  ( -1.000000000000000000, -0.000000000000000000, -0.000000000000000000 ) ) ;
#1331 = EDGE_CURVE ( 'NONE', #983, #411, #1872, .T. ) ;
#1332 = ORIENTED_EDGE ( 'NONE', *, *, #1612, .T. ) ;
#1333 = EDGE_LOOP ( 'NONE', ( #61, #903, #1812, #1865 ) ) ;
#1334 = ORIENTED_EDGE ( 'NONE', *, *, #144, .T. ) ;
#1335 = DIRECTION ( 'NONE',  ( 0.000000000000000000, 0.000000000000000000, 1.000000000000000000 ) ) ;
#1336 = DIRECTION ( 'NONE',  ( -0.000000000000000000, -0.000000000000000000, -1.000000000000000000 ) ) ;
#1337 = DIRECTION ( 'NONE',  ( -1.000000000000000000, -0.000000000000000000, -0.000000000000000000 ) ) ;
#1338 = ORIENTED_EDGE ( 'NONE', *, *, #1931, .T. ) ;
#1339 = ORIENTED_EDGE ( 'NONE', *, *, #18, .F. ) ;
#1340 = VECTOR ( 'NONE', #1244, 1000.000000000000000 ) ;
#1341 = EDGE_CURVE ( 'NONE', #404, #1220, #1592, .T. ) ;
#1342 = VECTOR ( 'NONE', #1815, 1000.000000000000000 ) ;
#1343 = APPLICATION_PROTOCOL_DEFINITION ( 'international standard', 'config_control_design', 1994, #1228 ) ;
#1344 = LINE ( 'NONE', #1797, #1941 ) ;
#1345 = ORIENTED_EDGE ( 'NONE', *, *, #1153, .F. ) ;
#1346 = VERTEX_POINT ( 'NONE', #1159 ) ;
#1347 = DIRECTION ( 'NONE',  ( 0.000000000000000000, 0.000000000000000000, 1.000000000000000000 ) ) ;
#1348 = FACE_BOUND ( 'NONE', #1989, .T. ) ;
#1349 = CARTESIAN_POINT ( 'NONE',  ( 50.10000000000000853, 33.00000000000000000, -19.14999999999999858 ) ) ;
#1350 = AXIS2_PLACEMENT_3D ( 'NONE', #710, #1179, #1988 ) ;
#1351 = DIRECTION ( 'NONE',  ( -1.000000000000000000, 0.000000000000000000, 0.000000000000000000 ) ) ;
#1352 = EDGE_LOOP ( 'NONE', ( #363, #496, #1012, #686 ) ) ;
#1353 = AXIS2_PLACEMENT_3D ( 'NONE', #930, #613, #1732 ) ;
#1354 = EDGE_LOOP ( 'NONE', ( #1037, #697, #188, #1680 ) ) ;
#1355 = ADVANCED_FACE ( 'NONE', ( #1184, #657, #1814, #670 ), #544, .F. ) ;
#1356 = AXIS2_PLACEMENT_3D ( 'NONE', #507, #821, #1721 ) ;
#1357 = DIRECTION ( 'NONE',  ( 0.000000000000000000, 0.000000000000000000, 1.000000000000000000 ) ) ;
#1358 = CARTESIAN_POINT ( 'NONE',  ( 80.10000000000000853, 100.0000000000000000, 37.10000000000002274 ) ) ;
#1359 = VERTEX_POINT ( 'NONE', #345 ) ;
#1360 = CARTESIAN_POINT ( 'NONE',  ( 24.25000000000001066, 67.00000000000000000, -26.10000000000003340 ) ) ;
#1361 = FACE_OUTER_BOUND ( 'NONE', #1896, .T. ) ;
#1362 = CARTESIAN_POINT ( 'NONE',  ( 57.90000000000003411, 33.00000000000000000, -10.64999999999999680 ) ) ;
#1363 = CIRCLE ( 'NONE', #1356, 4.250000000000000000 ) ;
#1364 = DIRECTION ( 'NONE',  ( 0.000000000000000000, 0.000000000000000000, 1.000000000000000000 ) ) ;
#1365 = CIRCLE ( 'NONE', #573, 4.250000000000000000 ) ;
#1366 = ORIENTED_EDGE ( 'NONE', *, *, #36, .F. ) ;
#1367 = ORIENTED_EDGE ( 'NONE', *, *, #1112, .F. ) ;
#1368 = ORIENTED_EDGE ( 'NONE', *, *, #672, .T. ) ;
#1369 = DIRECTION ( 'NONE',  ( -1.000000000000000000, -0.000000000000000000, -0.000000000000000000 ) ) ;
#1370 = DIRECTION ( 'NONE',  ( -1.000000000000000000, 0.000000000000000000, 0.000000000000000000 ) ) ;
#1371 = ORIENTED_EDGE ( 'NONE', *, *, #794, .T. ) ;
#1372 = CARTESIAN_POINT ( 'NONE',  ( -40.09999999999996589, 67.00000000000000000, -14.89999999999999680 ) ) ;
#1373 = ORIENTED_EDGE ( 'NONE', *, *, #118, .T. ) ;
#1374 = EDGE_CURVE ( 'NONE', #488, #1065, #1924, .T. ) ;
#1375 = VERTEX_POINT ( 'NONE', #1323 ) ;
#1376 = AXIS2_PLACEMENT_3D ( 'NONE', #125, #894, #567 ) ;
#1377 = ORIENTED_EDGE ( 'NONE', *, *, #1153, .T. ) ;
#1378 = DIRECTION ( 'NONE',  ( -1.000000000000000000, 0.000000000000000000, -0.000000000000000000 ) ) ;
#1379 = CYLINDRICAL_SURFACE ( 'NONE', #755, 4.250000000000007105 ) ;
#1380 = DESIGN_CONTEXT ( 'detailed design', #1969, 'design' ) ;
#1381 = FACE_OUTER_BOUND ( 'NONE', #1438, .T. ) ;
#1382 = ORIENTED_EDGE ( 'NONE', *, *, #1755, .F. ) ;
#1383 = CC_DESIGN_PERSON_AND_ORGANIZATION_ASSIGNMENT ( #262, #273, ( #1017 ) ) ;
#1384 = VERTEX_POINT ( 'NONE', #502 ) ;
#1385 = CARTESIAN_POINT ( 'NONE',  ( 57.90000000000003411, 67.00000000000000000, -14.89999999999999680 ) ) ;
#1386 = DIRECTION ( 'NONE',  ( -0.000000000000000000, -1.000000000000000000, -0.000000000000000000 ) ) ;
#1387 = FACE_OUTER_BOUND ( 'NONE', #1799, .T. ) ;
#1388 = AXIS2_PLACEMENT_3D ( 'NONE', #1461, #51, #682 ) ;
#1389 = VECTOR ( 'NONE', #1054, 1000.000000000000000 ) ;
#1390 = ADVANCED_FACE ( 'NONE', ( #1760 ), #1602, .F. ) ;
#1391 = CYLINDRICAL_SURFACE ( 'NONE', #1803, 4.250000000000000000 ) ;
#1392 = CARTESIAN_POINT ( 'NONE',  ( -50.09999999999998010, 100.0000000000000000, 35.10000000000000853 ) ) ;
#1393 = CARTESIAN_POINT ( 'NONE',  ( 65.84999999999973852, 49.99999999999997158, 35.10000000000000853 ) ) ;
#1394 = CARTESIAN_POINT ( 'NONE',  ( -46.09999999999994458, 100.0000000000000000, -45.09999999999999432 ) ) ;
#1395 = DIRECTION ( 'NONE',  ( -1.000000000000000000, -0.000000000000000000, -0.000000000000000000 ) ) ;
#1396 = EDGE_CURVE ( 'NONE', #871, #1375, #341, .T. ) ;
#1397 = EDGE_CURVE ( 'NONE', #1320, #402, #849, .T. ) ;
#1398 = PERSON_AND_ORGANIZATION_ROLE ( 'creator' ) ;
#1399 = CARTESIAN_POINT ( 'NONE',  ( 74.34999999999942588, 24.99999999999998224, 26.10000000000004761 ) ) ;
#1400 = CYLINDRICAL_SURFACE ( 'NONE', #1782, 4.250000000000003553 ) ;
#1401 = AXIS2_PLACEMENT_3D ( 'NONE', #1147, #816, #1442 ) ;
#1402 = AXIS2_PLACEMENT_3D ( 'NONE', #2022, #414, #1039 ) ;
#1403 = EDGE_CURVE ( 'NONE', #1279, #1111, #385, .T. ) ;
#1404 = LINE ( 'NONE', #1561, #860 ) ;
#1405 = DIRECTION ( 'NONE',  ( 0.000000000000000000, 0.000000000000000000, 1.000000000000000000 ) ) ;
#1406 = EDGE_CURVE ( 'NONE', #1787, #1656, #1233, .T. ) ;
#1407 = DIRECTION ( 'NONE',  ( -1.000000000000000000, 0.000000000000000000, 0.000000000000000000 ) ) ;
#1408 = AXIS2_PLACEMENT_3D ( 'NONE', #1168, #249, #394 ) ;
#1409 = ADVANCED_FACE ( 'NONE', ( #578 ), #1867, .T. ) ;
#1410 = EDGE_CURVE ( 'NONE', #1307, #402, #880, .T. ) ;
#1411 = AXIS2_PLACEMENT_3D ( 'NONE', #689, #1796, #365 ) ;
#1412 = DIRECTION ( 'NONE',  ( 1.000000000000000000, -0.000000000000000000, 2.595596223406693159E-16 ) ) ;
#1413 = DIRECTION ( 'NONE',  ( 0.000000000000000000, 0.000000000000000000, -1.000000000000000000 ) ) ;
#1414 = FACE_OUTER_BOUND ( 'NONE', #355, .T. ) ;
#1415 = CARTESIAN_POINT ( 'NONE',  ( -50.09999999999998010, 33.00000000000000000, 29.35000000000000497 ) ) ;
#1416 = ADVANCED_FACE ( 'NONE', ( #435 ), #424, .F. ) ;
#1417 = ORIENTED_EDGE ( 'NONE', *, *, #1256, .T. ) ;
#1418 = AXIS2_PLACEMENT_3D ( 'NONE', #1733, #472, #2031 ) ;
#1419 = CARTESIAN_POINT ( 'NONE',  ( 50.10000000000000853, 100.0000000000000000, -41.09999999999996589 ) ) ;
#1420 = VECTOR ( 'NONE', #1932, 1000.000000000000000 ) ;
#1421 = ORIENTED_EDGE ( 'NONE', *, *, #350, .T. ) ;
#1422 = DIRECTION ( 'NONE',  ( -1.000000000000000000, -0.000000000000000000, -0.000000000000000000 ) ) ;
#1423 = CIRCLE ( 'NONE', #539, 4.250000000000003553 ) ;
#1424 = CYLINDRICAL_SURFACE ( 'NONE', #8, 4.250000000000003553 ) ;
#1425 = LINE ( 'NONE', #26, #179 ) ;
#1426 = EDGE_LOOP ( 'NONE', ( #2005, #830, #1138, #835 ) ) ;
#1427 = DIRECTION ( 'NONE',  ( 0.000000000000000000, 0.000000000000000000, 1.000000000000000000 ) ) ;
#1428 = DIRECTION ( 'NONE',  ( 0.000000000000000000, 0.000000000000000000, 1.000000000000000000 ) ) ;
#1429 = ORIENTED_EDGE ( 'NONE', *, *, #746, .F. ) ;
#1430 = LINE ( 'NONE', #1086, #1029 ) ;
#1431 = FACE_OUTER_BOUND ( 'NONE', #1817, .T. ) ;
#1432 = AXIS2_PLACEMENT_3D ( 'NONE', #1512, #1826, #579 ) ;
#1433 = DIRECTION ( 'NONE',  ( -0.000000000000000000, -0.000000000000000000, -1.000000000000000000 ) ) ;
#1434 = ORIENTED_EDGE ( 'NONE', *, *, #403, .T. ) ;
#1435 = DIRECTION ( 'NONE',  ( 0.000000000000000000, 0.000000000000000000, -1.000000000000000000 ) ) ;
#1436 = LOCAL_TIME ( 14, 56, 59.00000000000000000, #1505 ) ;
#1437 = CARTESIAN_POINT ( 'NONE',  ( 19.99999999999964118, 32.00000000000000000, -45.09999999999999432 ) ) ;
#1438 = EDGE_LOOP ( 'NONE', ( #1215, #1945, #987, #338 ) ) ;
#1439 = VECTOR ( 'NONE', #1223, 1000.000000000000000 ) ;
#1440 = DIRECTION ( 'NONE',  ( -0.000000000000000000, -0.000000000000000000, 1.000000000000000000 ) ) ;
#1441 = FACE_BOUND ( 'NONE', #84, .T. ) ;
#1442 = DIRECTION ( 'NONE',  ( -1.000000000000000000, 0.000000000000000000, 0.000000000000000000 ) ) ;
#1443 = ORIENTED_EDGE ( 'NONE', *, *, #1163, .F. ) ;
#1444 = LINE ( 'NONE', #38, #572 ) ;
#1445 = AXIS2_PLACEMENT_3D ( 'NONE', #628, #664, #1727 ) ;
#1446 = CARTESIAN_POINT ( 'NONE',  ( -19.99999999999999645, 67.00000000000000000, -45.09999999999999432 ) ) ;
#1447 = EDGE_CURVE ( 'NONE', #2000, #856, #1466, .T. ) ;
#1448 = VERTEX_POINT ( 'NONE', #1663 ) ;
#1449 = CARTESIAN_POINT ( 'NONE',  ( 70.09999999999975273, 49.99999999999997158, 26.10000000000004761 ) ) ;
#1450 = DIRECTION ( 'NONE',  ( 0.000000000000000000, -0.000000000000000000, 1.000000000000000000 ) ) ;
#1451 = DIRECTION ( 'NONE',  ( 0.000000000000000000, 0.000000000000000000, -1.000000000000000000 ) ) ;
#1452 = ORIENTED_EDGE ( 'NONE', *, *, #1991, .T. ) ;
#1453 = ORIENTED_EDGE ( 'NONE', *, *, #1396, .T. ) ;
#1454 = ADVANCED_FACE ( 'NONE', ( #1361 ), #605, .F. ) ;
#1455 = CARTESIAN_POINT ( 'NONE',  ( -24.25000000000000355, 67.00000000000000000, -35.10000000000000142 ) ) ;
#1456 = EDGE_CURVE ( 'NONE', #1616, #809, #1837, .T. ) ;
#1457 = LINE ( 'NONE', #392, #1852 ) ;
#1458 = CARTESIAN_POINT ( 'NONE',  ( -74.34999999999998010, 75.00000000000001421, 26.10000000000004761 ) ) ;
#1459 = VERTEX_POINT ( 'NONE', #1510 ) ;
#1460 = VERTEX_POINT ( 'NONE', #1063 ) ;
#1461 = CARTESIAN_POINT ( 'NONE',  ( -40.09999999999996589, 33.00000000000000000, 25.10000000000000497 ) ) ;
#1462 = FACE_BOUND ( 'NONE', #436, .T. ) ;
#1463 = CARTESIAN_POINT ( 'NONE',  ( 70.09999999999975273, 49.99999999999997158, 26.10000000000004761 ) ) ;
#1464 = EDGE_CURVE ( 'NONE', #1787, #1912, #102, .T. ) ;
#1465 = CIRCLE ( 'NONE', #2010, 4.250000000000007105 ) ;
#1466 = CIRCLE ( 'NONE', #1376, 4.250000000000003553 ) ;
#1467 = ORIENTED_EDGE ( 'NONE', *, *, #634, .F. ) ;
#1468 = ORIENTED_EDGE ( 'NONE', *, *, #27, .F. ) ;
#1469 = LINE ( 'NONE', #995, #1277 ) ;
#1470 = ADVANCED_FACE ( 'NONE', ( #1688 ), #1379, .F. ) ;
#1471 = DIRECTION ( 'NONE',  ( -1.000000000000000000, 0.000000000000000000, 0.000000000000000000 ) ) ;
#1472 = EDGE_LOOP ( 'NONE', ( #1314, #279 ) ) ;
#1473 = ORIENTED_EDGE ( 'NONE', *, *, #1991, .F. ) ;
#1474 = CARTESIAN_POINT ( 'NONE',  ( 78.09999999999999432, 100.0000000000000000, 35.10000000000000853 ) ) ;
#1475 = CARTESIAN_POINT ( 'NONE',  ( -78.09999999999998010, 100.0000000000000000, 43.10000000000000853 ) ) ;
#1476 = DIRECTION ( 'NONE',  ( 0.000000000000000000, 0.000000000000000000, -1.000000000000000000 ) ) ;
#1477 = ORIENTED_EDGE ( 'NONE', *, *, #909, .F. ) ;
#1478 = VERTEX_POINT ( 'NONE', #1996 ) ;
#1479 = ORIENTED_EDGE ( 'NONE', *, *, #1992, .F. ) ;
#1480 = ADVANCED_FACE ( 'NONE', ( #1209, #1348, #1026, #598, #267 ), #754, .F. ) ;
#1481 = LINE ( 'NONE', #985, #1678 ) ;
#1482 = DIRECTION ( 'NONE',  ( -1.000000000000000000, 0.000000000000000000, 0.000000000000000000 ) ) ;
#1483 = ORIENTED_EDGE ( 'NONE', *, *, #1631, .T. ) ;
#1484 = ORIENTED_EDGE ( 'NONE', *, *, #822, .F. ) ;
#1485 = DIRECTION ( 'NONE',  ( -1.000000000000000000, 0.000000000000000000, 0.000000000000000000 ) ) ;
#1486 = AXIS2_PLACEMENT_3D ( 'NONE', #656, #1132, #837 ) ;
#1487 = FACE_BOUND ( 'NONE', #1780, .T. ) ;
#1488 = CARTESIAN_POINT ( 'NONE',  ( 57.90000000000003411, 33.00000000000000000, 29.35000000000000497 ) ) ;
#1489 = VECTOR ( 'NONE', #828, 1000.000000000000000 ) ;
#1490 = VERTEX_POINT ( 'NONE', #115 ) ;
#1491 = ORIENTED_EDGE ( 'NONE', *, *, #1031, .T. ) ;
#1492 = CYLINDRICAL_SURFACE ( 'NONE', #1906, 4.250000000000003553 ) ;
#1493 = DIRECTION ( 'NONE',  ( 0.000000000000000000, 0.000000000000000000, 1.000000000000000000 ) ) ;
#1494 = ORIENTED_EDGE ( 'NONE', *, *, #1499, .T. ) ;
#1495 = ORIENTED_EDGE ( 'NONE', *, *, #1243, .F. ) ;
#1496 = CARTESIAN_POINT ( 'NONE',  ( -80.09999999999998010, 0.000000000000000000, 43.09999999999999432 ) ) ;
#1497 = CARTESIAN_POINT ( 'NONE',  ( 40.10000000000000853, 33.00000000000000000, 29.35000000000000497 ) ) ;
#1498 = DIRECTION ( 'NONE',  ( 1.000000000000000000, 0.000000000000000000, 0.000000000000000000 ) ) ;
#1499 = EDGE_CURVE ( 'NONE', #1635, #1794, #1008, .T. ) ;
#1500 = CARTESIAN_POINT ( 'NONE',  ( 40.10000000000000853, 67.00000000000000000, 20.84999999999999787 ) ) ;
#1501 = ORIENTED_EDGE ( 'NONE', *, *, #184, .F. ) ;
#1502 = ORIENTED_EDGE ( 'NONE', *, *, #1840, .F. ) ;
#1503 = AXIS2_PLACEMENT_3D ( 'NONE', #473, #1742, #781 ) ;
#1504 = VECTOR ( 'NONE', #1336, 1000.000000000000000 ) ;
#1505 = COORDINATED_UNIVERSAL_TIME_OFFSET ( 8, 0, .AHEAD. ) ;
#1506 = DIRECTION ( 'NONE',  ( -0.000000000000000000, -0.000000000000000000, 1.000000000000000000 ) ) ;
#1507 = ORIENTED_EDGE ( 'NONE', *, *, #1248, .T. ) ;
#1508 = ORIENTED_EDGE ( 'NONE', *, *, #1889, .F. ) ;
#1509 = LINE ( 'NONE', #1360, #1214 ) ;
#1510 = CARTESIAN_POINT ( 'NONE',  ( -74.34999999999998010, 75.00000000000001421, 45.10000000000000853 ) ) ;
#1511 = VECTOR ( 'NONE', #563, 1000.000000000000000 ) ;
#1512 = CARTESIAN_POINT ( 'NONE',  ( -78.09999999999998010, 0.000000000000000000, 43.10000000000000853 ) ) ;
#1513 = DIRECTION ( 'NONE',  ( 1.000000000000000000, 0.000000000000000000, 0.000000000000000000 ) ) ;
#1514 = ORIENTED_EDGE ( 'NONE', *, *, #746, .T. ) ;
#1515 = CIRCLE ( 'NONE', #561, 2.000000000000001776 ) ;
#1516 = ORIENTED_EDGE ( 'NONE', *, *, #297, .T. ) ;
#1517 = ORIENTED_EDGE ( 'NONE', *, *, #12, .T. ) ;
#1518 = AXIS2_PLACEMENT_3D ( 'NONE', #25, #631, #1717 ) ;
#1519 = APPROVAL_ROLE ( '' ) ;
#1520 = VERTEX_POINT ( 'NONE', #1696 ) ;
#1521 = LINE ( 'NONE', #101, #1439 ) ;
#1522 = DIRECTION ( 'NONE',  ( 1.000000000000000000, -0.000000000000000000, 0.000000000000000000 ) ) ;
#1523 = EDGE_CURVE ( 'NONE', #1220, #404, #1273, .T. ) ;
#1524 = ORIENTED_EDGE ( 'NONE', *, *, #20, .T. ) ;
#1525 = AXIS2_PLACEMENT_3D ( 'NONE', #2029, #1077, #620 ) ;
#1526 = DIRECTION ( 'NONE',  ( 0.000000000000000000, 0.000000000000000000, -1.000000000000000000 ) ) ;
#1527 = AXIS2_PLACEMENT_3D ( 'NONE', #1437, #954, #1771 ) ;
#1528 = VERTEX_POINT ( 'NONE', #1497 ) ;
#1529 = ORIENTED_EDGE ( 'NONE', *, *, #350, .F. ) ;
#1530 = CIRCLE ( 'NONE', #701, 4.250000000000003553 ) ;
#1531 = APPROVAL_DATE_TIME ( #467, #1558 ) ;
#1532 = EDGE_CURVE ( 'NONE', #601, #440, #382, .T. ) ;
#1533 = VERTEX_POINT ( 'NONE', #132 ) ;
#1534 = CARTESIAN_POINT ( 'NONE',  ( 40.10000000000002274, 33.00000000000000000, -14.89999999999999680 ) ) ;
#1535 = CARTESIAN_POINT ( 'NONE',  ( 20.00000000000000355, 67.00000000000000000, -26.10000000000003340 ) ) ;
#1536 = CARTESIAN_POINT ( 'NONE',  ( -50.09999999999998010, 67.00000000000000000, -19.14999999999999858 ) ) ;
#1537 = CC_DESIGN_PERSON_AND_ORGANIZATION_ASSIGNMENT ( #1189, #1818, ( #1883 ) ) ;
#1538 = ORIENTED_EDGE ( 'NONE', *, *, #1927, .F. ) ;
#1539 = AXIS2_PLACEMENT_3D ( 'NONE', #916, #870, #90 ) ;
#1540 = PERSON_AND_ORGANIZATION ( #419, #458 ) ;
#1541 = VECTOR ( 'NONE', #1849, 1000.000000000000000 ) ;
#1542 = ORIENTED_EDGE ( 'NONE', *, *, #184, .T. ) ;
#1543 = DIRECTION ( 'NONE',  ( -0.000000000000000000, -0.000000000000000000, -1.000000000000000000 ) ) ;
#1544 = DIRECTION ( 'NONE',  ( -1.000000000000000000, 0.000000000000000000, 0.000000000000000000 ) ) ;
#1545 = DIRECTION ( 'NONE',  ( 0.000000000000000000, 0.000000000000000000, 1.000000000000000000 ) ) ;
#1546 = VECTOR ( 'NONE', #1783, 1000.000000000000000 ) ;
#1547 = EDGE_CURVE ( 'NONE', #1375, #576, #765, .T. ) ;
#1548 = AXIS2_PLACEMENT_3D ( 'NONE', #1957, #1158, #33 ) ;
#1549 = CARTESIAN_POINT ( 'NONE',  ( 40.10000000000002274, 67.00000000000000000, -19.14999999999999858 ) ) ;
#1550 = DIRECTION ( 'NONE',  ( -1.000000000000000000, -0.000000000000000000, -0.000000000000000000 ) ) ;
#1551 = DIRECTION ( 'NONE',  ( 0.000000000000000000, 0.000000000000000000, 1.000000000000000000 ) ) ;
#1552 = CARTESIAN_POINT ( 'NONE',  ( 20.00000000000000355, 67.00000000000000000, -26.10000000000003340 ) ) ;
#1553 = AXIS2_PLACEMENT_3D ( 'NONE', #1114, #1904, #1405 ) ;
#1554 = ADVANCED_FACE ( 'NONE', ( #449, #309, #1882, #146 ), #1085, .F. ) ;
#1555 = AXIS2_PLACEMENT_3D ( 'NONE', #1235, #294, #2038 ) ;
#1556 = EDGE_CURVE ( 'NONE', #1116, #216, #107, .T. ) ;
#1557 = CIRCLE ( 'NONE', #1292, 4.250000000000007105 ) ;
#1558 = APPROVAL ( #776, '未指定' ) ;
#1559 = DIRECTION ( 'NONE',  ( -0.000000000000000000, -1.000000000000000000, -0.000000000000000000 ) ) ;
#1560 = DIRECTION ( 'NONE',  ( 0.000000000000000000, 0.000000000000000000, 1.000000000000000000 ) ) ;
#1561 = CARTESIAN_POINT ( 'NONE',  ( 50.10000000000000853, 100.0000000000000000, -41.09999999999996589 ) ) ;
#1562 = CARTESIAN_POINT ( 'NONE',  ( 57.90000000000003411, 67.00000000000000000, -10.64999999999999325 ) ) ;
#1563 = CARTESIAN_POINT ( 'NONE',  ( 78.10000000000000853, 0.000000000000000000, 37.10000000000000853 ) ) ;
#1564 = EDGE_CURVE ( 'NONE', #1490, #594, #1258, .T. ) ;
#1565 = CARTESIAN_POINT ( 'NONE',  ( 70.09999999999945430, 24.99999999999998224, 45.10000000000000853 ) ) ;
#1566 = CARTESIAN_POINT ( 'NONE',  ( 57.90000000000003411, 33.00000000000000000, 25.10000000000000497 ) ) ;
#1567 = DIRECTION ( 'NONE',  ( 0.000000000000000000, 0.000000000000000000, -1.000000000000000000 ) ) ;
#1568 = CARTESIAN_POINT ( 'NONE',  ( 65.84999999999948272, 24.99999999999998224, 45.10000000000000853 ) ) ;
#1569 = FACE_OUTER_BOUND ( 'NONE', #1955, .T. ) ;
#1570 = ORIENTED_EDGE ( 'NONE', *, *, #1697, .F. ) ;
#1571 = VECTOR ( 'NONE', #178, 1000.000000000000000 ) ;
#1572 = CARTESIAN_POINT ( 'NONE',  ( -65.84999999999998010, 75.00000000000001421, 35.10000000000000853 ) ) ;
#1573 = EDGE_LOOP ( 'NONE', ( #1075, #945 ) ) ;
#1574 = LINE ( 'NONE', #1739, #1651 ) ;
#1575 = CARTESIAN_POINT ( 'NONE',  ( 40.10000000000002984, 100.0000000000000000, -35.10000000000000142 ) ) ;
#1576 = LINE ( 'NONE', #939, #1135 ) ;
#1577 = ORIENTED_EDGE ( 'NONE', *, *, #1101, .F. ) ;
#1578 = DIRECTION ( 'NONE',  ( 1.000000000000000000, 0.000000000000000000, -0.000000000000000000 ) ) ;
#1579 = CYLINDRICAL_SURFACE ( 'NONE', #901, 4.250000000000000000 ) ;
#1580 = ORIENTED_EDGE ( 'NONE', *, *, #1064, .F. ) ;
#1581 = PLANE ( 'NONE',  #1353 ) ;
#1582 = VECTOR ( 'NONE', #287, 1000.000000000000000 ) ;
#1583 = FACE_OUTER_BOUND ( 'NONE', #49, .T. ) ;
#1584 = FACE_OUTER_BOUND ( 'NONE', #976, .T. ) ;
#1585 = VERTEX_POINT ( 'NONE', #1392 ) ;
#1586 = CARTESIAN_POINT ( 'NONE',  ( 80.10000000000000853, 0.000000000000000000, 43.09999999999999432 ) ) ;
#1587 = FACE_BOUND ( 'NONE', #1222, .T. ) ;
#1588 = ORIENTED_EDGE ( 'NONE', *, *, #1341, .F. ) ;
#1589 = DIRECTION ( 'NONE',  ( -0.000000000000000000, -0.000000000000000000, 1.000000000000000000 ) ) ;
#1590 = CIRCLE ( 'NONE', #508, 4.250000000000003553 ) ;
#1591 = DIRECTION ( 'NONE',  ( -1.000000000000000000, 0.000000000000000000, -0.000000000000000000 ) ) ;
#1592 = CIRCLE ( 'NONE', #714, 4.250000000000000000 ) ;
#1593 = CARTESIAN_POINT ( 'NONE',  ( -40.09999999999997300, 100.0000000000000000, -35.10000000000000142 ) ) ;
#1594 = ORIENTED_EDGE ( 'NONE', *, *, #790, .T. ) ;
#1595 = EDGE_CURVE ( 'NONE', #288, #411, #1239, .T. ) ;
#1596 = CARTESIAN_POINT ( 'NONE',  ( -50.09999999999998010, 100.0000000000000000, 35.10000000000000853 ) ) ;
#1597 = LOCAL_TIME ( 14, 56, 59.00000000000000000, #750 ) ;
#1598 = AXIS2_PLACEMENT_3D ( 'NONE', #1102, #1113, #319 ) ;
#1599 = CARTESIAN_POINT ( 'NONE',  ( -80.09999999999998010, 100.0000000000000000, 37.10000000000002274 ) ) ;
#1600 = VERTEX_POINT ( 'NONE', #1874 ) ;
#1601 = CARTESIAN_POINT ( 'NONE',  ( -65.84999999999945430, 25.00000000000000711, 35.10000000000000853 ) ) ;
#1602 = CYLINDRICAL_SURFACE ( 'NONE', #180, 4.250000000000003553 ) ;
#1603 = CARTESIAN_POINT ( 'NONE',  ( 40.10000000000000853, 67.00000000000000000, 25.10000000000000497 ) ) ;
#1604 = ADVANCED_FACE ( 'NONE', ( #1714 ), #457, .F. ) ;
#1605 = CIRCLE ( 'NONE', #1887, 4.250000000000007105 ) ;
#1606 = ADVANCED_FACE ( 'NONE', ( #292 ), #1400, .F. ) ;
#1607 = ADVANCED_FACE ( 'NONE', ( #468 ), #1093, .F. ) ;
#1608 = ORIENTED_EDGE ( 'NONE', *, *, #224, .F. ) ;
#1609 = EDGE_LOOP ( 'NONE', ( #1491, #1694, #426, #553 ) ) ;
#1610 = CARTESIAN_POINT ( 'NONE',  ( -40.09999999999997300, 100.0000000000000000, -35.10000000000000142 ) ) ;
#1611 = AXIS2_PLACEMENT_3D ( 'NONE', #306, #475, #1908 ) ;
#1612 = EDGE_CURVE ( 'NONE', #1108, #1766, #1254, .T. ) ;
#1613 = DIRECTION ( 'NONE',  ( -1.000000000000000000, -0.000000000000000000, -0.000000000000000000 ) ) ;
#1614 = ORIENTED_EDGE ( 'NONE', *, *, #1612, .F. ) ;
#1615 = PRODUCT_RELATED_PRODUCT_CATEGORY ( 'detail', '', ( #1883 ) ) ;
#1616 = VERTEX_POINT ( 'NONE', #1575 ) ;
#1617 = CARTESIAN_POINT ( 'NONE',  ( -15.74999999999998934, 67.00000000000000000, -26.10000000000003340 ) ) ;
#1618 = DIRECTION ( 'NONE',  ( 1.000000000000000000, 0.000000000000000000, 0.000000000000000000 ) ) ;
#1619 = DIRECTION ( 'NONE',  ( -1.000000000000000000, -0.000000000000000000, -0.000000000000000000 ) ) ;
#1620 = EDGE_CURVE ( 'NONE', #1448, #1142, #1885, .T. ) ;
#1621 = ORIENTED_EDGE ( 'NONE', *, *, #4, .T. ) ;
#1622 = VERTEX_POINT ( 'NONE', #1096 ) ;
#1623 = CARTESIAN_POINT ( 'NONE',  ( 70.10000000000000853, 74.99999999999997158, 35.10000000000000853 ) ) ;
#1624 = DIRECTION ( 'NONE',  ( -1.000000000000000000, -0.000000000000000000, -0.000000000000000000 ) ) ;
#1625 = FACE_OUTER_BOUND ( 'NONE', #173, .T. ) ;
#1626 = ORIENTED_EDGE ( 'NONE', *, *, #1042, .F. ) ;
#1627 = VERTEX_POINT ( 'NONE', #1568 ) ;
#1628 = LINE ( 'NONE', #513, #235 ) ;
#1629 = PLANE ( 'NONE',  #454 ) ;
#1630 = LINE ( 'NONE', #1653, #863 ) ;
#1631 = EDGE_CURVE ( 'NONE', #1951, #322, #900, .T. ) ;
#1632 = AXIS2_PLACEMENT_3D ( 'NONE', #913, #456, #1713 ) ;
#1633 = AXIS2_PLACEMENT_3D ( 'NONE', #1224, #1522, #1857 ) ;
#1634 = ORIENTED_EDGE ( 'NONE', *, *, #1840, .T. ) ;
#1635 = VERTEX_POINT ( 'NONE', #336 ) ;
#1636 = CARTESIAN_POINT ( 'NONE',  ( -46.09999999999994458, 100.0000000000000000, -45.09999999999999432 ) ) ;
#1637 = CARTESIAN_POINT ( 'NONE',  ( -65.84999999999971010, 50.00000000000000711, 26.10000000000004761 ) ) ;
#1638 = ORIENTED_EDGE ( 'NONE', *, *, #451, .F. ) ;
#1639 = ORIENTED_EDGE ( 'NONE', *, *, #1684, .F. ) ;
#1640 = DIRECTION ( 'NONE',  ( -1.000000000000000000, 0.000000000000000000, 0.000000000000000000 ) ) ;
#1641 = FACE_OUTER_BOUND ( 'NONE', #1023, .T. ) ;
#1642 = DIRECTION ( 'NONE',  ( -0.000000000000000000, -0.000000000000000000, -1.000000000000000000 ) ) ;
#1643 = AXIS2_PLACEMENT_3D ( 'NONE', #86, #1485, #1347 ) ;
#1644 = EDGE_LOOP ( 'NONE', ( #1645, #1069, #1829, #260 ) ) ;
#1645 = ORIENTED_EDGE ( 'NONE', *, *, #1850, .T. ) ;
#1646 = CARTESIAN_POINT ( 'NONE',  ( 57.90000000000003411, 33.00000000000000000, 25.10000000000000497 ) ) ;
#1647 = CARTESIAN_POINT ( 'NONE',  ( -70.09999999999972431, 50.00000000000000711, 26.10000000000004761 ) ) ;
#1648 = ORIENTED_EDGE ( 'NONE', *, *, #464, .T. ) ;
#1649 = ORIENTED_EDGE ( 'NONE', *, *, #12, .F. ) ;
#1650 = PLANE ( 'NONE',  #314 ) ;
#1651 = VECTOR ( 'NONE', #623, 1000.000000000000000 ) ;
#1652 = CARTESIAN_POINT ( 'NONE',  ( -19.99999999999999645, 67.00000000000000000, -45.09999999999999432 ) ) ;
#1653 = CARTESIAN_POINT ( 'NONE',  ( -74.34999999999945430, 25.00000000000000711, 26.10000000000004761 ) ) ;
#1654 = CIRCLE ( 'NONE', #1862, 4.250000000000007105 ) ;
#1655 = DIRECTION ( 'NONE',  ( 0.000000000000000000, 0.000000000000000000, 1.000000000000000000 ) ) ;
#1656 = VERTEX_POINT ( 'NONE', #625 ) ;
#1657 = ORIENTED_EDGE ( 'NONE', *, *, #1523, .T. ) ;
#1658 = FACE_OUTER_BOUND ( 'NONE', #527, .T. ) ;
#1659 = DIRECTION ( 'NONE',  ( 1.000000000000000000, 0.000000000000000000, 0.000000000000000000 ) ) ;
#1660 = VERTEX_POINT ( 'NONE', #303 ) ;
#1661 = EDGE_LOOP ( 'NONE', ( #866, #226, #505, #745, #912, #1468, #85, #1538, #1004, #1795, #91, #955, #1907, #541, #334, #1950, #1479, #994 ) ) ;
#1662 = CARTESIAN_POINT ( 'NONE',  ( 40.10000000000002274, 33.00000000000000000, -10.64999999999999680 ) ) ;
#1663 = CARTESIAN_POINT ( 'NONE',  ( 50.10000000000000853, 67.00000000000000000, -10.64999999999999325 ) ) ;
#1664 = CARTESIAN_POINT ( 'NONE',  ( -78.09999999999998010, 100.0000000000000000, 37.10000000000000853 ) ) ;
#1665 = DIRECTION ( 'NONE',  ( 0.000000000000000000, 0.000000000000000000, 1.000000000000000000 ) ) ;
#1666 = ORIENTED_EDGE ( 'NONE', *, *, #592, .F. ) ;
#1667 = ORIENTED_EDGE ( 'NONE', *, *, #302, .T. ) ;
#1668 = VECTOR ( 'NONE', #1161, 1000.000000000000000 ) ;
#1669 = VECTOR ( 'NONE', #1790, 1000.000000000000000 ) ;
#1670 = EDGE_CURVE ( 'NONE', #703, #748, #967, .T. ) ;
#1671 = LINE ( 'NONE', #1204, #1546 ) ;
#1672 = LINE ( 'NONE', #1458, #1420 ) ;
#1673 = EDGE_LOOP ( 'NONE', ( #795, #271, #1677, #1700 ) ) ;
#1674 = DIRECTION ( 'NONE',  ( -0.000000000000000000, -0.000000000000000000, -1.000000000000000000 ) ) ;
#1675 = DIRECTION ( 'NONE',  ( -1.000000000000000000, 0.000000000000000000, 0.000000000000000000 ) ) ;
#1676 = AXIS2_PLACEMENT_3D ( 'NONE', #1010, #263, #550 ) ;
#1677 = ORIENTED_EDGE ( 'NONE', *, *, #1312, .F. ) ;
#1678 = VECTOR ( 'NONE', #1952, 1000.000000000000000 ) ;
#1679 = CARTESIAN_POINT ( 'NONE',  ( -70.09999999999945430, 25.00000000000000711, 45.10000000000000853 ) ) ;
#1680 = ORIENTED_EDGE ( 'NONE', *, *, #211, .T. ) ;
#1681 = CIRCLE ( 'NONE', #189, 4.250000000000007105 ) ;
#1682 = EDGE_CURVE ( 'NONE', #680, #1307, #1724, .T. ) ;
#1683 = EDGE_LOOP ( 'NONE', ( #1483, #841 ) ) ;
#1684 = EDGE_CURVE ( 'NONE', #1686, #237, #111, .T. ) ;
#1685 = PRODUCT_DEFINITION_SHAPE ( 'NONE', 'NONE',  #1017 ) ;
#1686 = VERTEX_POINT ( 'NONE', #1750 ) ;
#1687 = CARTESIAN_POINT ( 'NONE',  ( -40.09999999999996589, 67.00000000000000000, 25.10000000000000497 ) ) ;
#1688 = FACE_OUTER_BOUND ( 'NONE', #65, .T. ) ;
#1689 = VERTEX_POINT ( 'NONE', #780 ) ;
#1690 = CYLINDRICAL_SURFACE ( 'NONE', #1539, 4.250000000000007105 ) ;
#1691 = CIRCLE ( 'NONE', #1527, 4.250000000000003553 ) ;
#1692 = ORIENTED_EDGE ( 'NONE', *, *, #948, .F. ) ;
#1693 = ADVANCED_FACE ( 'NONE', ( #1271 ), #1893, .F. ) ;
#1694 = ORIENTED_EDGE ( 'NONE', *, *, #974, .F. ) ;
#1695 = DIRECTION ( 'NONE',  ( 1.000000000000000000, 0.000000000000000000, 0.000000000000000000 ) ) ;
#1696 = CARTESIAN_POINT ( 'NONE',  ( 80.10000000000000853, 0.000000000000000000, 43.09999999999999432 ) ) ;
#1697 = EDGE_CURVE ( 'NONE', #1384, #1600, #532, .T. ) ;
#1698 = DIRECTION ( 'NONE',  ( 1.000000000000000000, 0.000000000000000000, 0.000000000000000000 ) ) ;
#1699 = ADVANCED_FACE ( 'NONE', ( #1583 ), #1424, .F. ) ;
#1700 = ORIENTED_EDGE ( 'NONE', *, *, #375, .T. ) ;
#1701 = COORDINATED_UNIVERSAL_TIME_OFFSET ( 8, 0, .AHEAD. ) ;
#1702 = AXIS2_PLACEMENT_3D ( 'NONE', #1210, #568, #1839 ) ;
#1703 = ORIENTED_EDGE ( 'NONE', *, *, #909, .T. ) ;
#1704 = DIRECTION ( 'NONE',  ( -0.000000000000000000, -0.000000000000000000, 1.000000000000000000 ) ) ;
#1705 = DIRECTION ( 'NONE',  ( 1.000000000000000000, 0.000000000000000000, -0.000000000000000000 ) ) ;
#1706 = ADVANCED_FACE ( 'NONE', ( #1414 ), #461, .F. ) ;
#1707 = DIRECTION ( 'NONE',  ( -0.000000000000000000, -0.000000000000000000, 1.000000000000000000 ) ) ;
#1708 = DIRECTION ( 'NONE',  ( -0.000000000000000000, -1.000000000000000000, -0.000000000000000000 ) ) ;
#1709 = PRODUCT_DEFINITION_FORMATION_WITH_SPECIFIED_SOURCE ( '任何', '', #1883, .NOT_KNOWN. ) ;
#1710 = VECTOR ( 'NONE', #369, 1000.000000000000000 ) ;
#1711 = EDGE_CURVE ( 'NONE', #1065, #1520, #405, .T. ) ;
#1712 = CIRCLE ( 'NONE', #1909, 3.999999999999996447 ) ;
#1713 = DIRECTION ( 'NONE',  ( 1.000000000000000000, 0.000000000000000000, 0.000000000000000000 ) ) ;
#1714 = FACE_OUTER_BOUND ( 'NONE', #1032, .T. ) ;
#1715 = EDGE_CURVE ( 'NONE', #642, #1231, #1719, .T. ) ;
#1716 = CARTESIAN_POINT ( 'NONE',  ( 74.34999999999942588, 24.99999999999998224, 35.10000000000000853 ) ) ;
#1717 = DIRECTION ( 'NONE',  ( 0.000000000000000000, 0.000000000000000000, 1.000000000000000000 ) ) ;
#1718 = CARTESIAN_POINT ( 'NONE',  ( 19.99999999999964118, 32.00000000000000000, -26.10000000000003340 ) ) ;
#1719 = CIRCLE ( 'NONE', #1953, 4.250000000000000000 ) ;
#1720 = CIRCLE ( 'NONE', #1092, 4.250000000000003553 ) ;
#1721 = DIRECTION ( 'NONE',  ( 0.000000000000000000, 0.000000000000000000, -1.000000000000000000 ) ) ;
#1722 = CARTESIAN_POINT ( 'NONE',  ( 70.10000000000000853, 74.99999999999997158, 45.10000000000000853 ) ) ;
#1723 = DIRECTION ( 'NONE',  ( 0.000000000000000000, -0.000000000000000000, 1.000000000000000000 ) ) ;
#1724 = LINE ( 'NONE', #493, #300 ) ;
#1725 = LINE ( 'NONE', #1115, #151 ) ;
#1726 = ORIENTED_EDGE ( 'NONE', *, *, #1889, .T. ) ;
#1727 = DIRECTION ( 'NONE',  ( -1.000000000000000000, 0.000000000000000000, 0.000000000000000000 ) ) ;
#1728 = ADVANCED_FACE ( 'NONE', ( #1431 ), #2040, .F. ) ;
#1729 = VECTOR ( 'NONE', #1704, 1000.000000000000000 ) ;
#1730 = VECTOR ( 'NONE', #868, 1000.000000000000000 ) ;
#1731 = ORIENTED_EDGE ( 'NONE', *, *, #1697, .T. ) ;
#1732 = DIRECTION ( 'NONE',  ( 0.000000000000000000, -0.000000000000000000, -1.000000000000000000 ) ) ;
#1733 = CARTESIAN_POINT ( 'NONE',  ( 70.10000000000000853, 74.99999999999997158, 35.10000000000000853 ) ) ;
#1734 = DIRECTION ( 'NONE',  ( -1.000000000000000000, 0.000000000000000000, 0.000000000000000000 ) ) ;
#1735 = VERTEX_POINT ( 'NONE', #15 ) ;
#1736 = CARTESIAN_POINT ( 'NONE',  ( 57.90000000000003411, 67.00000000000000000, 25.10000000000000497 ) ) ;
#1737 = CARTESIAN_POINT ( 'NONE',  ( -20.00000000000036593, 32.00000000000000000, -35.10000000000000142 ) ) ;
#1738 = EDGE_LOOP ( 'NONE', ( #1634, #1024 ) ) ;
#1739 = CARTESIAN_POINT ( 'NONE',  ( 24.24999999999964473, 32.00000000000000000, -26.10000000000003340 ) ) ;
#1740 = FACE_BOUND ( 'NONE', #1036, .T. ) ;
#1741 = ADVANCED_FACE ( 'NONE', ( #1740, #947, #957, #806, #773 ), #614, .F. ) ;
#1742 = DIRECTION ( 'NONE',  ( -0.000000000000000000, -0.000000000000000000, 1.000000000000000000 ) ) ;
#1743 = ORIENTED_EDGE ( 'NONE', *, *, #150, .F. ) ;
#1744 = CIRCLE ( 'NONE', #1824, 4.250000000000003553 ) ;
#1745 = DIRECTION ( 'NONE',  ( -1.000000000000000000, -0.000000000000000000, -0.000000000000000000 ) ) ;
#1746 = AXIS2_PLACEMENT_3D ( 'NONE', #659, #346, #981 ) ;
#1747 = DIRECTION ( 'NONE',  ( 0.000000000000000000, 0.000000000000000000, 1.000000000000000000 ) ) ;
#1748 = VERTEX_POINT ( 'NONE', #1918 ) ;
#1749 = DIRECTION ( 'NONE',  ( -0.000000000000000000, -0.000000000000000000, -1.000000000000000000 ) ) ;
#1750 = CARTESIAN_POINT ( 'NONE',  ( 74.34999999999999432, 74.99999999999997158, 35.10000000000000853 ) ) ;
#1751 = FACE_OUTER_BOUND ( 'NONE', #571, .T. ) ;
#1752 = EDGE_CURVE ( 'NONE', #1788, #1111, #1068, .T. ) ;
#1753 = ORIENTED_EDGE ( 'NONE', *, *, #504, .T. ) ;
#1754 = DIRECTION ( 'NONE',  ( 0.000000000000000000, 0.000000000000000000, -1.000000000000000000 ) ) ;
#1755 = EDGE_CURVE ( 'NONE', #1616, #583, #1444, .T. ) ;
#1756 = CARTESIAN_POINT ( 'NONE',  ( -80.09999999999998010, 100.0000000000000000, 37.10000000000002274 ) ) ;
#1757 = EDGE_LOOP ( 'NONE', ( #1121, #1588 ) ) ;
#1758 = CARTESIAN_POINT ( 'NONE',  ( -50.09999999999998010, 33.00000000000000000, 20.85000000000000497 ) ) ;
#1759 = AXIS2_PLACEMENT_3D ( 'NONE', #478, #141, #640 ) ;
#1760 = FACE_OUTER_BOUND ( 'NONE', #720, .T. ) ;
#1761 = EDGE_CURVE ( 'NONE', #1218, #1279, #738, .T. ) ;
#1762 = AXIS2_PLACEMENT_3D ( 'NONE', #838, #1450, #185 ) ;
#1763 = DIRECTION ( 'NONE',  ( -0.000000000000000000, -1.000000000000000000, -0.000000000000000000 ) ) ;
#1764 = EDGE_CURVE ( 'NONE', #1585, #251, #1930, .T. ) ;
#1765 = ORIENTED_EDGE ( 'NONE', *, *, #509, .F. ) ;
#1766 = VERTEX_POINT ( 'NONE', #497 ) ;
#1767 = CIRCLE ( 'NONE', #1162, 4.249999999999976019 ) ;
#1768 = DIRECTION ( 'NONE',  ( 0.000000000000000000, 1.000000000000000000, -0.000000000000000000 ) ) ;
#1769 = EDGE_CURVE ( 'NONE', #547, #1956, #167, .T. ) ;
#1770 = CIRCLE ( 'NONE', #817, 4.250000000000003553 ) ;
#1771 = DIRECTION ( 'NONE',  ( -1.000000000000000000, 0.000000000000000000, 0.000000000000000000 ) ) ;
#1772 = EDGE_LOOP ( 'NONE', ( #193, #1731 ) ) ;
#1773 = ORIENTED_EDGE ( 'NONE', *, *, #403, .F. ) ;
#1774 = EDGE_CURVE ( 'NONE', #813, #1528, #1363, .T. ) ;
#1775 = CARTESIAN_POINT ( 'NONE',  ( 65.85000000000002274, 74.99999999999997158, 26.10000000000004761 ) ) ;
#1776 = EDGE_CURVE ( 'NONE', #411, #983, #466, .T. ) ;
#1777 = DIRECTION ( 'NONE',  ( 0.000000000000000000, 0.000000000000000000, 1.000000000000000000 ) ) ;
#1778 = CARTESIAN_POINT ( 'NONE',  ( -24.25000000000000355, 67.00000000000000000, -26.10000000000003340 ) ) ;
#1779 = VERTEX_POINT ( 'NONE', #2 ) ;
#1780 = EDGE_LOOP ( 'NONE', ( #1986, #1171 ) ) ;
#1781 = DIRECTION ( 'NONE',  ( 0.000000000000000000, 0.000000000000000000, 1.000000000000000000 ) ) ;
#1782 = AXIS2_PLACEMENT_3D ( 'NONE', #922, #1550, #137 ) ;
#1783 = DIRECTION ( 'NONE',  ( -0.000000000000000000, -0.000000000000000000, 1.000000000000000000 ) ) ;
#1784 = CIRCLE ( 'NONE', #1260, 4.250000000000003553 ) ;
#1785 = EDGE_CURVE ( 'NONE', #687, #846, #1605, .T. ) ;
#1786 = CYLINDRICAL_SURFACE ( 'NONE', #268, 2.000000000000001776 ) ;
#1787 = VERTEX_POINT ( 'NONE', #1259 ) ;
#1788 = VERTEX_POINT ( 'NONE', #482 ) ;
#1789 = LINE ( 'NONE', #1617, #1286 ) ;
#1790 = DIRECTION ( 'NONE',  ( 1.000000000000000000, 0.000000000000000000, 0.000000000000000000 ) ) ;
#1791 = CARTESIAN_POINT ( 'NONE',  ( 57.90000000000003411, 33.00000000000000000, 25.10000000000000497 ) ) ;
#1792 = AXIS2_PLACEMENT_3D ( 'NONE', #1372, #2009, #1545 ) ;
#1793 = CC_DESIGN_SECURITY_CLASSIFICATION ( #1878, ( #1709 ) ) ;
#1794 = VERTEX_POINT ( 'NONE', #793 ) ;
#1795 = ORIENTED_EDGE ( 'NONE', *, *, #1858, .F. ) ;
#1796 = DIRECTION ( 'NONE',  ( -1.000000000000000000, 0.000000000000000000, 0.000000000000000000 ) ) ;
#1797 = CARTESIAN_POINT ( 'NONE',  ( 57.90000000000003411, 33.00000000000000000, -19.14999999999999858 ) ) ;
#1798 = ORIENTED_EDGE ( 'NONE', *, *, #1129, .F. ) ;
#1799 = EDGE_LOOP ( 'NONE', ( #259, #662, #721, #1150 ) ) ;
#1800 = DIRECTION ( 'NONE',  ( 0.000000000000000000, -0.000000000000000000, 1.000000000000000000 ) ) ;
#1801 = FACE_BOUND ( 'NONE', #1200, .T. ) ;
#1802 = LINE ( 'NONE', #1488, #1668 ) ;
#1803 = AXIS2_PLACEMENT_3D ( 'NONE', #619, #1249, #298 ) ;
#1804 = VECTOR ( 'NONE', #1386, 1000.000000000000000 ) ;
#1805 = ORIENTED_EDGE ( 'NONE', *, *, #1895, .T. ) ;
#1806 = VERTEX_POINT ( 'NONE', #1419 ) ;
#1807 = ORIENTED_EDGE ( 'NONE', *, *, #459, .F. ) ;
#1808 = MECHANICAL_CONTEXT ( 'NONE', #1228, 'mechanical' ) ;
#1809 = CARTESIAN_POINT ( 'NONE',  ( 40.10000000000002274, 33.00000000000000000, -19.14999999999999858 ) ) ;
#1810 = AXIS2_PLACEMENT_3D ( 'NONE', #1646, #1330, #1357 ) ;
#1811 = ORIENTED_EDGE ( 'NONE', *, *, #1858, .T. ) ;
#1812 = ORIENTED_EDGE ( 'NONE', *, *, #1682, .F. ) ;
#1813 = CARTESIAN_POINT ( 'NONE',  ( 46.10000000000000853, 0.000000000000000000, -41.09999999999999432 ) ) ;
#1814 = FACE_BOUND ( 'NONE', #100, .T. ) ;
#1815 = DIRECTION ( 'NONE',  ( -1.000000000000000000, -0.000000000000000000, -0.000000000000000000 ) ) ;
#1816 = ORIENTED_EDGE ( 'NONE', *, *, #109, .F. ) ;
#1817 = EDGE_LOOP ( 'NONE', ( #1765, #1639, #347, #1011 ) ) ;
#1818 = PERSON_AND_ORGANIZATION_ROLE ( 'design_owner' ) ;
#1819 = DIRECTION ( 'NONE',  ( -0.000000000000000000, -0.000000000000000000, 1.000000000000000000 ) ) ;
#1820 = VECTOR ( 'NONE', #1123, 1000.000000000000000 ) ;
#1821 = ORIENTED_EDGE ( 'NONE', *, *, #794, .F. ) ;
#1822 = EDGE_LOOP ( 'NONE', ( #1035, #546, #282, #1484 ) ) ;
#1823 = DIRECTION ( 'NONE',  ( 0.000000000000000000, 0.000000000000000000, -1.000000000000000000 ) ) ;
#1824 = AXIS2_PLACEMENT_3D ( 'NONE', #1252, #1723, #1884 ) ;
#1825 = CARTESIAN_POINT ( 'NONE',  ( -50.09999999999998010, 33.00000000000000000, -14.89999999999999680 ) ) ;
#1826 = DIRECTION ( 'NONE',  ( 0.000000000000000000, 1.000000000000000000, -0.000000000000000000 ) ) ;
#1827 = AXIS2_PLACEMENT_3D ( 'NONE', #1791, #1134, #35 ) ;
#1828 = CARTESIAN_POINT ( 'NONE',  ( -46.09999999999998010, 100.0000000000000000, -41.09999999999999432 ) ) ;
#1829 = ORIENTED_EDGE ( 'NONE', *, *, #1911, .F. ) ;
#1830 = ADVANCED_FACE ( 'NONE', ( #316 ), #811, .F. ) ;
#1831 = ORIENTED_EDGE ( 'NONE', *, *, #1620, .F. ) ;
#1832 = ORIENTED_EDGE ( 'NONE', *, *, #790, .F. ) ;
#1833 = DATE_AND_TIME ( #95, #1436 ) ;
#1834 = LINE ( 'NONE', #421, #364 ) ;
#1835 = ORIENTED_EDGE ( 'NONE', *, *, #1261, .F. ) ;
#1836 = DIRECTION ( 'NONE',  ( 1.000000000000000000, 0.000000000000000000, 0.000000000000000000 ) ) ;
#1837 = LINE ( 'NONE', #2017, #1730 ) ;
#1838 = EDGE_CURVE ( 'NONE', #247, #2020, #97, .T. ) ;
#1839 = DIRECTION ( 'NONE',  ( 0.000000000000000000, 0.000000000000000000, -1.000000000000000000 ) ) ;
#1840 = EDGE_CURVE ( 'NONE', #1269, #801, #621, .T. ) ;
#1841 = CARTESIAN_POINT ( 'NONE',  ( 15.74999999999999645, 67.00000000000000000, -45.09999999999999432 ) ) ;
#1842 = VERTEX_POINT ( 'NONE', #1572 ) ;
#1843 = AXIS2_PLACEMENT_3D ( 'NONE', #763, #1076, #291 ) ;
#1844 = ORIENTED_EDGE ( 'NONE', *, *, #256, .T. ) ;
#1845 = ADVANCED_FACE ( 'NONE', ( #802 ), #963, .F. ) ;
#1846 = PERSON_AND_ORGANIZATION_ROLE ( 'design_supplier' ) ;
#1847 = ORIENTED_EDGE ( 'NONE', *, *, #602, .T. ) ;
#1848 = FACE_OUTER_BOUND ( 'NONE', #272, .T. ) ;
#1849 = DIRECTION ( 'NONE',  ( -0.000000000000000000, -1.000000000000000000, -0.000000000000000000 ) ) ;
#1850 = EDGE_CURVE ( 'NONE', #1520, #376, #933, .T. ) ;
#1851 = ORIENTED_EDGE ( 'NONE', *, *, #1112, .T. ) ;
#1852 = VECTOR ( 'NONE', #1048, 1000.000000000000000 ) ;
#1853 = FACE_OUTER_BOUND ( 'NONE', #1202, .T. ) ;
#1854 = ORIENTED_EDGE ( 'NONE', *, *, #1341, .T. ) ;
#1855 = ORIENTED_EDGE ( 'NONE', *, *, #767, .F. ) ;
#1856 = FACE_OUTER_BOUND ( 'NONE', #1169, .T. ) ;
#1857 = DIRECTION ( 'NONE',  ( 0.000000000000000000, 0.000000000000000000, -1.000000000000000000 ) ) ;
#1858 = EDGE_CURVE ( 'NONE', #402, #1922, #943, .T. ) ;
#1859 = AXIS2_PLACEMENT_3D ( 'NONE', #1309, #1800, #814 ) ;
#1860 = DIRECTION ( 'NONE',  ( -1.000000000000000000, 0.000000000000000000, 0.000000000000000000 ) ) ;
#1861 = ORIENTED_EDGE ( 'NONE', *, *, #1403, .T. ) ;
#1862 = AXIS2_PLACEMENT_3D ( 'NONE', #1603, #992, #1451 ) ;
#1863 = CIRCLE ( 'NONE', #445, 4.250000000000007105 ) ;
#1864 = CALENDAR_DATE ( 2026, 3, 9 ) ;
#1865 = ORIENTED_EDGE ( 'NONE', *, *, #459, .T. ) ;
#1866 = DIRECTION ( 'NONE',  ( -0.000000000000000000, -1.000000000000000000, -0.000000000000000000 ) ) ;
#1867 = CYLINDRICAL_SURFACE ( 'NONE', #2035, 3.999999999999996447 ) ;
#1868 = CARTESIAN_POINT ( 'NONE',  ( -74.34999999999945430, 25.00000000000000711, 35.10000000000000853 ) ) ;
#1869 = CARTESIAN_POINT ( 'NONE',  ( 57.90000000000003411, 67.00000000000000000, -19.14999999999999858 ) ) ;
#1870 = CIRCLE ( 'NONE', #1078, 4.250000000000007105 ) ;
#1871 = EDGE_CURVE ( 'NONE', #1627, #1533, #787, .T. ) ;
#1872 = CIRCLE ( 'NONE', #1970, 4.250000000000000000 ) ;
#1873 = CARTESIAN_POINT ( 'NONE',  ( 40.10000000000000853, 100.0000000000000000, 45.10000000000001563 ) ) ;
#1874 = CARTESIAN_POINT ( 'NONE',  ( 50.10000000000000853, 33.00000000000000000, 29.35000000000000497 ) ) ;
#1875 = CARTESIAN_POINT ( 'NONE',  ( 80.10000000000000853, 0.000000000000000000, 37.10000000000002274 ) ) ;
#1876 = CARTESIAN_POINT ( 'NONE',  ( 70.09999999999975273, 49.99999999999997158, 35.10000000000000853 ) ) ;
#1877 = DIRECTION ( 'NONE',  ( 0.000000000000000000, 0.000000000000000000, -1.000000000000000000 ) ) ;
#1878 = SECURITY_CLASSIFICATION ( '', '', #1229 ) ;
#1879 = CIRCLE ( 'NONE', #1, 4.250000000000007105 ) ;
#1880 = PERSON_AND_ORGANIZATION ( #419, #458 ) ;
#1881 = AXIS2_PLACEMENT_3D ( 'NONE', #2037, #154, #929 ) ;
#1882 = FACE_BOUND ( 'NONE', #1187, .T. ) ;
#1883 = PRODUCT ( '转接座', '转接座', '', ( #1808 ) ) ;
#1884 = DIRECTION ( 'NONE',  ( 1.000000000000000000, 0.000000000000000000, 0.000000000000000000 ) ) ;
#1885 = LINE ( 'NONE', #1562, #1820 ) ;
#1886 = DIRECTION ( 'NONE',  ( 0.000000000000000000, 0.000000000000000000, -1.000000000000000000 ) ) ;
#1887 = AXIS2_PLACEMENT_3D ( 'NONE', #643, #1276, #190 ) ;
#1888 = AXIS2_PLACEMENT_3D ( 'NONE', #575, #1206, #1493 ) ;
#1889 = EDGE_CURVE ( 'NONE', #748, #1142, #187, .T. ) ;
#1890 = ORIENTED_EDGE ( 'NONE', *, *, #1201, .T. ) ;
#1891 = DIRECTION ( 'NONE',  ( -1.000000000000000000, 0.000000000000000000, 0.000000000000000000 ) ) ;
#1892 = CARTESIAN_POINT ( 'NONE',  ( 19.99999999999964118, 32.00000000000000000, -45.09999999999999432 ) ) ;
#1893 = CYLINDRICAL_SURFACE ( 'NONE', #627, 4.249999999999976019 ) ;
#1894 = CYLINDRICAL_SURFACE ( 'NONE', #1049, 2.000000000000001776 ) ;
#1895 = EDGE_CURVE ( 'NONE', #809, #488, #1267, .T. ) ;
#1896 = EDGE_LOOP ( 'NONE', ( #215, #1467, #370, #1421 ) ) ;
#1897 = CARTESIAN_POINT ( 'NONE',  ( 40.10000000000002984, 0.000000000000000000, -35.10000000000000142 ) ) ;
#1898 = CIRCLE ( 'NONE', #1843, 2.000000000000001776 ) ;
#1899 = EDGE_CURVE ( 'NONE', #1971, #1985, #1006, .T. ) ;
#1900 = AXIS2_PLACEMENT_3D ( 'NONE', #1298, #1777, #1290 ) ;
#1901 = DIRECTION ( 'NONE',  ( -1.000000000000000000, 0.000000000000000000, 0.000000000000000000 ) ) ;
#1902 = ORIENTED_EDGE ( 'NONE', *, *, #361, .T. ) ;
#1903 = CYLINDRICAL_SURFACE ( 'NONE', #1917, 4.250000000000000000 ) ;
#1904 = DIRECTION ( 'NONE',  ( -1.000000000000000000, -0.000000000000000000, -0.000000000000000000 ) ) ;
#1905 = CYLINDRICAL_SURFACE ( 'NONE', #1503, 4.250000000000003553 ) ;
#1906 = AXIS2_PLACEMENT_3D ( 'NONE', #725, #70, #1154 ) ;
#1907 = ORIENTED_EDGE ( 'NONE', *, *, #1850, .F. ) ;
#1908 = DIRECTION ( 'NONE',  ( 0.000000000000000000, 0.000000000000000000, 1.000000000000000000 ) ) ;
#1909 = AXIS2_PLACEMENT_3D ( 'NONE', #1813, #716, #1978 ) ;
#1910 = CARTESIAN_POINT ( 'NONE',  ( 57.90000000000003411, 33.00000000000000000, 25.10000000000000497 ) ) ;
#1911 = EDGE_CURVE ( 'NONE', #2020, #79, #1469, .T. ) ;
#1912 = VERTEX_POINT ( 'NONE', #1610 ) ;
#1913 = FACE_OUTER_BOUND ( 'NONE', #1822, .T. ) ;
#1914 = CARTESIAN_POINT ( 'NONE',  ( 70.09999999999945430, 24.99999999999998224, 26.10000000000004761 ) ) ;
#1915 = CYLINDRICAL_SURFACE ( 'NONE', #329, 2.000000000000001776 ) ;
#1916 = ORIENTED_EDGE ( 'NONE', *, *, #1684, .T. ) ;
#1917 = AXIS2_PLACEMENT_3D ( 'NONE', #164, #1241, #326 ) ;
#1918 = CARTESIAN_POINT ( 'NONE',  ( -65.84999999999971010, 50.00000000000000711, 45.10000000000000853 ) ) ;
#1919 = ADVANCED_FACE ( 'NONE', ( #1167 ), #676, .T. ) ;
#1920 = AXIS2_PLACEMENT_3D ( 'NONE', #77, #387, #545 ) ;
#1921 = LINE ( 'NONE', #1756, #1148 ) ;
#1922 = VERTEX_POINT ( 'NONE', #1303 ) ;
#1923 = DIRECTION ( 'NONE',  ( 0.000000000000000000, 0.000000000000000000, 1.000000000000000000 ) ) ;
#1924 = LINE ( 'NONE', #1133, #1669 ) ;
#1925 = CARTESIAN_POINT ( 'NONE',  ( -40.09999999999996589, 33.00000000000000000, -10.64999999999999680 ) ) ;
#1926 = ADVANCED_FACE ( 'NONE', ( #210 ), #853, .F. ) ;
#1927 = EDGE_CURVE ( 'NONE', #446, #1985, #1481, .T. ) ;
#1928 = EDGE_LOOP ( 'NONE', ( #655, #1332 ) ) ;
#1929 = EDGE_LOOP ( 'NONE', ( #872, #163 ) ) ;
#1930 = LINE ( 'NONE', #1596, #197 ) ;
#1931 = EDGE_CURVE ( 'NONE', #237, #1686, #1311, .T. ) ;
#1932 = DIRECTION ( 'NONE',  ( -0.000000000000000000, -0.000000000000000000, 1.000000000000000000 ) ) ;
#1933 = ORIENTED_EDGE ( 'NONE', *, *, #1838, .F. ) ;
#1934 = ORIENTED_EDGE ( 'NONE', *, *, #1107, .T. ) ;
#1935 = CYLINDRICAL_SURFACE ( 'NONE', #1983, 4.250000000000003553 ) ;
#1936 = AXIS2_PLACEMENT_3D ( 'NONE', #1563, #462, #1886 ) ;
#1937 = FACE_BOUND ( 'NONE', #222, .T. ) ;
#1938 = CYLINDRICAL_SURFACE ( 'NONE', #1827, 4.250000000000000000 ) ;
#1939 = EDGE_LOOP ( 'NONE', ( #506, #245, #1177, #1501 ) ) ;
#1940 = ORIENTED_EDGE ( 'NONE', *, *, #20, .F. ) ;
#1941 = VECTOR ( 'NONE', #1974, 1000.000000000000000 ) ;
#1942 = CARTESIAN_POINT ( 'NONE',  ( -78.09999999999998010, 0.000000000000000000, 43.10000000000000853 ) ) ;
#1943 = VECTOR ( 'NONE', #1316, 1000.000000000000000 ) ;
#1944 = FACE_OUTER_BOUND ( 'NONE', #284, .T. ) ;
#1945 = ORIENTED_EDGE ( 'NONE', *, *, #305, .F. ) ;
#1946 = ORIENTED_EDGE ( 'NONE', *, *, #1047, .T. ) ;
#1947 = DIRECTION ( 'NONE',  ( -1.000000000000000000, -0.000000000000000000, -0.000000000000000000 ) ) ;
#1948 = CARTESIAN_POINT ( 'NONE',  ( -50.09999999999998010, 33.00000000000000000, -14.89999999999999680 ) ) ;
#1949 = CARTESIAN_POINT ( 'NONE',  ( 50.10000000000000853, 67.00000000000000000, 25.10000000000000497 ) ) ;
#1950 = ORIENTED_EDGE ( 'NONE', *, *, #1895, .F. ) ;
#1951 = VERTEX_POINT ( 'NONE', #378 ) ;
#1952 = DIRECTION ( 'NONE',  ( -1.000000000000000000, -0.000000000000000000, -0.000000000000000000 ) ) ;
#1953 = AXIS2_PLACEMENT_3D ( 'NONE', #797, #327, #165 ) ;
#1954 = DIRECTION ( 'NONE',  ( 1.000000000000000000, 0.000000000000000000, 0.000000000000000000 ) ) ;
#1955 = EDGE_LOOP ( 'NONE', ( #395, #1902, #44, #123 ) ) ;
#1956 = VERTEX_POINT ( 'NONE', #1455 ) ;
#1957 = CARTESIAN_POINT ( 'NONE',  ( -20.00000000000036593, 32.00000000000000000, -26.10000000000003340 ) ) ;
#1958 = CARTESIAN_POINT ( 'NONE',  ( 46.10000000000000853, 100.0000000000000000, -41.09999999999999432 ) ) ;
#1959 = CARTESIAN_POINT ( 'NONE',  ( 50.10000000000000853, 67.00000000000000000, -14.89999999999999680 ) ) ;
#1960 = ORIENTED_EDGE ( 'NONE', *, *, #940, .F. ) ;
#1961 = ORIENTED_EDGE ( 'NONE', *, *, #54, .F. ) ;
#1962 = VERTEX_POINT ( 'NONE', #223 ) ;
#1963 = LINE ( 'NONE', #409, #517 ) ;
#1964 = ORIENTED_EDGE ( 'NONE', *, *, #1682, .T. ) ;
#1965 = EDGE_LOOP ( 'NONE', ( #1507, #1296, #290, #410 ) ) ;
#1966 = CARTESIAN_POINT ( 'NONE',  ( 40.10000000000000853, 100.0000000000000000, 45.10000000000001563 ) ) ;
#1967 = DIRECTION ( 'NONE',  ( -1.000000000000000000, 0.000000000000000000, -0.000000000000000000 ) ) ;
#1968 = LINE ( 'NONE', #869, #1342 ) ;
#1969 = APPLICATION_CONTEXT ( 'configuration controlled 3d designs of mechanical parts and assemblies' ) ;
#1970 = AXIS2_PLACEMENT_3D ( 'NONE', #42, #530, #979 ) ;
#1971 = VERTEX_POINT ( 'NONE', #46 ) ;
#1972 = EDGE_LOOP ( 'NONE', ( #603, #1816 ) ) ;
#1973 = PLANE ( 'NONE',  #648 ) ;
#1974 = DIRECTION ( 'NONE',  ( -1.000000000000000000, -0.000000000000000000, -0.000000000000000000 ) ) ;
#1975 = APPROVAL_PERSON_ORGANIZATION ( #1540, #1558, #1519 ) ;
#1976 = EDGE_LOOP ( 'NONE', ( #1327, #1334 ) ) ;
#1977 = ORIENTED_EDGE ( 'NONE', *, *, #1321, .F. ) ;
#1978 = DIRECTION ( 'NONE',  ( 0.000000000000000000, 0.000000000000000000, -1.000000000000000000 ) ) ;
#1979 = CARTESIAN_POINT ( 'NONE',  ( -78.09999999999996589, 100.0000000000000000, 45.10000000000000853 ) ) ;
#1980 = CIRCLE ( 'NONE', #889, 4.250000000000003553 ) ;
#1981 = EDGE_CURVE ( 'NONE', #1985, #1359, #432, .T. ) ;
#1982 = DIRECTION ( 'NONE',  ( 0.000000000000000000, 1.000000000000000000, 0.000000000000000000 ) ) ;
#1983 = AXIS2_PLACEMENT_3D ( 'NONE', #1449, #356, #1013 ) ;
#1984 = LINE ( 'NONE', #1236, #1582 ) ;
#1985 = VERTEX_POINT ( 'NONE', #201 ) ;
#1986 = ORIENTED_EDGE ( 'NONE', *, *, #819, .F. ) ;
#1987 = EDGE_CURVE ( 'NONE', #322, #1131, #832, .T. ) ;
#1988 = DIRECTION ( 'NONE',  ( 1.000000000000000000, 0.000000000000000000, 0.000000000000000000 ) ) ;
#1989 = EDGE_LOOP ( 'NONE', ( #1000, #1212 ) ) ;
#1990 = AXIS2_PLACEMENT_3D ( 'NONE', #1876, #1242, #6 ) ;
#1991 = EDGE_CURVE ( 'NONE', #557, #1269, #379, .T. ) ;
#1992 = EDGE_CURVE ( 'NONE', #847, #809, #1457, .T. ) ;
#1993 = EDGE_LOOP ( 'NONE', ( #581, #752, #1946, #2011 ) ) ;
#1994 = FACE_OUTER_BOUND ( 'NONE', #941, .T. ) ;
#1995 = AXIS2_PLACEMENT_3D ( 'NONE', #1446, #333, #59 ) ;
#1996 = CARTESIAN_POINT ( 'NONE',  ( -40.09999999999996589, 33.00000000000000000, -19.14999999999999858 ) ) ;
#1997 = DIRECTION ( 'NONE',  ( 0.000000000000000000, 0.000000000000000000, 1.000000000000000000 ) ) ;
#1998 = ADVANCED_FACE ( 'NONE', ( #58 ), #1492, .F. ) ;
#1999 = FACE_OUTER_BOUND ( 'NONE', #1137, .T. ) ;
#2000 = VERTEX_POINT ( 'NONE', #537 ) ;
#2001 = CC_DESIGN_PERSON_AND_ORGANIZATION_ASSIGNMENT ( #143, #1398, ( #1709 ) ) ;
#2002 = EDGE_LOOP ( 'NONE', ( #898, #1030, #500, #708 ) ) ;
#2003 = ORIENTED_EDGE ( 'NONE', *, *, #1564, .F. ) ;
#2004 = EDGE_CURVE ( 'NONE', #1051, #1627, #1671, .T. ) ;
#2005 = ORIENTED_EDGE ( 'NONE', *, *, #308, .T. ) ;
#2006 = FACE_OUTER_BOUND ( 'NONE', #962, .T. ) ;
#2007 = DIRECTION ( 'NONE',  ( -0.000000000000000000, -1.000000000000000000, -0.000000000000000000 ) ) ;
#2008 = EDGE_LOOP ( 'NONE', ( #1019, #1934 ) ) ;
#2009 = DIRECTION ( 'NONE',  ( -1.000000000000000000, 0.000000000000000000, 0.000000000000000000 ) ) ;
#2010 = AXIS2_PLACEMENT_3D ( 'NONE', #1687, #398, #1216 ) ;
#2011 = ORIENTED_EDGE ( 'NONE', *, *, #386, .F. ) ;
#2012 = VECTOR ( 'NONE', #905, 1000.000000000000000 ) ;
#2013 = ADVANCED_FACE ( 'NONE', ( #1304, #407, #248, #690, #996 ), #1973, .F. ) ;
#2014 = DATE_AND_TIME ( #585, #980 ) ;
#2015 = EDGE_LOOP ( 'NONE', ( #1529, #910 ) ) ;
#2016 = CYLINDRICAL_SURFACE ( 'NONE', #1020, 4.249999999999976019 ) ;
#2017 = CARTESIAN_POINT ( 'NONE',  ( 40.10000000000002984, 100.0000000000000000, -35.10000000000000142 ) ) ;
#2018 = CARTESIAN_POINT ( 'NONE',  ( 19.99999999999964118, 32.00000000000000000, -26.10000000000003340 ) ) ;
#2019 = ORIENTED_EDGE ( 'NONE', *, *, #439, .F. ) ;
#2020 = VERTEX_POINT ( 'NONE', #833 ) ;
#2021 = FACE_OUTER_BOUND ( 'NONE', #72, .T. ) ;
#2022 = CARTESIAN_POINT ( 'NONE',  ( -80.09999999999998010, 100.0000000000000000, 43.09999999999999432 ) ) ;
#2023 = UNCERTAINTY_MEASURE_WITH_UNIT (LENGTH_MEASURE( 1.000000000000000082E-05 ), #549, 'distance_accuracy_value', 'NONE');
#2024 = AXIS2_PLACEMENT_3D ( 'NONE', #966, #1947, #1172 ) ;
#2025 = CARTESIAN_POINT ( 'NONE',  ( 40.10000000000002274, 33.00000000000000000, -14.89999999999999680 ) ) ;
#2026 = VECTOR ( 'NONE', #733, 1000.000000000000000 ) ;
#2027 = CALENDAR_DATE ( 2026, 3, 9 ) ;
#2028 = DIRECTION ( 'NONE',  ( -1.000000000000000000, -0.000000000000000000, -0.000000000000000000 ) ) ;
#2029 = CARTESIAN_POINT ( 'NONE',  ( -70.09999999999945430, 25.00000000000000711, 45.10000000000000853 ) ) ;
#2030 = LINE ( 'NONE', #147, #522 ) ;
#2031 = DIRECTION ( 'NONE',  ( 1.000000000000000000, 0.000000000000000000, 0.000000000000000000 ) ) ;
#2032 = DIRECTION ( 'NONE',  ( 0.000000000000000000, 0.000000000000000000, 1.000000000000000000 ) ) ;
#2033 = VECTOR ( 'NONE', #615, 1000.000000000000000 ) ;
#2034 = COORDINATED_UNIVERSAL_TIME_OFFSET ( 8, 0, .AHEAD. ) ;
#2035 = AXIS2_PLACEMENT_3D ( 'NONE', #278, #1217, #253 ) ;
#2036 = DIRECTION ( 'NONE',  ( 0.000000000000000000, 0.000000000000000000, 1.000000000000000000 ) ) ;
#2037 = CARTESIAN_POINT ( 'NONE',  ( -20.00000000000036593, 32.00000000000000000, -26.10000000000003340 ) ) ;
#2038 = DIRECTION ( 'NONE',  ( 0.000000000000000000, 0.000000000000000000, -1.000000000000000000 ) ) ;
#2039 = CIRCLE ( 'NONE', #1676, 3.999999999999996447 ) ;
#2040 = CYLINDRICAL_SURFACE ( 'NONE', #1160, 4.249999999999990230 ) ;
#2041 = ADVANCED_FACE ( 'NONE', ( #1658 ), #1021, .F. ) ;
#2042 = FACE_BOUND ( 'NONE', #73, .T. ) ;
#2043 =( GEOMETRIC_REPRESENTATION_CONTEXT ( 3 ) GLOBAL_UNCERTAINTY_ASSIGNED_CONTEXT ( ( #2023 ) ) GLOBAL_UNIT_ASSIGNED_CONTEXT ( ( #549, #225, #82 ) ) REPRESENTATION_CONTEXT ( 'NONE', 'WORKASPACE' ) );
ENDSEC;
END-ISO-10303-21;
