time_s,phase,A7_x,A7_y,A7_z,min_obstacle_h,min_joint_limit_h,min_all_h,active_obstacle_cbfs,joint_tracking_error,qp_max_violation,qp_iterations,qp_time_us,A1_joint,A2_joint,A3_joint,A4_joint,A5_joint,A6_joint,A7_joint
0.0,1/3 vertical_arm_open_hand,0.4006015570037242,-0.33982255167316233,0.6137722188957211,0.10854214729485798,-1.046524072675307e-06,0.0,0,3.432854198659285e-06,0.00020930481453506136,0,347.1,-2.093048145350614e-06,1.5,2.5116577744207365e-06,-1.046524072675307e-06,0.0,0.0,0.0
0.005,1/3 vertical_arm_open_hand,0.40062245647436123,-0.33982746179287243,0.6137725909066046,0.10853038898405123,-1.8871718096736736e-05,-1.046524072675307e-06,0,0.00010582046919214359,0.003575504045539039,0,23.1,-3.774343619347347e-05,1.5,4.529212343216817e-05,-1.8871718096736736e-05,0.0,0.0,0.0
0.01,1/3 vertical_arm_open_hand,0.4006623409639959,-0.33983683197517345,0.6137733031434324,0.10850795019415568,-5.288832862388578e-05,-1.8871718096736736e-05,0,0.00016196199747366128,0.006992039286397175,0,20.5,-0.00010577665724777156,1.5,0.00012693198869732588,-5.288832862388578e-05,0.0,0.0,0.0
0.015,1/3 vertical_arm_open_hand,0.400720548031298,-0.3398505060851238,0.6137743479741541,0.10847520495966531,-0.00010252965607651434,-5.288832862388578e-05,0,0.00016685064347471876,0.010457148776764572,0,15.3,-0.0002050593121530287,1.5,0.0002460711745836345,-0.00010252965607651434,0.0,0.0,0.0
0.02,1/3 vertical_arm_open_hand,0.40079643928895853,-0.33986833343768896,0.6137757198627984,0.10843251431766573,-0.0001672488353622307,-0.00010252965607651434,0,0.0001222802580751323,0.013969132417908411,0,14.8,-0.0003344976707244614,1.5,0.00040139720486935375,-0.0001672488353622307,0.0,0.0,0.0
0.025,1/3 vertical_arm_open_hand,0.40088939948987357,-0.33989016860730376,0.6137774151483514,0.10838022675590284,-0.00024651814166687673,-0.0001672488353622307,0,2.998190737392427e-05,0.017526349614551514,0,13.0,-0.0004930362833337535,1.5,0.0005916435400005042,-0.00024651814166687673,0.0,0.0,0.0
0.03,1/3 vertical_arm_open_hand,0.4009988356503762,-0.3399158712438591,0.6137794318426588,0.10831867864587194,-0.00033982832054478985,-0.00024651814166687673,0,0.00010837392984334861,0.0211272171922514,0,17.4,-0.0006796566410895797,1.5,0.0008155879693074958,-0.00033982832054478985,0.0,0.0,0.0
0.035,2/3 raise_arm_pose,0.40112545579426623,-0.3399456063709352,0.6137817934633031,0.1082474751487855,-0.00044777879483250853,-0.00033982832054478985,0,0.0001852023225306836,0.02498837806299164,0,12.7,-0.0008955575896650171,1.5,0.0010746691075980207,-0.00044777879483250853,0.0,0.0,0.0
0.04,2/3 raise_arm_pose,0.4012712234153489,-0.3399798335024431,0.6137845497461486,0.10816551632420998,-0.0005720382065627452,-0.00044777879483250853,0,9.64913569479787e-05,0.029329670294372424,0,14.1,-0.0011440764131254904,1.5,0.0013728916957505889,-0.0005720382065627452,0.0,0.0,0.0
0.045,2/3 raise_arm_pose,0.40143547630976933,-0.3400183952655422,0.6137877037031038,0.10807317948512987,-0.0007120357429250117,-0.0005720382065627452,0,5.940527858260682e-05,0.03371988933808077,0,14.0,-0.0014240714858500235,1.5,0.0017088857830200286,-0.0007120357429250117,0.0,0.0,0.0
0.05,2/3 raise_arm_pose,0.4016175762582258,-0.3400611397719394,0.6137912599800637,0.10797082883562817,-0.0008672205695571871,-0.0007120357429250117,0,7.213721638196091e-05,0.0381573227556852,0,14.6,-0.0017344411391143743,1.5,0.0020813293669372495,-0.0008672205695571871,0.0,0.0,0.0
0.055,2/3 raise_arm_pose,0.4018169081140812,-0.340107920424944,0.6137952246561873,0.10785881592414207,-0.0010370611312998247,-0.0008672205695571871,0,0.00013294353978027696,0.04264031804409936,0,13.7,-0.0020741222625996493,1.5,0.0024889467151195796,-0.0010370611312998247,0.0,0.0,0.0
0.06,2/3 raise_arm_pose,0.4020328789286251,-0.34015859573317697,0.6137996050612855,0.10773748008144027,-0.001221044477424058,-0.0010370611312998247,0,0.00024014164528159026,0.04716728053784491,0,15.6,-0.002442088954848116,1.5,0.0029305067458177394,-0.001221044477424058,0.0,0.0,0.0
0.065,2/3 raise_arm_pose,0.4022649171118431,-0.3402130291307344,0.6138044096098427,0.10760714884378794,-0.0014186756104765314,-0.001221044477424058,0,0.00039210782051229547,0.05173667138473525,0,14.0,-0.002837351220953063,1.5,0.0034048214651436755,-0.0014186756104765314,0.0,0.0,0.0
0.07,2/3 raise_arm_pose,0.402514763700124,-0.3402716263040703,0.6138096966898374,0.10746685145640619,-0.0016314284186212634,-0.0014186756104765314,0,0.000381465482202022,0.05673731773371173,0,14.2,-0.003262856837242527,1.5,0.003915428204691033,-0.0016314284186212634,0.0,0.0,0.0
0.075,2/3 raise_arm_pose,0.40278295548489745,-0.340334509998289,0.6138155032828139,0.10731629469068957,-0.0018597497163466612,-0.0016314284186212634,0,0.00031575410392991596,0.06197854373129217,0,16.8,-0.0037194994326933224,1.5,0.004463399319231987,-0.0018597497163466612,0.0,0.0,0.0
0.08,2/3 raise_arm_pose,0.4030688652886304,-0.3404015297796954,0.6138218432008873,0.10715583938836157,-0.002103094606517401,-0.0018597497163466612,0,0.00029932377303314124,0.06726647519761461,0,18.1,-0.004206189213034802,1.5,0.005047427055641763,-0.002103094606517401,0.0,0.0,0.0
0.085,2/3 raise_arm_pose,0.40337188851962685,-0.3404725404367782,0.6138287312394994,0.1069858338631994,-0.0023609372633978964,-0.002103094606517401,0,0.00033044965285356393,0.07259947744127308,0,15.9,-0.004721874526795793,1.5,0.0056662494321549515,-0.0023609372633978964,0.0,0.0,0.0
0.09,2/3 raise_arm_pose,0.403691442316743,-0.340547401795565,0.6138361830188144,0.10680661433565211,-0.0026327702651533056,-0.0023609372633978964,0,0.00040746727601608375,0.07797597298506079,0,15.6,-0.005265540530306611,1.5,0.006318648636367934,-0.0026327702651533056,0.0,0.0,0.0
0.095,2/3 raise_arm_pose,0.40402696472887945,-0.34062597854148685,0.6138442148403719,0.10661850535265685,-0.0029181039497130066,-0.0026327702651533056,0,0.0005287704315037238,0.08339443956347328,0,18.4,-0.005836207899426013,1.5,0.007003449479311217,-0.0029181039497130066,0.0,0.0,0.0
0.1,2/3 raise_arm_pose,0.40437791392770955,-0.3407081400475456,0.6138528435577295,0.10642182019312321,-0.0032164657931788494,-0.0029181039497130066,0,0.0006928091256851071,0.08885340819029863,0,16.5,-0.006432931586357699,1.5,0.0077195179036292395,-0.0032164657931788494,0.0,0.0,0.0
0.105,2/3 raise_arm_pose,0.4047470815490105,-0.340794535658645,0.6138621713427759,0.10621500500115391,-0.003530215956233777,-0.0032164657931788494,0,0.0005992602071201798,0.09491469054277402,0,15.9,-0.007060431912467554,1.5,0.008472518294961066,-0.003530215956233777,0.0,0.0,0.0
0.11,2/3 raise_arm_pose,0.4051338511113191,-0.34088501638637303,0.613872220051151,0.10599841705853127,-0.0038588158476921715,-0.003530215956233777,0,0.0005544220194689463,0.10102213785401667,0,16.6,-0.007717631695384343,1.5,0.009261158034461214,-0.0038588158476921715,0.0,0.0,0.0
0.115,2/3 raise_arm_pose,0.4055376282353803,-0.3409794383872742,0.6138830121275805,0.10577240126206541,-0.004201745727059911,-0.0038588158476921715,0,0.0005565896871494268,0.10717413435046974,0,16.2,-0.008403491454119822,1.5,0.01008418974494379,-0.004201745727059911,0.0,0.0,0.0
0.12,2/3 raise_arm_pose,0.40595783980848055,-0.3410776627804606,0.6138945704687144,0.10553729055410008,-0.004558504044760169,-0.004201745727059911,0,0.0006041180052250147,0.11336912081065081,0,15.5,-0.009117008089520338,1.5,0.010940409707424409,-0.004558504044760169,0.0,0.0,0.0
0.125,2/3 raise_arm_pose,0.40639393318279005,-0.3411795554717436,0.6139069182999685,0.10529340633827503,-0.004928606805451308,-0.004558504044760169,0,0.0006954193509318794,0.11960559258582945,0,15.6,-0.009857213610902617,1.5,0.011828656333083143,-0.004928606805451308,0.0,0.0,0.0
0.13,2/3 raise_arm_pose,0.4068453754061992,-0.34128498698406456,0.6139200790651816,0.10504105888102114,-0.005311586953628647,-0.004928606805451308,0,0.0008289616683029255,0.12588209768998074,0,17.4,-0.010623173907257293,1.5,0.012747808688708754,-0.005311586953628647,0.0,0.0,0.0
0.135,2/3 raise_arm_pose,0.4073127174897103,-0.34139408084419637,0.6139341087685056,0.10477995282529387,-0.0057078967303448025,-0.005311586953628647,0,0.0009069573666633228,0.13237782487951766,0,14.4,-0.011415793460689605,1.5,0.013698952152827529,-0.0057078967303448025,0.0,0.0,0.0
0.14,2/3 raise_arm_pose,0.40779755800377143,-0.34150720448576116,0.6139490996200476,0.10450920903684732,-0.006118874956168751,-0.0057078967303448025,0,0.000834586603103587,0.13927461246823775,0,16.2,-0.012237749912337502,1.5,0.014685299894805005,-0.006118874956168751,0.0,0.0,0.0
0.145,2/3 raise_arm_pose,0.40829931230889005,-0.3416242153619267,0.6139650807345642,0.10422916891032166,-0.006544008235381719,-0.006118874956168751,0,0.0008086478669835371,0.14621540540428118,0,17.5,-0.013088016470763438,1.5,0.015705619764916127,-0.006544008235381719,0.0,0.0,0.0
0.15,2/3 raise_arm_pose,0.408817416576513,-0.34174497580900043,0.6139820813550443,0.10394016203588682,-0.006982801141115091,-0.006544008235381719,0,0.0008275160373427679,0.15319866350049172,0,17.8,-0.013965602282230183,1.5,0.01675872273867622,-0.006982801141115091,0.0,0.0,0.0
0.155,2/3 raise_arm_pose,0.40935132700607985,-0.3418693528732531,0.6140001307474392,0.1036425066104186,-0.007434775586440654,-0.006982801141115091,0,0.0008896228724545148,0.16022290047626342,0,16.2,-0.014869551172881308,1.5,0.017843461407457573,-0.007434775586440654,0.0,0.0,0.0
0.16,2/3 raise_arm_pose,0.4099005190738085,-0.34199721814400513,0.6140192581071431,0.10333650983451007,-0.007899470217472681,-0.007434775586440654,0,0.0009934550190524398,0.1672866820708117,0,14.5,-0.015798940434945362,1.5,0.018958728521934434,-0.007899470217472681,0.0,0.0,0.0
0.165,2/3 raise_arm_pose,0.4104644868118008,-0.342128447592755,0.6140394924762045,0.10302246829578557,-0.008376439827711444,-0.007899470217472681,0,0.001137552091234519,0.17438862422247947,0,17.5,-0.016752879655422888,1.5,0.020103455586507467,-0.008376439827711444,0.0,0.0,0.0
0.17,2/3 raise_arm_pose,0.4110447927865965,-0.3422633981586969,0.614060939578334,0.10269952749339537,-0.008866987852551269,-0.008376439827711444,0,0.0011344955138950883,0.18187400324507952,0,22.8,-0.017733975705102538,1.5,0.021280770846123048,-0.008866987852551269,0.0,0.0,0.0
0.17500000000000002,2/3 raise_arm_pose,0.4116419235481815,-0.34240217567549025,0.6140836718231547,0.10236743375283233,-0.009371505837299348,-0.008866987852551269,0,0.0010813879746863306,0.18957347547512865,0,19.1,-0.018743011674598697,1.5,0.022491614009518438,-0.009371505837299348,0.0,0.0,0.0
0.18,2/3 raise_arm_pose,0.4122553241992861,-0.3425446436326979,0.6141077239370409,0.10202651319648112,-0.009889504833358893,-0.009371505837299348,0,0.0010725014405084843,0.19731485758490244,0,18.5,-0.019779009666717785,1.5,0.023734811600061346,-0.009889504833358893,0.0,0.0,0.0
0.185,2/3 raise_arm_pose,0.4128844594379568,-0.3426906701495227,0.6141331304058377,0.10167708071103845,-0.010420513005334002,-0.009889504833358893,0,0.0011062881761854531,0.20509668272861067,0,17.4,-0.020841026010668003,1.5,0.025009231212801606,-0.010420513005334002,0.0,0.0,0.0
0.19,2/3 raise_arm_pose,0.4135288128242495,-0.3428401278108884,0.6141599253962204,0.1013194403395378,-0.01096407503206763,-0.010420513005334002,0,0.0011812546172723236,0.21291753540006564,0,17.6,-0.02192815006413526,1.5,0.026313780076962313,-0.01096407503206763,0.0,0.0,0.0
0.195,2/3 raise_arm_pose,0.41418788607649437,-0.3429928935094927,0.6141881426868844,0.10095388565981286,-0.01151975152864323,-0.01096407503206763,0,0.0012959594740797526,0.2207760496357961,0,14.7,-0.02303950305728646,1.5,0.027647403668743752,-0.01151975152864323,0.0,0.0,0.0
0.2,2/3 raise_arm_pose,0.41486119839581337,-0.34314884829360637,0.6142178156086769,0.1005807001498579,-0.01208711848861633,-0.01151975152864323,0,0.001449011902057518,0.22867090728105255,0,16.2,-0.02417423697723266,1.5,0.029009084372679194,-0.01208711848861633,0.0,0.0,0.0
0.20500000000000002,2/3 raise_arm_pose,0.41555123882084466,-0.3433085604493163,0.6142491128413672,0.10019852262819548,-0.012668252984066776,-0.01208711848861633,0,0.0013699666555147254,0.23709808397625237,0,14.0,-0.02533650596813355,1.5,0.030403807161760263,-0.012668252984066776,0.0,0.0,0.0
0.21,2/3 raise_arm_pose,0.4162574613136291,-0.3434718946164543,0.6142820737696283,0.09980767549133507,-0.013262673151252858,-0.012668252984066776,0,0.0013345016525520988,0.24556656327788423,0,15.0,-0.026525346302505717,1.5,0.03183041556300686,-0.013262673151252858,0.0,0.0,0.0
0.215,2/3 raise_arm_pose,0.41697933899293627,-0.3436387199794296,0.6143167373122391,0.09940847007504966,-0.01386991399166383,-0.013262673151252858,0,0.0013410915846443162,0.25407489959472307,0,15.2,-0.02773982798332766,1.5,0.03328779357999319,-0.01386991399166383,0.0,0.0,0.0
0.22,2/3 raise_arm_pose,0.41771636341918794,-0.34380891010665854,0.614353141856655,0.0990012070407772,-0.014489526781736822,-0.01386991399166383,0,0.0013882645290644751,0.2626216979312365,0,14.7,-0.028979053563473644,1.5,0.03477486427616837,-0.014489526781736822,0.0,0.0,0.0
0.225,2/3 raise_arm_pose,0.41846804390817366,-0.34398234279586193,0.6143913252025808,0.09858617674863246,-0.015121078503233661,-0.014489526781736822,0,0.0014746000803810887,0.27120561211673605,0,14.7,-0.030242157006467322,1.5,0.03629058840776078,-0.015121078503233661,0.0,0.0,0.0
0.23,2/3 raise_arm_pose,0.41923390687227396,-0.3441588999250108,0.6144313245137181,0.09813268322490631,-0.015764151293554515,-0.015121078503233661,0,0.0015987275473527812,0.27982534309650714,0,14.3,-0.03152830258710903,1.5,0.03783396310453083,-0.015764151293554515,0.0,0.0,0.0
0.23500000000000001,2/3 raise_arm_pose,0.4200144410430958,-0.3443386850787839,0.614473227750459,0.0976152842664108,-0.016419135380122494,-0.015764151293554515,0,0.0016729351276328125,0.2886383302491411,0,14.6,-0.03283827076024499,1.5,0.03940592491229398,-0.016419135380122494,0.0,0.0,0.0
0.24,2/3 raise_arm_pose,0.4208110661720167,-0.3445220153836419,0.6145171790043078,0.0970873954089157,-0.01708720032124916,-0.016419135380122494,0,0.0016121207986913863,0.2978043420265578,0,14.2,-0.03417440064249832,1.5,0.041009280770997976,-0.01708720032124916,0.0,0.0,0.0
0.245,2/3 raise_arm_pose,0.42162326343518736,-0.344708761010811,0.6145632208951981,0.09654937051957879,-0.017767888287024955,-0.01708720032124916,0,0.0015927130692711226,0.3070095963676506,0,14.7,-0.03553577657404991,1.5,0.042642931888859884,-0.017767888287024955,0.0,0.0,0.0
0.25,2/3 raise_arm_pose,0.4224505320350209,-0.3448987964327269,0.6146113953335883,0.09600155120930909,-0.01846075747158716,-0.017767888287024955,0,0.0016132627083888047,0.3162527197826907,0,14.9,-0.03692151494317432,1.5,0.044305817931809176,-0.01846075747158716,0.0,0.0,0.0
0.255,2/3 raise_arm_pose,0.42329238853119844,-0.34509200027175435,0.6146617434748433,0.0954442672764147,-0.01916538153227825,-0.01846075747158716,0,0.0016723712081456053,0.3255323868540901,0,15.1,-0.0383307630645565,1.5,0.045996915677467796,-0.01916538153227825,0.0,0.0,0.0
0.26,2/3 raise_arm_pose,0.4241483661984317,-0.34528825515443473,0.6147143056810882,0.09487783713358444,-0.01988134904843372,-0.01916538153227825,0,0.001768689008419155,0.33484731855387617,0,14.6,-0.03976269809686744,1.5,0.04771523771624092,-0.01988134904843372,0.0,0.0,0.0
0.265,2/3 raise_arm_pose,0.4250180144097968,-0.3454874475710567,0.6147691214898282,0.09430256821887473,-0.02060826299911231,-0.01988134904843372,0,0.0019009137836913652,0.34419628062005536,0,13.9,-0.04121652599822462,1.5,0.04945983119786954,-0.02060826299911231,0.0,0.0,0.0
0.27,2/3 raise_arm_pose,0.4259027117679938,-0.345689882541957,0.614826348418877,0.09371755827912254,-0.021347254755755884,-0.02060826299911231,0,0.0019015815301173526,0.3538809813198385,0,12.9,-0.04269450951151177,1.5,0.05123341141381413,-0.021347254755755884,0.0,0.0,0.0
0.275,2/3 raise_arm_pose,0.4268028860668538,-0.34589564631987313,0.6148860904862614,0.09312253489895128,-0.022098659070677977,-0.021347254755755884,0,0.0018573522271388661,0.3637534105419773,0,13.8,-0.044197318141355954,1.5,0.05303678176962715,-0.022098659070677977,0.0,0.0,0.0
0.28,2/3 raise_arm_pose,0.4277180439484718,-0.3461046142443692,0.614948392449385,0.0925178347636667,-0.022862041504338838,-0.022098659070677977,0,0.00185241407500729,0.3736630774389517,0,13.7,-0.045724083008677675,1.5,0.05486889961041321,-0.022862041504338838,0.0,0.0,0.0
0.28500000000000003,2/3 raise_arm_pose,0.42864770901344545,-0.3463166657241088,0.615013298172549,0.09190378299355345,-0.023636982822582607,-0.022862041504338838,0,0.0018853918834429884,0.38360867869214244,0,14.7,-0.047273965645165214,1.5,0.05672875877419826,-0.023636982822582607,0.0,0.0,0.0
0.29,2/3 raise_arm_pose,0.42959142119520516,-0.3465316840945553,0.6150808505975933,0.09128069356189755,-0.024423078464448886,-0.023636982822582607,0,0.0019549585938261407,0.3935889565990818,0,14.3,-0.04884615692889777,1.5,0.05861538831467732,-0.024423078464448886,0.0,0.0,0.0
0.295,2/3 raise_arm_pose,0.4305487361591864,-0.3467495564808629,0.6151510917207121,0.09064886969739167,-0.025219938028610885,-0.024423078464448886,0,0.002059833594588526,0.4036026974768887,0,15.1,-0.05043987605722177,1.5,0.06052785126866612,-0.025219938028610885,0.0,0.0,0.0
0.3,2/3 raise_arm_pose,0.4315192247257468,-0.34697017366575633,0.615224062574823,0.09000860427155027,-0.026027184777788256,-0.025219938028610885,0,0.0021987810955668994,0.41364873012158276,0,13.4,-0.05205436955557651,1.5,0.06246524346669181,-0.026027184777788256,0.0,0.0,0.0
0.305,2/3 raise_arm_pose,0.43250506766114166,-0.3471940189124088,0.6153000055506662,0.08935846895864996,-0.02684661161764078,-0.026027184777788256,0,0.0021312302213170264,0.4241572157483875,0,13.2,-0.05369322323528156,1.5,0.06443186788233786,-0.02684661161764078,0.0,0.0,0.0
0.31,2/3 raise_arm_pose,0.4335057792245973,-0.34742096849431,0.615378967566411,0.0886987952783026,-0.02767779224499483,-0.02684661161764078,0,0.0021022346367430196,0.43470224164721766,0,13.5,-0.05535558448998966,1.5,0.06642670138798758,-0.02767779224499483,0.0,0.0,0.0
0.315,2/3 raise_arm_pose,0.43452089022132356,-0.3476509026692961,0.6154609945357379,0.0880299034507469,-0.02852031527728785,-0.02767779224499483,0,0.002110444906706222,0.44528252890855236,0,13.5,-0.0570406305545757,1.5,0.06844875666549083,-0.02852031527728785,0.0,0.0,0.0
0.32,2/3 raise_arm_pose,0.4355499473939392,-0.34788370554091785,0.6155461313461688,0.08735210280545941,-0.029373783730346978,-0.02852031527728785,0,0.002154558826297825,0.455896843384704,0,13.9,-0.058747567460693956,1.5,0.07049708095283273,-0.029373783730346978,0.0,0.0,0.0
0.325,2/3 raise_arm_pose,0.4365925128379788,-0.3481192649248488,0.615634421843017,0.08666569217455528,-0.030237814514445398,-0.029373783730346978,0,0.0022333197677808377,0.46654399412315395,0,13.7,-0.060475629028890796,1.5,0.07257075483466895,-0.030237814514445398,0.0,0.0,0.0
0.33,2/3 raise_arm_pose,0.4376481634404207,-0.348357472220141,0.6157259088183844,0.0859709602715868,-0.031112037947996735,-0.030237814514445398,0,0.0023455150853890407,0.4772228318547218,0,17.4,-0.06222407589599347,1.5,0.07466889107519216,-0.031112037947996735,0.0,0.0,0.0
0.335,2/3 raise_arm_pose,0.4387173171807219,-0.3485984084915121,0.6158207081516781,0.08526764225503036,-0.031996781257047656,-0.031112037947996735,0,0.002413504600691414,0.4880690412901516,0,14.8,-0.06399356251409531,1.5,0.07679227501691437,-0.031996781257047656,0.0,0.0,0.0
0.34,2/3 raise_arm_pose,0.43980120626993785,-0.34884233716372204,0.6159190148307327,0.08454272510911065,-0.0328930437732115,-0.031996781257047656,0,0.0023619000241297526,0.49922031580324544,0,14.8,-0.065786087546423,1.5,0.0789433050557076,-0.0328930437732115,0.0,0.0,0.0
0.34500000000000003,2/3 raise_arm_pose,0.4408993684710003,-0.3490891393168884,0.6160208762059176,0.08372787165806561,-0.03380042232423931,-0.0328930437732115,0,0.0023467587530491283,0.510406147937678,0,14.0,-0.06760084464847863,1.5,0.08112101357817435,-0.03380042232423931,0.0,0.0,0.0
0.35000000000000003,2/3 raise_arm_pose,0.44201135709073575,-0.34933869979589466,0.6161263385212922,0.08290275817433485,-0.03471852784891086,-0.03380042232423931,0,0.0023668045717577142,0.5216253281767025,0,13.0,-0.06943705569782171,1.5,0.08332446683738606,-0.03471852784891086,0.0,0.0,0.0
0.355,2/3 raise_arm_pose,0.44313674041159395,-0.3495909070803573,0.6162354469045993,0.08206770283146136,-0.035646984903148604,-0.03471852784891086,0,0.0024208059321129175,0.5328766893366581,0,13.4,-0.07129396980629721,1.5,0.08555276376755666,-0.035646984903148604,0.0,0.0,0.0
0.36,2/3 raise_arm_pose,0.4442751011456734,-0.34984565315928723,0.6163482453618432,0.0812230129589947,-0.036585431183417734,-0.035646984903148604,0,0.0025075743901570397,0.5441591050853123,0,14.2,-0.07317086236683547,1.5,0.08780503484020258,-0.036585431183417734,0.0,0.0,0.0
0.365,2/3 raise_arm_pose,0.44542603591006813,-0.3501028334102662,0.6164647767759636,0.08036898543710419,-0.03753351706680715,-0.036585431183417734,0,0.002625963097471008,0.5554714885120607,0,14.2,-0.0750670341336143,1.5,0.09008044096033718,-0.03753351706680715,0.0,0.0,0.0
0.37,2/3 raise_arm_pose,0.44659072966482855,-0.35036269761488664,0.6165852475439472,0.07950473840136607,-0.03849220103886499,-0.03753351706680715,0,0.0026284617734714023,0.5670719650796388,0,15.8,-0.07698440207772998,1.5,0.09238128249327598,-0.03849220103886499,0.0,0.0,0.0
0.375,2/3 raise_arm_pose,0.4477695421261302,-0.3506253099724182,0.6167097874726727,0.07863000216928029,-0.03946176029671671,-0.03849220103886499,0,0.0025912842653989954,0.5788338619589941,0,15.1,-0.07892352059343342,1.5,0.09470822471212012,-0.03946176029671671,0.0,0.0,0.0
0.38,2/3 raise_arm_pose,0.44896203312947924,-0.35089055610911746,0.6168384435678164,0.07774510044830035,-0.040441814205359534,-0.03946176029671671,0,0.0025885317714971433,0.5906283846957312,0,13.9,-0.08088362841071907,1.5,0.09706035409286289,-0.040441814205359534,0.0,0.0,0.0
0.385,2/3 raise_arm_pose,0.4501677771037902,-0.3511583252074175,0.6169712616649495,0.07685034598104029,-0.041431995452015764,-0.040441814205359534,0,0.0026189994162698995,0.6024543913848415,0,15.3,-0.08286399090403153,1.5,0.09943678908483784,-0.041431995452015764,0.0,0.0,0.0
0.39,2/3 raise_arm_pose,0.4513863625410499,-0.3514285098840575,0.617108286428791,0.07594604094499319,-0.04243194957985494,-0.041431995452015764,0,0.002681524494863646,0.6143107800879921,0,21.1,-0.08486389915970988,1.5,0.10183667899165186,-0.04243194957985494,0.0,0.0,0.0
0.395,2/3 raise_arm_pose,0.45261739148660224,-0.35170100607257654,0.6172495613561687,0.07503247733704876,-0.04344133453803565,-0.04243194957985494,0,0.002774984997094634,0.6261964874346915,0,15.5,-0.0868826690760713,1.5,0.10425920289128557,-0.04344133453803565,0.0,0.0,0.0
0.4,2/3 raise_arm_pose,0.45386047904916343,-0.3519757129099984,0.6173951287822643,0.07410993734345117,-0.044459820247495944,-0.04344133453803565,0,0.002898298183135575,0.6381104872724155,0,14.1,-0.08891964049499189,1.5,0.10670356859399027,-0.044459820247495944,0.0,0.0,0.0
0.405,2/3 raise_arm_pose,0.45511748516901895,-0.3522530246672496,0.6175452992186636,0.07317703698666256,-0.0454889149846954,-0.044459820247495944,0,0.0028407660297571392,0.6504171499148503,0,13.9,-0.0909778299693908,1.5,0.10917339596326896,-0.0454889149846954,0.0,0.0,0.0
0.41000000000000003,2/3 raise_arm_pose,0.4563879766591463,-0.35253282793123053,0.6177001198005428,0.07223409389767538,-0.04652824743366314,-0.0454889149846954,0,0.0028168160678887348,0.6627556396405027,0,14.7,-0.09305649486732628,1.5,0.11166779384079153,-0.04652824743366314,0.0,0.0,0.0
0.41500000000000004,2/3 raise_arm_pose,0.457671534523094,-0.35281501276172006,0.617859636457896,0.07128141505434249,-0.04757745927448728,-0.04652824743366314,0,0.0028252729208274956,0.6751248425014598,0,16.1,-0.09515491854897457,1.5,0.11418590225876947,-0.04757745927448728,0.0,0.0,0.0
0.42,2/3 raise_arm_pose,0.4589677534410255,-0.3530994725731412,0.6180238939187328,0.07031929717003399,-0.04863620472845285,-0.04757745927448728,0,0.002865002350055225,0.6875236835379861,0,13.5,-0.0972724094569057,1.5,0.11672689134828683,-0.04863620472845285,0.0,0.0,0.0
0.425,2/3 raise_arm_pose,0.4602762412756493,-0.35338610402052717,0.6181929357156183,0.06934802706761783,-0.04970415011909989,-0.04863620472845285,0,0.002934909815401727,0.6999511254139368,0,14.8,-0.09940830023819978,1.5,0.11928996028583973,-0.04970415011909989,0.0,0.0,0.0
0.43,2/3 raise_arm_pose,0.4615966185971797,-0.3536748068895301,0.6183668041951582,0.0683678820393801,-0.05078097344864456,-0.04970415011909989,0,0.0030339390856028796,0.7124061670999319,0,14.0,-0.10156194689728912,1.5,0.12187433627674692,-0.05078097344864456,0.0,0.0,0.0
0.435,2/3 raise_arm_pose,0.4629292234256051,-0.3539656377492295,0.6185456360569976,0.06737860666557366,-0.05186693845067675,-0.05078097344864456,0,0.0030945190709186264,0.7250027348928839,0,14.4,-0.1037338769013535,1.5,0.12448065228162418,-0.05186693845067675,0.0,0.0,0.0
0.44,2/3 raise_arm_pose,0.46427508834927234,-0.35425880349207084,0.6187296682704865,0.06637942965322441,-0.05296287374495409,-0.05186693845067675,0,0.00305097269952044,0.737856443362237,0,15.2,-0.10592574748990818,1.5,0.12711089698788983,-0.05296287374495409,0.0,0.0,0.0
0.445,2/3 raise_arm_pose,0.4656338008601519,-0.3545541951165084,0.6189189462989438,0.06537065230964384,-0.05406843037124801,-0.05296287374495409,0,0.0030389866437157153,0.7507400627083256,0,15.8,-0.10813686074249602,1.5,0.12976423289099523,-0.05406843037124801,0.0,0.0,0.0
0.45,2/3 raise_arm_pose,0.4670049617394332,-0.35485170689578494,0.6191135143886385,0.06435256598722511,-0.05518327158293793,-0.05406843037124801,0,0.003057456292458705,0.763652546050464,0,15.3,-0.11036654316587587,1.5,0.13243985179905104,-0.05518327158293793,0.0,0.0,0.0
0.455,2/3 raise_arm_pose,0.46838818457907194,-0.35515123626736234,0.6193134155781476,0.06332545244704141,-0.05630707241953499,-0.05518327158293793,0,0.0031053156960902427,0.7765928831487903,0,17.6,-0.11261414483906998,1.5,0.13513697380688397,-0.05630707241953499,0.0,0.0,0.0
0.46,2/3 raise_arm_pose,0.4697830953216696,-0.35545268372623806,0.6195186917103547,0.06228958420889614,-0.05743951929416743,-0.05630707241953499,0,0.0031815362131891976,0.7895600991218379,0,24.8,-0.11487903858833486,1.5,0.13785484630600184,-0.05743951929416743,0.0,0.0,0.0
0.465,2/3 raise_arm_pose,0.47118933181790573,-0.35575595272200045,0.6197293834467624,0.06124522488838841,-0.05858030959550402,-0.05743951929416743,0,0.0032851252047842155,0.8025532532089918,0,15.8,-0.11716061919100804,1.5,0.14059274302920965,-0.05858030959550402,0.0,0.0,0.0
0.47000000000000003,2/3 raise_arm_pose,0.4726078727065525,-0.35606123533605777,0.6199457348202667,0.06019164217455981,-0.05973022848829818,-0.05858030959550402,0,0.0032885265351406344,0.8157868745138726,0,15.0,-0.11946045697659637,1.5,0.14335254837191563,-0.05973022848829818,0.0,0.0,0.0
0.47500000000000003,2/3 raise_arm_pose,0.4740390001042217,-0.35636857216895956,0.6201678924049596,0.05912862076055581,-0.0608894952257868,-0.05973022848829818,0,0.0032575057204587135,0.8291556323807059,0,15.6,-0.1217789904515736,1.5,0.14613478854188833,-0.0608894952257868,0.0,0.0,0.0
0.48,2/3 raise_arm_pose,0.47548232107490535,-0.35667785849774564,0.620395899405253,0.05805644660225096,-0.06205778263340557,-0.0608894952257868,0,0.0032560749038854065,0.8425524337816223,0,14.9,-0.12411556526681114,1.5,0.14893867832017338,-0.06205778263340557,0.0,0.0,0.0
0.485,2/3 raise_arm_pose,0.4769374551127072,-0.3569889926851018,0.6206297978195172,0.056975396380239414,-0.06323477498769994,-0.06205778263340557,0,0.0032831984354867814,0.8559762971929292,0,16.7,-0.1264695499753999,1.5,0.15176345997047985,-0.06323477498769994,0.0,0.0,0.0
0.49,2/3 raise_arm_pose,0.4784040336969133,-0.35730187607602903,0.6208696284539792,0.05588573784002971,-0.06442016761553626,-0.06323477498769994,0,0.0033378769130767774,0.869426275444263,0,16.6,-0.12884033523107252,1.5,0.154608402277287,-0.06442016761553626,0.0,0.0,0.0
0.495,2/3 raise_arm_pose,0.4798816998639422,-0.3576164128981024,0.6211154309386759,0.054787730119767654,-0.06561366650734056,-0.06442016761553626,0,0.003419145913545842,0.8829014545162226,0,16.1,-0.13122733301468112,1.5,0.15747279961761732,-0.06561366650734056,0.0,0.0,0.0
0.5,2/3 raise_arm_pose,0.48137010779546086,-0.35793251016518673,0.6213672437451743,0.05368162406601138,-0.06681498794387396,-0.06561366650734056,0,0.0035260747685931268,0.8964009523800862,0,20.9,-0.13362997588774791,1.5,0.16035597106529748,-0.06681498794387396,0.0,0.0,0.0
0.505,2/3 raise_arm_pose,0.4828707794635762,-0.35825047059062093,0.6216254263666396,0.05256628225479821,-0.06802535541122681,-0.06681498794387396,0,0.003477837778530596,0.9102233729093112,0,18.9,-0.13605071082245362,1.5,0.16326085298694434,-0.06802535541122681,0.0,0.0,0.0
0.51,2/3 raise_arm_pose,0.4843833289890497,-0.3585701907667101,0.6218900203656689,0.05144198484973928,-0.06924445229832045,-0.06802535541122681,0,0.0034582354142653903,0.9240729315309943,0,17.0,-0.1384889045966409,1.5,0.16618668551596905,-0.06924445229832045,0.0,0.0,0.0
0.515,2/3 raise_arm_pose,0.48590738251507265,-0.3588915702861473,0.6221610661135825,0.05030900308801873,-0.07047197307546393,-0.06924445229832045,0,0.003466265463894659,0.9379486784119,0,18.4,-0.14094394615092787,1.5,0.1691327353811134,-0.07047197307546393,0.0,0.0,0.0
0.52,2/3 raise_arm_pose,0.4874425777784781,-0.35921451164221596,0.6224386028057479,0.049167599610341624,-0.07170762290650551,-0.07047197307546393,0,0.0035009607929320403,0.9518496969629551,0,21.0,-0.14341524581301102,1.5,0.1720982949756132,-0.07170762290650551,0.0,0.0,0.0
0.525,2/3 raise_arm_pose,0.4889885636971183,-0.35953892013242855,0.6227226684787067,0.04801802877897011,-0.07295111727455876,-0.07170762290650551,0,0.0035613881165982913,0.9657751026757044,0,16.2,-0.14590223454911752,1.5,0.175082681458941,-0.07295111727455876,0.0,0.0,0.0
0.53,2/3 raise_arm_pose,0.4905449999727354,-0.3598647037654738,0.623013300028849,0.046860536984345925,-0.07420218162082827,-0.07295111727455876,0,0.003646646815081361,0.979724041999489,0,15.7,-0.14840436324165654,1.5,0.17808523588998781,-0.07420218162082827,0.0,0.0,0.0
0.535,2/3 raise_arm_pose,0.49211213570972656,-0.36019189390163664,0.6233106439646398,0.0456949322618577,-0.07546101593892983,-0.07420218162082827,0,0.003699233151053399,0.9937886798285955,0,15.8,-0.15092203187785966,1.5,0.18110643825343156,-0.07546101593892983,0.0,0.0,0.0
0.54,2/3 raise_arm_pose,0.4936907902927959,-0.3605206396998076,0.6236149615952506,0.04452059822814839,-0.07672827788664613,-0.07546101593892983,0,0.003663179526156574,1.0080625489325592,0,17.8,-0.15345655577329226,1.5,0.1841478669279507,-0.07672827788664613,0.0,0.0,0.0
0.545,2/3 raise_arm_pose,0.49528059665547003,-0.3608508421454942,0.6239262911450678,0.043337800858066634,-0.07800367249694065,-0.07672827788664613,0,0.0036538030180187963,1.0223617009253672,0,15.1,-0.1560073449938813,1.5,0.18720881399265757,-0.07800367249694065,0.0,0.0,0.0
0.55,2/3 raise_arm_pose,0.49688119892937455,-0.36118240504152754,0.6242446696893523,0.042146797887605926,-0.07928691512662317,-0.07800367249694065,0,0.003670169927553523,1.0366852509059097,0,20.0,-0.15857383025324634,1.5,0.1902885963038956,-0.07928691512662317,0.0,0.0,0.0
0.555,2/3 raise_arm_pose,0.4984922520471189,-0.3615152349150765,0.6245701331720293,0.04094783912268927,-0.08057773109501509,-0.07928691512662317,0,0.003711379235142233,1.0510323449446164,0,15.5,-0.16115546219003019,1.5,0.19338655462803622,-0.08057773109501509,0.0,0.0,0.0
0.56,2/3 raise_arm_pose,0.5001134213599966,-0.3618492409278294,0.6249027164248236,0.03974116673710871,-0.0818758553352616,-0.08057773109501509,1,0.003776561456853015,1.0654021589994511,0,13.7,-0.1637517106705232,1.5,0.19650205280462782,-0.0818758553352616,0.0,0.0,0.0
0.5650000000000001,2/3 raise_arm_pose,0.5017443822698948,-0.36218433478922557,0.6252424531875175,0.03852701556007913,-0.08318103205784776,-0.0818758553352616,1,0.0038648775406915983,1.0797938978698496,0,17.3,-0.1663620641156955,1.5,0.19963447693883463,-0.08318103205784776,0.0,0.0,0.0
0.5700000000000001,2/3 raise_arm_pose,0.5033858935344953,-0.3625206503346282,0.6255896049020331,0.03730481388599314,-0.08449387286163407,-0.08318103205784776,1,0.003868726539958518,1.0943784813357391,0,14.9,-0.16898774572326813,1.5,0.20278529486792177,-0.08449387286163407,0.0,0.0,0.0
0.5750000000000001,2/3 raise_arm_pose,0.5050381511654198,-0.36285820455476575,0.625944322021637,0.03607440874764498,-0.08581453885042793,-0.08449387286163407,1,0.003843424041782325,1.109071926375113,0,14.4,-0.17162907770085586,1.5,0.20595489324102703,-0.08581453885042793,0.0,0.0,0.0
0.58,2/3 raise_arm_pose,0.5067008061555678,-0.36319690281616196,0.626306638988929,0.03483605305923485,-0.08714275614275407,-0.08581453885042793,1,0.003842891660904997,1.123788846969509,0,13.3,-0.17428551228550815,1.5,0.20914261474260978,-0.08714275614275407,0.0,0.0,0.0
0.585,2/3 raise_arm_pose,0.5083735199057023,-0.3635366531257828,0.6266765891518842,0.033589992183980545,-0.08847826044298888,-0.08714275614275407,1,0.0038662624432208863,1.1385284214745024,0,14.0,-0.17695652088597777,1.5,0.21234782506317332,-0.08847826044298888,0.0,0.0,0.0
0.59,2/3 raise_arm_pose,0.5100559638573974,-0.3638773660445269,0.6270542047830379,0.03233646422380843,-0.08982079670585555,-0.08847826044298888,2,0.003912699778018388,1.1532898570032217,0,13.4,-0.1796415934117111,1.5,0.21556991209405332,-0.08982079670585555,0.0,0.0,0.0
0.595,2/3 raise_arm_pose,0.5117478191395356,-0.364218954603627,0.6274395170996319,0.03107570029926105,-0.09117011881266196,-0.08982079670585555,2,0.003981396335960553,1.1680723884198365,0,13.7,-0.18234023762532392,1.5,0.2188082851503887,-0.09117011881266196,0.0,0.0,0.0
0.6,2/3 raise_arm_pose,0.5134487762278144,-0.36456133422386394,0.6278325562845342,0.02980792482004447,-0.09252598925887022,-0.09117011881266196,2,0.004071573044237373,1.1828752773682707,0,16.3,-0.18505197851774044,1.5,0.2220623742212885,-0.09252598925887022,0.0,0.0,0.0
0.605,2/3 raise_arm_pose,0.515160000847828,-0.3649047163997599,0.6282336976809868,0.028532262617997024,-0.0938893467269411,-0.09252598925887022,2,0.00403227648320477,1.1979313862028802,0,14.5,-0.1877786934538822,1.5,0.22533443214465862,-0.0938893467269411,0.0,0.0,0.0
0.61,2/3 raise_arm_pose,0.5168811520172271,-0.3652490084997222,0.6286429725730341,0.027248961514782795,-0.09525992917110944,-0.0938893467269411,3,0.004016679605895575,1.2130099561030776,0,15.9,-0.19051985834221888,1.5,0.2286238300106626,-0.09525992917110944,0.0,0.0,0.0
0.615,2/3 raise_arm_pose,0.5186118987347176,-0.36559412043942896,0.6290604111957157,0.025958262212010898,-0.0966374837172118,-0.09525992917110944,3,0.004023952923379455,1.2281102009315674,0,15.6,-0.1932749674344236,1.5,0.2319299609213083,-0.0966374837172118,0.0,0.0,0.0
0.62,2/3 raise_arm_pose,0.5203519196294051,-0.36593996459886907,0.629486042754012,0.024660398572852828,-0.09802176634168051,-0.0966374837172118,3,0.004053295978838655,1.2432313620658595,0,15.4,-0.19604353268336103,1.5,0.2352522392200332,-0.09802176634168051,0.0,0.0,0.0
0.625,2/3 raise_arm_pose,0.5221009026229996,-0.36628645574215135,0.6299198954425784,0.02335559789456685,-0.09941254156177273,-0.09802176634168051,3,0.004103936331444047,1.2583727074352504,0,14.5,-0.19882508312354547,1.5,0.23859009974825454,-0.09941254156177273,0.0,0.0,0.0
0.63,2/3 raise_arm_pose,0.523858544604366,-0.3666335109399886,0.6303619964661098,0.022044081172340364,-0.10080958213664165,-0.09941254156177273,3,0.004175128575795499,1.2735335305915116,0,14.2,-0.2016191642732833,1.5,0.24194299712793996,-0.10080958213664165,0.0,0.0,0.0
0.635,2/3 raise_arm_pose,0.5256249985531526,-0.366981137398612,0.6308124869525565,0.020725729387451798,-0.10221302419185374,-0.10080958213664165,3,0.00421943498249786,1.2887842324088348,0,15.5,-0.20442604838370748,1.5,0.24531125806044898,-0.10221302419185374,0.0,0.0,0.0
0.64,2/3 raise_arm_pose,0.5274008582129275,-0.367329427943489,0.6312716259612499,0.0194000946389035,-0.10362335428835916,-0.10221302419185374,3,0.004190596060491133,1.3041962612196196,0,15.3,-0.2072467085767183,1.5,0.24869605029206196,-0.10362335428835916,0.0,0.0,0.0
0.645,2/3 raise_arm_pose,0.5291858006159381,-0.3676782946520915,0.6317394401842156,0.018067413464036237,-0.10504033134471262,-0.10362335428835916,3,0.00418356078793546,1.3196289541542847,0,15.1,-0.21008066268942524,1.5,0.25209679522731027,-0.10504033134471262,0.0,0.0,0.0
0.65,2/3 raise_arm_pose,0.5309795120065371,-0.3680276519731726,0.6322159553352634,0.016727916026635738,-0.10646372271731946,-0.10504033134471262,3,0.004197566037100082,1.3350815879684939,0,15.2,-0.21292744543463893,1.5,0.2555129345215667,-0.10646372271731946,0.0,0.0,0.0
0.655,2/3 raise_arm_pose,0.5327816875192961,-0.36837741665003315,0.632701196168983,0.015381826383507054,-0.1078933039051108,-0.10646372271731946,4,0.004231875389724741,1.3505534647314632,0,18.6,-0.2157866078102216,1.5,0.2589439293722659,-0.1078933039051108,0.0,0.0,0.0
0.66,2/3 raise_arm_pose,0.5345920308688062,-0.3687275076463283,0.633195186500232,0.014029362743139658,-0.10932885826455518,-0.1078933039051108,4,0.004285778202188384,1.366043910939986,0,15.6,-0.21865771652911037,1.5,0.26238925983493244,-0.10932885826455518,0.0,0.0,0.0
0.665,2/3 raise_arm_pose,0.5364102540507021,-0.3690778460743256,0.6336979492239975,0.012670737716853016,-0.11077017673464476,-0.10932885826455518,5,0.004358588703396572,1.3815522766634678,0,14.6,-0.22154035346928952,1.5,0.2658484241631474,-0.11077017673464476,0.0,0.0,0.0
0.67,2/3 raise_arm_pose,0.5382368843221186,-0.36942850981177344,0.6342097340007139,0.011305555167578425,-0.11221769719632715,-0.11077017673464476,5,0.004362662485191379,1.3972058596829262,0,14.5,-0.2244353943926543,1.5,0.26932247327118514,-0.11221769719632715,0.0,0.0,0.0
0.675,2/3 raise_arm_pose,0.5400720257096073,-0.36977949416107225,0.6347306784367671,0.009933735533924383,-0.11367152248826004,-0.11221769719632715,5,0.004342863902231782,1.4129420303498474,0,18.2,-0.22734304497652008,1.5,0.27281165397182405,-0.11367152248826004,0.0,0.0,0.0
0.68,2/3 raise_arm_pose,0.5419153728824433,-0.3701307159828334,0.6352608043621891,0.008555505815513627,-0.11513143194138464,-0.11367152248826004,5,0.0043430228518676435,1.42869711550752,0,14.4,-0.2302628638827693,1.5,0.27631543665932307,-0.11513143194138464,0.0,0.0,0.0
0.685,2/3 raise_arm_pose,0.5437666289795346,-0.37048209433650264,0.6358001327042868,0.0071710874273483785,-0.11659721261005924,-0.11513143194138464,5,0.004362440820458052,1.4444704531487678,0,17.3,-0.2331944252201185,1.5,0.2798333102641421,-0.11659721261005924,0.0,0.0,0.0
0.6900000000000001,2/3 raise_arm_pose,0.5456255053150441,-0.3708335504096289,0.6363486835060128,0.005780696455247071,-0.11806865900173961,-0.11659721261005924,5,0.00440044374233964,1.4602614044366655,0,14.5,-0.23613731800347923,1.5,0.283364781604175,-0.11806865900173961,0.0,0.0,0.0
0.6950000000000001,2/3 raise_arm_pose,0.5474917210945932,-0.3711850074494586,0.6369064759445922,0.004384543904680412,-0.11954557281612053,-0.11806865900173961,5,0.0044563811441472295,1.4760693528935807,0,17.2,-0.23909114563224107,1.5,0.2869093747586892,-0.11954557281612053,0.0,0.0,0.0
0.7000000000000001,2/3 raise_arm_pose,0.5493650031416432,-0.3715363906967778,0.6374735283503079,0.0029828359433849497,-0.1210277626934075,-0.11954557281612053,5,0.004529625319083412,1.4918937036185973,0,14.5,-0.242055525386815,1.5,0.2904666304641779,-0.1210277626934075,0.0,0.0,0.0
0.705,2/3 raise_arm_pose,0.5512461458104427,-0.37188782498059864,0.6380501852609917,0.001574980623448942,-0.12251588257170508,-0.1210277626934075,5,0.004499095321979405,1.507901602593592,0,18.7,-0.24503176514341016,1.5,0.29403811817209213,-0.12251588257170508,0.0,0.0,0.0
0.71,2/3 raise_arm_pose,0.5531348537932568,-0.3722392301071537,0.6386364642745355,0.00016120209485041143,-0.12400972490097792,-0.12251588257170508,5,0.00448733635974201,1.5239272915716189,0,15.3,-0.24801944980195584,1.5,0.29762333976234695,-0.12400972490097792,0.0,0.0,0.0
0.715,2/3 raise_arm_pose,0.5550308397900751,-0.3725905279738068,0.6392323821476342,-0.0012582804577917148,-0.1255090893954419,-0.12400972490097792,5,0.004493691446150983,1.5399701479025718,0,14.7,-0.2510181787908838,1.5,0.30122181454906044,-0.1255090893954419,0.0,0.0,0.0
0.72,2/3 raise_arm_pose,0.5569338242314276,-0.3729416425021137,0.6398379548128696,-0.002683252560689041,-0.1270137827793153,-0.1255090893954419,5,0.004517526589503711,1.5560295707290979,0,14.3,-0.2540275655586306,1.5,0.3048330786703566,-0.1270137827793153,0.0,0.0,0.0
0.725,2/3 raise_arm_pose,0.5588435350111011,-0.3732924995730723,0.6404531973959449,-0.004113504201804528,-0.1285236185414688,-0.1270137827793153,6,0.004558229987807117,1.5721049802238523,0,15.5,-0.2570472370829376,1.5,0.30845668449952496,-0.1285236185414688,0.0,0.0,0.0
0.73,2/3 raise_arm_pose,0.5607597072283761,-0.37364302696449136,0.6410781242329812,-0.005548829586824948,-0.1300384166986626,-0.1285236185414688,6,0.004615211252137975,1.588195816853447,0,15.4,-0.2600768333973252,1.5,0.31209220007679006,-0.1300384166986626,0.0,0.0,0.0
0.735,2/3 raise_arm_pose,0.5626823939928671,-0.3739932108185499,0.6417128521976109,-0.006989259951115927,-0.13155824943891245,-0.1300384166986626,6,0.004651097508690877,1.6043507150366003,0,15.9,-0.2631164988778249,1.5,0.31573979865338975,-0.13155824943891245,0.0,0.0,0.0
0.74,2/3 raise_arm_pose,0.5646119551801874,-0.37434309233416413,0.6423576032870628,-0.008435055246729516,-0.1330834321480022,-0.13155824943891245,6,0.004629336192942626,1.6206190362070758,0,19.7,-0.2661668642960044,1.5,0.31940023715520516,-0.1330834321480022,0.0,0.0,0.0
0.745,2/3 raise_arm_pose,0.566548113819125,-0.37469259655552345,0.6430123898495808,-0.00988599703265202,-0.13461377757702245,-0.1330834321480022,6,0.004624509857719551,1.636903407284071,0,14.4,-0.2692275551540449,1.5,0.32307306618485376,-0.13461377757702245,0.0,0.0,0.0
0.75,2/3 raise_arm_pose,0.5684906002111924,-0.37504165044185056,0.6436772234720195,-0.01134187085548765,-0.13614910503077562,-0.13461377757702245,6,0.004636025778703353,1.6532032665208571,0,14.3,-0.27229821006155125,1.5,0.3267578520738614,-0.13614910503077562,0.0,0.0,0.0
0.755,2/3 raise_arm_pose,0.5704391516802171,-0.37539018280642766,0.6443521149954993,-0.012802465995241229,-0.13768924013839606,-0.13614910503077562,6,0.0046633119769266314,1.6695180718318425,0,42.7,-0.2753784802767921,1.5,0.3304541763321504,-0.13768924013839606,0.0,0.0,0.0
0.76,2/3 raise_arm_pose,0.5723935123307969,-0.3757381242576122,0.6450370745310469,-0.01426757521466323,-0.13923401463199842,-0.13768924013839606,6,0.004705816492686035,1.6858473001044296,0,17.5,-0.27846802926399683,1.5,0.33416163511679603,-0.13923401463199842,0.0,0.0,0.0
0.765,2/3 raise_arm_pose,0.5743534328152903,-0.37608540714178124,0.6457321114751523,-0.015736994511723605,-0.14078326613307332,-0.13923401463199842,6,0.00476300668486789,1.7021904465349627,0,18.1,-0.28156653226614664,1.5,0.33787983871937577,-0.14078326613307332,0.0,0.0,0.0
0.77,2/3 raise_arm_pose,0.576319202327633,-0.3764320591149653,0.646437426598855,-0.01721092194528278,-0.14233725869828082,-0.14078326613307332,6,0.004767196183089003,1.718631174372235,0,18.4,-0.28467451739656163,1.5,0.3416094208758738,-0.14233725869828082,0.0,0.0,0.0
0.775,2/3 raise_arm_pose,0.5782908313079973,-0.37677805776700984,0.6471531249526236,-0.018689344812107482,-0.1438960368294562,-0.14233725869828082,6,0.004752796950628263,1.7351282132178856,0,18.7,-0.2877920736589124,1.5,0.34535048839069477,-0.1438960368294562,0.0,0.0,0.0
0.78,2/3 raise_arm_pose,0.5802680611005898,-0.3771233334841992,0.6478792136271956,-0.020172046692673938,-0.1454594330317906,-0.1438960368294562,7,0.0047535461178859935,1.7516396087614399,0,15.8,-0.2909188660635812,1.5,0.3491026392762973,-0.1454594330317906,0.0,0.0,0.0
0.785,2/3 raise_arm_pose,0.5822506396063324,-0.3774678183934444,0.6486156990299465,-0.02165881401614316,-0.1470272856727934,-0.1454594330317906,7,0.004768913490871977,1.7681648585184717,0,15.2,-0.2940545713455868,1.5,0.3528654856147041,-0.1470272856727934,0.0,0.0,0.0
0.79,2/3 raise_arm_pose,0.5842383210583015,-0.3778114463071673,0.6493625868987536,-0.023149435795753702,-0.1485994387771113,-0.1470272856727934,7,0.004798387432385867,1.7847034775915083,0,16.1,-0.2971988775542226,1.5,0.356638653065067,-0.1485994387771113,0.0,0.0,0.0
0.795,2/3 raise_arm_pose,0.5862308658050571,-0.3781541526699826,0.6501198823157244,-0.024643703365296553,-0.15017574182852816,-0.1485994387771113,7,0.0048414742125290865,1.8012549980544899,0,15.0,-0.30035148365705633,1.5,0.3604217803884675,-0.15017574182852816,0.0,0.0,0.0
0.8,2/3 raise_arm_pose,0.5882280401015739,-0.37849587450712296,0.650887589720734,-0.02614141011616907,-0.1517560495788956,-0.15017574182852816,7,0.004897697381949674,1.8178189683587687,0,15.9,-0.3035120991577912,1.5,0.36421451898934937,-0.1517560495788956,0.0,0.0,0.0
0.805,2/3 raise_arm_pose,0.5902302595102725,-0.37883665962743274,0.6516659645368755,-0.0276428338446947,-0.15334073131680553,-0.1517560495788956,7,0.004875848781063937,1.8344968433709443,0,21.1,-0.30668146263361107,1.5,0.36801775516033325,-0.15334073131680553,0.0,0.0,0.0
0.81,2/3 raise_arm_pose,0.5922372784439521,-0.37917644241959786,0.6524550093376168,-0.029147753863390018,-0.154929633952694,-0.15334073131680553,7,0.004867845754996747,1.8511878403457473,0,16.1,-0.309859267905388,1.5,0.3718311214864656,-0.154929633952694,0.0,0.0,0.0
0.8150000000000001,2/3 raise_arm_pose,0.5942488573562897,-0.3795151588852529,0.6532547260755115,-0.030655951221065396,-0.15652260975513171,-0.154929633952694,7,0.004873203708629536,1.8678915000144856,0,18.8,-0.31304521951026343,1.5,0.3756542634123161,-0.15652260975513171,0.0,0.0,0.0
0.8200000000000001,2/3 raise_arm_pose,0.5962647625358891,-0.3798527465881573,0.6540651160942353,-0.032167208414188846,-0.15811951616328948,-0.15652260975513171,7,0.00489145500767267,1.8846073791828721,0,15.8,-0.31623903232657896,1.5,0.37948683879189476,-0.15811951616328948,0.0,0.0,0.0
0.8250000000000001,2/3 raise_arm_pose,0.5982847659075295,-0.380189144605034,0.6548861801404277,-0.03368130909652247,-0.1597202156059671,-0.15811951616328948,7,0.004922148385036951,1.9013350501684183,0,15.7,-0.3194404312119342,1.5,0.38332851745432106,-0.1597202156059671,0.0,0.0,0.0
0.8300000000000001,2/3 raise_arm_pose,0.6003086448403563,-0.38052429347801664,0.6557179183753044,-0.03519803778640198,-0.16132457532695638,-0.1597202156059671,7,0.004964848367981005,1.9180741002575248,0,15.3,-0.32264915065391275,1.5,0.3871789807846953,-0.16132457532695638,0.0,0.0,0.0
0.835,2/3 raise_arm_pose,0.6023363538250308,-0.3808581633849496,0.6565604021824154,-0.03671730832420352,-0.16293260353594535,-0.16132457532695638,7,0.0049922458801693916,1.9348513950673574,0,13.7,-0.3258652070718907,1.5,0.39103824848626884,-0.16293260353594535,0.0,0.0,0.0
0.84,2/3 raise_arm_pose,0.6043680178075986,-0.38119075221556725,0.6574137753611943,-0.03823915853981568,-0.16454444439293667,-0.16293260353594535,7,0.004977494193779269,1.9516942067577143,0,14.2,-0.32908888878587333,1.5,0.39490666654304796,-0.16454444439293667,0.0,0.0,0.0
0.845,2/3 raise_arm_pose,0.6064034108742526,-0.3815220001578847,0.6582780355003182,-0.039763359510923295,-0.16615996445525022,-0.16454444439293667,7,0.004974811198179952,1.9685484563920783,0,14.7,-0.33231992891050044,1.5,0.3987839146926005,-0.16615996445525022,0.0,0.0,0.0
0.85,2/3 raise_arm_pose,0.608442312429192,-0.38185184883214435,0.6591531796375405,-0.04128968232571608,-0.16777903495069976,-0.16615996445525022,7,0.004983774489193781,1.9854137436424089,0,13.6,-0.3355580699013995,1.5,0.4026696838816794,-0.16777903495069976,0.0,0.0,0.0
0.855,2/3 raise_arm_pose,0.6104845070143602,-0.38218024124600297,0.6600392042695999,-0.04281789774855687,-0.16940153161412552,-0.16777903495069976,7,0.005003976446789195,2.0022896821921474,0,13.6,-0.33880306322825104,1.5,0.4065636758739012,-0.16940153161412552,0.0,0.0,0.0
0.86,2/3 raise_arm_pose,0.612529784135453,-0.38250712175119306,0.6609361053618796,-0.04434777587922036,-0.17102733452964833,-0.16940153161412552,7,0.005035023717635949,2.0191758992458144,0,15.5,-0.34205466905929666,1.5,0.4104656028711559,-0.17102733452964833,0.0,0.0,0.0
0.865,2/3 raise_arm_pose,0.6145779380939751,-0.38283243600160943,0.6618438783577807,-0.04587908580484667,-0.17265632797844477,-0.17102733452964833,7,0.005076536715770112,2.036072035055773,0,13.2,-0.34531265595688954,1.5,0.4143751871482674,-0.17265632797844477,0.0,0.0,0.0
0.87,2/3 raise_arm_pose,0.6166290213482064,-0.3831561708008693,0.662762632350567,-0.047411784639213965,-0.17428860210889685,-0.17265632797844477,7,0.005080788681242796,2.053018105874866,0,14.4,-0.3485772042177937,1.5,0.4182926450613524,-0.17428860210889685,0.0,0.0,0.0
0.875,2/3 raise_arm_pose,0.6186829546880959,-0.3834782918691693,0.6636924188046484,-0.048945725655512994,-0.1759241430359455,-0.17428860210889685,7,0.005071738097897264,2.0699942064987003,0,13.6,-0.351848286071891,1.5,0.42221794328626916,-0.1759241430359455,0.0,0.0,0.0
0.88,2/3 raise_arm_pose,0.6207395321196438,-0.3837987452595598,0.6646332306903148,-0.05048066189252667,-0.17756283642170984,-0.1759241430359455,7,0.005073028348003015,2.086980107512324,0,12.9,-0.35512567284341967,1.5,0.4261508074121036,-0.17756283642170984,0.0,0.0,0.0
0.885,2/3 raise_arm_pose,0.6227985522559001,-0.384117478277776,0.6655850604881584,-0.052016344131071306,-0.1792045719301348,-0.17756283642170984,7,0.005084297502389159,2.103975465902095,0,14.2,-0.3584091438602696,1.5,0.43009097263232354,-0.1792045719301348,0.0,0.0,0.0
0.89,2/3 raise_arm_pose,0.6248598181617945,-0.38443443944340977,0.666547900196794,-0.053552520479229725,-0.18084924308692732,-0.1792045719301348,7,0.0051051962994059725,2.1209799506598475,0,15.2,-0.36169848617385464,1.5,0.43403818340862554,-0.18084924308692732,0.0,0.0,0.0
0.895,2/3 raise_arm_pose,0.6269231372043489,-0.38474957845236424,0.6675217413402876,-0.05508893594433902,-0.18249674714439446,-0.18084924308692732,7,0.0051353877015613315,2.1379932423627026,0,14.5,-0.3649934942887889,1.5,0.4379921931465467,-0.18249674714439446,0.0,0.0,0.0
0.9,2/3 raise_arm_pose,0.6289883209080828,-0.38506284614055697,0.6685065749752923,-0.056625331990539256,-0.18414698495101264,-0.18249674714439446,7,0.005174546467675364,2.155015032767582,0,12.6,-0.3682939699020253,1.5,0.4419527638824303,-0.18414698495101264,0.0,0.0,0.0
0.905,2/3 raise_arm_pose,0.6310554103494649,-0.38537422830360896,0.6695025009181051,-0.05816161361154578,-0.1858000412581482,-0.18414698495101264,7,0.005161337592078431,2.1720811109372375,0,12.7,-0.3716000825162964,1.5,0.44592009901955565,-0.1858000412581482,0.0,0.0,0.0
0.91,2/3 raise_arm_pose,0.6331242165064854,-0.3856836759743715,0.6705095085414614,-0.05969750695929054,-0.18745581741828302,-0.1858000412581482,7,0.005157050497673236,2.1891556446084453,0,14.8,-0.37491163483656603,1.5,0.4498939618038792,-0.18745581741828302,0.0,0.0,0.0
0.915,2/3 raise_arm_pose,0.6351945543735167,-0.3859911412882011,0.6715275867722098,-0.06123273334819023,-0.18911421823656213,-0.18745581741828302,7,0.005161372922118053,2.2062383378386508,0,14.8,-0.37822843647312426,1.5,0.45387412376774905,-0.18911421823656213,0.0,0.0,0.0
0.92,2/3 raise_arm_pose,0.6372662428268964,-0.3862965774491589,0.6725567240971727,-0.06276700873082727,-0.19077515184995048,-0.18911421823656213,7,0.00517400353225307,2.223328905043289,0,13.6,-0.38155030369990095,1.5,0.45786036443988104,-0.19077515184995048,0.0,0.0,0.0
0.925,2/3 raise_arm_pose,0.6393391044951737,-0.3865999386973383,0.6735969085687169,-0.06430004315228408,-0.19243852961061922,-0.19077515184995048,7,0.005194651541579118,2.240427070633255,0,12.6,-0.38487705922123844,1.5,0.46185247106548605,-0.19243852961061922,0.0,0.0,0.0
0.93,2/3 raise_arm_pose,0.6414129656338498,-0.38690118027728715,0.6746481278100369,-0.06583154018156406,-0.19410426597341357,-0.19243852961061922,7,0.005223036341124609,2.2575325686650625,0,13.4,-0.38820853194682714,1.5,0.4658502383361925,-0.19410426597341357,0.0,0.0,0.0
0.935,2/3 raise_arm_pose,0.6434876892671186,-0.3872002631840863,0.6757103861359474,-0.06736122082217536,-0.1957723051430031,-0.19410426597341357,7,0.005241911640109774,2.274650493652042,0,14.3,-0.3915446102860062,1.5,0.46985353234320737,-0.1957723051430031,0.0,0.0,0.0
0.9400000000000001,2/3 raise_arm_pose,0.6455631737199291,-0.38749715375617005,0.6767837047129915,-0.0688888216798012,-0.1974426200165877,-0.1957723051430031,7,0.005234135502166247,2.291786026146952,0,13.1,-0.3948852400331754,1.5,0.4738622880398104,-0.1974426200165877,0.0,0.0,0.0
0.9450000000000001,2/3 raise_arm_pose,0.6476392516644924,-0.3877918092094726,0.6778680694697886,-0.07041402004549577,-0.19911513094452754,-0.1974426200165877,7,0.005233562958111022,2.3089283857538465,0,14.7,-0.3982302618890551,1.5,0.47787631426686605,-0.19911513094452754,0.0,0.0,0.0
0.9500000000000001,2/3 raise_arm_pose,0.6497157590581669,-0.3880841876767932,0.678963465926533,-0.07193648424404112,-0.2007897610649202,-0.19911513094452754,7,0.005239941882158002,2.3260773335238074,0,12.9,-0.4015795221298404,1.5,0.4818954265558084,-0.2007897610649202,0.0,0.0,0.0
0.9550000000000001,2/3 raise_arm_pose,0.6517925350345608,-0.38837424818024946,0.6800698791988363,-0.07345587291951083,-0.2024664362060298,-0.2007897610649202,8,0.005253028972923604,2.343232638871126,0,12.9,-0.4049328724120596,1.5,0.48591944689447153,-0.2024664362060298,0.0,0.0,0.0
0.96,2/3 raise_arm_pose,0.653869421798419,-0.38866195060466524,0.6811872940013007,-0.07497183428731691,-0.20414508479213128,-0.2024664362060298,8,0.005272589444572843,2.3603940792805957,0,15.2,-0.40829016958426256,1.5,0.4899482035011151,-0.20414508479213128,0.0,0.0,0.0
0.965,2/3 raise_arm_pose,0.6559462645241687,-0.388947255671861,0.6823156946508278,-0.0764840053508582,-0.20582563775264992,-0.20414508479213128,8,0.005298396728774511,2.3775614400250413,0,13.3,-0.41165127550529984,1.5,0.49398153060635985,-0.20582563775264992,0.0,0.0,0.0
0.97,2/3 raise_arm_pose,0.6580228900650441,-0.38923012204138857,0.6834550533852144,-0.07799199571258852,-0.20750801125467622,-0.20582563775264992,8,0.0053026852846804915,2.3947310779317563,0,12.8,-0.41501602250935243,1.5,0.4980192270112229,-0.20750801125467622,0.0,0.0,0.0
0.975,2/3 raise_arm_pose,0.6600991394773007,-0.38951051079670673,0.6846053479550156,-0.07949541052517481,-0.2091921329867777,-0.20750801125467622,8,0.0052989590633907065,2.411904458967058,0,15.1,-0.4183842659735554,1.5,0.5020611191682665,-0.2091921329867777,0.0,0.0,0.0
0.98,2/3 raise_arm_pose,0.6621748674744427,-0.3897883852957756,0.6857665616729488,-0.08099384916353272,-0.21087794176090174,-0.2091921329867777,8,0.005300766751393361,2.429083084692585,0,15.8,-0.4217558835218035,1.5,0.5061070602261641,-0.21087794176090174,0.0,0.0,0.0
0.985,2/3 raise_arm_pose,0.6642499313302913,-0.39006370963012665,0.6869386774633226,-0.08248689625676384,-0.21256537853057755,-0.21087794176090174,8,0.005307914661863122,2.4462667715441797,0,13.2,-0.4251307570611551,1.5,0.5101569084733861,-0.21256537853057755,0.0,0.0,0.0
0.99,2/3 raise_arm_pose,0.6663241907953052,-0.39033644860356553,0.6881216778641127,-0.0839741207026252,-0.21425438631596083,-0.21256537853057755,8,0.005320215887013715,2.4634553423824306,0,13.1,-0.42850877263192166,1.5,0.514210527158306,-0.21425438631596083,0.0,0.0,0.0
0.995,2/3 raise_arm_pose,0.6683975080158354,-0.39060656771161306,0.6893155450288146,-0.08545507463621071,-0.2159449101315018,-0.21425438631596083,8,0.005337490060831227,2.480648626267803,0,14.7,-0.4318898202630036,1.5,0.5182677843156043,-0.2159449101315018,0.0,0.0,0.0
1.0,2/3 raise_arm_pose,0.6704697474562173,-0.39087403312165436,0.6905202607280722,-0.08692929235157554,-0.21763689691614496,-0.2159449101315018,8,0.005359563130112379,2.4978464582436484,0,13.6,-0.4352737938322899,1.5,0.5223285525987479,-0.21763689691614496,0.0,0.0,0.0
1.0050000000000001,2/3 raise_arm_pose,0.6725405943862837,-0.3911387885686328,0.6917356993530187,-0.08839616094625247,-0.2193301470048722,-0.21763689691614496,8,0.005354973639489923,2.515018986906897,0,11.9,-0.4386602940097444,1.5,0.5263923528116933,-0.2193301470048722,0.0,0.0,0.0
1.01,2/3 raise_arm_pose,0.6746099248236659,-0.39140080307900804,0.692961843103859,-0.08985518246534505,-0.22102461618204056,-0.2193301470048722,8,0.005354383056282171,2.5321953054823965,0,12.6,-0.4420492323640811,1.5,0.5304590788368974,-0.22102461618204056,0.0,0.0,0.0
1.0150000000000001,2/3 raise_arm_pose,0.6766776166612777,-0.39166004624198936,0.6941986737896232,-0.09130583756758945,-0.22272026177955465,-0.22102461618204056,8,0.005357651418729304,2.549375281323221,0,13.1,-0.4454405235591093,1.5,0.5345286282709312,-0.22272026177955465,0.0,0.0,0.0
1.02,2/3 raise_arm_pose,0.6787435496073487,-0.39191648819414177,0.6954461728290331,-0.09274758426934596,-0.22441704262270232,-0.22272026177955465,8,0.005364643663733648,2.5665587864250816,0,11.7,-0.44883408524540463,1.5,0.5386009022944855,-0.22441704262270232,0.0,0.0,0.0
1.025,2/3 raise_arm_pose,0.6808076051275973,-0.39217009960453436,0.696704321251197,-0.09417985664155648,-0.2261149189778864,-0.22441704262270232,8,0.005375229455405636,2.5837456972638426,0,11.4,-0.4522298379557728,1.5,0.5426758055469274,-0.2261149189778864,0.0,0.0,0.0
1.03,2/3 raise_arm_pose,0.6828696663894772,-0.3924208516604146,0.6979730996961396,-0.09560206346150332,-0.22781385250218567,-0.2261149189778864,8,0.0053892830196116985,2.6009358946387144,0,13.4,-0.45562770500437133,1.5,0.5467532460052457,-0.22781385250218567,0.0,0.0,0.0
1.035,2/3 raise_arm_pose,0.6849295179332506,-0.3926687040521134,0.6992524258454763,-0.09701351834551614,-0.22951372337546827,-0.22781385250218567,8,0.005399619861874199,2.6181126996783775,0,14.7,-0.45902744675093654,1.5,0.5508329361011239,-0.22951372337546827,0.0,0.0,0.0
1.04,2/3 raise_arm_pose,0.6869868500236068,-0.39291360612860216,0.7005421542702512,-0.09841344376872502,-0.2312143332017759,-0.22951372337546827,8,0.005398801813897906,2.6352591990162058,0,11.8,-0.4624286664035518,1.5,0.5549143996842623,-0.2312143332017759,0.0,0.0,0.0
1.045,2/3 raise_arm_pose,0.6890415625188777,-0.39315553310412904,0.70184226677678,-0.0998011768797463,-0.23291565611775264,-0.2312143332017759,8,0.005400322873954497,2.6524079152131073,0,13.3,-0.4658313122355053,1.5,0.5589975746826065,-0.23291565611775264,0.0,0.0,0.0
1.05,2/3 raise_arm_pose,0.691093556398233,-0.39339446057000194,0.7031527447556555,-0.10117602383794083,-0.23461766716526009,-0.23291565611775264,8,0.005404101173262203,2.669558770679017,0,11.6,-0.46923533433052017,1.5,0.5630824011966243,-0.23461766716526009,0.0,0.0,0.0
1.055,2/3 raise_arm_pose,0.6931427337278898,-0.3936303644857279,0.7044735691816671,-0.10253725834161906,-0.23632034225969467,-0.23461766716526009,8,0.005410057708447787,2.6867116905395187,0,12.5,-0.47264068451938934,1.5,0.5671688214232673,-0.23632034225969467,0.0,0.0,0.0
1.06,2/3 raise_arm_pose,0.6951889976285948,-0.3938632211704782,0.705804720613626,-0.10388412015033605,-0.23802365815941395,-0.23632034225969467,8,0.005418116241255121,2.703866602540802,0,12.3,-0.4760473163188279,1.5,0.5712567795825936,-0.23802365815941395,0.0,0.0,0.0
1.065,2/3 raise_arm_pose,0.6972322522443355,-0.39409300729486524,0.7071461791941092,-0.10521581361450527,-0.23972759243623296,-0.23802365815941395,8,0.0054282032017677635,2.721023436957939,0,12.0,-0.4794551848724659,1.5,0.5753462218469592,-0.23972759243623296,0.0,0.0,0.0
1.07,2/3 raise_arm_pose,0.6992721202263025,-0.39431966867540613,0.7084977366249555,-0.10653132505994017,-0.24143188720832034,-0.23972759243623296,8,0.005432515894562576,2.7381348787798094,0,12.0,-0.4828637744166407,1.5,0.5794365292999689,-0.24143188720832034,0.0,0.0,0.0
1.075,2/3 raise_arm_pose,0.7013083781593057,-0.39454316968734293,0.7098592800498125,-0.107829707969965,-0.243136411703586,-0.24143188720832034,8,0.005434102701728583,2.755223771136334,0,11.4,-0.486272823407172,1.5,0.5835273880886065,-0.243136411703586,0.0,0.0,0.0
1.08,2/3 raise_arm_pose,0.7033409499653549,-0.3947634915304356,0.7112307921851072,-0.10911007274069306,-0.24484115788171865,-0.243136411703586,8,0.005436416682765204,2.7723133526623935,0,13.6,-0.4896823157634373,1.5,0.5876187789161249,-0.24484115788171865,0.0,0.0,0.0
1.085,2/3 raise_arm_pose,0.705369759937113,-0.39498061560107683,0.7126122552789353,-0.11037148922271267,-0.24654611798381798,-0.24484115788171865,8,0.005439432386587359,2.7894035992370534,0,12.5,-0.49309223596763596,1.5,0.5917106831611633,-0.24654611798381798,0.0,0.0,0.0
1.09,2/3 raise_arm_pose,0.7073947327302051,-0.39519452348991735,0.7140036511106814,-0.11161298564809616,-0.24825128452254516,-0.24654611798381798,8,0.005443125252897073,2.806494487583614,0,12.8,-0.4965025690450903,1.5,0.5958030828541084,-0.24825128452254516,0.0,0.0,0.0
1.095,2/3 raise_arm_pose,0.7094157933559323,-0.3954051969795921,0.7154049609906349,-0.11283354771330742,-0.24995665027261818,-0.24825128452254516,8,0.005447471581007801,2.823585995240058,0,12.9,-0.49991330054523636,1.5,0.5998959606542837,-0.24995665027261818,0.0,0.0,0.0
1.1,2/3 raise_arm_pose,0.7114328671743766,-0.3956126180425424,0.7168161657596064,-0.11403211785724582,-0.25166220826164,-0.24995665027261818,8,0.005452448499756028,2.8406781005305395,0,12.1,-0.50332441652328,1.5,0.603989299827936,-0.25166220826164,0.0,0.0,0.0
1.105,2/3 raise_arm_pose,0.7134453172976971,-0.3958167121842154,0.7182368468448578,-0.1152072692596148,-0.25336747453324415,-0.25166220826164,8,0.005456468514226637,2.85767533693723,0,13.1,-0.5067349490664883,1.5,0.608081938879786,-0.25336747453324415,0.0,0.0,0.0
1.11,2/3 raise_arm_pose,0.715453093086183,-0.3960174664842837,0.7196669900687566,-0.11635788876197134,-0.2550724592975403,-0.25336747453324415,8,0.005459565116068926,2.874671698191669,0,11.8,-0.5101449185950806,1.5,0.6121739023140967,-0.2550724592975403,0.0,0.0,0.0
1.115,2/3 raise_arm_pose,0.7174561434789242,-0.39621486803471434,0.721106580698283,-0.11748282002449681,-0.2567771724072842,-0.2550724592975403,8,0.0054617706247254635,2.8916672149241824,0,13.9,-0.5135543448145684,1.5,0.6162652137774821,-0.2567771724072842,0.0,0.0,0.0
1.12,2/3 raise_arm_pose,0.7194544170135827,-0.3964089039441598,0.7225556034450592,-0.11858086413298116,-0.2584816233703852,-0.2567771724072842,8,0.005463116228457203,2.9086619166930405,0,12.2,-0.5169632467407704,1.5,0.6203558960889245,-0.2584816233703852,0.0,0.0,0.0
1.125,2/3 raise_arm_pose,0.7214478618456523,-0.3965995613422055,0.724014042465473,-0.11965078066078638,-0.2601858213619758,-0.2584816233703852,8,0.005463632023936903,2.9256558320219685,0,12.8,-0.5203716427239516,1.5,0.6244459712687419,-0.2601858213619758,0.0,0.0,0.0
1.1300000000000001,2/3 raise_arm_pose,0.7234364257672264,-0.39678682738348314,0.7254818813608948,-0.12069128924980471,-0.2618897752360589,-0.2601858213619758,8,0.005463347054452958,2.9426489884363667,0,11.8,-0.5237795504721178,1.5,0.6285354605665412,-0.2618897752360589,0.0,0.0,0.0
1.135,2/3 raise_arm_pose,0.7254198324740462,-0.39697066867893377,0.7269589358109909,-0.12170095951681109,-0.2635933011313059,-0.2618897752360589,8,0.005465137643687576,2.959602931409989,0,12.5,-0.5271866022626118,1.5,0.632623922715134,-0.2635933011313059,0.0,0.0,0.0
1.1400000000000001,2/3 raise_arm_pose,0.7273975922136217,-0.3971510339378797,0.7284448541779475,-0.12267823616393828,-0.2652960293315138,-0.2635933011313059,8,0.005471268378761489,2.976478651354635,0,12.0,-0.5305920586630276,1.5,0.6367104703956329,-0.2652960293315138,0.0,0.0,0.0
1.145,2/3 raise_arm_pose,0.7293696797567708,-0.3973279159008745,0.7299396264294917,-0.12362178023592593,-0.2669979877560089,-0.2652960293315138,8,0.005474874061754658,2.993351978214163,0,13.7,-0.5339959755120178,1.5,0.6407951706144212,-0.2669979877560089,0.0,0.0,0.0
1.1500000000000001,2/3 raise_arm_pose,0.7313360686721165,-0.3975013071451784,0.7314432418555559,-0.12453022652902748,-0.26869920334694125,-0.2669979877560089,8,0.005476043069489437,3.0102229957465534,0,12.4,-0.5373984066938825,1.5,0.6448780880326588,-0.26869920334694125,0.0,0.0,0.0
1.155,2/3 raise_arm_pose,0.7332967313732891,-0.3976712000957936,0.7329556890696555,-0.12540218871040532,-0.27039970210348546,-0.26869920334694125,8,0.005474860685600222,3.027091784778255,0,12.6,-0.5407994042069709,1.5,0.6489592850483649,-0.27039970210348546,0.0,0.0,0.0
1.16,2/3 raise_arm_pose,0.7352516391646929,-0.3978375870361075,0.7344769560104721,-0.1262362652818618,-0.27209950911484515,-0.27039970210348546,8,0.005471409208793725,3.043958423306792,0,11.6,-0.5441990182296903,1.5,0.6530388218756281,-0.27209950911484515,0.0,0.0,0.0
1.165,2/3 raise_arm_pose,0.7372007622858875,-0.3980004601181634,0.7360070299436133,-0.1270310464138388,-0.2737986485921018,-0.27209950911484515,8,0.005465768057321937,3.060822986599776,0,15.1,-0.5475972971842036,1.5,0.6571167566210441,-0.2737986485921018,0.0,0.0,0.0
1.17,2/3 raise_arm_pose,0.7391435496478637,-0.3981597691160299,0.7375454836458407,-0.1277849250376752,-0.27549668853951176,-0.2737986485921018,8,0.0054700990161715615,3.0775944754030116,0,11.8,-0.5509933770790235,1.5,0.661192052494828,-0.27549668853951176,0.0,0.0,0.0
1.175,2/3 raise_arm_pose,0.7410797322675166,-0.39831548952389456,0.7390921018885437,-0.12849644673351016,-0.27719343969259036,-0.27549668853951176,8,0.0054769938705079525,3.09431711601084,0,12.0,-0.5543868793851807,1.5,0.6652642552622167,-0.27719343969259036,0.0,0.0,0.0
1.18,2/3 raise_arm_pose,0.7430093101893831,-0.3984676193512315,0.7406468804726899,-0.12916428818927891,-0.2788889471591392,-0.27719343969259036,8,0.005479809129700124,3.1110358902356725,0,12.1,-0.5577778943182784,1.5,0.6693334731819339,-0.2788889471591392,0.0,0.0,0.0
1.185,2/3 raise_arm_pose,0.7449322814821114,-0.3986161562783041,0.7422098143595779,-0.129787154024874,-0.2805832544681868,-0.2788889471591392,8,0.005478687579577542,3.127750933400917,0,11.8,-0.5611665089363737,1.5,0.6733998107236482,-0.2805832544681868,0.0,0.0,0.0
1.19,2/3 raise_arm_pose,0.746848642313086,-0.39876109767367973,0.7437808976746839,-0.13036378735869822,-0.28227640362524575,-0.2805832544681868,8,0.005473767008466659,3.144462376093657,0,12.6,-0.5645528072504915,1.5,0.6774633687005897,-0.28227640362524575,0.0,0.0,0.0
1.195,2/3 raise_arm_pose,0.7487583870206849,-0.3989024406111007,0.745360123711796,-0.13089298085018078,-0.28396843516563564,-0.28227640362524575,8,0.005465180382101885,3.161170344330431,0,12.6,-0.5679368703312713,1.5,0.6815242443975253,-0.28396843516563564,0.0,0.0,0.0
1.2,2/3 raise_arm_pose,0.7506615081842437,-0.399040181885737,0.7469474849374154,-0.13137358805469265,-0.28565938820593983,-0.28396843516563564,8,0.005453056012417147,3.1778749597171987,0,12.0,-0.5713187764118797,1.5,0.6855825316942554,-0.28565938820593983,0.0,0.0,0.0
1.205,2/3 raise_arm_pose,0.7525570936246534,-0.3991742549051539,0.7485422099906504,-0.13180434133004257,-0.287348494625537,-0.28565938820593983,8,0.0054656807818454075,3.1944151659788327,0,13.3,-0.574696989251074,1.5,0.6896363871012886,-0.287348494625537,0.0,0.0,0.0
1.21,2/3 raise_arm_pose,0.7544451720532453,-0.39930466316129315,0.7501443036058617,-0.13218432908806554,-0.2890358190561519,-0.287348494625537,8,0.005472460192796639,3.210949832378347,0,12.4,-0.5780716381123038,1.5,0.6936859657347644,-0.2890358190561519,0.0,0.0,0.0
1.215,2/3 raise_arm_pose,0.7563257693078321,-0.3994314096314376,0.7517537694612356,-0.13251273345794265,-0.29072142386739885,-0.2890358190561519,8,0.005473598832817274,3.2274791528109135,0,11.8,-0.5814428477347977,1.5,0.6977314172817571,-0.29072142386739885,0.0,0.0,0.0
1.22,2/3 raise_arm_pose,0.7581989084591249,-0.39955449680316146,0.7533706101859861,-0.13278884022274487,-0.2924053692459558,-0.29072142386739885,8,0.0054692941288900865,3.244003314385376,0,13.1,-0.5848107384919116,1.5,0.7017728861902938,-0.2924053692459558,0.0,0.0,0.0
1.225,2/3 raise_arm_pose,0.7600646099136859,-0.39967392669833796,0.7549948273679592,-0.13301204788331908,-0.2940877132719668,-0.2924053692459558,8,0.0054597365980527625,3.260522497661769,0,12.0,-0.5881754265439336,1.5,0.7058105118527203,-0.2940877132719668,0.0,0.0,0.0
1.23,2/3 raise_arm_pose,0.7619228915135248,-0.3997897008962352,0.7566264215616112,-0.13318187561456535,-0.2957685119927711,-0.2940877132719668,8,0.005445110089248014,3.2770368768805236,0,13.5,-0.5915370239855422,1.5,0.7098444287826505,-0.2957685119927711,0.0,0.0,0.0
1.235,2/3 raise_arm_pose,0.7637734362956217,-0.39990180071228687,0.7582650967562448,-0.13329795385926899,-0.2974475174911093,-0.2957685119927711,8,0.005438350771623124,3.2934862195953554,0,14.0,-0.5948950349822186,1.5,0.7138740419786622,-0.2974475174911093,0.0,0.0,0.0
1.24,2/3 raise_arm_pose,0.7656156096262137,-0.40001019110771635,0.7599102630802349,-0.1333600782276854,-0.2991241887050503,-0.2974475174911093,8,0.005451424980317901,3.309809417699287,0,13.1,-0.5982483774101006,1.5,0.7178980528921206,-0.2991241887050503,0.0,0.0,0.0
1.245,2/3 raise_arm_pose,0.7674494659279467,-0.400114880106522,0.7615619350944348,-0.1333682497288536,-0.30079860733454794,-0.2991241887050503,8,0.005457110162647767,3.3261256129500283,0,12.4,-0.6015972146690959,1.5,0.7219166576029149,-0.30079860733454794,0.0,0.0,0.0
1.25,2/3 raise_arm_pose,0.7692750559558437,-0.40021587506709133,0.7632201260455672,-0.13332260272968285,-0.30247085222005776,-0.30079860733454794,8,0.005455664934536182,3.3424350504474387,0,16.1,-0.6049417044401155,1.5,0.7259300453281384,-0.30247085222005776,0.0,0.0,0.0
1.2550000000000001,2/3 raise_arm_pose,0.7710924269325378,-0.40031318271353217,0.7648848478785335,-0.13322340431015198,-0.3041409994426193,-0.30247085222005776,8,0.005447338860347782,3.3587379667128863,0,12.7,-0.6082819988852386,1.5,0.7299383986622862,-0.3041409994426193,0.0,0.0,0.0
1.26,2/3 raise_arm_pose,0.7729016226790191,-0.4004068091657807,0.7665561112492036,-0.13307105187989363,-0.3058091224204358,-0.3041409994426193,8,0.005432372769696134,3.3750345899894882,0,16.3,-0.6116182448408716,1.5,0.7339418938090457,-0.3058091224204358,0.0,0.0,0.0
1.2650000000000001,2/3 raise_arm_pose,0.7747026837410363,-0.40049675996853684,0.7682339255376187,-0.13286606912867197,-0.3074752920020733,-0.3058091224204358,8,0.005410999063156647,3.391325140531856,0,12.3,-0.6149505840041466,1.5,0.7379407008049758,-0.3074752920020733,0.0,0.0,0.0
1.27,2/3 raise_arm_pose,0.77649492204932,-0.40058300587333906,0.7699176144693374,-0.13260921507707893,-0.30913890201418004,-0.3074752920020733,8,0.005415345645356336,3.407474922442086,0,14.0,-0.6182778040283601,1.5,0.7419333648340319,-0.30913890201418004,0.0,0.0,0.0
1.2750000000000001,2/3 raise_arm_pose,0.7782780431249235,-0.40066554045161606,0.7716068547836027,-0.13230137300418174,-0.3107997046693892,-0.30913890201418004,8,0.005427546680723621,3.4235495511836342,0,12.9,-0.6215994093387784,1.5,0.7459192912065339,-0.3107997046693892,0.0,0.0,0.0
1.28,2/3 raise_arm_pose,0.7800521264195315,-0.40074437568281385,0.7733016727406561,-0.13194348720591909,-0.3124577982251922,-0.3107997046693892,8,0.005430861209307611,3.4396157578544884,0,12.6,-0.6249155964503844,1.5,0.7498987157404611,-0.3124577982251922,0.0,0.0,0.0
1.285,2/3 raise_arm_pose,0.781817246939575,-0.40081952274478333,0.7750020929793744,-0.1315365911050155,-0.31411327750006823,-0.3124577982251922,8,0.005425600258845367,3.455673837227124,0,12.0,-0.6282265550001365,1.5,0.7538718660001635,-0.31411327750006823,0.0,0.0,0.0
1.29,2/3 raise_arm_pose,0.7835734754101441,-0.4008909920511515,0.7767081385362876,-0.13108179725039387,-0.31576623399384973,-0.31411327750006823,8,0.0054120639711032195,3.47172407375698,0,12.0,-0.6315324679876995,1.5,0.7578389615852391,-0.31576623399384973,0.0,0.0,0.0
1.295,2/3 raise_arm_pose,0.7853208784333614,-0.4009587932871903,0.7784198308651118,-0.13058028692651483,-0.317416756003875,-0.31576623399384973,8,0.005390541982886444,3.4877667419435516,0,14.3,-0.63483351200775,1.5,0.7618002144092998,-0.317416756003875,0.0,0.0,0.0
1.3,2/3 raise_arm_pose,0.7870595186414037,-0.4010229354442495,0.7801371898567094,-0.1300332995973083,-0.3190649287370755,-0.317416756003875,8,0.005361313793711221,3.503802106678855,0,12.0,-0.638129857474151,1.5,0.7657558289689811,-0.3190649287370755,0.0,0.0,0.0
1.305,2/3 raise_arm_pose,0.7887882647326134,-0.4010833863894816,0.7818590435515282,-0.12944254504044528,-0.32070970003667704,-0.3190649287370755,8,0.005382541083566038,3.519603547291063,0,12.9,-0.6414194000733541,1.5,0.7697032800880248,-0.32070970003667704,0.0,0.0,0.0
1.31,2/3 raise_arm_pose,0.7905072265216606,-0.4011401625304416,0.783585434139609,-0.1288094209522048,-0.3223511889528556,-0.32070970003667704,8,0.005393001355241543,3.5353947836024755,0,12.9,-0.6447023779057112,1.5,0.7736428534868532,-0.3223511889528556,0.0,0.0,0.0
1.315,2/3 raise_arm_pose,0.7922165083938062,-0.401193279303238,0.7853164017972913,-0.12813534371428767,-0.3239895103690309,-0.3223511889528556,8,0.00539307145437456,3.5511761727636184,0,13.5,-0.6479790207380618,1.5,0.777574824885674,-0.3239895103690309,0.0,0.0,0.0
1.32,2/3 raise_arm_pose,0.7939162095050701,-0.4012427512176317,0.7870519847141544,-0.12742173934469142,-0.3256247751477031,-0.3239895103690309,8,0.0053831150370035104,3.566948059424752,0,11.6,-0.6512495502954062,1.5,0.7814994603544873,-0.3256247751477031,0.0,0.0,0.0
1.325,2/3 raise_arm_pose,0.795606423975528,-0.4012885919002687,0.7887922191205494,-0.12667003515065758,-0.3272570902711848,-0.3256247751477031,8,0.0053634830312065136,3.5827107761733754,0,12.4,-0.6545141805423697,1.5,0.7854170166508434,-0.3272570902711848,0.0,0.0,0.0
1.33,2/3 raise_arm_pose,0.7972872410759698,-0.4013308141361292,0.7905371393156324,-0.1258816521430546,-0.3288865589774077,-0.3272570902711848,8,0.005334514082577971,3.5984646439564285,0,12.2,-0.6577731179548154,1.5,0.7893277415457783,-0.3288865589774077,0.0,0.0,0.0
1.335,2/3 raise_arm_pose,0.7989583232882284,-0.4013694205847707,0.7922863340173091,-0.1250582111751118,-0.3305128692792623,-0.3288865589774077,8,0.005319203235712777,3.614127650144998,0,12.0,-0.6610257385585246,1.5,0.7932308862702294,-0.3305128692792623,0.0,0.0,0.0
1.34,2/3 raise_arm_pose,0.8006189297173733,-0.4014044085942239,0.794038952658629,-0.12420156285148545,-0.3321353087443921,-0.3305128692792623,8,0.005339217568947073,3.62961658581858,0,12.1,-0.6642706174887842,1.5,0.7971247409865408,-0.3321353087443921,0.0,0.0,0.0
1.345,2/3 raise_arm_pose,0.8022691944177535,-0.40143579740342644,0.7957950534304953,-0.12331312183520532,-0.33375401285208245,-0.3321353087443921,8,0.005346979018751231,3.6450939089819867,0,11.7,-0.6675080257041649,1.5,0.8010096308449977,-0.33375401285208245,0.0,0.0,0.0
1.35,2/3 raise_arm_pose,0.8039092452394254,-0.40146360517058344,0.7975546920849664,-0.12239426585873944,-0.3353691123398437,-0.33375401285208245,8,0.00534291643604492,3.6605600260730755,0,11.7,-0.6707382246796874,1.5,0.8048858696156247,-0.3353691123398437,0.0,0.0,0.0
1.355,2/3 raise_arm_pose,0.8055392040580124,-0.4014878490238321,0.7993179219725903,-0.12144633268754781,-0.3369807333693734,-0.3353691123398437,8,0.005327443661966371,3.676015329304377,0,11.5,-0.6739614667387468,1.5,0.808753760086496,-0.3369807333693734,0.0,0.0,0.0
1.36,2/3 raise_arm_pose,0.8071591869965397,-0.4015085451097477,0.8010847940802827,-0.12047061777042603,-0.33858899768670964,-0.3369807333693734,8,0.005300960053213269,3.691460197160984,0,11.2,-0.6771779953734193,1.5,0.812613594448103,-0.33858899768670964,0.0,0.0,0.0
1.365,2/3 raise_arm_pose,0.8087693046395223,-0.40152570863978554,0.8028553570696433,-0.11946837251348519,-0.3401940227767792,-0.33858899768670964,8,0.0052638509889996014,3.7068949948810106,0,14.0,-0.6803880455535584,1.5,0.81646565466427,-0.3401940227767792,0.0,0.0,0.0
1.37,2/3 raise_arm_pose,0.8103687711667725,-0.40153934729338514,0.8046286653418359,-0.11844138384604747,-0.3417950282255612,-0.3401940227767792,8,0.005268212134904153,3.722141317524188,0,11.5,-0.6835900564511224,1.5,0.8203080677413468,-0.3417950282255612,0.0,0.0,0.0
1.375,2/3 raise_arm_pose,0.8119572851146494,-0.4015494781893049,0.8064042878681056,-0.11739113166372248,-0.34339170769293154,-0.3417950282255612,8,0.005285719012815427,3.737286175729687,0,12.5,-0.6867834153858631,1.5,0.8241400984630357,-0.34339170769293154,0.0,0.0,0.0
1.3800000000000001,2/3 raise_arm_pose,0.8135350034682096,-0.401556122675847,0.8081823006267228,-0.11631875721648674,-0.3449842125882397,-0.34339170769293154,8,0.005289532276211905,3.752418055990951,0,14.9,-0.6899684251764794,1.5,0.8279621102117753,-0.3449842125882397,0.0,0.0,0.0
1.385,2/3 raise_arm_pose,0.8151020762645195,-0.4015593009315933,0.8099627766774414,-0.11522534917464053,-0.34657268902150784,-0.3449842125882397,8,0.005280131201602205,3.7675374125360284,0,12.7,-0.6931453780430157,1.5,0.831774453651619,-0.34657268902150784,0.0,0.0,0.0
1.3900000000000001,2/3 raise_arm_pose,0.8166586468516798,-0.4015590320210824,0.8117457862112331,-0.11411194475725717,-0.3481572779889074,-0.34657268902150784,8,0.005257978290816152,3.7826446836949863,0,15.7,-0.6963145559778148,1.5,0.8355774671733779,-0.3481572779889074,0.0,0.0,0.0
1.395,2/3 raise_arm_pose,0.8182048521386501,-0.40155533394804205,0.8135313966004624,-0.11297953108110961,-0.3497381155517437,-0.3481572779889074,8,0.005223519858120257,3.797740292456337,0,21.0,-0.6994762311034874,1.5,0.839371477324185,-0.3497381155517437,0.0,0.0,0.0
1.4000000000000001,2/3 raise_arm_pose,0.8197408228362089,-0.40154822370628546,0.8153196724493692,-0.11182904668191049,-0.35131533300917656,-0.3497381155517437,8,0.005177186596780836,3.812824647003999,0,22.6,-0.7026306660183531,1.5,0.8431567992220238,-0.35131533300917656,0.0,0.0,0.0
1.405,2/3 raise_arm_pose,0.8212652685344924,-0.40153772867841747,0.8171090078261616,-0.11066247739850829,-0.3528875942968756,-0.35131533300917656,8,0.005207015406170368,3.82760558763158,0,16.5,-0.7057751885937512,1.5,0.8469302263125016,-0.3528875942968756,0.0,0.0,0.0
1.41,2/3 raise_arm_pose,0.8227783763557573,-0.40152387297509945,0.8188995021187686,-0.10948068218369855,-0.3544550728807816,-0.3528875942968756,8,0.005221155780648929,3.8423716597499586,0,14.9,-0.7089101457615632,1.5,0.850692174913876,-0.3544550728807816,0.0,0.0,0.0
1.415,2/3 raise_arm_pose,0.8242803254418267,-0.4015066794021152,0.8206912511895479,-0.10828447121268939,-0.3560179361555273,-0.3544550728807816,8,0.005220156815438132,3.857123383756959,0,15.7,-0.7120358723110546,1.5,0.8544430467732658,-0.3560179361555273,0.0,0.0,0.0
1.42,2/3 raise_arm_pose,0.825771287253343,-0.40148616952352817,0.8224843474392128,-0.10707460835840982,-0.3575763456569333,-0.3560179361555273,8,0.005204548387427574,3.8718612618364783,0,18.1,-0.7151526913138666,1.5,0.8581832295766402,-0.3575763456569333,0.0,0.0,0.0
1.425,2/3 raise_arm_pose,0.8272514258582149,-0.40146236372197264,0.8242788798711767,-0.1058518136230216,-0.35913045726706655,-0.3575763456569333,8,0.005174841827814873,3.8865857785959785,0,14.9,-0.7182609145341331,1.5,0.8619130974409599,-0.35913045726706655,0.0,0.0,0.0
1.43,2/3 raise_arm_pose,0.8287208982096459,-0.40143528125621286,0.8260749341561626,-0.10461676550977159,-0.36068042141212153,-0.35913045726706655,8,0.005131530571206377,3.901297401681661,0,12.6,-0.7213608428242431,1.5,0.8656330113890918,-0.36068042141212153,0.0,0.0,0.0
1.435,2/3 raise_arm_pose,0.8301793636527094,-0.4014049511065534,0.827871985557401,-0.10337052606651795,-0.3622258620216187,-0.36068042141212153,8,0.005107667568932208,3.9158923360206472,0,11.5,-0.7244517240432374,1.5,0.8693420688518849,-0.3622258620216187,0.0,0.0,0.0
1.44,2/3 raise_arm_pose,0.8316260129542782,-0.4013714172029839,0.8296689102990572,-0.10211455122346819,-0.3637658952684645,-0.3622258620216187,7,0.005134619638971507,3.930265269585343,0,12.9,-0.727531790536929,1.5,0.8730381486443147,-0.3637658952684645,0.0,0.0,0.0
1.445,2/3 raise_arm_pose,0.8330610540612531,-0.40133470434300594,0.8314658296114944,-0.10084940273787754,-0.36530071041035167,-0.3637658952684645,7,0.005144455052085283,3.944621981062085,0,18.0,-0.7306014208207033,1.5,0.876721704984844,-0.36530071041035167,0.0,0.0,0.0
1.45,2/3 raise_arm_pose,0.834484686232842,-0.40129483596854304,0.8332628605905735,-0.09957560597493378,-0.36683049008095386,-0.36530071041035167,7,0.005137772891266298,3.9589630382239505,0,14.9,-0.7336609801619077,1.5,0.8803931761942893,-0.36683049008095386,0.0,0.0,0.0
1.455,2/3 raise_arm_pose,0.8358971003691248,-0.40125183423319744,0.8350601162785294,-0.09829365233795342,-0.36835541052176596,-0.36683049008095386,7,0.0051151512716018175,3.973288988971962,0,19.5,-0.7367108210435319,1.5,0.8840529852522383,-0.36835541052176596,0.0,0.0,0.0
1.46,2/3 raise_arm_pose,0.8372984793275416,-0.40120572006635236,0.8368577057450195,-0.09700400155379135,-0.36987564180583066,-0.36835541052176596,7,0.005077148074151815,3.987600362030602,0,14.0,-0.7397512836116613,1.5,0.8877015403339936,-0.36987564180583066,0.0,0.0,0.0
1.465,2/3 raise_arm_pose,0.8386889982277447,-0.40115651323427354,0.8386557341681791,-0.09570708381809714,-0.3713913480536341,-0.36987564180583066,7,0.0050243016541383165,4.0018976676190015,0,12.9,-0.7427826961072682,1.5,0.891339235328722,-0.3713913480536341,0.0,0.0,0.0
1.47,2/3 raise_arm_pose,0.8400678109759605,-0.40110427208563443,0.840452976185888,-0.09440426582521538,-0.37290157454773654,-0.3713913480536341,7,0.005028677080428094,4.015958779356829,0,16.8,-0.7458031490954731,1.5,0.8949637789145678,-0.37290157454773654,0.0,0.0,0.0
1.475,2/3 raise_arm_pose,0.8414346236452144,-0.40104904087467147,0.8422488979200246,-0.09309639835163924,-0.37440595636568225,-0.37290157454773654,7,0.005051490211548962,4.02989210906651,0,13.3,-0.7488119127313645,1.5,0.8985742952776375,-0.37440595636568225,0.0,0.0,0.0
1.48,2/3 raise_arm_pose,0.8427896631227979,-0.40099084428512577,0.8440436438605254,-0.0917838142132123,-0.37590469807113674,-0.37440595636568225,7,0.005055802398112854,4.0438079047477204,0,14.2,-0.7518093961422735,1.5,0.9021712753707283,-0.37590469807113674,0.0,0.0,0.0
1.485,2/3 raise_arm_pose,0.8441331469500993,-0.40092970561915636,0.8458373537011956,-0.09046682184534557,-0.37739799706803717,-0.37590469807113674,7,0.005042261173178674,4.057706780091458,0,15.7,-0.7547959941360743,1.5,0.9057551929632893,-0.37739799706803717,0.0,0.0,0.0
1.49,2/3 raise_arm_pose,0.8454652836793516,-0.4008656468679242,0.8476301624397643,-0.08914570718156373,-0.37888604385118296,-0.37739799706803717,7,0.0050114914061493,4.071589327309532,0,14.4,-0.7577720877023659,1.5,0.9093265052428392,-0.37888604385118296,0.0,0.0,0.0
1.495,2/3 raise_arm_pose,0.8467862732170237,-0.40079868877875574,0.8494222004777817,-0.08782073538922719,-0.3803690222480555,-0.37888604385118296,7,0.004964096095997758,4.085456117886343,0,12.4,-0.760738044496111,1.5,0.9128856533953333,-0.3803690222480555,0.0,0.0,0.0
1.5,2/3 raise_arm_pose,0.8480963071543608,-0.4007288509190497,0.8512135937201736,-0.08649215247254932,-0.3818471096521744,-0.3803690222480555,7,0.004900657136733673,4.099307703304334,0,11.8,-0.7636942193043488,1.5,0.9164330631652187,-0.3818471096521744,0.0,0.0,0.0
1.5050000000000001,2/3 raise_arm_pose,0.8493939937072806,-0.40065624198115446,0.8530022835543796,-0.08516181039454251,-0.38331868622049287,-0.3818471096521744,7,0.004939087069737403,4.1127864101854374,0,12.0,-0.7666373724409857,1.5,0.919964846929183,-0.38331868622049287,0.0,0.0,0.0
1.51,2/3 raise_arm_pose,0.8506795876976536,-0.40058088726395935,0.8547884450587593,-0.08382989010338712,-0.3847839798322639,-0.38331868622049287,7,0.004956907372894356,4.12624558455914,0,12.0,-0.7695679596645278,1.5,0.9234815515974335,-0.3847839798322639,0.0,0.0,0.0
1.5150000000000001,2/3 raise_arm_pose,0.8519533335737391,-0.40050281060327547,0.8565722476709933,-0.08249655618002469,-0.3862432103909667,-0.3847839798322639,7,0.004954839383248769,4.139685910063199,0,14.9,-0.7724864207819334,1.5,0.9269837049383203,-0.3862432103909667,0.0,0.0,0.0
1.52,2/3 raise_arm_pose,0.8532154658099523,-0.4004220344490161,0.8583538553100856,-0.08116195827231695,-0.38769659010345864,-0.3862432103909667,7,0.004933579191049059,4.153108046408055,0,11.9,-0.7753931802069173,1.5,0.9304718162483009,-0.38769659010345864,0.0,0.0,0.0
1.5250000000000001,2/3 raise_arm_pose,0.8544662092913812,-0.40033857993849337,0.8601334264979936,-0.07982623240666206,-0.3891443237493571,-0.38769659010345864,7,0.004893798523384459,4.166512630214276,0,11.6,-0.7782886474987142,1.5,0.9339463769984572,-0.3891443237493571,0.0,0.0,0.0
1.53,2/3 raise_arm_pose,0.8557057796836379,-0.40025246696602773,0.8619111144806805,-0.07848950218746503,-0.39058660894099284,-0.3891443237493571,7,0.004836145596896382,4.179900275820719,0,12.1,-0.7811732178819857,1.5,0.937407861458383,-0.39058660894099284,0.0,0.0,0.0
1.5350000000000001,2/3 raise_arm_pose,0.8569338458407834,-0.40016375385928876,0.86368628666079,-0.07715246834885234,-0.39202300551119224,-0.39058660894099284,7,0.004803730301583486,4.193145403449806,0,26.5,-0.7840460110223845,1.5,0.9408552132268615,-0.39202300551119224,0.0,0.0,0.0
1.54,2/3 raise_arm_pose,0.8581495633556183,-0.400072542438339,0.8654575423406528,-0.07581640061043587,-0.39345245821400204,-0.39202300551119224,7,0.004837618192132111,4.206120595673883,0,18.3,-0.7869049164280041,1.5,0.944285899713605,-0.39345245821400204,0.0,0.0,0.0
1.545,2/3 raise_arm_pose,0.8593532027339504,-0.3999788563031893,0.8672250831342497,-0.07448134998301661,-0.3948752100847809,-0.39345245821400204,7,0.004849525719330736,4.219074956295791,0,14.3,-0.7897504201695618,1.5,0.9477005042034743,-0.3948752100847809,0.0,0.0,0.0
1.55,2/3 raise_arm_pose,0.8605450235249229,-0.3998827176126194,0.8689891042275583,-0.07314735855164492,-0.39629149565264987,-0.3948752100847809,7,0.004840222195896331,4.232009214421606,0,19.5,-0.7925829913052997,1.5,0.9510995895663599,-0.39629149565264987,0.0,0.0,0.0
1.555,2/3 raise_arm_pose,0.8617252747478309,-0.39978414716333366,0.8707497945247429,-0.07181446042163095,-0.39770154123821083,-0.39629149565264987,7,0.004810450008601577,4.244924073638692,0,87.2,-0.7954030824764217,1.5,0.9544836989717062,-0.39770154123821083,0.0,0.0,0.0
1.56,2/3 raise_arm_pose,0.8628941953023412,-0.3996831644649819,0.8725073367934512,-0.07048268257583562,-0.39910556524084456,-0.39770154123821083,7,0.004760925560681086,4.257820212908853,0,19.7,-0.7982111304816891,1.5,0.9578533565780271,-0.39910556524084456,0.0,0.0,0.0
1.565,2/3 raise_arm_pose,0.8640520143627695,-0.3995797878112608,0.8742619078089978,-0.06915204565146302,-0.40050377841595347,-0.39910556524084456,7,0.004692340181257145,4.270698287430233,0,14.0,-0.8010075568319069,1.5,0.9612090681982886,-0.40050377841595347,0.0,0.0,0.0
1.57,2/3 raise_arm_pose,0.865197857336664,-0.3994741368656693,0.8760120003707693,-0.0678238386538915,-0.40189505168008194,-0.40050377841595347,7,0.004696729985317664,4.283292436985225,0,21.4,-0.8037901033601639,1.5,0.9645481240321968,-0.40189505168008194,0.0,0.0,0.0
1.575,2/3 raise_arm_pose,0.8663314466596715,-0.3993662845749295,0.8777569853265312,-0.06649867721320013,-0.4032789614990153,-0.40189505168008194,7,0.004724850147696344,4.2957324805875,0,15.1,-0.8065579229980306,1.5,0.967869507597637,-0.4032789614990153,0.0,0.0,0.0
1.58,2/3 raise_arm_pose,0.8674530662372496,-0.39925625204281423,0.8794970916475474,-0.06517651661146187,-0.4046557655933355,-0.4032789614990153,7,0.0047296618003044135,4.308150433854189,0,14.7,-0.809311531186671,1.5,0.9711738374240054,-0.4046557655933355,0.0,0.0,0.0
1.585,2/3 raise_arm_pose,0.8685629885015375,-0.3991440589809931,0.8812325410470573,-0.06385730859514693,-0.4060257126634039,-0.4046557655933355,7,0.004711980740984185,4.320547069947039,0,13.6,-0.8120514253268079,1.5,0.9744617103921697,-0.4060257126634039,0.0,0.0,0.0
1.59,2/3 raise_arm_pose,0.8696614748633588,-0.39902972378921553,0.882963548152811,-0.06254100195898135,-0.4073890427050694,-0.4060257126634039,7,0.004672594214652622,4.332923134967134,0,51.6,-0.8147780854101389,1.5,0.9777337024921668,-0.4073890427050694,0.0,0.0,0.0
1.595,2/3 raise_arm_pose,0.8707487761463032,-0.39891326363113094,0.8846903206780827,-0.06122754306843888,-0.40874598731432604,-0.4073890427050694,7,0.004612261912655678,4.34527934890202,0,19.4,-0.8174919746286521,1.5,0.9809903695543828,-0.40874598731432604,0.0,0.0,0.0
1.6,2/3 raise_arm_pose,0.8718251330036153,-0.3987946945059856,0.8864130595909369,-0.05991687632689476,-0.4100967699813081,-0.40874598731432604,7,0.004531716937141134,4.357616406539679,0,12.5,-0.8201935399626162,1.5,0.9842322479551397,-0.4100967699813081,0.0,0.0,0.0
1.605,2/3 raise_arm_pose,0.8728891018048047,-0.39867422350869575,0.8881292477572701,-0.05861100792637474,-0.41143948721321083,-0.4100967699813081,7,0.004578747894514071,4.369511146193625,0,13.4,-0.8228789744264217,1.5,0.9874547693117063,-0.41143948721321083,0.0,0.0,0.0
1.61,2/3 raise_arm_pose,0.8739409904975529,-0.3985518699175427,0.8898391509089502,-0.057309820673747534,-0.41277442130026193,-0.41143948721321083,7,0.004600248238516178,4.381381689542334,0,12.6,-0.8255488426005239,1.5,0.9906586111206289,-0.41277442130026193,0.0,0.0,0.0
1.615,2/3 raise_arm_pose,0.8749810945925306,-0.398427651607053,0.8915430264368462,-0.056013197406194475,-0.41410184465253125,-0.41277442130026193,7,0.00459711154061567,4.393228883456486,0,15.3,-0.8282036893050625,1.5,0.9938444271660754,-0.41410184465253125,0.0,0.0,0.0
1.62,2/3 raise_arm_pose,0.8760096976594628,-0.3983015851332497,0.8932411235939803,-0.05472102135977718,-0.41542202014573615,-0.41410184465253125,7,0.004570200097278954,4.405053545166295,0,11.9,-0.8308440402914723,1.5,0.9970128483497671,-0.41542202014573615,0.0,0.0,0.0
1.625,2/3 raise_arm_pose,0.8770270718031092,-0.3981736858140571,0.8949336836966855,-0.05343317649197176,-0.4167352014549439,-0.41542202014573615,7,0.0045203460245966595,4.41685646329891,0,12.0,-0.8334704029098878,1.5,1.0001644834918657,-0.4167352014549439,0.0,0.0,0.0
1.6300000000000001,2/3 raise_arm_pose,0.8780334781200068,-0.39804396780513823,0.8966209403234973,-0.052149547762978414,-0.4180416333765944,-0.4167352014549439,7,0.00444835231459543,4.428638398879533,0,12.6,-0.8360832667531888,1.5,1.0032999201038268,-0.4180416333765944,0.0,0.0,0.0
1.635,2/3 raise_arm_pose,0.8790286015592119,-0.3979125197911096,0.8983021603076335,-0.050870750906322613,-0.419340811633592,-0.4180416333765944,7,0.004407384828190848,4.44025198516546,0,14.3,-0.838681623267184,1.5,1.006417947920621,-0.419340811633592,0.0,0.0,0.0
1.6400000000000001,2/3 raise_arm_pose,0.8800115875376494,-0.3977795092418274,0.8999756688439758,-0.049598112780897784,-0.4206315095370939,-0.419340811633592,7,0.00444820685414483,4.451547697036294,0,13.8,-0.8412630190741878,1.5,1.0095156228890254,-0.4206315095370939,0.0,0.0,0.0
1.645,2/3 raise_arm_pose,0.8809827533758245,-0.3976449513483876,0.9016417611324913,-0.04833145711863595,-0.4219140238994724,-0.4206315095370939,6,0.004462184869302832,4.462817967846639,0,12.7,-0.8438280477989448,1.5,1.0125936573587337,-0.4219140238994724,0.0,0.0,0.0
1.6500000000000001,2/3 raise_arm_pose,0.8819424035520124,-0.3975088600010254,0.9033007230961133,-0.04707061081493918,-0.42318864114466687,-0.4219140238994724,6,0.004450258414042612,4.474063688033614,0,13.6,-0.8463772822893337,1.5,1.0156527387472005,-0.42318864114466687,0.0,0.0,0.0
1.655,2/3 raise_arm_pose,0.8828908302208758,-0.39737124787366834,0.9049528316151262,-0.04581540409136436,-0.42445563767177874,-0.42318864114466687,6,0.0044133341448291214,4.485285716869038,0,12.7,-0.8489112753435575,1.5,1.018693530412269,-0.42445563767177874,0.0,0.0,0.0
1.6600000000000001,2/3 raise_arm_pose,0.8838283137106702,-0.3972321265034567,0.9065983547586909,-0.044565670628246255,-0.42571528020594085,-0.42445563767177874,6,0.004352286985149986,4.496484883550213,0,15.6,-0.8514305604118817,1.5,1.0217166724942581,-0.42571528020594085,0.0,0.0,0.0
1.665,2/3 raise_arm_pose,0.8847551229999487,-0.39709150636553275,0.9082375520132662,-0.04332124767065353,-0.4269678261369065,-0.42571528020594085,6,0.004267961236172012,4.50766198825254,0,14.5,-0.853935652273813,1.5,1.0247227827285756,-0.4269678261369065,0.0,0.0,0.0
1.67,2/3 raise_arm_pose,0.8856703778547711,-0.39694957538485187,0.9098686381787545,-0.04208352099953532,-0.4282119719526819,-0.4269678261369065,6,0.0042723657020861195,4.51850742452415,0,12.0,-0.8564239439053638,1.5,1.0277087326864367,-0.4282119719526819,0.0,0.0,0.0
1.675,2/3 raise_arm_pose,0.8865738193845534,-0.3968064347800035,0.9114908968631427,-0.040853060523052674,-0.42944723547793867,-0.4282119719526819,6,0.004305793853931859,4.529172424578177,0,14.9,-0.8588944709558773,1.5,1.030673365147053,-0.42944723547793867,0.0,0.0,0.0
1.68,2/3 raise_arm_pose,0.8874657718545,-0.3966620949419274,0.9131046528460218,-0.039629643100645755,-0.43067392759284495,-0.42944723547793867,6,0.004311105689318193,4.539810777760647,0,17.0,-0.8613478551856899,1.5,1.0336174262228282,-0.43067392759284495,0.0,0.0,0.0
1.685,2/3 raise_arm_pose,0.8883465463616459,-0.3965165650910575,0.91471022066849,-0.0384130511421431,-0.43189234829676304,-0.43067392759284495,6,0.0042892852793203215,4.550423416712066,0,15.8,-0.8637846965935261,1.5,1.0365416359122315,-0.43189234829676304,0.0,0.0,0.0
1.69,2/3 raise_arm_pose,0.8892164413734476,-0.39636985336011504,0.9163079049005104,-0.03720307261879471,-0.4331027870890775,-0.43189234829676304,6,0.004241282252527667,4.561011241430521,0,11.4,-0.866205574178155,1.5,1.0394466890137861,-0.4331027870890775,0.0,0.0,0.0
1.695,2/3 raise_arm_pose,0.8900757432436857,-0.39622196687172156,0.9178980004044484,-0.03599950105576074,-0.4343055233366945,-0.4331027870890775,6,0.004168013000527398,4.571575120414164,0,13.0,-0.868611046673389,1.5,1.0423332560080667,-0.4343055233366945,0.0,0.0,0.0
1.7,2/3 raise_arm_pose,0.8909247267066734,-0.39607291181114834,0.9194807925945461,-0.034802135508443764,-0.43550082662867834,-0.4343055233366945,6,0.004070361841202077,4.582115891763715,0,13.2,-0.8710016532573567,1.5,1.045201983908828,-0.43550082662867834,0.0,0.0,0.0
1.705,2/3 raise_arm_pose,0.891761932518266,-0.39592300500452465,0.9210533096057255,-0.033613235508258836,-0.43668650995148295,-0.43550082662867834,6,0.004125993869186665,4.59214493084771,0,14.0,-0.8733730199029659,1.5,1.0480476238835592,-0.43668650995148295,0.0,0.0,0.0
1.71,2/3 raise_arm_pose,0.8925877039501008,-0.3957722524922677,0.9226159176736469,-0.03243253184491262,-0.43786291000402966,-0.43668650995148295,6,0.0041511745065973054,4.602145110024167,0,12.0,-0.8757258200080593,1.5,1.0508709840096713,-0.43786291000402966,0.0,0.0,0.0
1.715,2/3 raise_arm_pose,0.8934023702609083,-0.3956206592136304,0.9241689714958706,-0.03125976282958123,-0.4390303517007774,-0.43786291000402966,6,0.004146969552103658,4.61211743938985,0,12.2,-0.8780607034015548,1.5,1.053672844081866,-0.4390303517007774,0.0,0.0,0.0
1.72,2/3 raise_arm_pose,0.8942062472781719,-0.3954682290924767,0.9257128145386383,-0.030094674203549242,-0.44018914858417924,-0.4390303517007774,6,0.004114407501422864,4.622062893688137,0,23.7,-0.8803782971683585,1.5,1.0564539566020303,-0.44018914858417924,0.0,0.0,0.0
1.725,2/3 raise_arm_pose,0.8949996379547298,-0.3953149651174003,0.9272477793390023,-0.028937019034830917,-0.4413396032227022,-0.44018914858417924,6,0.0040544808529210325,4.631982413546385,0,17.0,-0.8826792064454044,1.5,1.0592150477344855,-0.4413396032227022,0.0,0.0,0.0
1.73,2/3 raise_arm_pose,0.8957828329014539,-0.3951608694165458,0.92877418780206,-0.027786557604642763,-0.44248200759491707,-0.4413396032227022,6,0.0039681473675221655,4.641876906669998,0,14.5,-0.8849640151898341,1.5,1.0619568182278012,-0.44248200759491707,0.0,0.0,0.0
1.735,2/3 raise_arm_pose,0.8965555332110915,-0.39500606011118256,0.9302912131723295,-0.026643914400656853,-0.4436157933006255,-0.44248200759491707,6,0.003918627909459798,4.651577217090853,0,13.1,-0.887231586601251,1.5,1.0646779039215013,-0.4436157933006255,0.0,0.0,0.0
1.74,2/3 raise_arm_pose,0.8973168884504088,-0.39485077413004227,0.9317969131022085,-0.02551055047278366,-0.44473956218411054,-0.4436157933006255,5,0.003966382499090847,4.660911709703266,0,13.1,-0.8894791243682211,1.5,1.0673749492418654,-0.44473956218411054,0.0,0.0,0.0
1.745,2/3 raise_arm_pose,0.8980672445353698,-0.39469501126458456,0.9332916841982444,-0.024386162985104452,-0.44585366483415007,-0.44473956218411054,5,0.003982429485490262,4.67021615184901,0,13.4,-0.8917073296683001,1.5,1.0700487956019602,-0.44585366483415007,0.0,0.0,0.0
1.75,2/3 raise_arm_pose,0.8988069331810293,-0.39453877039044877,0.934775910494617,-0.023270458229654643,-0.4469584395689146,-0.44585366483415007,5,0.003967878634771167,4.679491595294417,0,12.1,-0.8939168791378292,1.5,1.0727002549653952,-0.4469584395689146,0.0,0.0,0.0
1.7550000000000001,2/3 raise_arm_pose,0.8995362724991097,-0.394382049549511,0.936249963796997,-0.022163151439590932,-0.4480542128654389,-0.4469584395689146,5,0.003923800871232718,4.688739054994,0,11.7,-0.8961084257308778,1.5,1.0753301108770534,-0.4480542128654389,0.0,0.0,0.0
1.76,2/3 raise_arm_pose,0.9002555675692999,-0.39422484602619534,0.9377142040205532,-0.021063966597208238,-0.44914129977406125,-0.4480542128654389,5,0.0038512296368235317,4.697959510378861,0,12.7,-0.8982825995481225,1.5,1.077939119457747,-0.44914129977406125,0.0,0.0,0.0
1.7650000000000001,2/3 raise_arm_pose,0.9009651109854967,-0.3940671564184127,0.9391689795218922,-0.019972636238096607,-0.4502200043183583,-0.44914129977406125,5,0.003751162203024165,4.707153906600015,0,13.9,-0.9004400086367166,1.5,1.0805280103640598,-0.4502200043183583,0.0,0.0,0.0
1.77,2/3 raise_arm_pose,0.9016640284935202,-0.3939092397956785,0.9406122340730937,-0.018890694816445945,-0.4512888484953127,-0.4502200043183583,5,0.0037555817064291136,4.715968878574466,0,12.5,-0.9025776969906254,1.5,1.0830932363887504,-0.4512888484953127,0.0,0.0,0.0
1.7750000000000001,2/3 raise_arm_pose,0.902352075618381,-0.3937512234162384,0.942043170678884,-0.017986741793242576,-0.45234729145916275,-0.4512888484953127,5,0.0037943188943023705,4.7245770777231355,0,12.8,-0.9046945829183255,1.5,1.0856334995019905,-0.45234729145916275,0.0,0.0,0.0
1.78,2/3 raise_arm_pose,0.90302959862363,-0.3935931002593664,0.9434622157407434,-0.017159222095412284,-0.45339569725236706,-0.45234729145916275,5,0.0038001317144584668,4.733154073232492,0,12.6,-0.9067913945047341,1.5,1.0881496734056808,-0.45339569725236706,0.0,0.0,0.0
1.7850000000000001,2/3 raise_arm_pose,0.9036969294685105,-0.3934348625989045,0.9448697820499148,-0.016337638994042884,-0.4544344171758983,-0.45339569725236706,5,0.0037741725197671947,4.741700957229911,0,12.0,-0.9088688343517966,1.5,1.0906426012221557,-0.4544344171758983,0.0,0.0,0.0
1.79,2/3 raise_arm_pose,0.9043543864183144,-0.3932765020805256,0.9462662691693597,-0.015521802337061928,-0.4554637902351949,-0.4544344171758983,5,0.0037175533307485693,4.750218783618311,0,13.8,-0.9109275804703898,1.5,1.0931130965644678,-0.4554637902351949,0.0,0.0,0.0
1.795,2/3 raise_arm_pose,0.9050022746273471,-0.39311800979320016,0.9476520638085723,-0.014711526679090613,-0.4564841435705052,-0.4554637902351949,5,0.0036313472472037788,4.758708569414008,0,13.3,-0.9129682871410104,1.5,1.0955619445692124,-0.4564841435705052,0.0,0.0,0.0
1.8,2/3 raise_arm_pose,0.905640886695797,-0.39295937633526423,0.9490275401910631,-0.013906631271616614,-0.4574957928721687,-0.4564841435705052,5,0.0035165898104410815,4.767171296037745,0,14.0,-0.9149915857443374,1.5,1.0979899028932048,-0.4574957928721687,0.0,0.0,0.0
1.805,2/3 raise_arm_pose,0.906268766725095,-0.3928010330984407,0.9503892813098103,-0.013109154038744623,-0.4584962677349433,-0.4574957928721687,5,0.0035808230266270655,4.77505290127661,0,14.5,-0.9169925354698866,1.5,1.1003910425638639,-0.4584962677349433,0.0,0.0,0.0
1.81,2/3 raise_arm_pose,0.9068862744709966,-0.3926429662930099,0.9517377580999961,-0.01231885768071627,-0.45948595926419017,-0.4584962677349433,5,0.0036096842788582166,4.782900983198809,0,12.9,-0.9189719185283803,1.5,1.1027663022340564,-0.45948595926419017,0.0,0.0,0.0
1.815,2/3 raise_arm_pose,0.9074937547000382,-0.392485161578854,0.9530734264107101,-0.011535511050108742,-0.4604652448765828,-0.45948595926419017,5,0.0036044115858733473,4.790716715120425,0,11.9,-0.9209304897531656,1.5,1.1051165877037987,-0.4604652448765828,0.0,0.0,0.0
1.82,2/3 raise_arm_pose,0.908091537840043,-0.3923276041432406,0.9543967274343529,-0.01075888910690808,-0.46143448877921106,-0.4604652448765828,5,0.003566199635754914,4.798501229291479,0,18.0,-0.9228689775584221,1.5,1.1074427730701066,-0.46143448877921106,0.0,0.0,0.0
1.825,2/3 raise_arm_pose,0.9086799406007269,-0.3921702787723575,0.9557080881277046,-0.009988772861358818,-0.4623940424319167,-0.46143448877921106,5,0.0034962013025026974,4.806255618333239,0,19.9,-0.9247880848638333,1.5,1.1097457018366002,-0.4623940424319167,0.0,0.0,0.0
1.83,2/3 raise_arm_pose,0.9092592665658681,-0.3920131699170441,0.9570079216244732,-0.009224949306214557,-0.463344244993447,-0.4623940424319167,5,0.0033955291095261616,4.813980936625231,0,13.5,-0.926688489986894,1.5,1.112026187984273,-0.463344244993447,0.0,0.0,0.0
1.835,2/3 raise_arm_pose,0.9098292265816927,-0.3918564224243789,0.9582953127895188,-0.008467984674781957,-0.4642844639273432,-0.463344244993447,5,0.0033374579568560343,4.821486236713704,0,34.8,-0.9285689278546864,1.5,1.114282713425624,-0.4642844639273432,0.0,0.0,0.0
1.84,2/3 raise_arm_pose,0.9103889763477067,-0.3917003423040436,0.9595680594489813,-0.007719202492901027,-0.46521312958705213,-0.4642844639273432,5,0.0033921435940341797,4.828577771215217,0,23.8,-0.9304262591741043,1.5,1.1165115110089254,-0.46521312958705213,0.0,0.0,0.0
1.845,2/3 raise_arm_pose,0.9109388718898322,-0.3915449077603232,0.9608266619099568,-0.006978336515449039,-0.4661306463371704,-0.46521312958705213,4,0.0034102580886098215,4.835634645894168,0,17.0,-0.9322612926743408,1.5,1.1187135512092092,-0.4661306463371704,0.0,0.0,0.0
1.85,2/3 raise_arm_pose,0.9114792542909392,-0.391390096708787,0.9620716043238147,-0.006245127967362478,-0.4670374043895336,-0.4661306463371704,4,0.0033930814305737165,4.842658073844347,0,13.3,-0.9340748087790672,1.5,1.120889770534881,-0.4670374043895336,0.0,0.0,0.0
1.855,2/3 raise_arm_pose,0.9120104503489983,-0.3912358868472593,0.9633033551564454,-0.0055193254278766354,-0.46793378029856325,-0.4670374043895336,4,0.003341848810267704,4.849649225701261,0,14.9,-0.9358675605971265,1.5,1.123041072716552,-0.46793378029856325,0.0,0.0,0.0
1.86,2/3 raise_arm_pose,0.9125327732043458,-0.391082255720567,0.96452236764868,-0.00480068470691649,-0.468820137439276,-0.46793378029856325,4,0.0032577521863707123,4.856609231128173,0,13.3,-0.937640274878552,1.5,1.1251683298542625,-0.468820137439276,0.0,0.0,0.0
1.865,2/3 raise_arm_pose,0.9130465229375991,-0.3909291807795242,0.9657290802667309,-0.004088968714965134,-0.46969682646856287,-0.468820137439276,4,0.0031419417990091,4.863539180250136,0,15.0,-0.9393936529371257,1.5,1.127272383524551,-0.46969682646856287,0.0,0.0,0.0
1.87,2/3 raise_arm_pose,0.9135508301074443,-0.390776990826056,0.9669211734154425,-0.003385566627256663,-0.47056219482991574,-0.46969682646856287,4,0.0031463767604403598,4.8700419369562,0,14.3,-0.9411243896598315,1.5,1.129349267591798,-0.47056219482991574,0.0,0.0,0.0
1.875,2/3 raise_arm_pose,0.9140454542085219,-0.39062583527696576,0.9680977736447474,-0.00269101505679311,-0.4714156429778373,-0.47056219482991574,4,0.0031904240742285164,4.876311577883466,0,17.5,-0.9428312859556746,1.5,1.1313975431468097,-0.4714156429778373,0.0,0.0,0.0
1.8800000000000001,2/3 raise_arm_pose,0.9145307456058158,-0.3904756839554537,0.9692594095244198,-0.0020050222438033824,-0.4722575881197976,-0.4714156429778373,4,0.0031967387229569037,4.882545458170438,0,14.2,-0.9445151762395952,1.5,1.1334182114875144,-0.4722575881197976,0.0,0.0,0.0
1.885,2/3 raise_arm_pose,0.915007039848427,-0.3903265066779844,0.9704065924178622,-0.0013273050582978604,-0.4730884328610054,-0.4722575881197976,4,0.003166641349902685,4.888744829439526,0,13.6,-0.9461768657220108,1.5,1.135412238866413,-0.4730884328610054,0.0,0.0,0.0
1.8900000000000001,2/3 raise_arm_pose,0.9154746583319953,-0.39017827331745464,0.971539816993295,-0.0006575888224554446,-0.4739085657154869,-0.4730884328610054,4,0.00310140637582797,4.894910899506357,0,13.7,-0.9478171314309738,1.5,1.1373805577171685,-0.4739085657154869,0.0,0.0,0.0
1.895,2/3 raise_arm_pose,0.9159339089293669,-0.3900309538602122,0.9726595617235504,4.392871023141398e-06,-0.4747183615992776,-0.4739085657154869,4,0.00300226361676903,4.901044833913008,0,37.3,-0.9494367231985552,1.5,1.1393240678382661,-0.4747183615992776,0.0,0.0,0.0
1.9000000000000001,2/3 raise_arm_pose,0.916385086591134,-0.3898845184573923,0.973766289374379,0.0006588983435526011,-0.4755181823063517,-0.4747183615992776,4,0.0028703998452000554,4.907147757407588,0,20.4,-0.9510363646127034,1.5,1.141243637535244,-0.4755181823063517,0.0,0.0,0.0
1.905,2/3 raise_arm_pose,0.9168267374924952,-0.38973951087764586,0.9748561496823803,0.0013036351393593895,-0.4763052741688306,-0.4755181823063517,4,0.002943234402164385,4.912600195559307,0,15.0,-0.9526105483376612,1.5,1.1431326580051935,-0.4763052741688306,0.0,0.0,0.0
1.9100000000000001,2/3 raise_arm_pose,0.917259220133426,-0.38959589200401795,0.9759297174164687,0.0019389277247232953,-0.4770800826962753,-0.4763052741688306,4,0.0029757766243922504,4.918014447177241,0,14.5,-0.9541601653925506,1.5,1.1449921984710607,-0.4770800826962753,0.0,0.0,0.0
1.915,2/3 raise_arm_pose,0.9176828776935045,-0.3894536229514863,0.9769875485382329,0.00256509067516595,-0.4778430378054119,-0.4770800826962753,4,0.0029694367435994583,4.923391848790072,0,13.8,-0.9556860756108237,1.5,1.1468232907329885,-0.4778430378054119,0.0,0.0,0.0
1.92,2/3 raise_arm_pose,0.9180980387301052,-0.389312665128045,0.9780301807670446,0.0031824289055901803,-0.47859455436588116,-0.4778430378054119,4,0.002925575633391826,4.928733690147979,0,12.8,-0.9571891087317623,1.5,1.148626930478115,-0.47859455436588116,0.0,0.0,0.0
1.925,2/3 raise_arm_pose,0.9185050178422711,-0.389172980289228,0.9790581341322321,0.003791237902091356,-0.47933503272688655,-0.47859455436588116,4,0.0028455065367986457,4.934041215859884,0,12.8,-0.9586700654537731,1.5,1.1504040785445278,-0.47933503272688655,0.0,0.0,0.0
1.93,2/3 raise_arm_pose,0.9189041163020744,-0.38903453058659004,0.9800719115122343,0.004391803954504732,-0.4800648592254092,-0.47933503272688655,4,0.0027304967333437566,4.939315626973396,0,12.1,-0.9601297184508184,1.5,1.152155662140982,-0.4800648592254092,0.0,0.0,0.0
1.935,2/3 raise_arm_pose,0.9192950421920214,-0.3888974831695585,0.9810705122471161,0.004983523216262005,-0.4807833371755835,-0.4800648592254092,4,0.0026638741913690036,4.944344182288957,0,14.2,-0.961566674351167,1.5,1.1538800092214005,-0.4807833371755835,0.0,0.0,0.0
1.94,2/3 raise_arm_pose,0.9196769458602685,-0.38876220835735387,0.9820514814042751,0.005564929833301209,-0.48148872541606896,-0.4807833371755835,4,0.002725489387229783,4.948911019852927,0,28.7,-0.9629774508321379,1.5,1.1555729409985656,-0.48148872541606896,0.0,0.0,0.0
1.945,2/3 raise_arm_pose,0.920050176689512,-0.38862865777380384,0.9830154207168881,0.006136369495014678,-0.48218148208670464,-0.48148872541606896,4,0.002745669953227084,4.953438588287829,0,15.7,-0.9643629641734093,1.5,1.1572355570080912,-0.48218148208670464,0.0,0.0,0.0
1.95,2/3 raise_arm_pose,0.9204150690139894,-0.38849678359992734,0.9839629120702197,0.00669817703614254,-0.4828620492924353,-0.48218148208670464,4,0.0027258661014062328,4.9579282620131835,0,14.8,-0.9657240985848706,1.5,1.1588689183018448,-0.4828620492924353,0.0,0.0,0.0
1.955,2/3 raise_arm_pose,0.920771942816287,-0.3883665386253376,0.984894518108708,0.007193887546628287,-0.48353085366453263,-0.4828620492924353,4,0.002667477286390935,4.962381367343822,0,16.1,-0.9670617073290653,1.5,1.1604740487948784,-0.48353085366453263,0.0,0.0,0.0
1.96,2/3 raise_arm_pose,0.921121104389153,-0.3882378762932277,0.9858107828283876,0.007552281452676841,-0.4841883069021738,-0.48353085366453263,4,0.0025718539818929513,4.966799184173561,0,12.9,-0.9683766138043476,1.5,1.162051936565217,-0.4841883069021738,0.0,0.0,0.0
1.965,2/3 raise_arm_pose,0.9214628469641887,-0.3881107507394784,0.986712232154657,0.007905448512611275,-0.48483480629506476,-0.4841883069021738,4,0.002440299395044133,4.971182947599931,0,13.3,-0.9696696125901295,1.5,1.1636035351081555,-0.48483480629506476,0.0,0.0,0.0
1.97,2/3 raise_arm_pose,0.9217962908536614,-0.3879855545512174,0.9875962899659801,0.008252345354749203,-0.48546852467074775,-0.48483480629506476,4,0.0024447502570555026,4.975091738087252,0,12.6,-0.9709370493414955,1.5,1.1651244592097947,-0.48546852467074775,0.0,0.0,0.0
1.975,2/3 raise_arm_pose,0.9221211833114833,-0.38786245381885825,0.9884620079582336,0.008592563595919374,-0.4860888037546964,-0.48546852467074775,4,0.002494108807892392,4.978741063497203,0,12.0,-0.9721776075093927,1.5,1.1666131290112713,-0.4860888037546964,0.0,0.0,0.0
1.98,2/3 raise_arm_pose,0.9224378631922089,-0.3877413907268251,0.9893100134433142,0.00892631433993888,-0.4866961139221213,-0.4860888037546964,3,0.002500926149498777,4.982350071031954,0,13.2,-0.9733922278442426,1.5,1.1680706734130912,-0.4866961139221213,0.0,0.0,0.0
1.985,2/3 raise_arm_pose,0.9227466546430929,-0.38762230835588046,0.9901409128832188,0.009253803022703157,-0.4872909090851009,-0.4866961139221213,3,0.0024666912241978933,4.985920171817132,0,12.2,-0.9745818181702018,1.5,1.1694981818042423,-0.4872909090851009,0.0,0.0,0.0
1.99,2/3 raise_arm_pose,0.9230478677962412,-0.387505150724038,0.9909552925381968,0.009575229485506216,-0.48787362726879074,-0.4872909090851009,3,0.0023928408613313433,4.989452727588976,0,20.0,-0.9757472545375815,1.5,1.1708967054450978,-0.48787362726879074,0.0,0.0,0.0
1.995,2/3 raise_arm_pose,0.9233417994252278,-0.387389862821255,0.9917537190985136,0.009890788055421047,-0.48844469116746597,-0.48787362726879074,3,0.0022807616012139086,4.992949052422949,0,11.8,-0.9768893823349319,1.5,1.1722672588019183,-0.48844469116746597,0.0,0.0,0.0
2.0,2/3 raise_arm_pose,0.9236287335681348,-0.3872763906384407,0.9925367402998891,0.010200667631702943,-0.48900450868110207,-0.48844469116746597,3,0.002131791455249541,4.996410414401879,0,12.5,-0.9780090173622041,1.5,1.173610820834645,-0.48900450868110207,0.0,0.0,0.0
2.005,2/3 raise_arm_pose,0.9239071947013521,-0.38716538059575173,0.9933000845321343,0.010503148143532294,-0.48955004300825045,-0.48900450868110207,3,0.002213227522727925,4.999151952240695,0,11.9,-0.9791000860165009,1.5,1.1749201032198011,-0.48955004300825045,0.0,0.0,0.0
2.0100000000000002,2/3 raise_arm_pose,0.9241775251141742,-0.38705676408643,0.9940444260692208,0.010798465460357988,-0.49008179406043817,-0.48955004300825045,3,0.0022494510866855866,5.00185064052005,0,12.2,-0.9801635881208763,1.5,1.1761963057450515,-0.49008179406043817,0.0,0.0,0.0
2.015,2/3 raise_arm_pose,0.9244400520634358,-0.38695047371435376,0.9947704166620309,0.011086848886763374,-0.4906002442522889,-0.49008179406043817,3,0.002242044584746245,5.00450797897452,0,13.0,-0.9812004885045778,1.5,1.177440586205493,-0.4906002442522889,0.0,0.0,0.0
2.02,2/3 raise_arm_pose,0.9246950884963504,-0.3868464433303823,0.9954786862448262,0.01136852126658059,-0.49110585911391436,-0.4906002442522889,3,0.0021925350692164973,5.00712541484798,0,17.2,-0.9822117182278287,1.5,1.1786540618733943,-0.49110585911391436,0.0,0.0,0.0
2.025,2/3 raise_arm_pose,0.9249429337352377,-0.3867446080621149,0.9961698436234866,0.011643699093199296,-0.49159908788187245,-0.49110585911391436,3,0.0021023961455714306,5.009704344730766,0,17.3,-0.9831981757637449,1.5,1.1798378109164938,-0.49159908788187245,0.0,0.0,0.0
2.0300000000000002,2/3 raise_arm_pose,0.9251838741263104,-0.3866449043376537,0.9968444771456182,0.01191259262504158,-0.49208036406944156,-0.49159908788187245,3,0.0019730498430953927,5.012246116332548,0,13.2,-0.9841607281388831,1.5,1.1809928737666597,-0.49208036406944156,0.0,0.0,0.0
2.035,2/3 raise_arm_pose,0.9254175965292585,-0.3865475153906614,0.9975015016170198,0.012174745818460737,-0.49254892682820844,-0.49208036406944156,3,0.0018978762309761143,5.014516192447796,0,11.9,-0.9850978536564169,1.5,1.1821174243877002,-0.49254892682820844,0.0,0.0,0.0
2.04,2/3 raise_arm_pose,0.9256432200514351,-0.3864528663617994,0.9981382152903497,0.01242905563036293,-0.4930028634580993,-0.49254892682820844,3,0.001966419510025867,5.016276594260253,0,11.2,-0.9860057269161986,1.5,1.1832068722994382,-0.4930028634580993,0.0,0.0,0.0
2.045,2/3 raise_arm_pose,0.9258610738716211,-0.3863608786473705,0.9987553163594738,0.012675775604684116,-0.4934426858736247,-0.4930028634580993,3,0.001988664723593737,5.017993117686082,0,12.4,-0.9868853717472494,1.5,1.1842624460966993,-0.4934426858736247,0.0,0.0,0.0
2.05,2/3 raise_arm_pose,0.9260714726031243,-0.38627147522574296,0.9993534795393605,0.012915151945579968,-0.49386888807228757,-0.4934426858736247,3,0.001966232303971555,5.019667298468814,0,12.2,-0.9877377761445751,1.5,1.1852853313734901,-0.49386888807228757,0.0,0.0,0.0
2.055,2/3 raise_arm_pose,0.9262747170064349,-0.3861845806816382,0.9999333568128254,0.013147423657932568,-0.49428194676167797,-0.49386888807228757,3,0.0019006859683210577,5.021300618600961,0,13.0,-0.9885638935233559,1.5,1.1862766722280271,-0.49428194676167797,0.0,0.0,0.0
2.06,2/3 raise_arm_pose,0.9264710946634521,-0.38610012122409376,1.0004955781572449,0.01337282269215987,-0.49468232196462053,-0.49428194676167797,3,0.0017935347037034794,5.0228945082052885,0,13.1,-0.9893646439292411,1.5,1.1872375727150892,-0.49468232196462053,0.0,0.0,0.0
2.065,2/3 raise_arm_pose,0.9266608806155081,-0.38601802469870283,1.0010407522514206,0.013591574092411553,-0.4950704576031409,-0.49468232196462053,3,0.001646234682632433,5.024450347350272,0,14.3,-0.9901409152062818,1.5,1.1881690982475381,-0.4950704576031409,0.0,0.0,0.0
2.07,2/3 raise_arm_pose,0.9268431549808124,-0.38593873660519434,1.0015660524057903,0.013802524293433878,-0.49544435182637747,-0.4950704576031409,3,0.0016507018985747505,5.0254834206787224,0,13.0,-0.9908887036527549,1.5,1.1890664443833059,-0.49544435182637747,0.0,0.0,0.0
2.075,2/3 raise_arm_pose,0.9270176309638001,-0.3858624324606518,1.0020704556246223,0.01400524207306509,-0.49580328760148523,-0.49544435182637747,3,0.001705372808014383,5.026230673285327,0,12.1,-0.9916065752029705,1.5,1.1899278902435646,-0.49580328760148523,0.0,0.0,0.0
2.08,2/3 raise_arm_pose,0.9271846238128608,-0.3857890236576137,1.002554682682869,0.014199997475482375,-0.4961477884741487,-0.49580328760148523,3,0.0017126937168598273,5.026933050547546,0,13.0,-0.9922955769482974,1.5,1.190754692337957,-0.4961477884741487,0.0,0.0,0.0
2.085,2/3 raise_arm_pose,0.9273444347297387,-0.3857184235488896,1.0030194299731225,0.014387052484598713,-0.49647835966595344,-0.4961477884741487,3,0.0016743218751317254,5.027592123102432,0,24.3,-0.9929567193319069,1.5,1.1915480631982884,-0.49647835966595344,0.0,0.0,0.0
2.09,2/3 raise_arm_pose,0.9274973515691738,-0.3856505474592395,1.0034653702908374,0.014566661198334004,-0.4967954887157295,-0.49647835966595344,3,0.0015918565291000956,5.028209406614742,0,14.9,-0.993590977431459,1.5,1.1923091729177508,-0.4967954887157295,0.0,0.0,0.0
2.095,2/3 raise_arm_pose,0.927643649499936,-0.385585312691032,1.0038931535977436,0.014739070005416834,-0.4970996460984478,-0.4967954887157295,3,0.0014668409514154651,5.0287863637009655,0,13.3,-0.9941992921968956,1.5,1.193039150636275,-0.4970996460984478,0.0,0.0,0.0
2.1,2/3 raise_arm_pose,0.9277835916295457,-0.38552263852448015,1.0043034077637358,0.014904517763914805,-0.4973912858224555,-0.4970996460984478,3,0.0013007644001861293,5.029324405786016,0,14.7,-0.994782571644911,1.5,1.1937390859738934,-0.4973912858224555,0.0,0.0,0.0
2.105,2/3 raise_arm_pose,0.9279156325069666,-0.3854632560747176,1.004691451566409,0.015061101649245796,-0.4976670880818035,-0.4973912858224555,3,0.0013908021563279287,5.029073310094147,0,13.4,-0.995334176163607,1.5,1.1944010113963286,-0.4976670880818035,0.0,0.0,0.0
2.11,2/3 raise_arm_pose,0.9280400871101757,-0.38540706441902556,1.00505805334642,0.015209116175570504,-0.4979276071877548,-0.4976670880818035,3,0.001430707441868853,5.0287747020083,0,13.9,-0.9958552143755096,1.5,1.1950262572506118,-0.4979276071877548,0.0,0.0,0.0
2.115,2/3 raise_arm_pose,0.9281572562058282,-0.3853539649727327,1.0054039553632808,0.015348846923555044,-0.49817337805067835,-0.4979276071877548,3,0.0014222348932799993,5.028430244462262,0,12.5,-0.9963467561013567,1.5,1.1956161073216285,-0.49817337805067835,0.0,0.0,0.0
2.12,2/3 raise_arm_pose,0.9282674270746349,-0.3853038614942162,1.0057298746409937,0.015480570744123436,-0.4984049168590801,-0.49817337805067835,3,0.0013670777347561018,5.028041542187141,0,12.1,-0.9968098337181602,1.5,1.1961718004617927,-0.4984049168590801,0.0,0.0,0.0
2.125,2/3 raise_arm_pose,0.9283708741955808,-0.38525666008354675,1.0060365037898353,0.015604555963915669,-0.4986227217348684,-0.4984049168590801,3,0.0012668699276446604,5.027610143748455,0,12.4,-0.9972454434697368,1.5,1.1966945321636846,-0.4986227217348684,0.0,0.0,0.0
2.13,2/3 raise_arm_pose,0.9284678598914843,-0.38521226917544693,1.006324511804609,0.015721062591641168,-0.4988272733656846,-0.4986227217348684,3,0.001123188244646267,5.027137543511928,0,13.1,-0.9976545467313692,1.5,1.1971854560776436,-0.4988272733656846,0.0,0.0,0.0
2.1350000000000002,2/3 raise_arm_pose,0.928558025287797,-0.3851708797756925,1.0065927297677264,0.015829607837311445,-0.4990177467274299,-0.4988272733656846,3,0.0010394638883365148,5.026367406005901,0,20.0,-0.9980354934548598,1.5,1.1976425921458322,-0.4990177467274299,0.0,0.0,0.0
2.14,2/3 raise_arm_pose,0.9286404169619585,-0.3851329570825762,1.0068382152569084,0.01592899075793245,-0.49919205755735385,-0.4990177467274299,3,0.0011149337816383125,5.025039633259092,0,15.9,-0.9983841151147077,1.5,1.1980609381376497,-0.49919205755735385,0.0,0.0,0.0
2.145,2/3 raise_arm_pose,0.9287153343845318,-0.3850983898942873,1.007061757803811,0.016019521194643345,-0.49935077154407026,-0.49919205755735385,3,0.0011392422252527192,5.023663372916817,0,14.6,-0.9987015430881405,1.5,1.1984418517057691,-0.49935077154407026,0.0,0.0,0.0
2.15,2/3 raise_arm_pose,0.9287830634318671,-0.3850670697454364,1.0072641200274688,0.016101499406223997,-0.49949443457709136,-0.49935077154407026,3,0.0011141798699185995,5.0222403220449205,0,14.0,-0.9989888691541827,1.5,1.1987866429850198,-0.49949443457709136,0.0,0.0,0.0
2.1550000000000002,2/3 raise_arm_pose,0.9288438770936537,-0.3850388908983222,1.0074460385159383,0.016175216303125246,-0.49962357343979646,-0.49949443457709136,3,0.0010414746935994172,5.020772118311938,0,14.0,-0.9992471468795929,1.5,1.1990965762555121,-0.49962357343979646,0.0,0.0,0.0
2.16,2/3 raise_arm_pose,0.9288980361393437,-0.3850137503282045,1.0076082246823337,0.01624095368159848,-0.49973869647814667,-0.49962357343979646,3,0.0009227941950293269,5.019260342068008,0,12.7,-0.9994773929562933,1.5,1.1993728715475527,-0.49973869647814667,0.0,0.0,0.0
2.165,2/3 raise_arm_pose,0.9289457897460067,-0.3849915477032464,1.0077513655956842,0.016298984457205103,-0.4998402942459944,-0.49973869647814667,3,0.0007597475104873206,5.0177065183510114,0,11.9,-0.9996805884919888,1.5,1.1996167061903873,-0.4998402942459944,0.0,0.0,0.0
2.17,2/3 raise_arm_pose,0.9289873566283632,-0.3849721944268639,1.0078760663792412,0.016349549211260757,-0.4999287986748667,-0.4998402942459944,3,0.0007727881314505892,5.016103828234402,0,13.1,-0.9998575973497335,1.5,1.1998291168196809,-0.4999287986748667,0.0,0.0,0.0
2.1750000000000003,2/3 raise_arm_pose,0.9290229555093736,-0.3849555997076116,1.0079829406304521,0.01639289275917894,-0.5000046472989389,-0.4999287986748667,3,0.0008538658101474903,5.0144577115631,0,11.9,-1.0000092945978778,1.5,1.200011153517454,-0.5000046472989389,0.0,0.0,0.0
2.18,2/3 raise_arm_pose,0.9290528052412589,-0.38494167067643403,1.0080726101132675,0.016429263960507458,-0.500068283071379,-0.5000046472989389,3,0.0008948823568574811,5.012773627477398,0,13.0,-1.000136566142758,1.5,1.20016387937131,-0.500068283071379,0.0,0.0,0.0
2.185,2/3 raise_arm_pose,0.9290771152023461,-0.38493031704459524,1.0081456752275288,0.016458903675240007,-0.500120133441994,-0.500068283071379,3,0.0008972399112000747,5.0110529048367995,0,12.0,-1.000240266883988,1.5,1.2002883202607861,-0.500120133441994,0.0,0.0,0.0
2.19,2/3 raise_arm_pose,0.9290960857682249,-0.3849214510651946,1.0082027157243143,0.016482044987148316,-0.500160610899848,-0.500120133441994,3,0.0008622915379084251,5.0092968259907265,0,17.9,-1.000321221799696,1.5,1.2003854661596356,-0.500160610899848,0.0,0.0,0.0
2.195,2/3 raise_arm_pose,0.9291099087563801,-0.3849149874922412,1.0082442913989942,0.016498913423832785,-0.5001901134968875,-0.500160610899848,3,0.0007913429444493078,5.007506628406369,0,14.0,-1.000380226993775,1.5,1.2004562723925303,-0.5001901134968875,0.0,0.0,0.0
2.2,2/3 raise_arm_pose,0.9291187678459268,-0.38491084353764293,1.008270942762535,0.016509727173234547,-0.500209025353241,-0.5001901134968875,3,0.0006856541385286614,5.005683506239568,0,13.9,-1.000418050706482,1.5,1.2005016608477785,-0.500209025353241,0.0,0.0,0.0
2.205,2/3 raise_arm_pose,0.9291255195082113,-0.38490768458269936,1.0082912572121938,0.016517970008370582,-0.5002234403819612,-0.500209025353241,3,0.0007329389484611254,5.0049732592764675,0,12.4,-1.0004468807639224,1.5,1.2005362569167073,-0.5002234403819612,0.0,0.0,0.0
2.21,2/3 raise_arm_pose,0.9291302382019118,-0.3849054764101299,1.0083054563894267,0.016523731640445884,-0.5002335159720155,-0.5002234403819612,3,0.0007659893412086979,5.004249521830467,0,12.2,-1.000467031944031,1.5,1.2005604383328374,-0.5002335159720155,0.0,0.0,0.0
2.215,2/3 raise_arm_pose,0.9291329955577945,-0.38490418591842557,1.0083137542260754,0.016527098726801144,-0.5002394040037571,-0.5002335159720155,3,0.0007853035213729571,5.003512766068468,0,16.3,-1.0004788080075142,1.5,1.200574569609017,-0.5002394040037571,0.0,0.0,0.0
2.22,2/3 raise_arm_pose,0.9291338604951137,-0.3849037810892302,1.008316357210407,0.01652815497099506,-0.5002412510417269,-0.5002394040037571,3,0.0007913622563941963,5.002763447631532,0,14.6,-1.0004825020834538,1.5,1.2005790025001446,-0.5002412510417269,0.0,0.0,0.0
2.225,2/3 raise_arm_pose,0.9291328993326665,-0.38490423095538945,1.0083134646441376,0.016526981219907234,-0.500239198520707,-0.5002412510417269,3,0.0007846294868526066,5.00200200621328,0,12.0,-1.000478397041414,1.5,1.2005740764496968,-0.500239198520707,0.0,0.0,0.0
2.23,2/3 raise_arm_pose,0.9291301758947802,-0.38490550556968195,1.0083052688907324,0.01652365555791186,-0.5002333829252619,-0.500239198520707,3,0.0007655529154076218,5.001228866118059,0,12.3,-1.0004667658505237,1.5,1.2005601190206288,-0.5002333829252619,0.0,0.0,0.0
2.235,3/3 curl_four_fingers_thumb_up,0.9291263504187968,-0.38490729577137534,1.0082937574409059,0.016518984523254322,-0.5002252145228777,-0.5002333829252619,3,0.0007387585633682948,5.000700148775785,0,12.5,-1.0004504290457554,1.5,1.2005405148549066,-0.5002252145228777,0.0,0.0,0.0
2.24,3/3 curl_four_fingers_thumb_up,0.92912265858989,-0.38490902322580534,1.0082826489444874,0.016514477069568552,-0.500217332014577,-0.5002252145228777,3,0.0007129020136503774,5.000675643568632,0,12.3,-1.000434664029154,1.5,1.200521596834985,-0.500217332014577,0.0,0.0,0.0
2.245,3/3 curl_four_fingers_thumb_up,0.9291190957472355,-0.3849106901353295,1.0082719292944922,0.0165101274650108,-0.5002097253940667,-0.500217332014577,3,0.0006879504431724769,5.000651996043731,0,12.9,-1.0004194507881334,1.5,1.2005033409457604,-0.5002097253940667,0.0,0.0,0.0
2.25,3/3 curl_four_fingers_thumb_up,0.92911565739198,-0.3849122986247963,1.008261584877929,0.016505930178798818,-0.5002023850052744,-0.5002097253940667,3,0.0006638721776613863,5.0006291761821995,0,12.6,-1.0004047700105487,1.5,1.2004857240126587,-0.5002023850052744,0.0,0.0,0.0
2.255,3/3 curl_four_fingers_thumb_up,0.929112339181653,-0.3849138507442871,1.0082516025584907,0.016501879874144094,-0.5001953015300897,-0.5002023850052744,3,0.0006406366514431149,5.000607155015824,0,12.9,-1.0003906030601795,1.5,1.2004687236722156,-0.5001953015300897,0.0,0.0,0.0
2.2600000000000002,3/3 curl_four_fingers_thumb_up,0.929109136924766,-0.3849153484717607,1.0082419696598577,0.01649797140143367,-0.5001884659765365,-0.5001953015300897,3,0.0006182143686424634,5.000585904590269,0,12.8,-1.000376931953073,1.5,1.200452318343688,-0.5001884659765365,0.0,0.0,0.0
2.265,3/3 curl_four_fingers_thumb_up,0.9291060465755996,-0.3849167937156027,1.008232673949581,0.0164941997916516,-0.5001818696673578,-0.5001884659765365,3,0.0005965768657400025,5.00056539792961,0,13.7,-1.0003637393347156,1.5,1.2004364872016589,-0.5001818696673578,0.0,0.0,0.0
2.27,3/3 curl_four_fingers_thumb_up,0.9291030642291633,-0.3849181883170846,1.008223703623534,0.016490560250034432,-0.5001755042290003,-0.5001818696673578,3,0.000575696675439099,5.0005456090020735,0,15.0,-1.0003510084580005,1.5,1.2004212101496008,-0.5001755042290003,0.0,0.0,0.0
2.275,3/3 curl_four_fingers_thumb_up,0.9291001861163315,-0.3849195340527341,1.0082150472909082,0.016487048149948065,-0.5001693615809852,-0.5001755042290003,3,0.0005555472917986439,5.000526512687001,0,12.8,-1.0003387231619705,1.5,1.2004064677943647,-0.5001693615809852,0.0,0.0,0.0
2.2800000000000002,3/3 curl_four_fingers_thumb_up,0.9290974085991432,-0.38492083263662313,1.0082066939597363,0.016483659026983073,-0.5001634339256508,-0.5001693615809852,3,0.0005361031365857709,5.000508084742956,0,12.6,-1.0003268678513015,1.5,1.200392241421562,-0.5001634339256508,0.0,0.0,0.0
2.285,3/3 curl_four_fingers_thumb_up,0.9290947281662639,-0.3849220857225713,1.0081986330229191,0.01648038857325524,-0.500157713738253,-0.5001634339256508,3,0.0005173395268052291,5.000490301776952,0,12.1,-1.000315427476506,1.5,1.2003785129718072,-0.500157713738253,0.0,0.0,0.0
2.29,3/3 curl_four_fingers_thumb_up,0.9290921414286009,-0.3849232949062735,1.008190854244748,0.016477232631910373,-0.5001521937574142,-0.500157713738253,3,0.0004992326433669538,5.0004731412147585,0,13.7,-1.0003043875148283,1.5,1.2003652650177938,-0.5001521937574142,0.0,0.0,0.0
2.295,3/3 curl_four_fingers_thumb_up,0.9290896451150705,-0.3849244617273505,1.0081833477478945,0.016474187191819152,-0.5001468669759046,-0.5001521937574142,3,0.0004817595008490217,5.000456581272242,0,17.9,-1.0002937339518092,1.5,1.200352480742171,-0.5001468669759046,0.0,0.0,0.0
2.3000000000000003,3/3 curl_four_fingers_thumb_up,0.9290872360685106,-0.3849255876713275,1.0081761040008579,0.016471248382461397,-0.5001417266317479,-0.5001468669759046,3,0.00046489791831936844,5.000440600927712,0,13.9,-1.0002834532634959,1.5,1.2003401439161951,-0.5001417266317479,0.0,0.0,0.0
2.305,3/3 curl_four_fingers_thumb_up,0.9290849112417294,-0.38492667417154086,1.008169113805855,0.01646841246899023,-0.5001367661996368,-0.5001417266317479,3,0.0004486264911781922,5.000425179895243,0,13.9,-1.0002735323992735,1.5,1.2003282388791283,-0.5001367661996368,0.0,0.0,0.0
2.31,3/3 curl_four_fingers_thumb_up,0.9290826676936971,-0.38492772261097974,1.0081623682871286,0.0164656758474677,-0.5001319793826494,-0.5001367661996368,3,0.0004329245639867983,5.000410298598909,0,12.0,-1.0002639587652988,1.5,1.2003167505183587,-0.5001319793826494,0.0,0.0,0.0
2.315,3/3 curl_four_fingers_thumb_up,0.9290805025858596,-0.3849287343240587,1.008155858879674,0.016463035040272224,-0.5001273601042567,-0.5001319793826494,3,0.00041777220424729335,5.000395938147947,0,12.5,-1.0002547202085135,1.5,1.2003056642502161,-0.5001273601042567,0.0,0.0,0.0
2.32,3/3 curl_four_fingers_thumb_up,0.9290784131785871,-0.38492971059833075,1.0081495773183515,0.016460486691663535,-0.5001229025006078,-0.5001273601042567,3,0.0004031501770986654,5.000382080312769,0,13.2,-1.0002458050012155,1.5,1.2002949660014586,-0.5001229025006078,0.0,0.0,0.0
2.325,3/3 curl_four_fingers_thumb_up,0.9290763968277388,-0.38493065267613835,1.0081435156273875,0.016458027563505763,-0.5001186009130865,-0.5001229025006078,3,0.0003890399209001718,5.000368707501822,0,12.6,-1.000237201826173,1.5,1.2002846421914075,-0.5001186009130865,0.0,0.0,0.0
2.33,3/3 curl_four_fingers_thumb_up,0.9290744509813492,-0.38493156175620535,1.0081376661102395,0.01645565453114168,-0.5001144498811284,-0.5001186009130865,3,0.00037542352366853974,5.000355802739259,0,13.1,-1.0002288997622568,1.5,1.2002746797147081,-0.5001144498811284,0.0,0.0,0.0
2.335,3/3 curl_four_fingers_thumb_up,0.9290725731764266,-0.384932438995173,1.00813202133982,0.016453364579410414,-0.5001104441352889,-0.5001144498811284,3,0.0003622837003402046,5.0003433496433844,0,12.7,-1.0002208882705779,1.5,1.2002650659246934,-0.5001104441352889,0.0,0.0,0.0
2.34,3/3 curl_four_fingers_thumb_up,0.9290707610358638,-0.3849332855090822,1.0081265741490553,0.016451154798805108,-0.5001065785905539,-0.5001104441352889,3,0.0003496037708283001,5.0003313324058665,0,12.3,-1.0002131571811077,1.5,1.200255788617329,-0.5001065785905539,0.0,0.0,0.0
2.345,3/3 curl_four_fingers_thumb_up,0.9290690122654531,-0.3849341023748018,1.008121317621787,0.016449022381768798,-0.5001028483398845,-0.5001065785905539,3,0.0003373676388493756,5.0003197357716616,0,17.6,-1.000205696679769,1.5,1.2002468360157226,-0.5001028483398845,0.0,0.0,0.0
2.35,3/3 curl_four_fingers_thumb_up,0.929067324651006,-0.38493489063140784,1.0081162450839798,0.016446964619115885,-0.5000992486479885,-0.5001028483398845,3,0.000325559771489582,5.000308545019654,0,13.2,-1.000198497295977,1.5,1.2002381967551723,-0.5000992486479885,0.0,0.0,0.0
2.355,3/3 curl_four_fingers_thumb_up,0.9290656960555714,-0.38493565128151314,1.0081113500952463,0.01644497889658262,-0.5000957749453089,-0.5000992486479885,3,0.0003141651794874595,5.000297745943966,0,14.4,-1.0001915498906178,1.5,1.2002298598687413,-0.5000957749453089,0.0,0.0,0.0
2.36,3/3 curl_four_fingers_thumb_up,0.9290641244167508,-0.38493638529255014,1.0081066264406644,0.016443062691497957,-0.5000924228222231,-0.5000957749453089,3,0.00030316939820551424,5.000287324835927,0,13.0,-1.0001848456444462,1.5,1.2002218147733354,-0.5000924228222231,0.0,0.0,0.0
2.365,3/3 curl_four_fingers_thumb_up,0.9290626077441038,-0.3849370935980083,1.0081020681228836,0.016441213569572184,-0.5000891880234453,-0.5000924228222231,3,0.0002925584692682511,5.00027726846667,0,12.7,-1.0001783760468905,1.5,1.2002140512562687,-0.5000891880234453,0.0,0.0,0.0
2.37,3/3 curl_four_fingers_thumb_up,0.9290611441166471,-0.38493777709862753,1.0080976693545043,0.016439429181795508,-0.5000860664426247,-0.5000891880234453,3,0.000282318922843817,5.000267564070336,0,12.7,-1.0001721328852493,1.5,1.2002065594622993,-0.5000860664426247,0.0,0.0,0.0
2.375,3/3 curl_four_fingers_thumb_up,0.9290597316804375,-0.38493843666355027,1.0080934245507283,0.016437707261450253,-0.5000830541171328,-0.5000860664426247,3,0.00027243776054441244,5.000258199327875,0,12.6,-1.0001661082342657,1.5,1.2001993298811189,-0.5000830541171328,0.0,0.0,0.0
2.38,3/3 curl_four_fingers_thumb_up,0.9290583686462369,-0.38493907313143205,1.008089328322265,0.016436045621222896,-0.5000801472230332,-0.5000830541171328,3,0.00026290243892528547,5.000249162351399,0,13.2,-1.0001602944460664,1.5,1.2001923533352796,-0.5000801472230332,0.0,0.0,0.0
2.3850000000000002,3/3 curl_four_fingers_thumb_up,0.929057053287263,-0.38493968731151307,1.0080853754684846,0.01643444215042287,-0.500077342070227,-0.5000801472230332,3,0.0002537008535629344,5.0002404416691,0,13.3,-1.000154684140454,1.5,1.2001856209685449,-0.500077342070227,0.0,0.0,0.0
2.39,3/3 curl_four_fingers_thumb_up,0.9290557839370124,-0.38494027998465186,1.0080815609708145,0.01643289481229355,-0.5000746350977691,-0.500077342070227,3,0.000244821323688198,5.00023202621068,0,13.1,-1.0001492701955381,1.5,1.2001791242346458,-0.5000746350977691,0.0,0.0,0.0
2.395,3/3 curl_four_fingers_thumb_up,0.9290545589871635,-0.38494085190432337,1.0080778799863614,0.016431401641421824,-0.5000720228693472,-0.5000746350977691,3,0.00023625257735915156,5.000223905293307,0,27.9,-1.0001440457386943,1.5,1.2001728548864332,-0.5000720228693472,0.0,0.0,0.0
2.4,3/3 curl_four_fingers_thumb_up,0.9290533768855499,-0.3849414037975802,1.0080743278417652,0.016429960741237017,-0.50006950206892,-0.5000720228693472,3,0.0002279837371514709,5.00021606860804,0,16.9,-1.00013900413784,1.5,1.200166804965408,-0.50006950206892,0.0,0.0,0.0
2.4050000000000002,3/3 curl_four_fingers_thumb_up,0.9290522361342026,-0.38494193636598123,1.0080709000272596,0.01642857028159831,-0.5000670694965078,-0.50006950206892,3,0.00022000430635120207,5.000208506206759,0,15.2,-1.0001341389930156,1.5,1.2001609667916187,-0.5000670694965078,0.0,0.0,0.0
2.41,3/3 curl_four_fingers_thumb_up,0.9290511352874651,-0.38494245028648766,1.0080675921909448,0.016427228496464392,-0.50006472206413,-0.5000670694965078,3,0.0002123041556289059,5.000201208489522,0,13.4,-1.00012944412826,1.5,1.200155332953912,-0.50006472206413,0.0,0.0,0.0
2.415,3/3 curl_four_fingers_thumb_up,0.9290500729501664,-0.3849429462123257,1.0080644001332635,0.01642593368164947,-0.5000624567918854,-0.50006472206413,3,0.0002048735101817944,5.000194166192389,0,14.5,-1.0001249135837709,1.5,1.200149896300525,-0.5000624567918854,0.0,0.0,0.0
2.42,3/3 curl_four_fingers_thumb_up,0.9290490477758666,-0.38494342477382126,1.008061319801663,0.01642468419265298,-0.5000602708041695,-0.5000624567918854,3,0.0001977029373254266,5.000187370375656,0,13.1,-1.000120541608339,1.5,1.2001446499300066,-0.5000602708041695,0.0,0.0,0.0
2.4250000000000003,3/3 curl_four_fingers_thumb_up,0.9290480584651531,-0.38494388657920364,1.0080583472854512,0.016423478442569896,-0.5000581613260235,-0.5000602708041695,3,0.00019078333451897527,5.000180812412508,0,13.8,-1.000116322652047,1.5,1.2001395871824563,-0.5000581613260235,0.0,0.0,0.0
2.43,3/3 curl_four_fingers_thumb_up,0.9290471037640056,-0.3849443322153807,1.0080554788108296,0.016422314900070213,-0.5000561256796127,-0.5000581613260235,3,0.0001841059178107833,5.00017448397807,0,13.3,-1.0001122513592253,1.5,1.2001347016310704,-0.5000561256796127,0.0,0.0,0.0
2.435,3/3 curl_four_fingers_thumb_up,0.9290461824622108,-0.3849447622486891,1.0080527107361006,0.016421192087453802,-0.5000541612808262,-0.5000561256796127,3,0.00017766221068750353,5.000168377038837,0,20.9,-1.0001083225616525,1.5,1.200129987073983,-0.5000541612808262,0.0,0.0,0.0
2.44,3/3 curl_four_fingers_thumb_up,0.9290452933918355,-0.38494517722561405,1.0080500395470418,0.016420108578768917,-0.5000522656359974,-0.5000541612808262,3,0.00017144403331354765,5.0001624838424785,0,15.0,-1.0001045312719947,1.5,1.2001254375263937,-0.5000522656359974,0.0,0.0,0.0
2.445,3/3 curl_four_fingers_thumb_up,0.9290444354257539,-0.3849455776734878,1.0080474618524458,0.016419062998000868,-0.5000504363387375,-0.5000522656359974,3,0.0001654434921476581,5.000156796907992,0,13.5,-1.000100872677475,1.5,1.20012104721297,-0.5000504363387375,0.0,0.0,0.0
2.45,3/3 curl_four_fingers_thumb_up,0.92904360747622,-0.38494596410116166,1.0080449743798097,0.01641805401732089,-0.5000486710668817,-0.5000504363387375,3,0.00015965296992248899,5.000151309016212,0,12.8,-1.0000973421337633,1.5,1.200116810560516,-0.5000486710668817,0.0,0.0,0.0
2.455,3/3 curl_four_fingers_thumb_up,0.9290428084934991,-0.38494633699965336,1.0080425739711831,0.01641708035539822,-0.5000469675795408,-0.5000486710668817,3,0.00015406511597528257,5.000146013200645,0,13.0,-1.0000939351590816,1.5,1.200112722190898,-0.5000469675795408,0.0,0.0,0.0
2.46,3/3 curl_four_fingers_thumb_up,0.9290420374645378,-0.3849466968427742,1.0080402575791563,0.01641614077577206,-0.5000453237142569,-0.5000469675795408,3,0.00014867283691625852,5.0001409027386226,0,12.1,-1.0000906474285138,1.5,1.2001087769142167,-0.5000453237142569,0.0,0.0,0.0
2.465,3/3 curl_four_fingers_thumb_up,0.9290412934116864,-0.3849470440877322,1.00803802226299,0.01641523408527782,-0.5000437373842579,-0.5000453237142569,3,0.0001434692876240818,5.000135971142772,0,12.9,-1.0000874747685158,1.5,1.200104969722219,-0.5000437373842579,0.0,0.0,0.0
2.47,3/3 curl_four_fingers_thumb_up,0.9290405753914618,-0.3849473791757142,1.008035865184883,0.016414359132531427,-0.5000422065758089,-0.5000437373842579,3,0.00013844786255735495,5.000131212152774,0,12.2,-1.0000844131516178,1.5,1.2001012957819415,-0.5000422065758089,0.0,0.0,0.0
2.475,3/3 curl_four_fingers_thumb_up,0.9290398824933567,-0.3849477025324483,1.0080337836063644,0.016413514806465475,-0.5000407293456556,-0.5000422065758089,3,0.00013360218736787913,5.0001266197274274,0,13.4,-1.0000814586913112,1.5,1.2000977504295736,-0.5000407293456556,0.0,0.0,0.0
2.48,3/3 curl_four_fingers_thumb_up,0.929039213838687,-0.3849480145687461,1.0080317748848224,0.016412700034917106,-0.5000393038185577,-0.5000407293456556,3,0.00012892611081005847,5.0001221880369675,0,12.6,-1.0000786076371153,1.5,1.2000943291645385,-0.5000393038185577,0.0,0.0,0.0
2.485,3/3 curl_four_fingers_thumb_up,0.9290385685794835,-0.384948315681026,1.0080298364701439,0.016411913783264516,-0.5000379281849081,-0.5000393038185577,3,0.00012441369693171197,5.000117911455673,0,14.2,-1.0000758563698162,1.5,1.2000910276437797,-0.5000379281849081,0.0,0.0,0.0
2.49,3/3 curl_four_fingers_thumb_up,0.9290379458974166,-0.38494860625181726,1.0080279659014777,0.0164111550531127,-0.5000366006984364,-0.5000379281849081,3,0.00012005921753919768,5.000113784554725,0,13.1,-1.0000732013968727,1.5,1.2000878416762475,-0.5000366006984364,0.0,0.0,0.0
2.495,3/3 curl_four_fingers_thumb_up,0.9290373450027634,-0.38494888665024823,1.0080261608041106,0.01641042288102399,-0.5000353196739911,-0.5000366006984364,3,0.00011585714492521451,5.000109802095309,0,28.2,-1.0000706393479821,1.5,1.2000847672175787,-0.5000353196739911,0.0,0.0,0.0
2.5,3/3 curl_four_fingers_thumb_up,0.9290367651334087,-0.3849491572325153,1.0080244188864507,0.016409716337293274,-0.5000340834854013,-0.5000353196739911,3,0.00011180214485271416,5.0001059590219725,0,15.2,-1.0000681669708027,1.5,1.2000818003649634,-0.5000340834854013,0.0,0.0,0.0
2.505,3/3 curl_four_fingers_thumb_up,0.9290362055538806,-0.3849494183423366,1.0080227379371192,0.016409034524767864,-0.5000328905634123,-0.5000340834854013,3,0.00010788906978280059,5.000102250456203,0,14.5,-1.0000657811268245,1.5,1.2000789373521896,-0.5000328905634123,0.0,0.0,0.0
2.5100000000000002,3/3 curl_four_fingers_thumb_up,0.9290356655544205,-0.3849496703113902,1.0080211158221415,0.016408376577706087,-0.5000317393936928,-0.5000328905634123,3,0.00010411295234034845,5.000098671690237,0,13.8,-1.0000634787873857,1.5,1.200076174544863,-0.5000317393936928,0.0,0.0,0.0
2.515,3/3 curl_four_fingers_thumb_up,0.9290351444500846,-0.38494991345973506,1.0080195504822373,0.016407741660677246,-0.5000306285149135,-0.5000317393936928,3,0.00010046899900837804,5.0000952181810785,0,13.9,-1.000061257029827,1.5,1.2000735084357927,-0.5000306285149135,0.0,0.0,0.0
2.52,3/3 curl_four_fingers_thumb_up,0.9290346415798781,-0.3849501480962193,1.0080180399302077,0.016407128967500663,-0.5000295565168915,-0.5000306285149135,3,9.695258404294892e-05,5.00009188554474,0,13.1,-1.000059113033783,1.5,1.20007093564054,-0.5000295565168915,0.0,0.0,0.0
2.525,3/3 curl_four_fingers_thumb_up,0.9290341563059168,-0.3849503745188728,1.0080165822484088,0.016406537720220667,-0.5000285220388003,-0.5000295565168915,3,9.355924360140352e-05,5.000088669550674,0,12.2,-1.0000570440776007,1.5,1.200068452893121,-0.5000285220388003,0.0,0.0,0.0
2.5300000000000002,3/3 curl_four_fingers_thumb_up,0.9290336880126223,-0.3849505930152864,1.008015175586321,0.016405967168118353,-0.5000275237674423,-0.5000285220388003,3,9.028467007539117e-05,5.000085566116399,0,23.6,-1.0000550475348846,1.5,1.2000660570418618,-0.5000275237674423,0.0,0.0,0.0
2.535,3/3 curl_four_fingers_thumb_up,0.9290332361059405,-0.38495080386297803,1.0080138181581952,0.016405416586757655,-0.5000265604355818,-0.5000275237674423,3,8.712470662271531e-05,5.000082571302325,0,15.8,-1.0000531208711636,1.5,1.2000637450453966,-0.5000265604355818,0.0,0.0,0.0
2.54,3/3 curl_four_fingers_thumb_up,0.9290328000125918,-0.38495100732974574,1.0080125082407894,0.016404885277065552,-0.5000256308203365,-0.5000265604355818,3,8.4075341891012e-05,5.000079681306745,0,13.8,-1.000051261640673,1.5,1.2000615139688078,-0.5000256308203365,0.0,0.0,0.0
2.545,3/3 curl_four_fingers_thumb_up,0.9290323791793429,-0.3849512036740082,1.008011244171177,0.016404372564442556,-0.5000247337416247,-0.5000256308203365,3,8.11327049248585e-05,5.000076892461009,0,12.8,-1.0000494674832494,1.5,1.2000593609798995,-0.5000247337416247,0.0,0.0,0.0
2.5500000000000003,3/3 curl_four_fingers_thumb_up,0.9290319730723084,-0.3849513931451332,1.0080100243446384,0.016403877797906426,-0.5000238680606678,-0.5000247337416247,3,7.82930602524811e-05,5.000074201224874,0,14.0,-1.0000477361213356,1.5,1.2000572833456031,-0.5000238680606678,0.0,0.0,0.0
2.555,3/3 curl_four_fingers_thumb_up,0.9290315811762735,-0.3849515759837557,1.0080088472126225,0.016403400349265913,-0.5000230326785444,-0.5000238680606678,3,7.555280314364795e-05,5.000071604182004,0,12.8,-1.0000460653570888,1.5,1.200055278428507,-0.5000230326785444,0.0,0.0,0.0
2.56,3/3 curl_four_fingers_thumb_up,0.9290312029940422,-0.38495175242208274,1.00800771128078,0.016402939612320956,-0.5000222265347953,-0.5000230326785444,3,7.290845503355489e-05,5.000069098035634,0,15.2,-1.0000444530695907,1.5,1.2000533436835092,-0.5000222265347953,0.0,0.0,0.0
2.565,3/3 curl_four_fingers_thumb_up,0.9290308380458074,-0.3849519226841896,1.0080066151070666,0.016402495002093738,-0.5000214486060774,-0.5000222265347953,3,7.035665910732292e-05,5.000066679604386,0,14.6,-1.000042897212155,1.5,1.2000514766545864,-0.5000214486060774,0.0,0.0,0.0
2.57,3/3 curl_four_fingers_thumb_up,0.9290304858685428,-0.38495208698630445,1.0080055572999125,0.01640206595408595,-0.5000206979048647,-0.5000214486060774,3,6.789417603858869e-05,5.000064345818233,0,12.6,-1.0000413958097294,1.5,1.200049674971676,-0.5000206979048647,0.0,0.0,0.0
2.575,3/3 curl_four_fingers_thumb_up,0.9290301460154169,-0.3849522455370834,1.0080045365164556,0.01640165192356078,-0.5000199734781945,-0.5000206979048647,3,6.551787987725298e-05,5.000062093714595,0,14.7,-1.000039946956389,1.5,1.2000479363476673,-0.5000199734781945,0.0,0.0,0.0
2.58,3/3 curl_four_fingers_thumb_up,0.9290298180552271,-0.38495239853787533,1.0080035514608352,0.016401252384850552,-0.5000192744064577,-0.5000199734781945,3,6.322475408154764e-05,5.000059920434584,0,16.0,-1.0000385488129153,1.5,1.200046258575499,-0.5000192744064577,0.0,0.0,0.0
2.585,3/3 curl_four_fingers_thumb_up,0.9290295015718533,-0.3849525461829791,1.0080026008825487,0.01640086683069087,-0.5000185998022316,-0.5000192744064577,3,6.1011887688714286e-05,5.0000578232193735,0,12.2,-1.0000371996044632,1.5,1.2000446395253566,-0.5000185998022316,0.0,0.0,0.0
2.59,3/3 curl_four_fingers_thumb_up,0.9290291961637295,-0.3849526886598886,1.0080016835748626,0.016400494771574493,-0.5000179488091535,-0.5000185998022316,3,5.8876471619549746e-05,5.000055799406696,0,31.0,-1.000035897618307,1.5,1.200043077141969,-0.5000179488091535,0.0,0.0,0.0
2.595,3/3 curl_four_fingers_thumb_up,0.9290289014433367,-0.38495282614953324,1.0080007983732813,0.01640013573513028,-0.5000173206008331,-0.5000179488091535,3,5.6815795112912384e-05,5.000053846427462,0,16.6,-1.0000346412016663,1.5,1.2000415694420001,-0.5000173206008331,0.0,0.0,0.0
2.6,3/3 curl_four_fingers_thumb_up,0.9290286170367114,-0.3849529588265068,1.0079999441540681,0.01639978926552322,-0.500016714379804,-0.5000173206008331,3,5.482724228406321e-05,5.0000519618025,0,15.9,-1.000033428759608,1.5,1.2000401145115303,-0.500016714379804,0.0,0.0,0.0
2.605,3/3 curl_four_fingers_thumb_up,0.929028342582971,-0.3849530868592894,1.0079991198328184,0.016399454922875596,-0.5000161293765109,-0.500016714379804,3,5.290828880416804e-05,5.000050143139412,0,13.7,-1.0000322587530217,1.5,1.2000387105036268,-0.5000161293765109,0.0,0.0,0.0
2.61,3/3 curl_four_fingers_thumb_up,0.9290280777338574,-0.38495321041046193,1.0079983243630837,0.016399132282707958,-0.500015564848333,-0.5000161293765109,3,5.105649869600565e-05,5.000048388129533,0,14.7,-1.000031129696666,1.5,1.2000373556359998,-0.500015564848333,0.0,0.0,0.0
2.615,3/3 curl_four_fingers_thumb_up,0.9290278221532948,-0.3849533296369123,1.0079975567350423,0.016398820935399412,-0.5000150200786413,-0.500015564848333,3,4.926952124157663e-05,5.000046694544999,0,12.1,-1.0000300401572826,1.5,1.2000360481887398,-0.5000150200786413,0.0,0.0,0.0
2.62,3/3 curl_four_fingers_thumb_up,0.9290275755169641,-0.3849534446900357,1.0079968159742172,0.0163985204856694,-0.5000144943758889,-0.5000150200786413,3,4.7545087998154214e-05,5.000045060235924,0,16.3,-1.0000289887517777,1.5,1.200034786502134,-0.5000144943758889,0.0,0.0,0.0
2.625,3/3 curl_four_fingers_thumb_up,0.9290273375118923,-0.3849535557159261,1.0079961011402399,0.01639823055207277,-0.5000139870727327,-0.5000144943758889,3,4.588100991810591e-05,5.000043483127666,0,19.1,-1.0000279741454654,1.5,1.2000335689745592,-0.5000139870727327,0.0,0.0,0.0
2.63,3/3 curl_four_fingers_thumb_up,0.9290271078360547,-0.38495366285556254,1.0079954113256562,0.016397950766519016,-0.5000134975251871,-0.5000139870727327,3,4.4275174571031024e-05,5.000041961218198,0,12.9,-1.0000269950503742,1.5,1.2000323940604496,-0.5000134975251871,0.0,0.0,0.0
2.6350000000000002,3/3 curl_four_fingers_thumb_up,0.9290268861979931,-0.3849537662449874,1.0079947456547724,0.01639768077380039,-0.5000130251118056,-0.5000134975251871,3,4.2725543461072356e-05,5.000040492575561,0,12.1,-1.0000260502236111,1.5,1.2000312602683338,-0.5000130251118056,0.0,0.0,0.0
2.64,3/3 curl_four_fingers_thumb_up,0.9290266723164459,-0.3849538660154808,1.0079941032825466,0.016397420231144634,-0.5000125692328924,-0.5000130251118056,3,4.123014943991655e-05,5.000039075335416,0,11.8,-1.0000251384657848,1.5,1.200030166158942,-0.5000125692328924,0.0,0.0,0.0
2.645,3/3 curl_four_fingers_thumb_up,0.9290264659199909,-0.3849539622937259,1.0079934833935131,0.01639716880777762,-0.5000121293097411,-0.5000125692328924,3,3.978709420950603e-05,5.000037707698676,0,12.8,-1.0000242586194823,1.5,1.2000291103433791,-0.5000121293097411,0.0,0.0,0.0
2.65,3/3 curl_four_fingers_thumb_up,0.9290262667467029,-0.3849540552019707,1.0079928852007494,0.016396926184504203,-0.5000117047839002,-0.5000121293097411,3,3.839454591216774e-05,5.000036387929224,0,12.3,-1.0000234095678004,1.5,1.2000280914813608,-0.5000117047839002,0.0,0.0,0.0
2.6550000000000002,3/3 curl_four_fingers_thumb_up,0.9290260745438195,-0.3849541448581833,1.0079923079448747,0.016396692053301305,-0.5000112951164637,-0.5000117047839002,3,3.7050736805146314e-05,5.000035114351701,0,11.8,-1.0000225902329274,1.5,1.200027108279513,-0.5000112951164637,0.0,0.0,0.0
2.66,3/3 curl_four_fingers_thumb_up,0.9290258890674216,-0.3849542313762016,1.0079917508930891,0.016396466116929805,-0.5000108997873874,-0.5000112951164637,3,3.5753961016929034e-05,5.000033885349391,0,12.5,-1.0000217995747749,1.5,1.2000261594897301,-0.5000108997873874,0.0,0.0,0.0
2.665,3/3 curl_four_fingers_thumb_up,0.9290257100821249,-0.3849543148658777,1.0079912133382398,0.0163962480885537,-0.5000105182948289,-0.5000108997873874,3,3.450257238136843e-05,5.000032699362163,0,11.8,-1.0000210365896578,1.5,1.2000252439075896,-0.5000105182948289,0.0,0.0,0.0
2.67,3/3 curl_four_fingers_thumb_up,0.9290255373607803,-0.3849543954332185,1.0079906945979251,0.01639603769137791,-0.5000101501545099,-0.5000105182948289,3,3.3294982348106916e-05,5.000031554884488,0,12.5,-1.0000203003090198,1.5,1.200024360370824,-0.5000101501545099,0.0,0.0,0.0
2.6750000000000003,3/3 curl_four_fingers_thumb_up,0.9290253706841861,-0.3849544731805192,1.007990194013629,0.016395834658295978,-0.500009794899102,-0.5000101501545099,3,3.212965796585761e-05,5.00003045046353,0,12.9,-1.000019589798204,1.5,1.2000235077578452,-0.500009794899102,0.0,0.0,0.0
2.68,3/3 curl_four_fingers_thumb_up,0.9290252098408099,-0.38495454820649355,1.0079897109498834,0.01639563873155179,-0.5000094520776335,-0.500009794899102,3,3.1005119937174306e-05,5.0000293846973065,0,11.9,-1.000018904155267,1.5,1.2000226849863207,-0.5000094520776335,0.0,0.0,0.0
2.685,3/3 curl_four_fingers_thumb_up,0.9290250546265216,-0.38495462060640007,1.007989244793462,0.016395449662410834,-0.5000091212549163,-0.5000094520776335,3,2.9919940739288185e-05,5.000028356232901,0,11.8,-1.0000182425098325,1.5,1.2000218910117995,-0.5000091212549163,0.0,0.0,0.0
2.69,3/3 curl_four_fingers_thumb_up,0.929024904844332,-0.3849546904721617,1.007988794952602,0.016395267210845672,-0.5000088020109942,-0.5000091212549163,3,2.887274281346874e-05,5.000027363764749,0,12.0,-1.0000176040219884,1.5,1.2000211248263866,-0.5000088020109942,0.0,0.0,0.0
2.695,3/3 curl_four_fingers_thumb_up,0.9290247603041455,-0.38495475789248407,1.007988360856253,0.01639509114523039,-0.5000084939406094,-0.5000088020109942,3,2.786219681513776e-05,5.000026406032983,0,28.7,-1.0000169878812188,1.5,1.2000203854574631,-0.5000084939406094,0.0,0.0,0.0
2.7,3/3 curl_four_fingers_thumb_up,0.9290246208225179,-0.3849548229529668,1.007987941953351,0.016394921242046535,-0.5000081966526881,-0.5000084939406094,3,2.68870199267198e-05,5.0000254818218295,0,15.7,-1.0000163933053763,1.5,1.200019671966452,-0.5000081966526881,0.0,0.0,0.0
2.705,3/3 curl_four_fingers_thumb_up,0.9290244862224234,-0.38495488573621295,1.0079875377121212,0.016394757285600477,-0.5000079097698441,-0.5000081966526881,3,2.5945974229424865e-05,5.000024589958065,0,14.3,-1.0000158195396882,1.5,1.2000189834476263,-0.5000079097698441,0.0,0.0,0.0
2.71,3/3 curl_four_fingers_thumb_up,0.9290243563330304,-0.3849549463219344,1.0079871476193993,0.016394599067746658,-0.5000076329278995,-0.5000079097698441,3,2.5037865131316572e-05,5.000023729309532,0,13.5,-1.000015265855799,1.5,1.2000183190269593,-0.5000076329278995,0.0,0.0,0.0
2.715,3/3 curl_four_fingers_thumb_up,0.9290242309894851,-0.3849550047870517,1.0079867711799835,0.016394446387626806,-0.500007365775423,-0.5000076329278995,3,2.4161539851665796e-05,5.0000228987836985,0,12.7,-1.000014731550846,1.5,1.2000176778610157,-0.500007365775423,0.0,0.0,0.0
2.72,3/3 curl_four_fingers_thumb_up,0.9290241100327027,-0.3849550612057937,1.0079864079160037,0.01639429905141266,-0.5000071079732832,-0.500007365775423,3,2.331588595676337e-05,5.000022097326268,0,12.8,-1.0000142159465664,1.5,1.20001705913588,-0.5000071079732832,0.0,0.0,0.0
2.725,3/3 curl_four_fingers_thumb_up,0.929023993309164,-0.3849551156497897,1.0079860573663157,0.016394156872060785,-0.5000068591942183,-0.5000071079732832,3,2.249982994824785e-05,5.000021323919849,0,12.5,-1.0000137183884366,1.5,1.2000164620661242,-0.5000068591942183,0.0,0.0,0.0
2.73,3/3 curl_four_fingers_thumb_up,0.9290238806707223,-0.3849551681881622,1.0079857190859163,0.016394019669074812,-0.5000066191224206,-0.5000068591942183,3,2.1712335900056093e-05,5.000020577582655,0,14.0,-1.0000132382448412,1.5,1.20001588589381,-0.5000066191224206,0.0,0.0,0.0
2.735,3/3 curl_four_fingers_thumb_up,0.9290237719744147,-0.3849552188876138,1.0079853926453763,0.016393887268274766,-0.5000063874531359,-0.5000066191224206,3,2.0952404143421252e-05,5.000019857367262,0,12.5,-1.0000127749062717,1.5,1.2000153298875265,-0.5000063874531359,0.0,0.0,0.0
2.74,3/3 curl_four_fingers_thumb_up,0.9290236670822812,-0.3849552678125119,1.0079850776302977,0.016393759501579154,-0.5000061638922761,-0.5000063874531359,3,2.0219069998516956e-05,5.000019162359407,0,13.5,-1.0000123277845523,1.5,1.200014793341463,-0.5000061638922761,0.0,0.0,0.0
2.745,3/3 curl_four_fingers_thumb_up,0.9290235658611893,-0.38495531502497105,1.0079847736407865,0.016393636206789138,-0.5000059481560465,-0.5000061638922761,3,1.9511402548503473e-05,5.000018491676828,0,12.3,-1.000011896312093,1.5,1.2000142755745118,-0.5000059481560465,0.0,0.0,0.0
2.75,3/3 curl_four_fingers_thumb_up,0.9290234681826649,-0.3849553605849311,1.007984480290945,0.016393517227383116,-0.5000057399705848,-0.5000059481560465,3,1.88285034592453e-05,5.00001784446814,0,14.7,-1.0000114799411697,1.5,1.2000137759294038,-0.5000057399705848,0.0,0.0,0.0
2.755,3/3 curl_four_fingers_thumb_up,0.9290233739227302,-0.38495540455023425,1.0079841972083823,0.016393402412317855,-0.5000055390716144,-0.5000057399705848,3,1.816950583811384e-05,5.000017219911755,0,12.3,-1.0000110781432288,1.5,1.2000132937718746,-0.5000055390716144,0.0,0.0,0.0
2.7600000000000002,3/3 curl_four_fingers_thumb_up,0.9290232829617454,-0.3849554469766969,1.0079839240337416,0.016393291615837587,-0.5000053452041079,-0.5000055390716144,3,1.7533573133817864e-05,5.000016617214843,0,12.5,-1.0000106904082158,1.5,1.200012828489859,-0.5000053452041079,0.0,0.0,0.0
2.765,3/3 curl_four_fingers_thumb_up,0.9290231951842569,-0.3849554879181826,1.0079836604202426,0.016393184697287462,-0.5000051581219641,-0.5000053452041079,3,1.691989807416832e-05,5.000016035612324,0,11.8,-1.0000103162439282,1.5,1.200012379492714,-0.5000051581219641,0.0,0.0,0.0
2.77,3/3 curl_four_fingers_thumb_up,0.9290231104788527,-0.38495552742666905,1.0079834060332438,0.016393081520936083,-0.5000049775876954,-0.5000051581219641,3,1.632770164156759e-05,5.0000154743658936,0,11.8,-1.0000099551753907,1.5,1.200011946210469,-0.5000049775876954,0.0,0.0,0.0
2.775,3/3 curl_four_fingers_thumb_up,0.9290230287380179,-0.3849555655523144,1.007983160549816,0.016392981955803833,-0.500004803372126,-0.5000049775876954,3,1.5756232084097698e-05,5.0000149327630865,0,12.5,-1.000009606744252,1.5,1.2000115280931025,-0.500004803372126,0.0,0.0,0.0
2.7800000000000002,3/3 curl_four_fingers_thumb_up,0.9290229498580012,-0.3849556023435211,1.0079829236583324,0.016392885875494485,-0.5000046352541017,-0.500004803372126,3,1.5204763961192117e-05,5.0000144101163775,0,11.9,-1.0000092705082033,1.5,1.200011124609844,-0.5000046352541017,0.0,0.0,0.0
2.785,3/3 curl_four_fingers_thumb_up,0.9290228737386816,-0.38495563784699727,1.0079826950580728,0.016392793158035747,-0.5000044730202081,-0.5000046352541017,3,1.467259722260502e-05,5.000013905762304,0,12.4,-1.0000089460404162,1.5,1.2000107352484994,-0.5000044730202081,0.0,0.0,0.0
2.79,3/3 curl_four_fingers_thumb_up,0.9290228002834414,-0.3849556721078163,1.0079824744588433,0.01639270368572577,-0.5000043164645008,-0.5000044730202081,3,1.415905631980474e-05,5.000013419060624,0,15.0,-1.0000086329290017,1.5,1.200010359514802,-0.5000043164645008,0.0,0.0,0.0
2.795,3/3 curl_four_fingers_thumb_up,0.9290227293990452,-0.3849557051694734,1.0079822615806064,0.016392617344981715,-0.5000041653882433,-0.5000043164645008,3,1.3663489348661022e-05,5.000012949393502,0,12.3,-1.0000083307764867,1.5,1.200009996931784,-0.5000041653882433,0.0,0.0,0.0
2.8000000000000003,3/3 curl_four_fingers_thumb_up,0.9290226609955188,-0.3849557370739418,1.0079820561531256,0.016392534026196122,-0.5000040195996548,-0.5000041653882433,3,1.3185267221429151e-05,5.000012496164729,0,12.7,-1.0000080391993096,1.5,1.2000096470391715,-0.5000040195996548,0.0,0.0,0.0
2.805,3/3 curl_four_fingers_thumb_up,0.929022594986038,-0.3849557678617249,1.0079818579156234,0.01639245362359818,-0.5000038789136668,-0.5000040195996548,3,1.2723782868538637e-05,5.000012058798964,0,11.8,-1.0000077578273336,1.5,1.2000093093928004,-0.5000038789136668,0.0,0.0,0.0
2.81,3/3 curl_four_fingers_thumb_up,0.9290225312868167,-0.38495579757190895,1.0079816666164496,0.016392376035119095,-0.5000037431516885,-0.5000038789136668,3,1.2278450468182802e-05,5.000011636740999,0,11.8,-1.000007486303377,1.5,1.2000089835640524,-0.5000037431516885,0.0,0.0,0.0
2.815,3/3 curl_four_fingers_thumb_up,0.9290224698170007,-0.3849558262422117,1.0079814820127617,0.016392301162263347,-0.5000036121413793,-0.5000037431516885,3,1.1848704701732673e-05,5.0000112294550645,0,11.9,-1.0000072242827587,1.5,1.2000086691393106,-0.5000036121413793,0.0,0.0,0.0
2.82,3/3 curl_four_fingers_thumb_up,0.9290224104985653,-0.3849558539090305,1.0079813038702163,0.016392228909981883,-0.500003485716431,-0.5000036121413793,3,1.1434000037141298e-05,5.000010836424137,0,21.0,-1.000006971432862,1.5,1.2000083657194347,-0.500003485716431,0.0,0.0,0.0
2.825,3/3 curl_four_fingers_thumb_up,0.9290223532562162,-0.3849558806074891,1.0079811319626726,0.016392159186552936,-0.500003363716356,-0.500003485716431,3,1.1033810035830253e-05,5.000010457149292,0,15.6,-1.000006727432712,1.5,1.2000080729192544,-0.500003363716356,0.0,0.0,0.0
2.83,3/3 curl_four_fingers_thumb_up,0.9290222980172949,-0.38495590637148136,1.007980966071905,0.016392091903465363,-0.5000032459862835,-0.500003363716356,3,1.0647626684581371e-05,5.0000100911490675,0,21.1,-1.000006491972567,1.5,1.2000077903670805,-0.5000032459862835,0.0,0.0,0.0
2.835,3/3 curl_four_fingers_thumb_up,0.9290222447116852,-0.3849559312337153,1.007980805987325,0.01639202697530557,-0.5000031323767636,-0.5000032459862835,3,1.0274959750626371e-05,5.000009737958849,0,16.5,-1.0000062647535273,1.5,1.2000075177042326,-0.5000031323767636,0.0,0.0,0.0
2.84,3/3 curl_four_fingers_thumb_up,0.9290221932717246,-0.3849559552257537,1.0079806515057153,0.016391964319649545,-0.5000030227435769,-0.5000031323767636,3,9.915336159372486e-06,5.000009397130291,0,15.6,-1.0000060454871538,1.5,1.2000072545845846,-0.5000030227435769,0.0,0.0,0.0
2.845,3/3 curl_four_fingers_thumb_up,0.9290221436321181,-0.3849559783780543,1.0079805024309718,0.016391903856958913,-0.5000029169475517,-0.5000030227435769,3,9.568299393857098e-06,5.00000906823073,0,14.1,-1.0000058338951034,1.5,1.2000070006741241,-0.5000029169475517,0.0,0.0,0.0
2.85,3/3 curl_four_fingers_thumb_up,0.9290220957298575,-0.38495600072000946,1.0079803585738534,0.01639184551047821,-0.5000028148543875,-0.5000029169475517,3,9.233408915186701e-06,5.000008750842656,0,13.3,-1.000005629708775,1.5,1.2000067556505298,-0.5000028148543875,0.0,0.0,0.0
2.855,3/3 curl_four_fingers_thumb_up,0.9290220495041375,-0.384956022279982,1.0079802197517418,0.01639178920613913,-0.5000027163344839,-0.5000028148543875,3,8.910239603195343e-06,5.0000084445631625,0,12.4,-1.0000054326689678,1.5,1.2000065192027614,-0.5000027163344839,0.0,0.0,0.0
2.86,3/3 curl_four_fingers_thumb_up,0.9290220048962821,-0.38495604308534226,1.007980085788412,0.016391734872465653,-0.500002621262777,-0.5000027163344839,3,8.598381217132954e-06,5.0000081490034525,0,11.5,-1.000005242525554,1.5,1.2000062910306648,-0.500002621262777,0.0,0.0,0.0
2.865,3/3 curl_four_fingers_thumb_up,0.9290219618496685,-0.38495606316250275,1.0079799565138063,0.01639168244048373,-0.5000025295185797,-0.500002621262777,3,8.297437874549174e-06,5.000007863788332,0,11.7,-1.0000050590371594,1.5,1.2000060708445917,-0.5000025295185797,0.0,0.0,0.0
2.87,3/3 curl_four_fingers_thumb_up,0.9290219203096555,-0.38495608253695124,1.0079798317638182,0.016391631843633438,-0.5000024409854295,-0.5000025295185797,3,8.007027549063084e-06,5.000007588555739,0,11.2,-1.000004881970859,1.5,1.200005858365031,-0.5000024409854295,0.0,0.0,0.0
2.875,3/3 curl_four_fingers_thumb_up,0.9290218802235144,-0.38495610123328355,1.007979711380086,0.016391583017683738,-0.5000023555509394,-0.5000024409854295,3,7.72678158483244e-06,5.0000073229562885,0,11.6,-1.0000047111018788,1.5,1.200005653322255,-0.5000023555509394,0.0,0.0,0.0
2.88,3/3 curl_four_fingers_thumb_up,0.9290218415403612,-0.3849561192752343,1.00797959520979,0.01639153590065271,-0.5000022731066566,-0.5000023555509394,3,7.456344229421451e-06,5.000007066652818,0,10.7,-1.0000045462133131,1.5,1.200005455455976,-0.5000022731066566,0.0,0.0,0.0
2.8850000000000002,3/3 curl_four_fingers_thumb_up,0.9290218042110937,-0.3849561366857076,1.00797948310546,0.016391490432727508,-0.5000021935479236,-0.5000022731066566,3,7.195372181384694e-06,5.00000681931997,0,10.0,-1.0000043870958473,1.5,1.2000052645150168,-0.5000021935479236,0.0,0.0,0.0
2.89,3/3 curl_four_fingers_thumb_up,0.9290217681883273,-0.3849561534868056,1.0079793749247863,0.016391446556188634,-0.5000021167737463,-0.5000021935479236,3,6.943534155064965e-06,5.00000658064377,0,10.8,-1.0000042335474926,1.5,1.2000050802569913,-0.5000021167737463,0.0,0.0,0.0
2.895,3/3 curl_four_fingers_thumb_up,0.9290217334263361,-0.38495616969985735,1.007979270530441,0.01639140421533678,-0.5000020426866651,-0.5000021167737463,3,6.700510459653734e-06,5.000006350321239,0,11.8,-1.0000040853733303,1.5,1.2000049024479966,-0.5000020426866651,0.0,0.0,0.0
2.9,3/3 curl_four_fingers_thumb_up,0.9290216998809944,-0.3849561853454448,1.0079791697899019,0.016391363356422863,-0.5000019711926319,-0.5000020426866651,3,6.4659925936108e-06,5.000006128059995,0,11.2,-1.0000039423852638,1.5,1.2000047308623167,-0.5000019711926319,0.0,0.0,0.0
2.9050000000000002,3/3 curl_four_fingers_thumb_up,0.9290216675097213,-0.38495620044343,1.0079790725752862,0.0163913239275782,-0.5000019022008898,-0.5000019711926319,3,6.239682852838856e-06,5.000005913577895,0,11.0,-1.0000038044017796,1.5,1.2000045652821356,-0.5000019022008898,0.0,0.0,0.0
2.91,3/3 curl_four_fingers_thumb_up,0.9290216362714249,-0.38495621501297905,1.0079789787631854,0.016391285878749835,-0.5000018356238587,-0.5000019022008898,3,6.021293953100341e-06,5.000005706602669,0,11.3,-1.0000036712477174,1.5,1.200004405497261,-0.5000018356238587,0.0,0.0,0.0
2.915,3/3 curl_four_fingers_thumb_up,0.9290216061264527,-0.38495622907258786,1.007978888234512,0.016391249161636708,-0.5000017713770236,-0.5000018356238587,3,5.810548664679688e-06,5.000005506871576,0,10.8,-1.0000035427540472,1.5,1.2000042513048568,-0.5000017713770236,0.0,0.0,0.0
2.92,3/3 curl_four_fingers_thumb_up,0.9290215770365395,-0.3849562426401051,1.0079788008743453,0.01639121372962874,-0.5000017093788278,-0.5000017713770236,3,5.6071794614435516e-06,5.00000531413107,0,13.6,-1.0000034187576556,1.5,1.2000041025091868,-0.5000017093788278,0.0,0.0,0.0
2.9250000000000003,3/3 curl_four_fingers_thumb_up,0.9290215489647593,-0.3849562557327537,1.007978716571787,0.016391179537746055,-0.5000016495505688,-0.5000017093788278,3,5.410928180163059e-06,5.000005128136483,0,11.1,-1.0000032991011376,1.5,1.2000039589213651,-0.5000016495505688,0.0,0.0,0.0
2.93,3/3 curl_four_fingers_thumb_up,0.9290215218754782,-0.384956268367155,1.0079786352198215,0.016391146542584396,-0.5000015918162989,-0.5000016495505688,3,5.221545693915905e-06,5.000004948651706,0,12.2,-1.0000031836325978,1.5,1.2000038203591175,-0.5000015918162989,0.0,0.0,0.0
2.935,3/3 curl_four_fingers_thumb_up,0.9290214957343095,-0.38495628055934755,1.0079785567151776,0.016391114702258354,-0.5000015361027285,-0.5000015918162989,3,5.038791594755397e-06,5.000004775448896,0,12.0,-1.000003072205457,1.5,1.2000036866465484,-0.5000015361027285,0.0,0.0,0.0
2.94,3/3 curl_four_fingers_thumb_up,0.9290214705080704,-0.38495629232480916,1.0079784809581986,0.016391083976348177,-0.500001482339133,-0.5000015361027285,3,4.862433888949823e-06,5.000004608308185,0,12.4,-1.000002964678266,1.5,1.2000035576139192,-0.500001482339133,0.0,0.0,0.0
2.945,3/3 curl_four_fingers_thumb_up,0.9290214461647393,-0.3849563036784759,1.0079784078527159,0.016391054325848788,-0.5000014304572633,-0.500001482339133,3,4.692248702822297e-06,5.000004447017399,0,11.1,-1.0000028609145266,1.5,1.200003433097432,-0.5000014304572633,0.0,0.0,0.0
2.95,3/3 curl_four_fingers_thumb_up,0.9290214226734147,-0.38495631463476043,1.0079783373059277,0.01639102571312088,-0.5000013803912591,-0.5000014304572633,3,4.528019998209572e-06,5.0000042913717895,0,11.9,-1.0000027607825182,1.5,1.200003312939022,-0.5000013803912591,0.0,0.0,0.0
2.955,3/3 curl_four_fingers_thumb_up,0.9290214000042774,-0.38495632520757167,1.0079782692282788,0.016390998101842115,-0.500001332077565,-0.5000013803912591,3,4.369539298318267e-06,5.000004141173777,0,11.0,-1.00000266415513,1.5,1.2000031969861562,-0.500001332077565,0.0,0.0,0.0
2.96,3/3 curl_four_fingers_thumb_up,0.9290213781285512,-0.38495633541033153,1.007978203533349,0.016390971456961063,-0.5000012854548502,-0.500001332077565,3,4.216605422868362e-06,5.000003996232696,0,13.4,-1.0000025709097005,1.5,1.2000030850916408,-0.5000012854548502,0.0,0.0,0.0
2.965,3/3 curl_four_fingers_thumb_up,0.9290213570184676,-0.38495634525599165,1.0079781401377441,0.016390945744653863,-0.5000012404639305,-0.5000012854548502,3,4.069024233011345e-06,5.000003856364551,0,10.9,-1.000002480927861,1.5,1.2000029771134333,-0.5000012404639305,0.0,0.0,0.0
2.97,3/3 curl_four_fingers_thumb_up,0.9290213366472293,-0.38495635475705103,1.007978078960987,0.016390920932280763,-0.5000011970476929,-0.5000012404639305,3,3.926608384831647e-06,5.000003721391793,0,10.5,-1.0000023940953857,1.5,1.2000028729144632,-0.5000011970476929,0.0,0.0,0.0
2.975,3/3 curl_four_fingers_thumb_up,0.9290213169889776,-0.38495636392557087,1.0079780199254174,0.016390896988343485,-0.5000011551510236,-0.5000011970476929,3,3.789177091323041e-06,5.00000359114308,0,11.4,-1.0000023103020472,1.5,1.200002772362457,-0.5000011551510236,0.0,0.0,0.0
2.98,3/3 curl_four_fingers_thumb_up,0.9290212980187583,-0.38495637277319,1.0079779629560943,0.016390873882446068,-0.5000011147207378,-0.5000011551510236,3,3.6565558932664836e-06,5.000003465453071,0,12.6,-1.0000022294414757,1.5,1.200002675329771,-0.5000011147207378,0.0,0.0,0.0
2.985,3/3 curl_four_fingers_thumb_up,0.9290212797124906,-0.3849563813111403,1.0079779079806992,0.016390851585257445,-0.500001075705512,-0.5000011147207378,3,3.52857643693125e-06,5.000003344162214,0,20.1,-1.000002151411024,1.5,1.200002581693229,-0.500001075705512,0.0,0.0,0.0
2.99,3/3 curl_four_fingers_thumb_up,0.9290212620469367,-0.38495638955026024,1.0079778549294436,0.016390830068472646,-0.5000010380558191,-0.500001075705512,3,3.405076261679339e-06,5.000003227116537,0,11.2,-1.0000020761116382,1.5,1.200002491333966,-0.5000010380558191,0.0,0.0,0.0
2.995,3/3 curl_four_fingers_thumb_up,0.9290212449996723,-0.3849563975010092,1.0079778037349836,0.016390809304777494,-0.5000010017238654,-0.5000010380558191,3,3.28589859255874e-06,5.000003114167457,0,14.5,-1.0000020034477308,1.5,1.2000024041372772,-0.5000010017238654,0.0,0.0,0.0
3.0,3/3 curl_four_fingers_thumb_up,0.9290212285490569,-0.38495640517348,1.0079777543323303,0.01639078926781338,-0.5000009666635301,-0.5000010017238654,3,3.1708921418184394e-06,5.000003005171597,0,14.4,-1.0000019333270602,1.5,1.2000023199924725,-0.5000009666635301,0.0,0.0,0.0
3.005,3/3 curl_four_fingers_thumb_up,0.9290212126742087,-0.3849564125774127,1.007977706658771,0.016390769932144923,-0.5000009328303066,-0.5000009666635301,3,3.059910916887963e-06,5.00000289999059,0,12.4,-1.000001865660613,1.5,1.200002238792736,-0.5000009328303066,0.0,0.0,0.0
3.0100000000000002,3/3 curl_four_fingers_thumb_up,0.929021197354976,-0.38495641972220634,1.0079776606537871,0.01639075127322618,-0.5000009001812459,-0.5000009328303066,3,2.952814034814687e-06,5.000002798490919,0,11.8,-1.0000018003624918,1.5,1.2000021604349902,-0.5000009001812459,0.0,0.0,0.0
3.015,3/3 curl_four_fingers_thumb_up,0.9290211825719125,-0.3849564266169306,1.0079776162589786,0.016390733267371622,-0.5000008686749022,-0.5000009001812459,3,2.8494655434703007e-06,5.000002700543737,0,12.4,-1.0000017373498045,1.5,1.2000020848197654,-0.5000008686749022,0.0,0.0,0.0
3.02,3/3 curl_four_fingers_thumb_up,0.9290211683062526,-0.38495643327033824,1.007977573417989,0.016390715891722703,-0.5000008382712806,-0.5000008686749022,3,2.7497342494113393e-06,5.000002606024706,0,11.7,-1.0000016765425612,1.5,1.2000020118510737,-0.5000008382712806,0.0,0.0,0.0
3.025,3/3 curl_four_fingers_thumb_up,0.9290211545398872,-0.38495643969087534,1.007977532076435,0.016390699124223203,-0.5000008089317858,-0.5000008382712806,3,2.6534935506811976e-06,5.000002514813842,0,12.4,-1.0000016178635716,1.5,1.2000019414362861,-0.5000008089317858,0.0,0.0,0.0
3.0300000000000002,3/3 curl_four_fingers_thumb_up,0.9290211412553417,-0.38495644588669253,1.007977492181836,0.016390682943587483,-0.5000007806191733,-0.5000008089317858,3,2.560621276401602e-06,5.000002426795356,0,11.7,-1.0000015612383466,1.5,1.200001873486016,-0.5000007806191733,0.0,0.0,0.0
3.035,3/3 curl_four_fingers_thumb_up,0.9290211284357525,-0.3849564518656549,1.0079774536835484,0.016390667329274834,-0.5000007532975023,-0.5000007806191733,3,2.4709995318267815e-06,5.0000023418575195,0,11.9,-1.0000015065950045,1.5,1.2000018079140056,-0.5000007532975023,0.0,0.0,0.0
3.04,3/3 curl_four_fingers_thumb_up,0.9290211160648459,-0.3849564576353527,1.0079774165327018,0.016390652261464585,-0.5000007269320896,-0.5000007532975023,3,2.3845145480480493e-06,5.000002259892506,0,11.6,-1.0000014538641793,1.5,1.2000017446370153,-0.5000007269320896,0.0,0.0,0.0
3.045,3/3 curl_four_fingers_thumb_up,0.9290211041269183,-0.38495646320311006,1.0079773806821353,0.0163906377210287,-0.5000007014894665,-0.5000007269320896,3,2.301056538961677e-06,5.000002180796269,0,12.1,-1.000001402978933,1.5,1.2000016835747198,-0.5000007014894665,0.0,0.0,0.0
3.0500000000000003,3/3 curl_four_fingers_thumb_up,0.9290210926068163,-0.3849564685759952,1.0079773460863388,0.016390623689508645,-0.5000006769373352,-0.5000007014894665,3,2.2205195600712126e-06,5.0000021044683995,0,11.4,-1.0000013538746704,1.5,1.2000016246496046,-0.5000006769373352,0.0,0.0,0.0
3.055,3/3 curl_four_fingers_thumb_up,0.9290210814899156,-0.38495647376082837,1.0079773127013962,0.016390610149093023,-0.5000006532445285,-0.5000006769373352,3,2.1428013755549252e-06,5.000002030812006,0,12.2,-1.000001306489057,1.5,1.2000015677868685,-0.5000006532445285,0.0,0.0,0.0
3.06,3/3 curl_four_fingers_thumb_up,0.9290210707621039,-0.38495647876419165,1.0079772804849263,0.016390597082592474,-0.50000063038097,-0.5000006532445285,3,2.067803327336922e-06,5.000001959733586,0,11.5,-1.00000126076194,1.5,1.200001512914328,-0.50000063038097,0.0,0.0,0.0
3.065,3/3 curl_four_fingers_thumb_up,0.9290210604097641,-0.38495648359243656,1.007977249396034,0.0163905844734201,-0.500000608317636,-0.50000063038097,3,1.995430210920643e-06,5.000001891142911,0,12.2,-1.000001216635272,1.5,1.2000014599623265,-0.500000608317636,0.0,0.0,0.0
3.0700000000000003,3/3 curl_four_fingers_thumb_up,0.9290210504197544,-0.38495648825169226,1.007977219395253,0.016390572305569624,-0.5000005870265188,-0.500000608317636,3,1.9255901535712513e-06,5.00000182495291,0,12.2,-1.0000011740530377,1.5,1.200001408863645,-0.5000005870265188,0.0,0.0,0.0
3.075,3/3 curl_four_fingers_thumb_up,0.9290210407793932,-0.38495649274787336,1.0079771904444998,0.016390560563594704,-0.5000005664805907,-0.5000005870265188,3,1.8581944980893387e-06,5.000001761079558,0,11.7,-1.0000011329611813,1.5,1.2000013595534174,-0.5000005664805907,0.0,0.0,0.0
3.08,3/3 curl_four_fingers_thumb_up,0.9290210314764431,-0.38495649708668755,1.0079771625070233,0.016390549232589376,-0.50000054665377,-0.5000005664805907,3,1.7931576907612013e-06,5.000001699441772,0,11.4,-1.00000109330754,1.5,1.2000013119690478,-0.50000054665377,0.0,0.0,0.0
3.085,3/3 curl_four_fingers_thumb_up,0.9290210224990951,-0.38495650127364267,1.0079771355473586,0.016390538298169756,-0.5000005275208881,-0.50000054665377,3,1.7303971715970822e-06,5.000001639961312,0,11.9,-1.0000010550417762,1.5,1.2000012660501311,-0.5000005275208881,0.0,0.0,0.0
3.09,3/3 curl_four_fingers_thumb_up,0.9290210138359527,-0.38495650531405406,1.0079771095312826,0.016390527746455448,-0.500000509057657,-0.5000005275208881,3,1.6698332707090353e-06,5.000001582562666,0,11.4,-1.000001018115314,1.5,1.2000012217383766,-0.500000509057657,0.0,0.0,0.0
3.095,3/3 curl_four_fingers_thumb_up,0.929021005476019,-0.3849565092130503,1.0079770844257696,0.016390517564051417,-0.5000004912406391,-0.500000509057657,3,1.6113891063404607e-06,5.000001527172972,0,12.3,-1.0000009824812781,1.5,1.2000011789775336,-0.5000004912406391,0.0,0.0,0.0
3.1,3/3 curl_four_fingers_thumb_up,0.9290209974086818,-0.38495651297558126,1.0079770601989495,0.016390507738032196,-0.5000004740472167,-0.5000004912406391,3,1.5549904876949683e-06,5.000001473721919,0,11.9,-1.0000009480944334,1.5,1.20000113771332,-0.5000004740472167,0.0,0.0,0.0
3.105,3/3 curl_four_fingers_thumb_up,0.9290209896237004,-0.38495651660642344,1.0079770368200685,0.016390498255923903,-0.5000004574555641,-0.5000004740472167,3,1.5005658205812052e-06,5.000001422141651,0,11.9,-1.0000009149111282,1.5,1.2000010978933537,-0.5000004574555641,0.0,0.0,0.0
3.11,3/3 curl_four_fingers_thumb_up,0.9290209821111922,-0.38495652011018566,1.0079770142594486,0.01639048910568989,-0.5000004414446193,-0.5000004574555641,3,1.448046016861946e-06,5.000001372366692,0,11.7,-1.0000008828892386,1.5,1.2000010594670865,-0.5000004414446193,0.0,0.0,0.0
3.115,3/3 curl_four_fingers_thumb_up,0.9290209748616212,-0.3849565234913158,1.0079769924884507,0.016390480275714416,-0.5000004259940576,-0.5000004414446193,3,1.3973644062317722e-06,5.000001324333859,0,12.0,-1.0000008519881152,1.5,1.2000010223857385,-0.5000004259940576,0.0,0.0,0.0
3.12,3/3 curl_four_fingers_thumb_up,0.929020967865784,-0.3849565267541062,1.0079769714794375,0.0163904717547882,-0.5000004110842655,-0.5000004259940576,3,1.3484566519479316e-06,5.000001277982173,0,11.7,-1.000000822168531,1.5,1.2000009866022376,-0.5000004110842655,0.0,0.0,0.0
3.125,3/3 curl_four_fingers_thumb_up,0.9290209611148003,-0.3849565299026986,1.0079769512057404,0.016390463532094952,-0.5000003966963162,-0.5000004110842655,3,1.3012606692282452e-06,5.000001233252796,0,15.2,-1.0000007933926325,1.5,1.2000009520711594,-0.5000003966963162,0.0,0.0,0.0
3.13,3/3 curl_four_fingers_thumb_up,0.9290209546001003,-0.38495653294108995,1.0079769316416225,0.016390455597196242,-0.5000003828119451,-0.5000003966963162,3,1.255716545788063e-06,5.000001190088948,0,12.0,-1.0000007656238903,1.5,1.2000009187486689,-0.5000003828119451,0.0,0.0,0.0
3.1350000000000002,3/3 curl_four_fingers_thumb_up,0.929020948313414,-0.3849565358731373,1.0079769127622493,0.01639044794001924,-0.5000003694135271,-0.5000003828119451,3,1.211766466695939e-06,5.000001148435834,0,12.2,-1.0000007388270542,1.5,1.2000008865924654,-0.5000003694135271,0.0,0.0,0.0
3.14,3/3 curl_four_fingers_thumb_up,0.9290209422467615,-0.3849565387025629,1.0079768945436542,0.016390440550843773,-0.5000003564840536,-0.5000003694135271,3,1.1693546403597535e-06,5.000001108240581,0,11.2,-1.0000007129681072,1.5,1.2000008555617292,-0.5000003564840536,0.0,0.0,0.0
3.145,3/3 curl_four_fingers_thumb_up,0.9290209363924407,-0.38495654143295815,1.0079768769627098,0.016390433420289542,-0.5000003440071117,-0.5000003564840536,3,1.1284272278703323e-06,5.000001069452161,0,11.6,-1.0000006880142234,1.5,1.2000008256170687,-0.5000003440071117,0.0,0.0,0.0
3.15,3/3 curl_four_fingers_thumb_up,0.9290209307430208,-0.38495654406778956,1.0079768599970989,0.016390426539305204,-0.5000003319668628,-0.5000003440071117,3,1.0889322749444208e-06,5.000001032021335,0,12.7,-1.0000006639337256,1.5,1.2000007967204713,-0.5000003319668628,0.0,0.0,0.0
3.1550000000000002,3/3 curl_four_fingers_thumb_up,0.9290209252913298,-0.3849565466104015,1.007976843625284,0.01639041989915519,-0.5000003203480226,-0.5000003319668628,3,1.0508196452214874e-06,5.000000995900589,0,11.2,-1.000000640696045,1.5,1.2000007688352547,-0.5000003203480226,0.0,0.0,0.0
3.16,3/3 curl_four_fingers_thumb_up,0.9290209200304479,-0.38495654906402194,1.0079768278264833,0.01639041349141091,-0.5000003091358418,-0.5000003203480226,3,1.014040957689707e-06,5.000000961044068,0,11.1,-1.0000006182716836,1.5,1.2000007419260208,-0.5000003091358418,0.0,0.0,0.0
3.165,3/3 curl_four_fingers_thumb_up,0.9290209149536962,-0.3849565514317655,1.0079768125806403,0.0163904073079374,-0.5000002983160874,-0.5000003091358418,3,9.78549524274406e-07,5.000000927407526,0,11.8,-1.0000005966321748,1.5,1.2000007159586101,-0.5000002983160874,0.0,0.0,0.0
3.17,3/3 curl_four_fingers_thumb_up,0.9290209100546307,-0.3849565537166379,1.007976797868402,0.01639040134088591,-0.5000002878750244,-0.5000002983160874,3,9.443002909193865e-07,5.000000894948263,0,11.7,-1.0000005757500487,1.5,1.2000006909000587,-0.5000002878750244,0.0,0.0,0.0
3.1750000000000003,3/3 curl_four_fingers_thumb_up,0.9290209053270319,-0.38495655592153977,1.0079767836710922,0.016390395582681523,-0.5000002777993985,-0.5000002878750244,3,9.112497806245354e-07,5.000000863625074,0,11.1,-1.000000555598797,1.5,1.2000006667185565,-0.5000002777993985,0.0,0.0,0.0
3.18,3/3 curl_four_fingers_thumb_up,0.9290209007648984,-0.38495655804926954,1.0079767699706883,0.01639039002601412,-0.5000002680764195,-0.5000002777993985,3,8.79356038338181e-07,5.000000833398197,0,10.7,-1.000000536152839,1.5,1.2000006433834072,-0.5000002680764195,0.0,0.0,0.0
3.185,3/3 curl_four_fingers_thumb_up,0.9290208963624393,-0.38495656010252893,1.007976756749799,0.0163903846638307,-0.5000002586937449,-0.5000002680764195,3,8.485785769934338e-07,5.00000080422926,0,11.5,-1.0000005173874897,1.5,1.2000006208649878,-0.5000002586937449,0.0,0.0,0.0
3.19,3/3 curl_four_fingers_thumb_up,0.9290208921140661,-0.38495656208392404,1.0079767439916398,0.01639037948932332,-0.5000002496394638,-0.5000002586937449,3,8.18878326827568e-07,5.000000776081235,0,10.9,-1.0000004992789275,1.5,1.2000005991347134,-0.5000002496394638,0.0,0.0,0.0
3.1950000000000003,3/3 curl_four_fingers_thumb_up,0.9290208880143858,-0.3849565639959702,1.0079767316800174,0.016390374495924127,-0.5000002409020825,-0.5000002496394638,3,7.90217585425698e-07,5.000000748918392,0,11.8,-1.000000481804165,1.5,1.2000005781649985,-0.5000002409020825,0.0,0.0,0.0
3.2,3/3 curl_four_fingers_thumb_up,0.9290208840581937,-0.3849565658410946,1.0079767197993013,0.01639036967729391,-0.5000002324705096,-0.5000002409020825,3,7.625599700253544e-07,5.000000722706248,0,11.3,-1.0000004649410192,1.5,1.2000005579292237,-0.5000002324705096,0.0,0.0,0.0
3.205,3/3 curl_four_fingers_thumb_up,0.9290208802404684,-0.3849565676216397,1.0079767083344107,0.01639036502731598,-0.5000002243340418,-0.5000002324705096,3,7.358703711681182e-07,5.000000697411529,0,11.4,-1.0000004486680836,1.5,1.200000538401701,-0.5000002243340418,0.0,0.0,0.0
3.21,3/3 curl_four_fingers_thumb_up,0.929020876556363,-0.3849565693398655,1.007976697270791,0.01639036054008728,-0.5000002164823504,-0.5000002243340418,3,7.101149083413859e-07,5.000000673002126,0,11.2,-1.0000004329647008,1.5,1.2000005195576415,-0.5000002164823504,0.0,0.0,0.0
3.215,3/3 curl_four_fingers_thumb_up,0.9290208730012013,-0.38495657099795344,1.007976686594398,0.01639035620991145,-0.5000002089054681,-0.5000002164823504,3,6.852608866016614e-07,5.000000649447051,0,11.6,-1.0000004178109363,1.5,1.200000501373124,-0.5000002089054681,0.0,0.0,0.0
3.22,3/3 curl_four_fingers_thumb_up,0.9290208695704698,-0.38495657259800803,1.0079766762916789,0.016390352031292056,-0.5000002015937768,-0.5000002089054681,3,6.612767555264345e-07,5.000000626716404,0,10.9,-1.0000004031875536,1.5,1.2000004838250646,-0.5000002015937768,0.0,0.0,0.0
3.225,3/3 curl_four_fingers_thumb_up,0.9290208662598138,-0.38495657414206086,1.0079766663495549,0.016390347998924255,-0.5000001945379946,-0.5000002015937768,3,6.38132069147587e-07,5.00000060478133,0,11.6,-1.0000003890759892,1.5,1.2000004668911874,-0.5000001945379946,0.0,0.0,0.0
3.23,3/3 curl_four_fingers_thumb_up,0.9290208630650305,-0.38495657563207164,1.0079766567554056,0.01639034410768967,-0.5000001877291648,-0.5000001945379946,3,6.157974467309414e-07,5.000000583613983,0,12.4,-1.0000003754583295,1.5,1.200000450549996,-0.5000001877291648,0.0,0.0,0.0
3.235,3/3 curl_four_fingers_thumb_up,0.9290208599820644,-0.38495657706993197,1.007976647497051,0.016390340352648282,-0.500000181158644,-0.5000001877291648,3,5.942445360197809e-07,5.000000563187493,0,11.6,-1.000000362317288,1.5,1.200000434780746,-0.500000181158644,0.0,0.0,0.0
3.24,3/3 curl_four_fingers_thumb_up,0.9290208570070021,-0.3849565784574671,1.0079766385627393,0.016390336729033263,-0.5000001748180914,-0.500000181158644,3,5.734459773109742e-07,5.000000543475932,0,11.6,-1.000000349636183,1.5,1.20000041956342,-0.5000001748180914,0.0,0.0,0.0
3.245,3/3 curl_four_fingers_thumb_up,0.9290208541360669,-0.38495657979643866,1.0079766299411286,0.01639033323224521,-0.5000001686994583,-0.5000001748180914,3,5.533753682012458e-07,5.000000524454275,0,11.5,-1.0000003373989166,1.5,1.2000004048787003,-0.5000001686994583,0.0,0.0,0.0
3.25,3/3 curl_four_fingers_thumb_up,0.929020851365614,-0.384956581088546,1.0079766216212742,0.01639032985784431,-0.5000001627949773,-0.5000001686994583,3,5.340072303100391e-07,5.000000506098375,0,11.3,-1.0000003255899546,1.5,1.2000003907079457,-0.5000001627949773,0.0,0.0,0.0
3.255,3/3 curl_four_fingers_thumb_up,0.9290208486921272,-0.38495658233542945,1.0079766135926145,0.01639032660154769,-0.5000001570971531,-0.5000001627949773,3,5.153169771666719e-07,5.0000004883849325,0,58.9,-1.0000003141943061,1.5,1.2000003770331675,-0.5000001570971531,0.0,0.0,0.0
3.2600000000000002,3/3 curl_four_fingers_thumb_up,0.9290208461122123,-0.3849565835386721,1.0079766058449582,0.01639032345922129,-0.5000001515987527,-0.5000001570971531,3,4.97280882923328e-07,5.00000047129146,0,12.3,-1.0000003031975053,1.5,1.2000003638370067,-0.5000001515987527,0.0,0.0,0.0
3.265,3/3 curl_four_fingers_thumb_up,0.929020843622594,-0.3849565846998012,1.0079765983684699,0.016390320426876888,-0.5000001462927963,-0.5000001515987527,3,4.798760520698848e-07,5.000000454796258,0,11.2,-1.0000002925855926,1.5,1.2000003511027115,-0.5000001462927963,0.0,0.0,0.0
3.27,3/3 curl_four_fingers_thumb_up,0.9290208412201122,-0.3849565858202906,1.0079765911536582,0.016390317500664116,-0.5000001411725484,-0.5000001462927963,3,4.6308039028595533e-07,5.0000004388783905,0,10.9,-1.0000002823450969,1.5,1.2000003388141167,-0.5000001411725484,0.0,0.0,0.0
3.275,3/3 curl_four_fingers_thumb_up,0.9290208389017175,-0.38495658690156304,1.0079765841913655,0.01639031467686889,-0.5000001362315092,-0.5000001411725484,3,4.468725764775333e-07,5.000000423517646,0,11.2,-1.0000002724630184,1.5,1.2000003269556225,-0.5000001362315092,0.0,0.0,0.0
3.2800000000000002,3/3 curl_four_fingers_thumb_up,0.9290208366644664,-0.3849565879449907,1.0079765774727527,0.01639031195190655,-0.5000001314634064,-0.5000001362315092,3,4.3123203628254293e-07,5.000000408694528,0,10.5,-1.0000002629268128,1.5,1.2000003155121757,-0.5000001314634064,0.0,0.0,0.0
3.285,3/3 curl_four_fingers_thumb_up,0.929020834505519,-0.3849565889518984,1.0079765709892916,0.01639030932231817,-0.5000001268621872,-0.5000001314634064,3,4.1613891508901e-07,5.000000394390219,0,11.3,-1.0000002537243744,1.5,1.2000003044692495,-0.5000001268621872,0.0,0.0,0.0
3.29,3/3 curl_four_fingers_thumb_up,0.9290208324221345,-0.3849565899235646,1.0079765647327517,0.016390306784765087,-0.5000001224220106,-0.5000001268621872,3,4.015740530433625e-07,5.000000380586561,0,11.2,-1.0000002448440213,1.5,1.2000002938128258,-0.5000001224220106,0.0,0.0,0.0
3.295,3/3 curl_four_fingers_thumb_up,0.9290208304116685,-0.3849565908612222,1.0079765586951908,0.016390304336026375,-0.5000001181372402,-0.5000001224220106,3,3.87518961047028e-07,5.000000367266032,0,12.1,-1.0000002362744804,1.5,1.2000002835293768,-0.5000001181372402,0.0,0.0,0.0
3.3000000000000003,3/3 curl_four_fingers_thumb_up,0.929020828471569,-0.38495659176606173,1.007976552868944,0.016390301972993744,-0.5000001140024368,-0.5000001181372402,3,3.739557974164066e-07,5.00000035441172,0,11.5,-1.0000002280048736,1.5,1.2000002736058486,-0.5000001140024368,0.0,0.0,0.0
3.305,3/3 curl_four_fingers_thumb_up,0.9290208265993727,-0.38495659263923193,1.0079765472466164,0.0163902996926674,-0.5000001100123516,-0.5000001140024368,3,3.608673445360751e-07,5.00000034200731,0,11.9,-1.0000002200247031,1.5,1.2000002640296439,-0.5000001100123516,0.0,0.0,0.0
3.31,3/3 curl_four_fingers_thumb_up,0.9290208247927033,-0.384956593481841,1.0079765418210698,0.016390297492152074,-0.5000001061619193,-0.5000001100123516,3,3.4823698750889054e-07,5.000000330037054,0,10.6,-1.0000002123238385,1.5,1.2000002547886064,-0.5000001061619193,0.0,0.0,0.0
3.315,3/3 curl_four_fingers_thumb_up,0.929020823049267,-0.384956594294959,1.0079765365854179,0.016390295368655224,-0.500000102446252,-0.5000001061619193,3,3.3604869280609337e-07,5.000000318485757,0,11.4,-1.000000204892504,1.5,1.200000245871005,-0.500000102446252,0.0,0.0,0.0
3.3200000000000003,3/3 curl_four_fingers_thumb_up,0.9290208213668512,-0.3849565950796177,1.0079765315330136,0.016390293319480755,-0.5000000988606332,-0.500000102446252,3,3.2428698856231387e-07,5.000000307338755,0,11.1,-1.0000001977212665,1.5,1.2000002372655199,-0.5000000988606332,0.0,0.0,0.0
3.325,3/3 curl_four_fingers_thumb_up,0.92902081974332,-0.3849565958368133,1.0079765266574432,0.01639029134202708,-0.500000095400511,-0.5000000988606332,3,3.129369438822831e-07,5.0000002965818995,0,10.7,-1.000000190801022,1.5,1.2000002289612266,-0.500000095400511,0.0,0.0,0.0
3.33,3/3 curl_four_fingers_thumb_up,0.9290208181766119,-0.384956596567507,1.007976521952518,0.0163902894337846,-0.5000000920614932,-0.500000095400511,3,3.0198415097027865e-07,5.000000286201532,0,11.7,-1.0000001841229864,1.5,1.2000002209475837,-0.5000000920614932,0.0,0.0,0.0
3.335,3/3 curl_four_fingers_thumb_up,0.929020816664739,-0.3849565972726265,1.0079765174122657,0.016390287592330695,-0.500000088839341,-0.5000000920614932,3,2.9141470575681955e-07,5.000000276184479,0,11.0,-1.000000177678682,1.5,1.2000002132144183,-0.500000088839341,0.0,0.0,0.0
3.34,3/3 curl_four_fingers_thumb_up,0.9290208152057815,-0.3849565979530669,1.0079765130309213,0.016390285815327317,-0.500000085729964,-0.500000088839341,3,2.8121519100963913e-07,5.000000266518023,0,11.9,-1.000000171459928,1.5,1.2000002057519137,-0.500000085729964,0.0,0.0,0.0
3.345,3/3 curl_four_fingers_thumb_up,0.9290208137978873,-0.3849565986096917,1.0079765088029244,0.01639028410051927,-0.5000000827294153,-0.500000085729964,3,2.713726594649647e-07,5.000000257189892,0,11.0,-1.0000001654588306,1.5,1.2000001985505968,-0.5000000827294153,0.0,0.0,0.0
3.35,3/3 curl_four_fingers_thumb_up,0.9290208124392694,-0.3849565992433347,1.0079765047229075,0.016390282445729522,-0.5000000798338858,-0.5000000827294153,3,2.618746164308042e-07,5.000000248188246,0,11.6,-1.0000001596677717,1.5,1.2000001916013259,-0.5000000798338858,0.0,0.0,0.0
3.355,3/3 curl_four_fingers_thumb_up,0.9290208111282032,-0.38495659985480024,1.0079765007856911,0.016390280848857304,-0.5000000770396998,-0.5000000798338858,3,2.527090048880487e-07,5.000000239501658,0,10.7,-1.0000001540793997,1.5,1.2000001848952795,-0.5000000770396998,0.0,0.0,0.0
3.36,3/3 curl_four_fingers_thumb_up,0.9290208098630243,-0.38495660044486424,1.0079764969862772,0.016390279307875906,-0.5000000743433104,-0.5000000770396998,3,2.4386418977927705e-07,5.0000002311191,0,10.9,-1.0000001486866208,1.5,1.2000001784239447,-0.5000000743433104,0.0,0.0,0.0
3.365,3/3 curl_four_fingers_thumb_up,0.9290208086421265,-0.38495660101427626,1.0079764933198432,0.016390277820828837,-0.5000000717412946,-0.5000000743433104,3,2.3532894325877935e-07,5.000000223029931,0,10.6,-1.0000001434825891,1.5,1.2000001721791067,-0.5000000717412946,0.0,0.0,0.0
3.37,3/3 curl_four_fingers_thumb_up,0.9290208074639602,-0.38495660156375866,1.0079764897817336,0.01639027638582797,-0.5000000692303492,-0.5000000717412946,3,2.270924301388864e-07,5.000000215223885,0,11.4,-1.0000001384606985,1.5,1.2000001661528379,-0.5000000692303492,0.0,0.0,0.0
3.375,3/3 curl_four_fingers_thumb_up,0.9290208063270298,-0.38495660209400934,1.0079764863674583,0.016390275001052564,-0.500000066807287,-0.5000000692303492,3,2.1914419513689245e-07,5.000000207691048,0,11.0,-1.000000133614574,1.5,1.2000001603374886,-0.500000066807287,0.0,0.0,0.0
3.38,3/3 curl_four_fingers_thumb_up,0.9290208052298916,-0.3849566026057011,1.0079764830726827,0.016390273664744277,-0.500000064469032,-0.500000066807287,3,2.1147414830784583e-07,5.00000020042186,0,11.2,-1.000000128938064,1.5,1.2000001547256764,-0.500000064469032,0.0,0.0,0.0
3.3850000000000002,3/3 curl_four_fingers_thumb_up,0.9290208041711536,-0.3849566030994836,1.0079764798932243,0.016390272375206717,-0.5000000622126158,-0.500000064469032,3,2.040725531240773e-07,5.000000193407096,0,11.0,-1.0000001244252317,1.5,1.2000001493102779,-0.5000000622126158,0.0,0.0,0.0
3.39,3/3 curl_four_fingers_thumb_up,0.929020803149471,-0.3849566035759839,1.0079764768250468,0.016390271130802887,-0.5000000600351743,-0.5000000622126158,3,1.9693001374243023e-07,5.000000186637847,0,10.4,-1.0000001200703486,1.5,1.2000001440844181,-0.5000000600351743,0.0,0.0,0.0
3.395,3/3 curl_four_fingers_thumb_up,0.9290208021635478,-0.3849566040358065,1.0079764738642554,0.016390269929953356,-0.5000000579339432,-0.5000000600351743,3,1.9003746323271013e-07,5.000000180105522,0,11.6,-1.0000001158678864,1.5,1.2000001390414634,-0.5000000579339432,0.0,0.0,0.0
3.4,3/3 curl_four_fingers_thumb_up,0.9290208012121315,-0.3849566044795354,1.0079764710070922,0.016390268771133594,-0.5000000559062552,-0.5000000579339432,3,1.833861519956702e-07,5.000000173801828,0,10.9,-1.0000001118125104,1.5,1.2000001341750122,-0.5000000559062552,0.0,0.0,0.0
3.4050000000000002,3/3 curl_four_fingers_thumb_up,0.929020800294015,-0.3849566049077337,1.0079764682499293,0.016390267652872444,-0.5000000539495363,-0.5000000559062552,3,1.7696763668191396e-07,5.000000167718765,0,11.0,-1.0000001078990726,1.5,1.2000001294788867,-0.5000000539495363,0.0,0.0,0.0
3.41,3/3 curl_four_fingers_thumb_up,0.9290207994080325,-0.3849566053209451,1.0079764655892671,0.016390266573750485,-0.5000000520613025,-0.5000000539495363,3,1.7077376941540984e-07,5.000000161848608,0,11.2,-1.000000104122605,1.5,1.2000001249471257,-0.5000000520613025,0.0,0.0,0.0
3.415,3/3 curl_four_fingers_thumb_up,0.9290207985530593,-0.3849566057196942,1.0079764630217285,0.016390265532397842,-0.500000050239157,-0.5000000520613025,3,1.6479668755176816e-07,5.000000156183907,0,11.5,-1.000000100478314,1.5,1.2000001205739763,-0.500000050239157,0.0,0.0,0.0
3.42,3/3 curl_four_fingers_thumb_up,0.9290207977280103,-0.384956606104487,1.007976460544053,0.016390264527492378,-0.5000000484807865,-0.500000050239157,3,1.5902880355836313e-07,5.00000015071747,0,13.0,-1.000000096961573,1.5,1.2000001163538871,-0.5000000484807865,0.0,0.0,0.0
3.4250000000000003,3/3 curl_four_fingers_thumb_up,0.9290207969318378,-0.3849566064758121,1.0079764581530968,0.016390263557758696,-0.5000000467839589,-0.5000000484807865,3,1.5346279542244823e-07,5.000000145442359,0,10.9,-1.0000000935679179,1.5,1.2000001122815012,-0.5000000467839589,0.0,0.0,0.0
3.43,3/3 curl_four_fingers_thumb_up,0.9290207961635313,-0.3849566068341406,1.0079764558458237,0.016390262621965697,-0.5000000451465204,-0.5000000467839589,3,1.4809159772264856e-07,5.000000140351876,0,10.7,-1.0000000902930408,1.5,1.2000001083516487,-0.5000000451465204,0.0,0.0,0.0
3.435,3/3 curl_four_fingers_thumb_up,0.9290207954221156,-0.38495660717992775,1.0079764536193054,0.016390261718925526,-0.5000000435663922,-0.5000000451465204,3,1.429083916783112e-07,5.00000013543956,0,11.1,-1.0000000871327843,1.5,1.200000104559341,-0.5000000435663922,0.0,0.0,0.0
3.44,3/3 curl_four_fingers_thumb_up,0.9290207947066497,-0.3849566075136124,1.0079764514707148,0.016390260847491324,-0.5000000420415684,-0.5000000435663922,3,1.3790659804189866e-07,5.000000130699176,0,10.8,-1.000000084083137,1.5,1.200000100899764,-0.5000000420415684,0.0,0.0,0.0
3.4450000000000003,3/3 curl_four_fingers_thumb_up,0.9290207940162247,-0.3849566078356181,1.0079764493973253,0.016390260006557918,-0.5000000405701136,-0.5000000420415684,3,1.330798671686469e-07,5.000000126124705,0,12.3,-1.0000000811402272,1.5,1.2000000973682723,-0.5000000405701136,0.0,0.0,0.0
3.45,3/3 curl_four_fingers_thumb_up,0.9290207933499648,-0.38495660814635346,1.0079764473965047,0.01639025919505705,-0.5000000391501597,-0.5000000405701136,3,1.284220718886511e-07,5.0000001217103405,0,10.9,-1.0000000783003193,1.5,1.2000000939603828,-0.5000000391501597,0.0,0.0,0.0
3.455,3/3 curl_four_fingers_thumb_up,0.9290207927070238,-0.3849566084462131,1.0079764454657125,0.016390258411958798,-0.5000000377799041,-0.5000000391501597,3,1.2392729940419409e-07,5.000000117450479,0,12.7,-1.0000000755598082,1.5,1.2000000906717694,-0.5000000377799041,0.0,0.0,0.0
3.46,3/3 curl_four_fingers_thumb_up,0.9290207920865858,-0.3849566087355777,1.007976443602498,0.016390257656268566,-0.5000000364576075,-0.5000000377799041,3,1.195898440061417e-07,5.000000113339713,0,11.2,-1.000000072915215,1.5,1.2000000874982575,-0.5000000364576075,0.0,0.0,0.0
3.465,3/3 curl_four_fingers_thumb_up,0.9290207914878634,-0.3849566090148146,1.0079764418044959,0.01639025692702751,-0.5000000351815912,-0.5000000364576075,3,1.1540419945188075e-07,5.000000109372824,0,10.8,-1.0000000703631824,1.5,1.2000000844358185,-0.5000000351815912,0.0,0.0,0.0
3.47,3/3 curl_four_fingers_thumb_up,0.929020790910096,-0.38495660928427816,1.0079764400694238,0.016390256223310203,-0.5000000339502355,-0.5000000351815912,3,1.1136505252108893e-07,5.000000105544774,0,10.8,-1.000000067900471,1.5,1.200000081480565,-0.5000000339502355,0.0,0.0,0.0
3.475,3/3 curl_four_fingers_thumb_up,0.9290207903525504,-0.38495660954431044,1.0079764383950793,0.016390255544223,-0.5000000327619772,-0.5000000339502355,3,1.0746727571859193e-07,5.000000101850707,0,12.1,-1.0000000655239545,1.5,1.2000000786287452,-0.5000000327619772,0.0,0.0,0.0
3.48,3/3 curl_four_fingers_thumb_up,0.929020789814519,-0.3849566097952417,1.0079764367793373,0.01639025488890384,-0.500000031615308,-0.5000000327619772,3,1.0370592099936205e-07,5.000000098285932,0,10.7,-1.000000063230616,1.5,1.200000075876739,-0.500000031615308,0.0,0.0,0.0
3.485,3/3 curl_four_fingers_thumb_up,0.9290207892953186,-0.3849566100373901,1.007976435220146,0.01639025425652086,-0.5000000305087723,-0.500000031615308,3,1.0007621379135942e-07,5.000000094845925,0,11.2,-1.0000000610175446,1.5,1.2000000732210532,-0.5000000305087723,0.0,0.0,0.0
3.49,3/3 curl_four_fingers_thumb_up,0.9290207887942902,-0.3849566102710636,1.0079764337155261,0.016390253646271148,-0.5000000294409652,-0.5000000305087723,3,9.65735462196137e-08,5.000000091526317,0,10.4,-1.0000000588819304,1.5,1.2000000706583163,-0.5000000294409652,0.0,0.0,0.0
3.495,3/3 curl_four_fingers_thumb_up,0.929020788310798,-0.3849566104965583,1.007976432263568,0.016390253057380295,-0.5000000284105315,-0.5000000294409652,3,9.319347214443747e-08,5.000000088322896,0,13.4,-1.000000056821063,1.5,1.2000000681852752,-0.5000000284105315,0.0,0.0,0.0
3.5,3/3 curl_four_fingers_thumb_up,0.9290207878442279,-0.3849566107141609,1.0079764308624284,0.0163902524891004,-0.5000000274161629,-0.5000000284105315,3,8.993170069011976e-08,5.000000085231595,0,11.4,-1.0000000548323258,1.5,1.2000000657987906,-0.5000000274161629,0.0,0.0,0.0
3.505,3/3 curl_four_fingers_thumb_up,0.9290207873939876,-0.38495661092414724,1.007976429510329,0.016390251940710428,-0.5000000264565972,-0.5000000274161629,3,8.678409129667785e-08,5.000000082248488,0,10.7,-1.0000000529131945,1.5,1.200000063495833,-0.5000000264565972,0.0,0.0,0.0
3.5100000000000002,3/3 curl_four_fingers_thumb_up,0.9290207869595062,-0.38495661112678414,1.007976428205553,0.01639025141151413,-0.5000000255306163,-0.5000000264565972,3,8.374664807438676e-08,5.000000079369792,0,11.5,-1.0000000510612326,1.5,1.200000061273479,-0.5000000255306163,0.0,0.0,0.0
3.515,3/3 curl_four_fingers_thumb_up,0.9290207865402311,-0.3849566113223288,1.0079764269464442,0.01639025090083985,-0.5000000246370447,-0.5000000255306163,3,8.081551535644826e-08,5.000000076591848,0,11.2,-1.0000000492740895,1.5,1.200000059128907,-0.5000000246370447,0.0,0.0,0.0
3.52,3/3 curl_four_fingers_thumb_up,0.929020786135631,-0.3849566115110293,1.007976425731404,0.016390250408038883,-0.5000000237747482,-0.5000000246370447,3,7.79869723716704e-08,5.000000073911134,0,12.1,-1.0000000475494963,1.5,1.2000000570593954,-0.5000000237747482,0.0,0.0,0.0
3.525,3/3 curl_four_fingers_thumb_up,0.9290207857451915,-0.38495661169312534,1.0079764245588902,0.01639024993248637,-0.500000022942632,-0.5000000237747482,3,7.525742830975767e-08,5.000000071324244,0,11.7,-1.000000045885264,1.5,1.2000000550623164,-0.500000022942632,0.0,0.0,0.0
3.5300000000000002,3/3 curl_four_fingers_thumb_up,0.9290207853684178,-0.38495661186884794,1.0079764234274144,0.016390249473577874,-0.5000000221396399,-0.500000022942632,3,7.262341832074382e-08,5.0000000688278945,0,11.4,-1.0000000442792798,1.5,1.2000000531351354,-0.5000000221396399,0.0,0.0,0.0
3.535,3/3 curl_four_fingers_thumb_up,0.9290207850048309,-0.38495661203842035,1.0079764223355405,0.01639024903073103,-0.5000000213647525,-0.5000000221396399,3,7.008159873597249e-08,5.000000066418919,0,11.0,-1.000000042729505,1.5,1.2000000512754057,-0.5000000213647525,0.0,0.0,0.0
3.54,3/3 curl_four_fingers_thumb_up,0.9290207846539698,-0.3849566122020577,1.0079764212818823,0.016390248603384373,-0.5000000206169862,-0.5000000213647525,3,6.762874291860871e-08,5.000000064094257,0,10.6,-1.0000000412339725,1.5,1.2000000494807666,-0.5000000206169862,0.0,0.0,0.0
3.545,3/3 curl_four_fingers_thumb_up,0.9290207843153885,-0.3849566123599676,1.0079764202651018,0.016390248190994584,-0.5000000198953917,-0.5000000206169862,3,6.526173679600039e-08,5.000000061850959,0,12.4,-1.0000000397907833,1.5,1.2000000477489396,-0.5000000198953917,0.0,0.0,0.0
3.5500000000000003,3/3 curl_four_fingers_thumb_up,0.9290207839886576,-0.3849566125123508,1.0079764192839085,0.016390247793038194,-0.500000019199053,-0.5000000198953917,3,6.297757605048141e-08,5.000000059686175,0,11.7,-1.000000038398106,1.5,1.2000000460777267,-0.500000019199053,0.0,0.0,0.0
3.555,3/3 curl_four_fingers_thumb_up,0.9290207836733624,-0.3849566126594007,1.0079764183370576,0.016390247409010607,-0.5000000185270862,-0.500000019199053,3,6.077336097481814e-08,5.000000057597159,0,11.3,-1.0000000370541724,1.5,1.2000000444650063,-0.5000000185270862,0.0,0.0,0.0
3.56,3/3 curl_four_fingers_thumb_up,0.9290207833691027,-0.38495661280130344,1.0079764174233456,0.016390247038423657,-0.5000000178786382,-0.5000000185270862,3,5.864629334486253e-08,5.000000055581259,0,11.0,-1.0000000357572765,1.5,1.200000042908731,-0.5000000178786382,0.0,0.0,0.0
3.565,3/3 curl_four_fingers_thumb_up,0.929020783075492,-0.38495661293823996,1.0079764165416139,0.01639024668080736,-0.5000000172528859,-0.5000000178786382,3,5.659367308913067e-08,5.000000053635915,0,12.0,-1.0000000345057718,1.5,1.2000000414069254,-0.5000000172528859,0.0,0.0,0.0
3.5700000000000003,3/3 curl_four_fingers_thumb_up,0.9290207827921575,-0.3849566130703837,1.0079764156907431,0.016390246335707827,-0.5000000166490349,-0.5000000172528859,3,5.4612894667307915e-08,5.000000051758659,0,10.3,-1.0000000332980699,1.5,1.2000000399576831,-0.5000000166490349,0.0,0.0,0.0
3.575,3/3 curl_four_fingers_thumb_up,0.9290207825187398,-0.3849566131979022,1.0079764148696526,0.016390246002686522,-0.5000000160663187,-0.5000000166490349,3,5.2701443414908325e-08,5.000000049947106,0,11.6,-1.0000000321326374,1.5,1.2000000385591643,-0.5000000160663187,0.0,0.0,0.0
3.58,3/3 curl_four_fingers_thumb_up,0.9290207822548916,-0.38495661332095776,1.0079764140773,0.016390245681321032,-0.5000000155039975,-0.5000000160663187,3,5.0856892896537294e-08,5.000000048198958,0,11.9,-1.000000031007995,1.5,1.2000000372095936,-0.5000000155039975,0.0,0.0,0.0
3.585,3/3 curl_four_fingers_thumb_up,0.9290207820002782,-0.38495661343970616,1.0079764133126798,0.016390245371203545,-0.5000000149613576,-0.5000000155039975,3,4.907690160254669e-08,5.000000046511993,0,11.0,-1.0000000299227152,1.5,1.2000000359072578,-0.5000000149613576,0.0,0.0,0.0
3.59,3/3 curl_four_fingers_thumb_up,0.9290207817545763,-0.38495661355429855,1.0079764125748218,0.016390245071940125,-0.5000000144377101,-0.5000000149613576,3,4.735921012629967e-08,5.000000044884073,0,10.5,-1.0000000288754203,1.5,1.2000000346505038,-0.5000000144377101,0.0,0.0,0.0
3.595,3/3 curl_four_fingers_thumb_up,0.9290207815174737,-0.3849566136648801,1.0079764118627885,0.0163902447831508,-0.5000000139323902,-0.5000000144377101,3,4.5701637684827926e-08,5.000000043313131,0,11.3,-1.0000000278647805,1.5,1.200000033437736,-0.5000000139323902,0.0,0.0,0.0
3.6,3/3 curl_four_fingers_thumb_up,0.9290207812886702,-0.3849566137715913,1.0079764111756764,0.016390244504469166,-0.5000000134447566,-0.5000000139323902,3,4.410208048069757e-08,5.000000041797172,0,12.5,-1.0000000268895133,1.5,1.2000000322674154,-0.5000000134447566,0.0,0.0,0.0
3.605,3/3 curl_four_fingers_thumb_up,0.9290207810678744,-0.3849566138745677,1.0079764105126132,0.01639024423554126,-0.5000000129741902,-0.5000000134447566,3,4.255850770821107e-08,5.00000004033427,0,10.8,-1.0000000259483803,1.5,1.2000000311380559,-0.5000000129741902,0.0,0.0,0.0
3.61,3/3 curl_four_fingers_thumb_up,0.9290207808548067,-0.3849566139739398,1.0079764098727566,0.016390243976025794,-0.5000000125200935,-0.5000000129741902,3,4.1068959915273196e-08,5.000000038922571,0,10.8,-1.000000025040187,1.5,1.2000000300482239,-0.5000000125200935,0.0,0.0,0.0
3.615,3/3 curl_four_fingers_thumb_up,0.929020780649196,-0.3849566140698339,1.007976409255296,0.016390243725593952,-0.5000000120818903,-0.5000000125200935,3,3.963154634311526e-08,5.00000003756028,0,10.8,-1.0000000241637805,1.5,1.200000028996536,-0.5000000120818903,0.0,0.0,0.0
3.62,3/3 curl_four_fingers_thumb_up,0.9290207804507821,-0.3849566141623718,1.0079764086594458,0.016390243483926183,-0.5000000116590241,-0.5000000120818903,3,3.8244442117098245e-08,5.0000000362456705,0,10.6,-1.0000000233180482,1.5,1.2000000279816572,-0.5000000116590241,0.0,0.0,0.0
3.625,3/3 curl_four_fingers_thumb_up,0.9290207802593125,-0.38495661425167077,1.0079764080844504,0.016390243250717203,-0.5000000112509583,-0.5000000116590241,3,3.6905886757499966e-08,5.000000034977072,0,11.2,-1.0000000225019166,1.5,1.2000000270022992,-0.5000000112509583,0.0,0.0,0.0
3.63,3/3 curl_four_fingers_thumb_up,0.9290207800745444,-0.38495661433784445,1.0079764075295807,0.016390243025671138,-0.5000000108571747,-0.5000000112509583,3,3.561418070017234e-08,5.000000033752874,0,10.1,-1.0000000217143494,1.5,1.2000000260572188,-0.5000000108571747,0.0,0.0,0.0
3.6350000000000002,3/3 curl_four_fingers_thumb_up,0.9290207798962433,-0.38495661442100176,1.0079764069941306,0.01639024280850119,-0.5000000104771736,-0.5000000108571747,3,3.436768430824558e-08,5.000000032571523,0,11.2,-1.0000000209543471,1.5,1.200000025145216,-0.5000000104771736,0.0,0.0,0.0
3.64,3/3 curl_four_fingers_thumb_up,0.9290207797241823,-0.38495661450124874,1.0079764064774215,0.016390242598932216,-0.5000000101104725,-0.5000000104771736,3,3.3164815218621735e-08,5.0000000314315205,0,10.5,-1.000000020220945,1.5,1.2000000242651334,-0.5000000101104725,0.0,0.0,0.0
3.645,3/3 curl_four_fingers_thumb_up,0.9290207795581438,-0.38495661457868713,1.0079764059787968,0.016390242396698014,-0.500000009756606,-0.5000000101104725,3,3.200404669030223e-08,5.000000030331417,0,11.6,-1.000000019513212,1.5,1.2000000234158537,-0.500000009756606,0.0,0.0,0.0
3.65,3/3 curl_four_fingers_thumb_up,0.9290207793979165,-0.3849566146534152,1.007976405497625,0.016390242201542428,-0.5000000094151248,-0.500000009756606,3,3.088390511334096e-08,5.000000029269819,0,10.8,-1.0000000188302496,1.5,1.2000000225962988,-0.5000000094151248,0.0,0.0,0.0
3.6550000000000002,3/3 curl_four_fingers_thumb_up,0.9290207792432972,-0.38495661472552756,1.0079764050332929,0.016390242013216906,-0.5000000090855954,-0.5000000094151248,3,2.980296836394103e-08,5.000000028245374,0,11.2,-1.0000000181711908,1.5,1.2000000218054283,-0.5000000090855954,0.0,0.0,0.0
3.66,3/3 curl_four_fingers_thumb_up,0.9290207790940896,-0.3849566147951161,1.0079764045852135,0.016390241831482945,-0.5000000087675995,-0.5000000090855954,3,2.8759864477701476e-08,5.000000027256787,0,10.7,-1.000000017535199,1.5,1.2000000210422384,-0.5000000087675995,0.0,0.0,0.0
3.665,3/3 curl_four_fingers_thumb_up,0.9290207789501043,-0.3849566148622691,1.0079764041528165,0.01639024165610948,-0.5000000084607336,-0.5000000087675995,3,2.7753269165339518e-08,5.000000026302799,0,10.7,-1.0000000169214671,1.5,1.20000002030576,-0.5000000084607336,0.0,0.0,0.0
3.67,3/3 curl_four_fingers_thumb_up,0.9290207788111583,-0.3849566149270718,1.0079764037355532,0.01639024148687427,-0.5000000081646079,-0.5000000084607336,3,2.6781904810856452e-08,5.000000025382201,0,10.8,-1.0000000163292158,1.5,1.2000000195950584,-0.5000000081646079,0.0,0.0,0.0
3.6750000000000003,3/3 curl_four_fingers_thumb_up,0.9290207786770757,-0.3849566149896061,1.007976403332894,0.016390241323562156,-0.5000000078788466,-0.5000000081646079,3,2.584453817002691e-08,5.000000024493824,0,10.3,-1.0000000157576932,1.5,1.2000000189092315,-0.5000000078788466,0.0,0.0,0.0
3.68,3/3 curl_four_fingers_thumb_up,0.9290207785476856,-0.38495661504995193,1.0079764029443286,0.016390241165966303,-0.5000000076030869,-0.5000000078788466,3,2.4939979368564785e-08,5.000000023636541,0,11.5,-1.0000000152061739,1.5,1.2000000182474084,-0.5000000076030869,0.0,0.0,0.0
3.685,3/3 curl_four_fingers_thumb_up,0.9290207784228246,-0.3849566151081857,1.0079764025693623,0.01639024101388612,-0.5000000073369789,-0.5000000076030869,3,2.4067080081222054e-08,5.000000022809262,0,10.7,-1.0000000146739578,1.5,1.200000017608749,-0.5000000073369789,0.0,0.0,0.0
3.69,3/3 curl_four_fingers_thumb_up,0.9290207783023334,-0.3849566151643812,1.00797640220752,0.016390240867128487,-0.5000000070801847,-0.5000000073369789,3,2.3224732367495132e-08,5.000000022010938,0,11.0,-1.0000000141603693,1.5,1.200000016992443,-0.5000000070801847,0.0,0.0,0.0
3.6950000000000003,3/3 curl_four_fingers_thumb_up,0.9290207781860594,-0.3849566152186099,1.0079764018583424,0.016390240725507856,-0.5000000068323782,-0.5000000070801847,3,2.2411866701802428e-08,5.000000021240554,0,10.5,-1.0000000136647564,1.5,1.2000000163977074,-0.5000000068323782,0.0,0.0,0.0
3.7,3/3 curl_four_fingers_thumb_up,0.9290207780738553,-0.38495661527094066,1.0079764015213857,0.01639024058884351,-0.500000006593245,-0.5000000068323782,3,2.162745128980028e-08,5.0000000204971355,0,11.4,-1.00000001318649,1.5,1.2000000158237876,-0.500000006593245,0.0,0.0,0.0
3.705,3/3 curl_four_fingers_thumb_up,0.9290207779655781,-0.3849566153214397,1.0079764011962227,0.01639024045696264,-0.5000000063624814,-0.500000006593245,3,2.0870490599477545e-08,5.000000019779736,0,10.9,-1.0000000127249629,1.5,1.200000015269955,-0.5000000063624814,0.0,0.0,0.0
3.71,3/3 curl_four_fingers_thumb_up,0.9290207778610906,-0.3849566153701713,1.0079764008824403,0.016390240329697416,-0.5000000061397946,-0.5000000063624814,3,2.0140023357487454e-08,5.0000000190874445,0,10.3,-1.0000000122795891,1.5,1.2000000147355065,-0.5000000061397946,0.0,0.0,0.0
3.715,3/3 curl_four_fingers_thumb_up,0.9290207777602603,-0.38495661541719733,1.0079764005796406,0.016390240206886876,-0.5000000059249018,-0.5000000061397946,3,1.943512256268589e-08,5.000000018419383,0,10.9,-1.0000000118498036,1.5,1.2000000142197638,-0.5000000059249018,0.0,0.0,0.0
3.72,3/3 curl_four_fingers_thumb_up,0.9290207776629589,-0.3849566154625776,1.0079764002874383,0.01639024008837415,-0.5000000057175302,-0.5000000059249018,3,1.8754893320003625e-08,5.000000017774705,0,12.7,-1.0000000114350605,1.5,1.200000013722072,-0.5000000057175302,0.0,0.0,0.0
3.725,3/3 curl_four_fingers_thumb_up,0.9290207775690633,-0.3849566155063693,1.0079764000054636,0.016390239974009853,-0.5000000055174166,-0.5000000057175302,3,1.8098472028148423e-08,5.0000000171525905,0,11.3,-1.0000000110348333,1.5,1.2000000132417996,-0.5000000055174166,0.0,0.0,0.0
3.73,3/3 curl_four_fingers_thumb_up,0.9290207774784539,-0.3849566155486284,1.0079763997333577,0.016390239863648216,-0.500000005324307,-0.5000000055174166,3,1.746502537777094e-08,5.000000016552249,0,10.7,-1.000000010648614,1.5,1.2000000127783366,-0.500000005324307,0.0,0.0,0.0
3.735,3/3 curl_four_fingers_thumb_up,0.9290207773910157,-0.38495661558940847,1.0079763994707756,0.01639023975714888,-0.5000000051379563,-0.500000005324307,3,1.685374952562852e-08,5.000000015972921,0,11.6,-1.0000000102759126,1.5,1.2000000123310948,-0.5000000051379563,0.0,0.0,0.0
3.74,3/3 curl_four_fingers_thumb_up,0.9290207773066379,-0.38495661562876116,1.0079763992173836,0.016390239654377227,-0.5000000049581278,-0.5000000051379563,3,1.6263868266914905e-08,5.000000015413868,0,10.7,-1.0000000099162556,1.5,1.2000000118995064,-0.5000000049581278,0.0,0.0,0.0
3.745,3/3 curl_four_fingers_thumb_up,0.9290207772252134,-0.3849566156667365,1.0079763989728605,0.016390239555202475,-0.5000000047845933,-0.5000000049581278,3,1.569463287956978e-08,5.000000014874383,0,27.0,-1.0000000095691866,1.5,1.2000000114830238,-0.5000000047845933,0.0,0.0,0.0
3.75,3/3 curl_four_fingers_thumb_up,0.9290207771466387,-0.38495661570338274,1.0079763987368962,0.016390239459499086,-0.5000000046171326,-0.5000000047845933,3,1.51453208042947e-08,5.0000000143537795,0,14.7,-1.0000000092342651,1.5,1.200000011081118,-0.5000000046171326,0.0,0.0,0.0
3.755,3/3 curl_four_fingers_thumb_up,0.9290207770708141,-0.3849566157387464,1.0079763985091905,0.01639023936714535,-0.5000000044555329,-0.5000000046171326,3,1.461523462918067e-08,5.000000013851397,0,12.9,-1.0000000089110659,1.5,1.2000000106932789,-0.5000000044555329,0.0,0.0,0.0
3.7600000000000002,3/3 curl_four_fingers_thumb_up,0.9290207769976435,-0.3849566157728723,1.0079763982894538,0.01639023927802375,-0.5000000042995892,-0.5000000044555329,3,1.4103701284179409e-08,5.000000013366599,0,11.7,-1.0000000085991785,1.5,1.200000010319014,-0.5000000042995892,0.0,0.0,0.0
3.765,3/3 curl_four_fingers_thumb_up,0.9290207769270337,-0.3849566158058039,1.0079763980774086,0.016390239192021684,-0.5000000041491036,-0.5000000042995892,3,1.3610071702645878e-08,5.000000012898768,0,10.9,-1.0000000082982072,1.5,1.2000000099578485,-0.5000000041491036,0.0,0.0,0.0
3.77,3/3 curl_four_fingers_thumb_up,0.9290207768588952,-0.38495661583758284,1.0079763978727845,0.01639023910902946,-0.500000004003885,-0.5000000041491036,3,1.3133719162896713e-08,5.000000012447312,0,10.1,-1.00000000800777,1.5,1.2000000096093237,-0.500000004003885,0.0,0.0,0.0
3.775,3/3 curl_four_fingers_thumb_up,0.9290207767931417,-0.38495661586824914,1.0079763976753224,0.01639023902894183,-0.500000003863749,-0.500000004003885,3,1.267403895652191e-08,5.000000012011656,0,10.8,-1.000000007727498,1.5,1.2000000092729974,-0.500000003863749,0.0,0.0,0.0
3.7800000000000002,3/3 curl_four_fingers_thumb_up,0.9290207767296896,-0.3849566158978426,1.007976397484772,0.016390238951657594,-0.5000000037285178,-0.500000003863749,3,1.2230447738546507e-08,5.000000011591247,0,10.0,-1.0000000074570357,1.5,1.2000000089484426,-0.5000000037285178,0.0,0.0,0.0
3.785,3/3 curl_four_fingers_thumb_up,0.9290207766684582,-0.3849566159264002,1.00797639730089,0.01639023887707825,-0.5000000035980197,-0.5000000037285178,3,1.1802382017910286e-08,5.000000011185554,0,9.7,-1.0000000071960393,1.5,1.2000000086352471,-0.5000000035980197,0.0,0.0,0.0
3.79,3/3 curl_four_fingers_thumb_up,0.9290207766093699,-0.3849566159539582,1.0079763971234443,0.016390238805108932,-0.500000003472089,-0.5000000035980197,3,1.138929867192313e-08,5.000000010794059,0,11.7,-1.000000006944178,1.5,1.2000000083330136,-0.500000003472089,0.0,0.0,0.0
3.795,3/3 curl_four_fingers_thumb_up,0.9290207765523496,-0.3849566159805516,1.0079763969522098,0.016390238735659014,-0.5000000033505658,-0.500000003472089,3,1.0990673118594715e-08,5.000000010416266,0,9.7,-1.0000000067011316,1.5,1.200000008041358,-0.5000000033505658,0.0,0.0,0.0
3.8000000000000003,3/3 curl_four_fingers_thumb_up,0.9290207764973252,-0.38495661600621434,1.0079763967869673,0.016390238668639263,-0.500000003233296,-0.5000000033505658,3,1.060599947232495e-08,5.000000010051697,0,10.5,-1.000000006466592,1.5,1.2000000077599104,-0.500000003233296,0.0,0.0,0.0
3.805,3/3 curl_four_fingers_thumb_up,0.9290207764442266,-0.3849566160309789,1.007976396627509,0.01639023860396558,-0.5000000031201306,-0.500000003233296,3,1.0234789406686896e-08,5.000000009699887,0,9.5,-1.0000000062402612,1.5,1.2000000074883135,-0.5000000031201306,0.0,0.0,0.0
3.81,3/3 curl_four_fingers_thumb_up,0.9290207763929866,-0.3849566160548767,1.0079763964736315,0.016390238541555115,-0.5000000030109261,-0.5000000031201306,3,9.876571802431015e-09,5.000000009360392,0,10.7,-1.0000000060218521,1.5,1.2000000072262225,-0.5000000030109261,0.0,0.0,0.0
3.815,3/3 curl_four_fingers_thumb_up,0.9290207763435397,-0.384956616077938,1.00797639632514,0.016390238481329762,-0.5000000029055437,-0.5000000030109261,3,9.5308919284181e-09,5.000000009032777,0,9.3,-1.0000000058110874,1.5,1.2000000069733048,-0.5000000029055437,0.0,0.0,0.0
3.8200000000000003,3/3 curl_four_fingers_thumb_up,0.9290207762958235,-0.38495661610019216,1.0079763961818458,0.016390238423211696,-0.5000000028038497,-0.5000000029055437,3,9.197310785011806e-09,5.00000000871663,0,9.8,-1.0000000056076994,1.5,1.2000000067292391,-0.5000000028038497,0.0,0.0,0.0
3.825,3/3 curl_four_fingers_thumb_up,0.9290207762497775,-0.3849566161216675,1.0079763960435664,0.01639023836712778,-0.500000002705715,-0.5000000028038497,3,8.875404928080762e-09,5.000000008411548,0,9.4,-1.00000000541143,1.5,1.2000000064937157,-0.500000002705715,0.0,0.0,0.0
3.83,3/3 curl_four_fingers_thumb_up,0.9290207762053431,-0.38495661614239113,1.007976395910127,0.016390238313007073,-0.500000002611015,-0.500000002705715,3,8.564765812391097e-09,5.000000008117143,0,9.4,-1.00000000522203,1.5,1.2000000062664358,-0.500000002611015,0.0,0.0,0.0
3.835,3/3 curl_four_fingers_thumb_up,0.9290207761624639,-0.3849566161623894,1.007976395781358,0.016390238260780378,-0.5000000025196294,-0.500000002611015,3,8.264998965770237e-09,5.000000007833044,0,9.1,-1.0000000050392588,1.5,1.2000000060471105,-0.5000000025196294,0.0,0.0,0.0
3.84,3/3 curl_four_fingers_thumb_up,0.9290207761210855,-0.38495661618168786,1.007976395657096,0.016390238210381637,-0.5000000024314424,-0.5000000025196294,3,7.975723989106894e-09,5.000000007558888,0,9.0,-1.0000000048628848,1.5,1.2000000058354616,-0.5000000024314424,0.0,0.0,0.0
3.845,3/3 curl_four_fingers_thumb_up,0.9290207760811553,-0.38495661620031085,1.007976395537183,0.01639023816174679,-0.5000000023463419,-0.5000000024314424,3,7.696573716976571e-09,5.000000007294327,0,8.8,-1.0000000046926838,1.5,1.2000000056312206,-0.5000000023463419,0.0,0.0,0.0
3.85,3/3 curl_four_fingers_thumb_up,0.9290207760426227,-0.38495661621828203,1.007976395421467,0.01639023811481436,-0.5000000022642199,-0.5000000023463419,3,7.427193574572372e-09,5.000000007039025,0,8.5,-1.0000000045284398,1.5,1.2000000054341278,-0.5000000022642199,0.0,0.0,0.0
3.855,3/3 curl_four_fingers_thumb_up,0.9290207760054385,-0.38495661623562405,1.0079763953098009,0.016390238069524284,-0.5000000021849722,-0.5000000022642199,3,7.167241726626293e-09,5.00000000679266,0,8.7,-1.0000000043699444,1.5,1.2000000052439332,-0.5000000021849722,0.0,0.0,0.0
3.86,3/3 curl_four_fingers_thumb_up,0.9290207759695559,-0.3849566162523592,1.0079763952020433,0.01639023802581955,-0.5000000021084982,-0.5000000021849722,3,6.91638825834216e-09,5.0000000065549175,0,8.3,-1.0000000042169963,1.5,1.2000000050603956,-0.5000000021084982,0.0,0.0,0.0
3.865,3/3 curl_four_fingers_thumb_up,0.9290207759349294,-0.3849566162685088,1.0079763950980574,0.016390237983644564,-0.5000000020347007,-0.5000000021084982,3,6.674314681247733e-09,5.000000006325496,0,9.2,-1.0000000040694015,1.5,1.2000000048832817,-0.5000000020347007,0.0,0.0,0.0
3.87,3/3 curl_four_fingers_thumb_up,0.9290207759015146,-0.38495661628409295,1.0079763949977107,0.016390237942945675,-0.5000000019634863,-0.5000000020347007,3,6.440713757196827e-09,5.000000006104103,0,8.8,-1.0000000039269725,1.5,1.200000004712367,-0.5000000019634863,0.0,0.0,0.0
3.875,3/3 curl_four_fingers_thumb_up,0.9290207758692692,-0.3849566162991317,1.0079763949008762,0.01639023790367084,-0.5000000018947642,-0.5000000019634863,3,6.2152888417618345e-09,5.00000000589046,0,9.6,-1.0000000037895285,1.5,1.2000000045474342,-0.5000000018947642,0.0,0.0,0.0
3.88,3/3 curl_four_fingers_thumb_up,0.9290207758381527,-0.38495661631364414,1.007976394807431,0.016390237865771075,-0.5000000018284475,-0.5000000018947642,3,5.9977537285432925e-09,5.000000005684293,0,8.9,-1.000000003656895,1.5,1.200000004388274,-0.5000000018284475,0.0,0.0,0.0
3.8850000000000002,3/3 curl_four_fingers_thumb_up,0.929020775808125,-0.3849566163276486,1.0079763947172564,0.016390237829197803,-0.5000000017644518,-0.5000000018284475,3,5.787832297174121e-09,5.000000005485343,0,9.9,-1.0000000035289036,1.5,1.2000000042346843,-0.5000000017644518,0.0,0.0,0.0
3.89,3/3 curl_four_fingers_thumb_up,0.9290207757791484,-0.38495661634116296,1.007976394630238,0.0163902377939047,-0.500000001702696,-0.5000000017644518,3,5.585258201938757e-09,5.000000005293355,0,8.6,-1.000000003405392,1.5,1.2000000040864705,-0.500000001702696,0.0,0.0,0.0
3.895,3/3 curl_four_fingers_thumb_up,0.9290207757511861,-0.38495661635420425,1.007976394546265,0.016390237759846334,-0.5000000016431017,-0.500000001702696,3,5.389774201627381e-09,5.000000005108087,0,9.2,-1.0000000032862033,1.5,1.200000003943444,-0.5000000016431017,0.0,0.0,0.0
3.9,3/3 curl_four_fingers_thumb_up,0.9290207757242024,-0.38495661636678913,1.0079763944652314,0.016390237726980457,-0.5000000015855931,-0.5000000016431017,3,5.201132152766766e-09,5.000000004929304,0,8.7,-1.0000000031711862,1.5,1.2000000038054235,-0.5000000015855931,0.0,0.0,0.0
3.9050000000000002,3/3 curl_four_fingers_thumb_up,0.9290207756981632,-0.3849566163789335,1.0079763943870335,0.016390237695264577,-0.5000000015300974,-0.5000000015855931,3,5.019092529010679e-09,5.000000004756778,0,8.6,-1.0000000030601948,1.5,1.2000000036722336,-0.5000000015300974,0.0,0.0,0.0
3.91,3/3 curl_four_fingers_thumb_up,0.9290207756730352,-0.384956616390653,1.007976394311573,0.016390237664658976,-0.500000001476544,-0.5000000015300974,3,4.8434242383728585e-09,5.000000004590291,0,9.1,-1.000000002953088,1.5,1.2000000035437053,-0.500000001476544,0.0,0.0,0.0
3.915,3/3 curl_four_fingers_thumb_up,0.9290207756487867,-0.38495661640196205,1.0079763942387532,0.01639023763512438,-0.500000001424865,-0.500000001476544,3,4.673904467536571e-09,5.000000004429632,0,8.7,-1.00000000284973,1.5,1.2000000034196756,-0.500000001424865,0.0,0.0,0.0
3.92,3/3 curl_four_fingers_thumb_up,0.929020775625387,-0.38495661641287543,1.007976394168482,0.01639023760662376,-0.5000000013749947,-0.500000001424865,3,4.510317686789671e-09,5.000000004274594,0,9.0,-1.0000000027499893,1.5,1.200000003299987,-0.5000000013749947,0.0,0.0,0.0
3.9250000000000003,3/3 curl_four_fingers_thumb_up,0.9290207756028062,-0.38495661642340673,1.0079763941006707,0.016390237579120566,-0.5000000013268698,-0.5000000013749947,3,4.35245648262998e-09,5.000000004124983,0,9.1,-1.0000000026537397,1.5,1.2000000031844873,-0.5000000013268698,0.0,0.0,0.0
3.93,3/3 curl_four_fingers_thumb_up,0.9290207755810158,-0.3849566164335696,1.0079763940352329,0.016390237552579907,-0.5000000012804294,-0.5000000013268698,3,4.200120555931176e-09,5.000000003980609,0,9.5,-1.0000000025608589,1.5,1.2000000030730302,-0.5000000012804294,0.0,0.0,0.0
3.935,3/3 curl_four_fingers_thumb_up,0.9290207755599881,-0.3849566164433767,1.0079763939720852,0.016390237526968283,-0.5000000012356144,-0.5000000012804294,3,4.053116390254472e-09,5.000000003841287,0,8.9,-1.0000000024712288,1.5,1.2000000029654743,-0.5000000012356144,0.0,0.0,0.0
3.94,3/3 curl_four_fingers_thumb_up,0.9290207755396963,-0.3849566164528405,1.0079763939111475,0.01639023750225283,-0.5000000011923679,-0.5000000012356144,3,3.911257265386952e-09,5.000000003706843,0,8.6,-1.0000000023847357,1.5,1.2000000028616826,-0.5000000011923679,0.0,0.0,0.0
3.9450000000000003,3/3 curl_four_fingers_thumb_up,0.9290207755201146,-0.384956616461973,1.007976393852343,0.016390237478402743,-0.500000001150635,-0.5000000011923679,3,3.774363243803239e-09,5.000000003577104,0,9.3,-1.00000000230127,1.5,1.2000000027615236,-0.500000001150635,0.0,0.0,0.0
3.95,3/3 curl_four_fingers_thumb_up,0.9290207755012183,-0.38495661647078605,1.0079763937955963,0.016390237455387154,-0.5000000011103628,-0.500000001150635,3,3.642260507288865e-09,5.000000003451905,0,9.4,-1.0000000022207256,1.5,1.2000000026648703,-0.5000000011103628,0.0,0.0,0.0
3.955,3/3 curl_four_fingers_thumb_up,0.9290207754829835,-0.3849566164792906,1.007976393740836,0.016390237433177114,-0.5000000010715001,-0.5000000011103628,3,3.5147813704786024e-09,5.000000003331089,0,9.0,-1.0000000021430002,1.5,1.2000000025715998,-0.5000000010715001,0.0,0.0,0.0
3.96,3/3 curl_four_fingers_thumb_up,0.9290207754653868,-0.38495661648749746,1.007976393687992,0.016390237411744564,-0.5000000010339976,-0.5000000010715001,3,3.391763935629815e-09,5.000000003214501,0,10.1,-1.000000002067995,1.5,1.2000000024815938,-0.5000000010339976,0.0,0.0,0.0
3.9650000000000003,3/3 curl_four_fingers_thumb_up,0.9290207754484062,-0.3849566164954171,1.0079763936369976,0.016390237391062164,-0.5000000009978076,-0.5000000010339976,3,3.2730521061607993e-09,5.000000003101994,0,9.4,-1.0000000019956152,1.5,1.200000002394738,-0.5000000009978076,0.0,0.0,0.0
3.97,3/3 curl_four_fingers_thumb_up,0.9290207754320194,-0.3849566165030595,1.0079763935877883,0.016390237371103546,-0.5000000009628843,-0.5000000009978076,3,3.1584952414241255e-09,5.000000002993423,0,10.2,-1.0000000019257687,1.5,1.200000002310922,-0.5000000009628843,0.0,0.0,0.0
3.975,3/3 curl_four_fingers_thumb_up,0.9290207754162066,-0.3849566165104344,1.007976393540301,0.016390237351843563,-0.5000000009291834,-0.5000000009628843,3,3.0479480010162362e-09,5.000000002888654,0,10.4,-1.0000000018583668,1.5,1.2000000022300399,-0.5000000009291834,0.0,0.0,0.0
3.98,3/3 curl_four_fingers_thumb_up,0.9290207754009472,-0.38495661651755125,1.0079763934944759,0.016390237333257486,-0.500000000896662,-0.5000000009291834,3,2.9412698438603905e-09,5.000000002787551,0,9.4,-1.000000001793324,1.5,1.2000000021519885,-0.500000000896662,0.0,0.0,0.0
3.985,3/3 curl_four_fingers_thumb_up,0.929020775386222,-0.384956616524419,1.0079763934502548,0.01639023731532225,-0.5000000008652788,-0.500000000896662,3,2.838325529123715e-09,5.000000002689986,0,9.1,-1.0000000017305577,1.5,1.200000002076669,-0.5000000008652788,0.0,0.0,0.0
3.99,3/3 curl_four_fingers_thumb_up,0.9290207753720119,-0.3849566165310463,1.0079763934075812,0.016390237298014677,-0.5000000008349941,-0.5000000008652788,3,2.738984114383101e-09,5.000000002595837,0,9.0,-1.0000000016699881,1.5,1.2000000020039856,-0.5000000008349941,0.0,0.0,0.0
3.995,3/3 curl_four_fingers_thumb_up,0.9290207753582994,-0.3849566165374418,1.0079763933664012,0.016390237281312482,-0.5000000008057692,-0.5000000008349941,3,2.6431196257709974e-09,5.000000002504983,0,8.9,-1.0000000016115385,1.5,1.2000000019338461,-0.5000000008057692,0.0,0.0,0.0
4.0,3/3 curl_four_fingers_thumb_up,0.9290207753450664,-0.3849566165436133,1.0079763933266628,0.01639023726519529,-0.5000000007775673,-0.5000000008057692,3,2.550610563827508e-09,5.000000002417307,0,10.0,-1.0000000015551347,1.5,1.2000000018661616,-0.5000000007775673,0.0,0.0,0.0
4.005,3/3 curl_four_fingers_thumb_up,0.9290207753322973,-0.3849566165495689,1.0079763932883148,0.016390237249642038,-0.5000000007503524,-0.5000000007775673,3,2.4613390641258793e-09,5.000000002332702,0,9.3,-1.000000001500705,1.5,1.2000000018008459,-0.5000000007503524,0.0,0.0,0.0
4.01,3/3 curl_four_fingers_thumb_up,0.9290207753199746,-0.38495661655531593,1.0079763932513095,0.01639023723463321,-0.5000000007240901,-0.5000000007503524,3,2.3751922307949112e-09,5.000000002251057,0,9.6,-1.0000000014481802,1.5,1.2000000017378163,-0.5000000007240901,0.0,0.0,0.0
4.015,3/3 curl_four_fingers_thumb_up,0.929020775308083,-0.3849566165608619,1.0079763932155987,0.01639023722014949,-0.500000000698747,-0.5000000007240901,3,2.2920604780773867e-09,5.00000000217227,0,9.7,-1.000000001397494,1.5,1.2000000016769927,-0.500000000698747,0.0,0.0,0.0
4.0200000000000005,3/3 curl_four_fingers_thumb_up,0.9290207752966079,-0.38495661656621377,1.0079763931811385,0.01639023720617295,-0.5000000006742908,-0.500000000698747,3,2.2118383629354285e-09,5.0000000020962405,0,10.0,-1.0000000013485817,1.5,1.200000001618298,-0.5000000006742908,0.0,0.0,0.0
4.025,3/3 curl_four_fingers_thumb_up,0.9290207752855343,-0.38495661657137814,1.007976393147884,0.016390237192685626,-0.5000000006506906,-0.5000000006742908,3,2.134423908135576e-09,5.000000002022872,0,13.6,-1.0000000013013812,1.5,1.2000000015616574,-0.5000000006506906,0.0,0.0,0.0
4.03,3/3 curl_four_fingers_thumb_up,0.9290207752748485,-0.3849566165763621,1.0079763931157935,0.016390237179670177,-0.5000000006279164,-0.5000000006506906,3,2.0597189542445496e-09,5.000000001952071,0,10.7,-1.0000000012558328,1.5,1.2000000015069994,-0.5000000006279164,0.0,0.0,0.0
4.035,3/3 curl_four_fingers_thumb_up,0.9290207752645365,-0.3849566165811714,1.007976393084826,0.016390237167110085,-0.5000000006059393,-0.5000000006279164,3,1.9876288144026328e-09,5.000000001883748,0,10.5,-1.0000000012118786,1.5,1.2000000014542545,-0.5000000006059393,0.0,0.0,0.0
4.04,3/3 curl_four_fingers_thumb_up,0.9290207752545854,-0.38495661658581254,1.0079763930549424,0.01639023715498978,-0.5000000005847314,-0.5000000006059393,3,1.9180617801757854e-09,5.000000001817817,0,11.4,-1.0000000011694627,1.5,1.2000000014033556,-0.5000000005847314,0.0,0.0,0.0
4.045,3/3 curl_four_fingers_thumb_up,0.9290207752449827,-0.3849566165902912,1.0079763930261052,0.016390237143294052,-0.5000000005642657,-0.5000000005847314,3,1.8509296224726694e-09,5.000000001754194,0,10.9,-1.0000000011285315,1.5,1.2000000013542382,-0.5000000005642657,0.0,0.0,0.0
4.05,3/3 curl_four_fingers_thumb_up,0.9290207752357164,-0.3849566165946129,1.0079763929982763,0.016390237132006942,-0.5000000005445164,-0.5000000005642657,3,1.7861470906276129e-09,5.000000001692798,0,11.6,-1.0000000010890329,1.5,1.20000000130684,-0.5000000005445164,0.0,0.0,0.0
4.055,3/3 curl_four_fingers_thumb_up,0.929020775226774,-0.38495661659878333,1.0079763929714225,0.016390237121115488,-0.5000000005254583,-0.5000000005445164,3,1.7236319124006264e-09,5.000000001633549,0,10.6,-1.0000000010509167,1.5,1.2000000012611005,-0.5000000005254583,0.0,0.0,0.0
4.0600000000000005,3/3 curl_four_fingers_thumb_up,0.9290207752181447,-0.3849566166028081,1.0079763929455077,0.016390237110604784,-0.5000000005070673,-0.5000000005254583,3,1.6633047939774087e-09,5.0000000015763755,0,11.2,-1.0000000010141346,1.5,1.200000001216962,-0.5000000005070673,0.0,0.0,0.0
4.065,3/3 curl_four_fingers_thumb_up,0.9290207752098175,-0.3849566166066917,1.0079763929205003,0.01639023710046223,-0.5000000004893199,-0.5000000005070673,3,1.605089095050109e-09,5.000000001521203,0,10.3,-1.0000000009786398,1.5,1.2000000011743683,-0.5000000004893199,0.0,0.0,0.0
4.07,3/3 curl_four_fingers_thumb_up,0.9290207752017813,-0.38495661661043956,1.0079763928963685,0.016390237090674727,-0.5000000004721937,-0.5000000004893199,3,1.548910984507873e-09,5.00000000146796,0,9.8,-1.0000000009443875,1.5,1.2000000011332654,-0.5000000004721937,0.0,0.0,0.0
4.075,3/3 curl_four_fingers_thumb_up,0.9290207751940269,-0.3849566166140562,1.0079763928730812,0.016390237081229754,-0.500000000455667,-0.5000000004721937,3,1.4946991155176063e-09,5.0000000014165815,0,10.8,-1.000000000911334,1.5,1.2000000010936012,-0.500000000455667,0.0,0.0,0.0
4.08,3/3 curl_four_fingers_thumb_up,0.9290207751865436,-0.38495661661754643,1.007976392850609,0.01639023707211549,-0.5000000004397186,-0.500000000455667,3,1.4423846255239765e-09,5.000000001367002,0,10.6,-1.0000000008794372,1.5,1.2000000010553251,-0.5000000004397186,0.0,0.0,0.0
4.085,3/3 curl_four_fingers_thumb_up,0.9290207751793226,-0.3849566166209141,1.0079763928289227,0.016390237063319886,-0.5000000004243285,-0.5000000004397186,3,1.391901136249411e-09,5.0000000013191555,0,10.8,-1.000000000848657,1.5,1.2000000010183887,-0.5000000004243285,0.0,0.0,0.0
4.09,3/3 curl_four_fingers_thumb_up,0.9290207751723538,-0.3849566166241642,1.0079763928079961,0.016390237054832398,-0.500000000409477,-0.5000000004243285,3,1.3431845844654215e-09,5.000000001272985,0,10.3,-1.000000000818954,1.5,1.200000000982745,-0.500000000409477,0.0,0.0,0.0
4.095,3/3 curl_four_fingers_thumb_up,0.9290207751656294,-0.3849566166273005,1.0079763927878016,0.01639023704664181,-0.5000000003951454,-0.500000000409477,3,1.2961732219925633e-09,5.00000000122843,0,11.1,-1.0000000007902907,1.5,1.200000000948349,-0.5000000003951454,0.0,0.0,0.0
4.1,3/3 curl_four_fingers_thumb_up,0.9290207751591403,-0.38495661663032704,1.0079763927683145,0.016390237038738216,-0.5000000003813153,-0.5000000003951454,3,1.2508071283216592e-09,5.000000001185435,0,11.2,-1.0000000007626306,1.5,1.2000000009151566,-0.5000000003813153,0.0,0.0,0.0
4.105,3/3 curl_four_fingers_thumb_up,0.9290207751528781,-0.3849566166332476,1.0079763927495087,0.01639023703111101,-0.5000000003679693,-0.5000000003813153,3,1.207028860452182e-09,5.000000001143945,0,10.3,-1.0000000007359386,1.5,1.200000000883126,-0.5000000003679693,0.0,0.0,0.0
4.11,3/3 curl_four_fingers_thumb_up,0.9290207751468349,-0.38495661663606595,1.0079763927313612,0.016390237023750483,-0.5000000003550904,-0.5000000003679693,3,1.1647827962847148e-09,5.000000001103907,0,9.8,-1.0000000007101808,1.5,1.2000000008522165,-0.5000000003550904,0.0,0.0,0.0
4.115,3/3 curl_four_fingers_thumb_up,0.9290207751410036,-0.3849566166387858,1.0079763927138492,0.016390237016647997,-0.5000000003426622,-0.5000000003550904,3,1.1240153038497554e-09,5.0000000010652705,0,10.4,-1.0000000006853245,1.5,1.2000000008223888,-0.5000000003426622,0.0,0.0,0.0
4.12,3/3 curl_four_fingers_thumb_up,0.9290207751353762,-0.38495661664141023,1.0079763926969496,0.016390237009793814,-0.500000000330669,-0.5000000003426622,3,1.0846747345385007e-09,5.000000001027987,0,12.0,-1.000000000661338,1.5,1.2000000007936051,-0.500000000330669,0.0,0.0,0.0
4.125,3/3 curl_four_fingers_thumb_up,0.9290207751299457,-0.38495661664394293,1.0079763926806418,0.016390237003179688,-0.5000000003190956,-0.500000000330669,3,1.0467110981837632e-09,5.0000000009920065,0,11.3,-1.0000000006381913,1.5,1.200000000765829,-0.5000000003190956,0.0,0.0,0.0
4.13,3/3 curl_four_fingers_thumb_up,0.9290207751247055,-0.384956616646387,1.007976392664905,0.01639023699679696,-0.5000000003079272,-0.5000000003190956,3,1.010076056290712e-09,5.000000000957288,0,10.3,-1.0000000006158545,1.5,1.2000000007390248,-0.5000000003079272,0.0,0.0,0.0
4.135,3/3 curl_four_fingers_thumb_up,0.9290207751196484,-0.38495661664874536,1.0079763926497187,0.016390236990637803,-0.5000000002971497,-0.5000000003079272,3,9.74723260494461e-10,5.000000000923781,0,11.1,-1.0000000005942995,1.5,1.2000000007131588,-0.5000000002971497,0.0,0.0,0.0
4.14,3/3 curl_four_fingers_thumb_up,0.9290207751147688,-0.3849566166510214,1.0079763926350638,0.016390236984693725,-0.5000000002867495,-0.5000000002971497,3,9.406080141024764e-10,5.00000000089145,0,10.1,-1.000000000573499,1.5,1.2000000006881983,-0.5000000002867495,0.0,0.0,0.0
4.1450000000000005,3/3 curl_four_fingers_thumb_up,0.9290207751100596,-0.3849566166532177,1.007976392620922,0.016390236978958063,-0.5000000002767133,-0.5000000002867495,3,9.076867847159923e-10,5.000000000860249,0,10.2,-1.0000000005534266,1.5,1.2000000006641114,-0.5000000002767133,0.0,0.0,0.0
4.15,3/3 curl_four_fingers_thumb_up,0.9290207751055153,-0.38495661665533715,1.0079763926072751,0.016390236973423185,-0.5000000002670284,-0.5000000002767133,3,8.75917854068126e-10,5.00000000083014,0,10.3,-1.0000000005340568,1.5,1.2000000006408675,-0.5000000002670284,0.0,0.0,0.0
4.155,3/3 curl_four_fingers_thumb_up,0.92902077510113,-0.38495661665738223,1.0079763925941063,0.01639023696808204,-0.5000000002576824,-0.5000000002670284,3,8.452608306452816e-10,5.000000000801085,0,15.2,-1.0000000005153649,1.5,1.2000000006184373,-0.5000000002576824,0.0,0.0,0.0
4.16,3/3 curl_four_fingers_thumb_up,0.9290207750968982,-0.3849566166593559,1.0079763925813976,0.016390236962927497,-0.5000000002486635,-0.5000000002576824,3,8.156766496871733e-10,5.000000000773047,0,11.4,-1.000000000497327,1.5,1.200000000596792,-0.5000000002486635,0.0,0.0,0.0
4.165,3/3 curl_four_fingers_thumb_up,0.9290207750928148,-0.3849566166612605,1.0079763925691343,0.016390236957953837,-0.5000000002399603,-0.5000000002486635,3,7.871278981058545e-10,5.000000000745991,0,10.9,-1.0000000004799205,1.5,1.2000000005759042,-0.5000000002399603,0.0,0.0,0.0
4.17,3/3 curl_four_fingers_thumb_up,0.9290207750888737,-0.3849566166630983,1.0079763925573,0.01639023695315412,-0.5000000002315617,-0.5000000002399603,3,7.5957848956669e-10,5.000000000719881,0,11.3,-1.0000000004631233,1.5,1.2000000005557476,-0.5000000002315617,0.0,0.0,0.0
4.175,3/3 curl_four_fingers_thumb_up,0.9290207750850712,-0.38495661666487196,1.00797639254588,0.016390236948522187,-0.500000000223457,-0.5000000002315617,3,7.329933328000004e-10,5.000000000694685,0,10.3,-1.000000000446914,1.5,1.2000000005362965,-0.500000000223457,0.0,0.0,0.0
4.18,3/3 curl_four_fingers_thumb_up,0.9290207750814012,-0.38495661666658343,1.0079763925348597,0.016390236944052762,-0.5000000002156361,-0.500000000223457,3,7.073386565201451e-10,5.000000000670371,0,10.5,-1.0000000004312721,1.5,1.2000000005175262,-0.5000000002156361,0.0,0.0,0.0
4.1850000000000005,3/3 curl_four_fingers_thumb_up,0.9290207750778599,-0.3849566166682351,1.007976392524225,0.016390236939739268,-0.5000000002080888,-0.5000000002156361,3,6.825816845064527e-10,5.000000000646908,0,9.8,-1.0000000004161775,1.5,1.2000000004994127,-0.5000000002080888,0.0,0.0,0.0
4.19,3/3 curl_four_fingers_thumb_up,0.9290207750744427,-0.38495661666982883,1.0079763925139624,0.016390236935577097,-0.5000000002008057,-0.5000000002080888,3,6.586914614394004e-10,5.000000000624266,0,10.9,-1.0000000004016114,1.5,1.2000000004819333,-0.5000000002008057,0.0,0.0,0.0
4.195,3/3 curl_four_fingers_thumb_up,0.929020775071145,-0.3849566166713668,1.0079763925040597,0.016390236931560727,-0.5000000001937775,-0.5000000002008057,3,6.356373636877895e-10,5.000000000602417,0,10.4,-1.000000000387555,1.5,1.2000000004650657,-0.5000000001937775,0.0,0.0,0.0
4.2,3/3 curl_four_fingers_thumb_up,0.9290207750679628,-0.3849566166728511,1.0079763924945024,0.016390236927684466,-0.5000000001869953,-0.5000000001937775,3,6.13390087604457e-10,5.000000000581332,0,11.7,-1.0000000003739906,1.5,1.2000000004487885,-0.5000000001869953,0.0,0.0,0.0
4.205,3/3 curl_four_fingers_thumb_up,0.9290207750648918,-0.3849566166742832,1.0079763924852807,0.01639023692394432,-0.5000000001804504,-0.5000000001869953,3,5.919213313764618e-10,5.000000000560986,0,10.7,-1.0000000003609009,1.5,1.2000000004330809,-0.5000000001804504,0.0,0.0,0.0
4.21,3/3 curl_four_fingers_thumb_up,0.9290207750619284,-0.38495661667566544,1.0079763924763814,0.016390236920334735,-0.5000000001741347,-0.5000000001804504,3,5.712041131748889e-10,5.000000000541351,0,10.3,-1.0000000003482694,1.5,1.200000000417923,-0.5000000001741347,0.0,0.0,0.0
4.215,3/3 curl_four_fingers_thumb_up,0.9290207750590688,-0.38495661667699915,1.0079763924677934,0.01639023691685155,-0.50000000016804,-0.5000000001741347,3,5.512119453187262e-10,5.0000000005224035,0,11.2,-1.00000000033608,1.5,1.2000000004032956,-0.50000000016804,0.0,0.0,0.0
4.22,3/3 curl_four_fingers_thumb_up,0.929020775056309,-0.3849566166782862,1.0079763924595062,0.016390236913490487,-0.5000000001621586,-0.50000000016804,3,5.319194976513945e-10,5.000000000504119,0,10.7,-1.0000000003243172,1.5,1.2000000003891802,-0.5000000001621586,0.0,0.0,0.0
4.225,3/3 curl_four_fingers_thumb_up,0.9290207750536459,-0.38495661667952824,1.0079763924515086,0.016390236910246943,-0.500000000156483,-0.5000000001621586,3,5.133022726217904e-10,5.000000000486476,0,10.5,-1.000000000312966,1.5,1.2000000003755589,-0.500000000156483,0.0,0.0,0.0
4.23,3/3 curl_four_fingers_thumb_up,0.9290207750510764,-0.38495661668072684,1.0079763924437908,0.016390236907116613,-0.5000000001510061,-0.500000000156483,3,4.953365985149882e-10,5.000000000469448,0,10.0,-1.0000000003020122,1.5,1.2000000003624143,-0.5000000001510061,0.0,0.0,0.0
4.235,hold_final_pose,0.9290207750485965,-0.3849566166818833,1.0079763924363438,0.016390236904096002,-0.5000000001457209,-0.5000000001510061,3,4.779997986810405e-10,5.000000000453018,0,10.6,-1.0000000002914418,1.5,1.2000000003497298,-0.5000000001457209,0.0,0.0,0.0
4.24,hold_final_pose,0.9290207750462032,-0.38495661668299935,1.0079763924291572,0.01639023690118125,-0.5000000001406206,-0.5000000001457209,3,4.6126969061783926e-10,5.000000000437162,0,10.6,-1.0000000002812413,1.5,1.200000000337489,-0.5000000001406206,0.0,0.0,0.0
4.245,hold_final_pose,0.9290207750438938,-0.3849566166840765,1.007976392422222,0.016390236898368556,-0.5000000001356989,-0.5000000001406206,3,4.451252493477677e-10,5.000000000421862,0,10.9,-1.0000000002713978,1.5,1.200000000325677,-0.5000000001356989,0.0,0.0,0.0
4.25,hold_final_pose,0.9290207750416655,-0.3849566166851158,1.0079763924155298,0.016390236895654366,-0.5000000001309495,-0.5000000001356989,3,4.295459508103588e-10,5.000000000407097,0,10.4,-1.000000000261899,1.5,1.2000000003142783,-0.5000000001309495,0.0,0.0,0.0
4.255,hold_final_pose,0.929020775039515,-0.3849566166861187,1.0079763924090717,0.016390236893035044,-0.5000000001263663,-0.5000000001309495,3,4.145119275524847e-10,5.000000000392848,0,10.7,-1.0000000002527325,1.5,1.2000000003032787,-0.5000000001263663,0.0,0.0,0.0
4.26,hold_final_pose,0.9290207750374397,-0.38495661668708675,1.0079763924028398,0.016390236890507455,-0.5000000001219435,-0.5000000001263663,3,4.000039822669987e-10,5.000000000379099,0,10.4,-1.000000000243887,1.5,1.2000000002926638,-0.5000000001219435,0.0,0.0,0.0
4.265,hold_final_pose,0.9290207750354371,-0.38495661668802067,1.007976392396826,0.016390236888068378,-0.5000000001176754,-0.5000000001219435,3,3.8600389917308296e-10,5.000000000365831,0,10.2,-1.0000000002353508,1.5,1.2000000002824207,-0.5000000001176754,0.0,0.0,0.0
4.2700000000000005,hold_final_pose,0.9290207750335046,-0.384956616688922,1.0079763923910223,0.016390236885714456,-0.5000000001135568,-0.5000000001176754,3,3.7249380771692597e-10,5.000000000353028,0,11.1,-1.0000000002271137,1.5,1.200000000272536,-0.5000000001135568,0.0,0.0,0.0
4.275,hold_final_pose,0.9290207750316396,-0.3849566166897917,1.007976392385422,0.016390236883442995,-0.5000000001095823,-0.5000000001135568,3,3.5945648718269826e-10,5.000000000340671,0,10.4,-1.0000000002191647,1.5,1.2000000002629971,-0.5000000001095823,0.0,0.0,0.0
4.28,hold_final_pose,0.9290207750298402,-0.384956616690631,1.0079763923800178,0.016390236881251387,-0.500000000105747,-0.5000000001095823,3,3.4687554946004495e-10,5.000000000328748,0,12.1,-1.000000000211494,1.5,1.2000000002537923,-0.500000000105747,0.0,0.0,0.0
4.285,hold_final_pose,0.9290207750281033,-0.384956616691441,1.0079763923748026,0.01639023687913605,-0.5000000001020458,-0.500000000105747,3,3.3473493812697257e-10,5.000000000317241,0,11.0,-1.0000000002040916,1.5,1.2000000002449096,-0.5000000001020458,0.0,0.0,0.0
4.29,hold_final_pose,0.9290207750264277,-0.3849566166922226,1.00797639236977,0.016390236877094906,-0.5000000000984742,-0.5000000001020458,3,3.2301926013814707e-10,5.000000000306138,0,10.4,-1.0000000001969485,1.5,1.2000000002363378,-0.5000000000984742,0.0,0.0,0.0
4.295,hold_final_pose,0.9290207750248103,-0.38495661669297676,1.0079763923649134,0.016390236875125176,-0.5000000000950277,-0.5000000000984742,3,3.117136165960478e-10,5.000000000295422,0,11.2,-1.0000000001900553,1.5,1.200000000228066,-0.5000000000950277,0.0,0.0,0.0
4.3,hold_final_pose,0.9290207750232498,-0.38495661669370457,1.0079763923602267,0.016390236873224363,-0.5000000000917016,-0.5000000000950277,3,3.008036027509668e-10,5.000000000285083,0,10.6,-1.0000000001834033,1.5,1.2000000002200837,-0.5000000000917016,0.0,0.0,0.0
4.305,hold_final_pose,0.9290207750217438,-0.38495661669440695,1.0079763923557044,0.01639023687139011,-0.5000000000884921,-0.5000000000917016,3,2.9027548399923e-10,5.000000000275105,0,10.8,-1.0000000001769842,1.5,1.2000000002123807,-0.5000000000884921,0.0,0.0,0.0
4.3100000000000005,hold_final_pose,0.9290207750202907,-0.3849566166950846,1.00797639235134,0.016390236869620052,-0.5000000000853949,-0.5000000000884921,3,2.801158506561541e-10,5.000000000265476,0,10.4,-1.0000000001707898,1.5,1.2000000002049473,-0.5000000000853949,0.0,0.0,0.0
4.315,hold_final_pose,0.9290207750188884,-0.3849566166957388,1.0079763923471288,0.016390236867911974,-0.5000000000824061,-0.5000000000853949,3,2.7031178718481257e-10,5.000000000256184,0,10.0,-1.0000000001648122,1.5,1.2000000001977742,-0.5000000000824061,0.0,0.0,0.0
4.32,hold_final_pose,0.929020775017535,-0.38495661669636994,1.0079763923430645,0.01639023686626343,-0.5000000000795218,-0.5000000000824061,3,2.608508789655231e-10,5.000000000247217,0,10.5,-1.0000000001590437,1.5,1.2000000001908522,-0.5000000000795218,0.0,0.0,0.0
4.325,hold_final_pose,0.9290207750162288,-0.38495661669697895,1.0079763923391427,0.016390236864673065,-0.5000000000767386,-0.5000000000795218,3,2.517212122957588e-10,5.000000000238565,0,10.4,-1.0000000001534772,1.5,1.2000000001841724,-0.5000000000767386,0.0,0.0,0.0
4.33,hold_final_pose,0.9290207750149686,-0.38495661669756676,1.0079763923353584,0.016390236863138015,-0.5000000000740528,-0.5000000000767386,3,2.429110291631277e-10,5.000000000230215,0,9.8,-1.0000000001481055,1.5,1.2000000001777265,-0.5000000000740528,0.0,0.0,0.0
4.335,hold_final_pose,0.9290207750137525,-0.3849566166981339,1.0079763923317062,0.016390236861656866,-0.500000000071461,-0.5000000000740528,3,2.3440924170123253e-10,5.000000000222157,0,11.5,-1.000000000142922,1.5,1.200000000171506,-0.500000000071461,0.0,0.0,0.0
4.34,hold_final_pose,0.929020775012579,-0.3849566166986814,1.0079763923281821,0.01639023686022751,-0.5000000000689598,-0.500000000071461,3,2.2620492450318615e-10,5.000000000214382,0,10.0,-1.0000000001379197,1.5,1.2000000001655033,-0.5000000000689598,0.0,0.0,0.0
4.345,hold_final_pose,0.9290207750114465,-0.38495661669920955,1.007976392324781,0.016390236858848002,-0.5000000000665462,-0.5000000000689598,3,2.182876463099297e-10,5.000000000206879,0,10.5,-1.0000000001330924,1.5,1.2000000001597106,-0.5000000000665462,0.0,0.0,0.0
4.3500000000000005,hold_final_pose,0.9290207750103535,-0.38495661669971915,1.0079763923214988,0.0163902368575169,-0.5000000000642171,-0.5000000000665462,3,2.1064747677956785e-10,5.0000000001996385,0,10.3,-1.0000000001284342,1.5,1.2000000001541207,-0.5000000000642171,0.0,0.0,0.0
4.355,hold_final_pose,0.929020775009299,-0.38495661670021103,1.0079763923183316,0.01639023685623226,-0.5000000000619694,-0.5000000000642171,3,2.032748104891882e-10,5.000000000192651,0,10.9,-1.0000000001239389,1.5,1.2000000001487265,-0.5000000000619694,0.0,0.0,0.0
4.36,hold_final_pose,0.9290207750082813,-0.38495661670068565,1.0079763923152756,0.01639023685499289,-0.5000000000598005,-0.5000000000619694,3,1.961602180140603e-10,5.000000000185908,0,10.4,-1.000000000119601,1.5,1.2000000001435212,-0.5000000000598005,0.0,0.0,0.0
4.365,hold_final_pose,0.9290207750072992,-0.3849566167011437,1.0079763923123264,0.016390236853796793,-0.5000000000577075,-0.5000000000598005,3,1.8929459484839245e-10,5.000000000179401,0,10.2,-1.000000000115415,1.5,1.2000000001384978,-0.5000000000577075,0.0,0.0,0.0
4.37,hold_final_pose,0.9290207750063516,-0.3849566167015857,1.0079763923094807,0.016390236852642577,-0.5000000000556878,-0.5000000000577075,3,1.826693306343606e-10,5.000000000173123,0,10.8,-1.0000000001113756,1.5,1.2000000001336504,-0.5000000000556878,0.0,0.0,0.0
4.375,hold_final_pose,0.9290207750054369,-0.3849566167020122,1.007976392306734,0.016390236851528468,-0.5000000000537387,-0.5000000000556878,3,1.7627581501397742e-10,5.000000000167064,0,9.8,-1.0000000001074774,1.5,1.2000000001289726,-0.5000000000537387,0.0,0.0,0.0
4.38,hold_final_pose,0.9290207750045545,-0.3849566167024238,1.0079763923040839,0.01639023685045369,-0.5000000000518579,-0.5000000000537387,3,1.701062702348513e-10,5.000000000161217,0,10.0,-1.0000000001037157,1.5,1.2000000001244586,-0.5000000000518579,0.0,0.0,0.0
4.385,hold_final_pose,0.9290207750037031,-0.3849566167028211,1.0079763923015264,0.016390236849416324,-0.5000000000500429,-0.5000000000518579,3,1.641525868562559e-10,5.000000000155574,0,10.1,-1.0000000001000857,1.5,1.2000000001201026,-0.5000000000500429,0.0,0.0,0.0
4.39,hold_final_pose,0.929020775002881,-0.3849566167032043,1.0079763922990586,0.016390236848415514,-0.5000000000482914,-0.5000000000500429,3,1.584073120447015e-10,5.000000000150129,0,9.7,-1.0000000000965827,1.5,1.200000000115899,-0.5000000000482914,0.0,0.0,0.0
4.3950000000000005,hold_final_pose,0.929020775002088,-0.3849566167035742,1.0079763922966771,0.016390236847449564,-0.5000000000466012,-0.5000000000482914,3,1.5286299973616183e-10,5.000000000144874,0,9.9,-1.0000000000932023,1.5,1.2000000001118425,-0.5000000000466012,0.0,0.0,0.0
4.4,hold_final_pose,0.9290207750013226,-0.3849566167039311,1.0079763922943787,0.01639023684651742,-0.5000000000449701,-0.5000000000466012,3,1.475128604738089e-10,5.000000000139804,0,12.7,-1.0000000000899403,1.5,1.200000000107928,-0.5000000000449701,0.0,0.0,0.0
4.405,hold_final_pose,0.9290207750005843,-0.3849566167042755,1.0079763922921605,0.016390236845617613,-0.5000000000433962,-0.5000000000449701,3,1.4234994234140984e-10,5.000000000134912,0,10.0,-1.0000000000867924,1.5,1.2000000001041506,-0.5000000000433962,0.0,0.0,0.0
4.41,hold_final_pose,0.9290207749998716,-0.3849566167046079,1.0079763922900205,0.016390236844749724,-0.5000000000418773,-0.5000000000433962,3,1.3736762511104905e-10,5.000000000130189,0,12.7,-1.0000000000837546,1.5,1.2000000001005053,-0.5000000000418773,0.0,0.0,0.0
4.415,hold_final_pose,0.9290207749991838,-0.3849566167049286,1.0079763922879552,0.016390236843912033,-0.5000000000404116,-0.5000000000418773,3,1.32559782702624e-10,5.000000000125632,0,11.1,-1.0000000000808231,1.5,1.2000000000969877,-0.5000000000404116,0.0,0.0,0.0
4.42,hold_final_pose,0.9290207749985202,-0.3849566167052381,1.0079763922859621,0.016390236843103735,-0.5000000000389971,-0.5000000000404116,3,1.279199641169995e-10,5.000000000121235,0,10.6,-1.0000000000779943,1.5,1.200000000093593,-0.5000000000389971,0.0,0.0,0.0
4.425,hold_final_pose,0.9290207749978798,-0.384956616705537,1.0079763922840392,0.016390236842323998,-0.5000000000376322,-0.5000000000389971,3,1.2344269988143273e-10,5.000000000116991,0,11.4,-1.0000000000752645,1.5,1.2000000000903173,-0.5000000000376322,0.0,0.0,0.0
4.43,hold_final_pose,0.9290207749972618,-0.3849566167058251,1.0079763922821832,0.016390236841571267,-0.5000000000363151,-0.5000000000376322,3,1.1912219560404836e-10,5.0000000001128955,0,10.7,-1.0000000000726301,1.5,1.2000000000871562,-0.5000000000363151,0.0,0.0,0.0
4.4350000000000005,hold_final_pose,0.9290207749966654,-0.3849566167061032,1.0079763922803924,0.016390236840844737,-0.5000000000350441,-0.5000000000363151,3,1.1495299535087936e-10,5.000000000108944,0,10.6,-1.0000000000700882,1.5,1.2000000000841058,-0.5000000000350441,0.0,0.0,0.0
4.44,hold_final_pose,0.9290207749960899,-0.38495661670637155,1.0079763922786638,0.01639023684014377,-0.5000000000338175,-0.5000000000350441,3,1.1092962964905662e-10,5.000000000105132,0,11.1,-1.000000000067635,1.5,1.2000000000811621,-0.5000000000338175,0.0,0.0,0.0
4.445,hold_final_pose,0.9290207749955345,-0.3849566167066306,1.0079763922769958,0.016390236839467116,-0.5000000000326339,-0.5000000000338175,3,1.0704713671234302e-10,5.000000000101452,0,11.5,-1.0000000000652678,1.5,1.2000000000783215,-0.5000000000326339,0.0,0.0,0.0
4.45,hold_final_pose,0.9290207749949985,-0.3849566167068806,1.0079763922753864,0.016390236838814583,-0.5000000000314917,-0.5000000000326339,3,1.0330038552557299e-10,5.000000000097902,0,10.5,-1.0000000000629834,1.5,1.2000000000755802,-0.5000000000314917,0.0,0.0,0.0
4.455,hold_final_pose,0.9290207749944813,-0.3849566167071218,1.0079763922738334,0.016390236838184642,-0.5000000000303895,-0.5000000000314917,3,9.968506414078202e-11,5.0000000000944755,0,10.9,-1.000000000060779,1.5,1.200000000072935,-0.5000000000303895,0.0,0.0,0.0
4.46,hold_final_pose,0.9290207749939824,-0.3849566167073546,1.0079763922723346,0.016390236837576656,-0.5000000000293259,-0.5000000000303895,3,9.619621754044698e-11,5.000000000091169,0,10.3,-1.0000000000586518,1.5,1.2000000000703823,-0.5000000000293259,0.0,0.0,0.0
4.465,hold_final_pose,0.9290207749935007,-0.38495661670757914,1.0079763922708884,0.016390236836990237,-0.5000000000282995,-0.5000000000293259,3,9.282937131705518e-11,5.0000000000879785,0,10.6,-1.000000000056599,1.5,1.200000000067919,-0.5000000000282995,0.0,0.0,0.0
4.47,hold_final_pose,0.9290207749930359,-0.38495661670779596,1.0079763922694929,0.016390236836424106,-0.500000000027309,-0.5000000000282995,3,8.958038952025087e-11,5.000000000084899,0,10.4,-1.000000000054618,1.5,1.2000000000655417,-0.500000000027309,0.0,0.0,0.0
4.4750000000000005,hold_final_pose,0.9290207749925874,-0.3849566167080049,1.0079763922681462,0.01639023683587785,-0.5000000000263533,-0.500000000027309,3,8.644512943099821e-11,5.000000000081927,0,11.1,-1.0000000000527065,1.5,1.2000000000632478,-0.5000000000263533,0.0,0.0,0.0
4.48,hold_final_pose,0.9290207749921547,-0.3849566167082069,1.0079763922668463,0.016390236835350576,-0.5000000000254309,-0.5000000000263533,3,8.34194550989784e-11,5.00000000007906,0,10.2,-1.0000000000508618,1.5,1.200000000061034,-0.5000000000254309,0.0,0.0,0.0
4.485,hold_final_pose,0.9290207749917372,-0.38495661670840176,1.0079763922655924,0.016390236834842177,-0.5000000000245408,-0.5000000000254309,3,8.04997247222709e-11,5.000000000076293,0,10.6,-1.0000000000490816,1.5,1.2000000000588977,-0.5000000000245408,0.0,0.0,0.0
4.49,hold_final_pose,0.9290207749913342,-0.3849566167085897,1.0079763922643816,0.016390236834351042,-0.5000000000236818,-0.5000000000245408,3,7.76821272690078e-11,5.000000000073623,0,10.2,-1.0000000000473637,1.5,1.2000000000568363,-0.5000000000236818,0.0,0.0,0.0
4.495,hold_final_pose,0.9290207749909452,-0.38495661670877107,1.007976392263214,0.016390236833877476,-0.5000000000228529,-0.5000000000236818,3,7.496319016612218e-11,5.000000000071046,0,10.1,-1.0000000000457059,1.5,1.200000000054847,-0.5000000000228529,0.0,0.0,0.0
4.5,hold_final_pose,0.9290207749905699,-0.38495661670894615,1.007976392262087,0.016390236833420398,-0.5000000000220531,-0.5000000000228529,3,7.233960329961722e-11,5.0000000000685585,0,11.5,-1.0000000000441063,1.5,1.2000000000529274,-0.5000000000220531,0.0,0.0,0.0
4.505,hold_final_pose,0.9290207749902077,-0.384956616709115,1.0079763922609992,0.016390236832979167,-0.5000000000212813,-0.5000000000220531,3,6.980772486727894e-11,5.000000000066159,0,10.4,-1.0000000000425626,1.5,1.2000000000510749,-0.5000000000212813,0.0,0.0,0.0
4.51,hold_final_pose,0.9290207749898579,-0.384956616709278,1.00797639225995,0.016390236832553785,-0.5000000000205365,-0.5000000000212813,3,6.736440721452835e-11,5.000000000063843,0,10.5,-1.000000000041073,1.5,1.2000000000492872,-0.5000000000205365,0.0,0.0,0.0
4.515,hold_final_pose,0.9290207749895207,-0.3849566167094354,1.0079763922589373,0.016390236832142753,-0.5000000000198177,-0.5000000000205365,3,6.500667191577292e-11,5.000000000061609,0,10.2,-1.0000000000396354,1.5,1.2000000000475621,-0.5000000000198177,0.0,0.0,0.0
4.5200000000000005,hold_final_pose,0.9290207749891954,-0.38495661670958703,1.0079763922579597,0.016390236831746292,-0.500000000019124,-0.5000000000198177,3,6.273137131586942e-11,5.000000000059453,0,10.8,-1.000000000038248,1.5,1.2000000000458975,-0.500000000019124,0.0,0.0,0.0
4.525,hold_final_pose,0.9290207749888815,-0.38495661670973363,1.0079763922570164,0.016390236831364043,-0.5000000000184547,-0.500000000019124,3,6.053569621928048e-11,5.000000000057372,0,10.6,-1.0000000000369094,1.5,1.200000000044291,-0.5000000000184547,0.0,0.0,0.0
4.53,hold_final_pose,0.9290207749885783,-0.38495661670987485,1.0079763922561062,0.016390236830994866,-0.5000000000178088,-0.5000000000184547,3,5.841699311858956e-11,5.000000000055363,0,17.8,-1.0000000000356175,1.5,1.2000000000427409,-0.5000000000178088,0.0,0.0,0.0
4.535,hold_final_pose,0.9290207749882858,-0.3849566167100113,1.007976392255228,0.016390236830638567,-0.5000000000171855,-0.5000000000178088,3,5.637245281728752e-11,5.000000000053426,0,11.2,-1.000000000034371,1.5,1.200000000041245,-0.5000000000171855,0.0,0.0,0.0
4.54,hold_final_pose,0.9290207749880037,-0.3849566167101429,1.0079763922543805,0.01639023683029473,-0.500000000016584,-0.5000000000171855,3,5.439942180855358e-11,5.000000000051556,0,11.3,-1.000000000033168,1.5,1.2000000000398015,-0.500000000016584,0.0,0.0,0.0
4.545,hold_final_pose,0.9290207749877315,-0.3849566167102701,1.0079763922535627,0.01639023682996297,-0.5000000000160035,-0.500000000016584,3,5.249542258398502e-11,5.000000000049752,0,10.5,-1.000000000032007,1.5,1.2000000000384083,-0.5000000000160035,0.0,0.0,0.0
4.55,hold_final_pose,0.9290207749874687,-0.38495661671039255,1.0079763922527731,0.01639023682964281,-0.5000000000154434,-0.5000000000160035,3,5.065813332524719e-11,5.0000000000480105,0,10.1,-1.0000000000308868,1.5,1.200000000037064,-0.5000000000154434,0.0,0.0,0.0
4.555,hold_final_pose,0.9290207749872148,-0.3849566167105108,1.0079763922520117,0.01639023682933386,-0.5000000000149029,-0.5000000000154434,3,4.888506975459882e-11,5.000000000046331,0,10.7,-1.0000000000298057,1.5,1.200000000035767,-0.5000000000149029,0.0,0.0,0.0
4.5600000000000005,hold_final_pose,0.92902077498697,-0.3849566167106249,1.0079763922512768,0.016390236829035905,-0.5000000000143813,-0.5000000000149029,3,4.717408605168862e-11,5.000000000044709,0,10.2,-1.0000000000287625,1.5,1.200000000034515,-0.5000000000143813,0.0,0.0,0.0
4.565,hold_final_pose,0.9290207749867339,-0.38495661671073506,1.0079763922505673,0.0163902368287483,-0.5000000000138779,-0.5000000000143813,3,4.552302285814302e-11,5.000000000043145,0,10.2,-1.0000000000277558,1.5,1.200000000033307,-0.5000000000138779,0.0,0.0,0.0
4.57,hold_final_pose,0.929020774986506,-0.3849566167108414,1.007976392249883,0.016390236828470607,-0.5000000000133922,-0.5000000000138779,3,4.3929734353295824e-11,5.000000000041634,0,10.2,-1.0000000000267844,1.5,1.2000000000321414,-0.5000000000133922,0.0,0.0,0.0
4.575,hold_final_pose,0.9290207749862861,-0.38495661671094394,1.0079763922492226,0.016390236828202655,-0.5000000000129234,-0.5000000000133922,3,4.239223040763897e-11,5.000000000040177,0,11.3,-1.0000000000258469,1.5,1.2000000000310165,-0.5000000000129234,0.0,0.0,0.0
4.58,hold_final_pose,0.9290207749860738,-0.384956616711043,1.0079763922485852,0.01639023682794425,-0.5000000000124711,-0.5000000000129234,3,4.0908527659894326e-11,5.000000000038771,0,10.4,-1.0000000000249423,1.5,1.200000000029931,-0.5000000000124711,0.0,0.0,0.0
4.585,hold_final_pose,0.9290207749858692,-0.38495661671113834,1.00797639224797,0.016390236827694867,-0.5000000000120346,-0.5000000000124711,3,3.947663598091138e-11,5.000000000037413,0,10.1,-1.0000000000240692,1.5,1.2000000000288833,-0.5000000000120346,0.0,0.0,0.0
4.59,hold_final_pose,0.9290207749856715,-0.3849566167112307,1.0079763922473761,0.016390236827453948,-0.5000000000116134,-0.5000000000120346,3,3.8094903697450686e-11,5.000000000036104,0,10.4,-1.0000000000232268,1.5,1.2000000000278723,-0.5000000000116134,0.0,0.0,0.0
4.595,hold_final_pose,0.9290207749854809,-0.3849566167113195,1.0079763922468037,0.016390236827221717,-0.5000000000112069,-0.5000000000116134,3,3.6761672368683815e-11,5.00000000003484,0,10.1,-1.0000000000224138,1.5,1.2000000000268969,-0.5000000000112069,0.0,0.0,0.0
4.6000000000000005,hold_final_pose,0.9290207749852968,-0.38495661671140546,1.0079763922462512,0.016390236826997508,-0.5000000000108147,-0.5000000000112069,3,3.5474958633101275e-11,5.00000000003362,0,10.0,-1.0000000000216294,1.5,1.2000000000259554,-0.5000000000108147,0.0,0.0,0.0
4.605,hold_final_pose,0.9290207749851189,-0.3849566167114883,1.007976392245718,0.01639023682678132,-0.5000000000104362,-0.5000000000108147,3,3.423343573809463e-11,5.0000000000324425,0,10.8,-1.0000000000208724,1.5,1.200000000025047,-0.5000000000104362,0.0,0.0,0.0
4.61,hold_final_pose,0.9290207749849476,-0.38495661671156817,1.007976392245203,0.016390236826572542,-0.5000000000100709,-0.5000000000104362,3,3.303528278245292e-11,5.000000000031307,0,10.2,-1.0000000000201419,1.5,1.2000000000241704,-0.5000000000100709,0.0,0.0,0.0
4.615,hold_final_pose,0.9290207749847822,-0.3849566167116454,1.0079763922447063,0.016390236826371175,-0.5000000000097184,-0.5000000000100709,3,3.1879010553224767e-11,5.000000000030212,0,10.1,-1.000000000019437,1.5,1.2000000000233244,-0.5000000000097184,0.0,0.0,0.0
4.62,hold_final_pose,0.9290207749846227,-0.3849566167117197,1.0079763922442269,0.016390236826176498,-0.5000000000093783,-0.5000000000097184,3,3.0763129838272144e-11,5.000000000029155,0,11.2,-1.0000000000187566,1.5,1.200000000022508,-0.5000000000093783,0.0,0.0,0.0
4.625,hold_final_pose,0.9290207749844686,-0.3849566167117917,1.0079763922437646,0.016390236825989092,-0.50000000000905,-0.5000000000093783,3,2.968631388322003e-11,5.000000000028135,0,10.2,-1.0000000000181,1.5,1.2000000000217201,-0.50000000000905,0.0,0.0,0.0
4.63,hold_final_pose,0.9290207749843198,-0.38495661671186093,1.0079763922433183,0.016390236825808237,-0.5000000000087332,-0.50000000000905,3,2.8647242703896403e-11,5.00000000002715,0,9.8,-1.0000000000174665,1.5,1.2000000000209599,-0.5000000000087332,0.0,0.0,0.0
4.635,hold_final_pose,0.9290207749841766,-0.38495661671192777,1.0079763922428877,0.016390236825633432,-0.5000000000084276,-0.5000000000087332,3,2.764458954765648e-11,5.0000000000262,0,10.5,-1.0000000000168552,1.5,1.2000000000202262,-0.5000000000084276,0.0,0.0,0.0
4.64,hold_final_pose,0.9290207749840381,-0.3849566167119924,1.0079763922424718,0.016390236825464817,-0.5000000000081326,-0.5000000000084276,3,2.6677027661398035e-11,5.000000000025283,0,10.5,-1.0000000000162652,1.5,1.2000000000195183,-0.5000000000081326,0.0,0.0,0.0
4.6450000000000005,hold_final_pose,0.9290207749839046,-0.3849566167120547,1.0079763922420713,0.016390236825302308,-0.500000000007848,-0.5000000000081326,3,2.5743237060530467e-11,5.000000000024398,0,9.8,-1.000000000015696,1.5,1.2000000000188351,-0.500000000007848,0.0,0.0,0.0
4.65,hold_final_pose,0.9290207749837758,-0.38495661671211473,1.0079763922416838,0.016390236825145073,-0.5000000000075733,-0.500000000007848,3,2.484206022006833e-11,5.000000000023544,0,10.0,-1.0000000000151466,1.5,1.2000000000181759,-0.5000000000075733,0.0,0.0,0.0
4.655,hold_final_pose,0.9290207749836514,-0.38495661671217285,1.0079763922413103,0.016390236824993777,-0.5000000000073083,-0.5000000000075733,3,2.3972664536712772e-11,5.0000000000227205,0,13.9,-1.0000000000146165,1.5,1.2000000000175397,-0.5000000000073083,0.0,0.0,0.0
4.66,hold_final_pose,0.9290207749835313,-0.38495661671222886,1.00797639224095,0.016390236824847533,-0.5000000000070525,-0.5000000000073083,3,2.3133560795943134e-11,5.000000000021926,0,11.9,-1.000000000014105,1.5,1.2000000000169257,-0.5000000000070525,0.0,0.0,0.0
4.665,hold_final_pose,0.9290207749834154,-0.3849566167122829,1.007976392240602,0.016390236824706368,-0.5000000000068057,-0.5000000000070525,3,2.2323923162315047e-11,5.000000000021158,0,12.2,-1.0000000000136113,1.5,1.2000000000163333,-0.5000000000068057,0.0,0.0,0.0
4.67,hold_final_pose,0.9290207749833038,-0.38495661671233483,1.0079763922402665,0.016390236824570255,-0.5000000000065675,-0.5000000000068057,3,2.1542756569724387e-11,5.0000000000204174,0,10.7,-1.000000000013135,1.5,1.2000000000157618,-0.5000000000065675,0.0,0.0,0.0
4.675,hold_final_pose,0.9290207749831958,-0.3849566167123852,1.007976392239943,0.016390236824439054,-0.5000000000063377,-0.5000000000065675,3,2.0788903494362483e-11,5.000000000019703,0,10.2,-1.0000000000126754,1.5,1.2000000000152102,-0.5000000000063377,0.0,0.0,0.0
4.68,hold_final_pose,0.9290207749830921,-0.38495661671243353,1.0079763922396303,0.01639023682431224,-0.5000000000061159,-0.5000000000063377,3,2.006136887012473e-11,5.000000000019013,0,11.0,-1.0000000000122318,1.5,1.200000000014678,-0.5000000000061159,0.0,0.0,0.0
4.6850000000000005,hold_final_pose,0.9290207749829914,-0.38495661671248055,1.0079763922393286,0.016390236824189892,-0.5000000000059018,-0.5000000000061159,3,1.9359326862309073e-11,5.000000000018348,0,10.9,-1.0000000000118037,1.5,1.2000000000141642,-0.5000000000059018,0.0,0.0,0.0
4.69,hold_final_pose,0.9290207749828946,-0.38495661671252585,1.0079763922390375,0.016390236824071987,-0.5000000000056952,-0.5000000000059018,3,1.868161994663175e-11,5.000000000017706,0,10.5,-1.0000000000113904,1.5,1.2000000000136684,-0.5000000000056952,0.0,0.0,0.0
4.695,hold_final_pose,0.929020774982801,-0.3849566167125695,1.0079763922387563,0.016390236823957856,-0.5000000000054959,-0.5000000000056952,3,1.802775397617884e-11,5.000000000017085,0,10.2,-1.0000000000109919,1.5,1.2000000000131898,-0.5000000000054959,0.0,0.0,0.0
4.7,hold_final_pose,0.9290207749827109,-0.38495661671261155,1.0079763922384857,0.01639023682384797,-0.5000000000053035,-0.5000000000054959,3,1.739672711292319e-11,5.000000000016488,0,15.6,-1.000000000010607,1.5,1.2000000000127282,-0.5000000000053035,0.0,0.0,0.0
4.705,hold_final_pose,0.9290207749826237,-0.38495661671265213,1.007976392238224,0.01639023682374189,-0.5000000000051179,-0.5000000000053035,3,1.6787882752317044e-11,5.00000000001591,0,10.6,-1.0000000000102358,1.5,1.2000000000122828,-0.5000000000051179,0.0,0.0,0.0
4.71,hold_final_pose,0.9290207749825394,-0.3849566167126913,1.0079763922379714,0.016390236823639638,-0.5000000000049388,-0.5000000000051179,3,1.6200395058470736e-11,5.000000000015353,0,11.1,-1.0000000000098777,1.5,1.200000000011853,-0.5000000000049388,0.0,0.0,0.0
4.715,hold_final_pose,0.9290207749824585,-0.3849566167127291,1.007976392237728,0.016390236823540717,-0.500000000004766,-0.5000000000049388,3,1.5633431424247386e-11,5.000000000014816,0,11.0,-1.000000000009532,1.5,1.2000000000114381,-0.500000000004766,0.0,0.0,0.0
4.72,hold_final_pose,0.9290207749823799,-0.3849566167127657,1.007976392237493,0.01639023682344521,-0.5000000000045991,-0.500000000004766,3,1.50861660161568e-11,5.000000000014297,0,18.2,-1.0000000000091982,1.5,1.2000000000110378,-0.5000000000045991,0.0,0.0,0.0
4.7250000000000005,hold_final_pose,0.9290207749823047,-0.38495661671280085,1.0079763922372662,0.016390236823353506,-0.5000000000044381,-0.5000000000045991,3,1.4558104683179066e-11,5.000000000013796,0,11.5,-1.0000000000088762,1.5,1.2000000000106514,-0.5000000000044381,0.0,0.0,0.0
4.73,hold_final_pose,0.9290207749822318,-0.38495661671283493,1.007976392237047,0.01639023682326452,-0.5000000000042828,-0.5000000000044381,3,1.4048584050033403e-11,5.000000000013314,0,12.7,-1.0000000000085656,1.5,1.2000000000102786,-0.5000000000042828,0.0,0.0,0.0
4.735,hold_final_pose,0.9290207749821615,-0.38495661671286774,1.0079763922368359,0.016390236823178923,-0.5000000000041329,-0.5000000000042828,3,1.3556940740029287e-11,5.0000000000128475,0,12.4,-1.0000000000082658,1.5,1.200000000009919,-0.5000000000041329,0.0,0.0,0.0
4.74,hold_final_pose,0.9290207749820936,-0.3849566167128993,1.0079763922366323,0.016390236823096295,-0.5000000000039883,-0.5000000000041329,3,1.3082348917269934e-11,5.000000000012398,0,10.7,-1.0000000000079765,1.5,1.2000000000095716,-0.5000000000039883,0.0,0.0,0.0
4.745,hold_final_pose,0.9290207749820281,-0.3849566167129298,1.0079763922364353,0.016390236823016664,-0.5000000000038487,-0.5000000000039883,3,1.2624476893871852e-11,5.000000000011965,0,11.3,-1.0000000000076974,1.5,1.2000000000092366,-0.5000000000038487,0.0,0.0,0.0
4.75,hold_final_pose,0.9290207749819648,-0.38495661671295933,1.0079763922362457,0.016390236822939504,-0.500000000003714,-0.5000000000038487,3,1.2182823748097532e-11,5.000000000011545,0,11.9,-1.000000000007428,1.5,1.2000000000089133,-0.500000000003714,0.0,0.0,0.0
4.755,hold_final_pose,0.9290207749819038,-0.38495661671298775,1.0079763922360625,0.01639023682286512,-0.500000000003584,-0.500000000003714,3,1.1756401190875242e-11,5.000000000011142,0,10.9,-1.000000000007168,1.5,1.2000000000086013,-0.500000000003584,0.0,0.0,0.0
4.76,hold_final_pose,0.9290207749818453,-0.38495661671301534,1.0079763922358855,0.016390236822793704,-0.5000000000034586,-0.500000000003584,3,1.1344877531341714e-11,5.000000000010752,0,16.6,-1.0000000000069171,1.5,1.2000000000083002,-0.5000000000034586,0.0,0.0,0.0
4.765,hold_final_pose,0.9290207749817883,-0.38495661671304177,1.0079763922357152,0.01639023682272437,-0.5000000000033376,-0.5000000000034586,3,1.0947921080995616e-11,5.000000000010377,0,11.2,-1.000000000006675,1.5,1.2000000000080098,-0.5000000000033376,0.0,0.0,0.0
4.7700000000000005,hold_final_pose,0.9290207749817334,-0.38495661671306736,1.0079763922355507,0.01639023682265784,-0.5000000000032208,-0.5000000000033376,3,1.0564868463036915e-11,5.000000000010014,0,20.4,-1.0000000000064415,1.5,1.2000000000077296,-0.5000000000032208,0.0,0.0,0.0
4.775,hold_final_pose,0.9290207749816806,-0.3849566167130919,1.0079763922353921,0.016390236822593364,-0.5000000000031081,-0.5000000000032208,3,1.0195225529911012e-11,5.0000000000096625,0,10.9,-1.0000000000062161,1.5,1.200000000007459,-0.5000000000031081,0.0,0.0,0.0
4.78,hold_final_pose,0.9290207749816297,-0.38495661671311576,1.0079763922352387,0.016390236822531247,-0.5000000000029993,-0.5000000000031081,3,9.838166446406298e-12,5.000000000009325,0,11.9,-1.0000000000059985,1.5,1.200000000007198,-0.5000000000029993,0.0,0.0,0.0
4.785,hold_final_pose,0.92902077498158,-0.38495661671313863,1.0079763922350906,0.016390236822471017,-0.5000000000028942,-0.5000000000029993,3,9.493846899510663e-12,5.000000000008998,0,11.2,-1.0000000000057885,1.5,1.2000000000069462,-0.5000000000028942,0.0,0.0,0.0
4.79,hold_final_pose,0.9290207749815328,-0.38495661671316084,1.007976392234948,0.01639023682241334,-0.500000000002793,-0.5000000000028942,3,9.161617054444456e-12,5.000000000008683,0,11.2,-1.000000000005586,1.5,1.200000000006703,-0.500000000002793,0.0,0.0,0.0
4.795,hold_final_pose,0.9290207749814869,-0.38495661671318226,1.0079763922348104,0.01639023682235733,-0.5000000000026953,-0.500000000002793,3,8.840975995082967e-12,5.000000000008379,0,17.6,-1.0000000000053906,1.5,1.2000000000064686,-0.5000000000026953,0.0,0.0,0.0
4.8,hold_final_pose,0.9290207749814425,-0.3849566167132029,1.0079763922346774,0.016390236822303457,-0.5000000000026009,-0.5000000000026953,3,8.531422799946525e-12,5.000000000008086,0,10.9,-1.0000000000052018,1.5,1.200000000006242,-0.5000000000026009,0.0,0.0,0.0
4.805,hold_final_pose,0.9290207749813999,-0.3849566167132229,1.007976392234549,0.016390236822251693,-0.5000000000025099,-0.5000000000026009,3,8.232795011703817e-12,5.000000000007803,0,10.6,-1.0000000000050198,1.5,1.2000000000060236,-0.5000000000025099,0.0,0.0,0.0
4.8100000000000005,hold_final_pose,0.9290207749813589,-0.3849566167132421,1.0079763922344254,0.016390236822201372,-0.5000000000024221,-0.5000000000025099,3,7.944760941291889e-12,5.00000000000753,0,11.2,-1.0000000000048441,1.5,1.2000000000058129,-0.5000000000024221,0.0,0.0,0.0
4.815,hold_final_pose,0.9290207749813191,-0.38495661671326065,1.007976392234306,0.016390236822152772,-0.5000000000023372,-0.5000000000024221,3,7.66665721164422e-12,5.000000000007266,0,11.4,-1.0000000000046745,1.5,1.2000000000056095,-0.5000000000023372,0.0,0.0,0.0
4.82,hold_final_pose,0.9290207749812804,-0.3849566167132784,1.0079763922341904,0.01639023682210606,-0.5000000000022554,-0.5000000000023372,3,7.398483827093637e-12,5.000000000007011,0,12.4,-1.0000000000045108,1.5,1.2000000000054132,-0.5000000000022554,0.0,0.0,0.0
4.825,hold_final_pose,0.9290207749812434,-0.3849566167132957,1.0079763922340794,0.016390236822060845,-0.5000000000021765,-0.5000000000022554,3,7.1395841764691864e-12,5.000000000006766,0,11.8,-1.000000000004353,1.5,1.2000000000052238,-0.5000000000021765,0.0,0.0,0.0
4.83,hold_final_pose,0.9290207749812077,-0.3849566167133124,1.0079763922339722,0.01639023682201752,-0.5000000000021003,-0.5000000000021765,3,6.889626569198195e-12,5.000000000006529,0,13.4,-1.0000000000042006,1.5,1.2000000000050408,-0.5000000000021003,0.0,0.0,0.0
4.835,hold_final_pose,0.9290207749811732,-0.38495661671332854,1.0079763922338683,0.016390236821975247,-0.5000000000020268,-0.5000000000021003,3,6.6484417812032565e-12,5.000000000006301,0,10.7,-1.0000000000040536,1.5,1.2000000000048643,-0.5000000000020268,0.0,0.0,0.0
4.84,hold_final_pose,0.9290207749811399,-0.3849566167133441,1.0079763922337683,0.01639023682193492,-0.5000000000019559,-0.5000000000020268,3,6.415698122737653e-12,5.00000000000608,0,14.0,-1.0000000000039118,1.5,1.200000000004694,-0.5000000000019559,0.0,0.0,0.0
4.845,hold_final_pose,0.9290207749811077,-0.3849566167133592,1.007976392233672,0.01639023682189581,-0.5000000000018874,-0.5000000000019559,3,6.191063904571788e-12,5.000000000005866,0,11.4,-1.0000000000037748,1.5,1.2000000000045297,-0.5000000000018874,0.0,0.0,0.0
4.8500000000000005,hold_final_pose,0.9290207749810767,-0.3849566167133734,1.0079763922335787,0.016390236821857758,-0.5000000000018213,-0.5000000000018874,3,5.9743766720380475e-12,5.000000000005661,0,10.4,-1.0000000000036426,1.5,1.2000000000043711,-0.5000000000018213,0.0,0.0,0.0
4.855,hold_final_pose,0.929020774981047,-0.3849566167133875,1.007976392233489,0.016390236821821426,-0.5000000000017576,-0.5000000000018213,3,5.765304728514039e-12,5.000000000005463,0,10.4,-1.0000000000035152,1.5,1.2000000000042181,-0.5000000000017576,0.0,0.0,0.0
4.86,hold_final_pose,0.9290207749810182,-0.3849566167134009,1.0079763922334024,0.016390236821786343,-0.5000000000016961,-0.5000000000017576,3,5.563516389759583e-12,5.000000000005273,0,14.1,-1.0000000000033922,1.5,1.2000000000040705,-0.5000000000016961,0.0,0.0,0.0
4.865,hold_final_pose,0.9290207749809902,-0.38495661671341397,1.0079763922333187,0.016390236821752537,-0.5000000000016367,-0.5000000000016961,3,5.3686799670531746e-12,5.000000000005088,0,11.8,-1.0000000000032734,1.5,1.200000000003928,-0.5000000000016367,0.0,0.0,0.0
4.87,hold_final_pose,0.9290207749809631,-0.38495661671342635,1.0079763922332379,0.016390236821719563,-0.5000000000015794,-0.5000000000016367,3,5.1807954603679106e-12,5.000000000004911,0,11.5,-1.0000000000031588,1.5,1.2000000000037905,-0.5000000000015794,0.0,0.0,0.0
4.875,hold_final_pose,0.9290207749809374,-0.3849566167134385,1.0079763922331602,0.016390236821688088,-0.5000000000015241,-0.5000000000015794,3,4.999531182186813e-12,5.0000000000047375,0,14.6,-1.0000000000030482,1.5,1.200000000003658,-0.5000000000015241,0.0,0.0,0.0
4.88,hold_final_pose,0.9290207749809123,-0.3849566167134502,1.0079763922330849,0.01639023682165764,-0.5000000000014708,-0.5000000000015241,3,4.824562213025062e-12,5.000000000004572,0,12.3,-1.0000000000029416,1.5,1.2000000000035298,-0.5000000000014708,0.0,0.0,0.0
4.885,hold_final_pose,0.9290207749808883,-0.38495661671346165,1.007976392233012,0.016390236821628053,-0.5000000000014193,-0.5000000000014708,3,4.655712548252807e-12,5.000000000004413,0,14.2,-1.0000000000028386,1.5,1.2000000000034063,-0.5000000000014193,0.0,0.0,0.0
4.89,hold_final_pose,0.929020774980865,-0.38495661671347237,1.0079763922329423,0.016390236821599742,-0.5000000000013697,-0.5000000000014193,3,4.492826510145861e-12,5.000000000004259,0,13.8,-1.0000000000027394,1.5,1.200000000003287,-0.5000000000013697,0.0,0.0,0.0
4.8950000000000005,hold_final_pose,0.9290207749808423,-0.38495661671348286,1.0079763922328748,0.016390236821572486,-0.5000000000013217,-0.5000000000013697,3,4.335565634348655e-12,5.00000000000411,0,11.0,-1.0000000000026434,1.5,1.200000000003172,-0.5000000000013217,0.0,0.0,0.0
4.9,hold_final_pose,0.9290207749808207,-0.38495661671349307,1.0079763922328095,0.01639023682154584,-0.5000000000012754,-0.5000000000013217,3,4.1837674628426985e-12,5.000000000003966,0,15.4,-1.0000000000025508,1.5,1.200000000003061,-0.5000000000012754,0.0,0.0,0.0
4.905,hold_final_pose,0.9290207749807997,-0.38495661671350273,1.0079763922327465,0.016390236821520278,-0.5000000000012308,-0.5000000000012754,3,4.0374319957216406e-12,5.000000000003827,0,13.0,-1.0000000000024616,1.5,1.200000000002954,-0.5000000000012308,0.0,0.0,0.0
4.91,hold_final_pose,0.9290207749807796,-0.38495661671351217,1.0079763922326856,0.01639023682149577,-0.5000000000011877,-0.5000000000012308,3,3.8960650814273016e-12,5.000000000003693,0,17.1,-1.0000000000023754,1.5,1.2000000000028506,-0.5000000000011877,0.0,0.0,0.0
4.915,hold_final_pose,0.92902077498076,-0.38495661671352127,1.0079763922326275,0.016390236821472344,-0.5000000000011462,-0.5000000000011877,3,3.759829183261752e-12,5.0000000000035625,0,14.5,-1.0000000000022924,1.5,1.2000000000027509,-0.5000000000011462,0.0,0.0,0.0
4.92,hold_final_pose,0.9290207749807412,-0.38495661671353004,1.007976392232571,0.016390236821449057,-0.5000000000011061,-0.5000000000011462,3,3.628230153696162e-12,5.000000000003438,0,14.2,-1.0000000000022122,1.5,1.2000000000026545,-0.5000000000011061,0.0,0.0,0.0
4.925,hold_final_pose,0.929020774980723,-0.3849566167135386,1.0079763922325162,0.01639023682142688,-0.5000000000010674,-0.5000000000011061,3,3.50109876257861e-12,5.000000000003318,0,11.8,-1.0000000000021347,1.5,1.2000000000025615,-0.5000000000010674,0.0,0.0,0.0
4.93,hold_final_pose,0.9290207749807055,-0.3849566167135467,1.007976392232464,0.01639023682140598,-0.50000000000103,-0.5000000000010674,3,3.3784350074575036e-12,5.000000000003202,0,11.1,-1.00000000000206,1.5,1.2000000000024718,-0.50000000000103,0.0,0.0,0.0
4.9350000000000005,hold_final_pose,0.9290207749806885,-0.3849566167135547,1.007976392232413,0.016390236821385275,-0.5000000000009939,-0.50000000000103,3,3.2600764328309745e-12,5.000000000003089,0,11.6,-1.0000000000019877,1.5,1.2000000000023852,-0.5000000000009939,0.0,0.0,0.0
4.94,hold_final_pose,0.9290207749806724,-0.38495661671356224,1.007976392232364,0.016390236821365152,-0.5000000000009591,-0.5000000000009939,3,3.1460230388762768e-12,5.000000000002981,0,10.8,-1.0000000000019182,1.5,1.2000000000023017,-0.5000000000009591,0.0,0.0,0.0
4.945,hold_final_pose,0.9290207749806567,-0.3849566167135695,1.0079763922323164,0.016390236821345945,-0.5000000000009256,-0.5000000000009591,3,3.0359431388286745e-12,5.000000000002878,0,16.8,-1.0000000000018512,1.5,1.200000000002221,-0.5000000000009256,0.0,0.0,0.0
4.95,hold_final_pose,0.9290207749806413,-0.38495661671357667,1.0079763922322709,0.01639023682132735,-0.5000000000008932,-0.5000000000009256,3,2.9298299477811787e-12,5.0000000000027764,0,11.9,-1.0000000000017863,1.5,1.2000000000021434,-0.5000000000008932,0.0,0.0,0.0
4.955,hold_final_pose,0.9290207749806265,-0.3849566167135835,1.0079763922322267,0.016390236821309613,-0.5000000000008619,-0.5000000000008932,3,2.827196107492323e-12,5.00000000000268,0,10.9,-1.0000000000017237,1.5,1.2000000000020683,-0.5000000000008619,0.0,0.0,0.0
4.96,hold_final_pose,0.9290207749806125,-0.3849566167135901,1.0079763922321843,0.016390236821292266,-0.5000000000008317,-0.5000000000008619,3,2.7282040708909552e-12,5.000000000002586,0,11.3,-1.0000000000016633,1.5,1.200000000001996,-0.5000000000008317,0.0,0.0,0.0
4.965,hold_final_pose,0.9290207749805989,-0.38495661671359654,1.0079763922321432,0.016390236821275807,-0.5000000000008026,-0.5000000000008317,3,2.6326913724521833e-12,5.000000000002496,0,10.9,-1.0000000000016052,1.5,1.200000000001926,-0.5000000000008026,0.0,0.0,0.0
4.97,hold_final_pose,0.9290207749805856,-0.38495661671360265,1.007976392232104,0.01639023682125993,-0.5000000000007745,-0.5000000000008026,3,2.540488790516479e-12,5.000000000002409,0,12.7,-1.000000000001549,1.5,1.2000000000018585,-0.5000000000007745,0.0,0.0,0.0
4.9750000000000005,hold_final_pose,0.929020774980573,-0.3849566167136086,1.0079763922320657,0.016390236821244304,-0.5000000000007474,-0.5000000000007745,3,2.4515963231252396e-12,5.000000000002324,0,19.0,-1.0000000000014948,1.5,1.2000000000017934,-0.5000000000007474,0.0,0.0,0.0
4.98,hold_final_pose,0.9290207749805607,-0.38495661671361436,1.0079763922320286,0.016390236821229094,-0.5000000000007212,-0.5000000000007474,3,2.365682280283074e-12,5.000000000002243,0,10.5,-1.0000000000014424,1.5,1.2000000000017306,-0.5000000000007212,0.0,0.0,0.0
4.985,hold_final_pose,0.9290207749805488,-0.3849566167136198,1.0079763922319933,0.01639023682121494,-0.500000000000696,-0.5000000000007212,3,2.282753448879656e-12,5.000000000002164,0,10.5,-1.000000000001392,1.5,1.20000000000167,-0.500000000000696,0.0,0.0,0.0
4.99,hold_final_pose,0.9290207749805374,-0.3849566167136252,1.007976392231959,0.016390236821200783,-0.5000000000006717,-0.500000000000696,3,2.2029654912040312e-12,5.000000000002088,0,52.4,-1.0000000000013434,1.5,1.2000000000016116,-0.5000000000006717,0.0,0.0,0.0
4.995,hold_final_pose,0.9290207749805264,-0.38495661671363035,1.0079763922319258,0.01639023682118746,-0.5000000000006481,-0.5000000000006717,3,2.1258242593396373e-12,5.000000000002014,0,15.3,-1.0000000000012963,1.5,1.2000000000015552,-0.5000000000006481,0.0,0.0,0.0
5.0,hold_final_pose,0.9290207749805157,-0.38495661671363535,1.0079763922318936,0.016390236821174582,-0.5000000000006255,-0.5000000000006481,3,2.0514990048652067e-12,5.000000000001945,0,13.5,-1.000000000001251,1.5,1.2000000000015008,-0.5000000000006255,0.0,0.0,0.0
5.005,hold_final_pose,0.9290207749805054,-0.38495661671364007,1.007976392231863,0.01639023682116212,-0.5000000000006036,-0.5000000000006255,3,1.9796580391074952e-12,5.000000000001876,0,14.7,-1.0000000000012073,1.5,1.2000000000014481,-0.5000000000006036,0.0,0.0,0.0
5.01,hold_final_pose,0.9290207749804956,-0.3849566167136447,1.0079763922318332,0.016390236821149852,-0.5000000000005825,-0.5000000000006036,3,1.9104637966753423e-12,5.00000000000181,0,21.4,-1.000000000001165,1.5,1.2000000000013975,-0.5000000000005825,0.0,0.0,0.0
5.015,hold_final_pose,0.9290207749804857,-0.38495661671364906,1.0079763922318044,0.016390236821138222,-0.5000000000005621,-0.5000000000005825,3,1.8435845834490117e-12,5.000000000001747,0,13.7,-1.0000000000011242,1.5,1.2000000000013487,-0.5000000000005621,0.0,0.0,0.0
5.0200000000000005,hold_final_pose,0.9290207749804766,-0.38495661671365344,1.0079763922317766,0.016390236821127037,-0.5000000000005425,-0.5000000000005621,3,1.7790272223047127e-12,5.000000000001686,0,12.5,-1.000000000001085,1.5,1.2000000000013014,-0.5000000000005425,0.0,0.0,0.0
5.025,hold_final_pose,0.9290207749804678,-0.38495661671365755,1.0079763922317497,0.016390236821116046,-0.5000000000005235,-0.5000000000005425,3,1.716784890470671e-12,5.000000000001627,0,12.4,-1.000000000001047,1.5,1.2000000000012558,-0.5000000000005235,0.0,0.0,0.0
5.03,hold_final_pose,0.9290207749804593,-0.38495661671366166,1.0079763922317242,0.016390236821105693,-0.5000000000005052,-0.5000000000005235,3,1.6566951535414339e-12,5.000000000001569,0,12.5,-1.0000000000010103,1.5,1.2000000000012119,-0.5000000000005052,0.0,0.0,0.0
5.035,hold_final_pose,0.9290207749804508,-0.3849566167136655,1.0079763922316993,0.016390236821095756,-0.5000000000004875,-0.5000000000005052,3,1.5987580121268345e-12,5.000000000001515,0,11.1,-1.000000000000975,1.5,1.2000000000011695,-0.5000000000004875,0.0,0.0,0.0
5.04,hold_final_pose,0.929020774980443,-0.3849566167136692,1.0079763922316751,0.016390236821085792,-0.5000000000004704,-0.5000000000004875,3,1.5428042042953097e-12,5.000000000001462,0,10.3,-1.0000000000009408,1.5,1.2000000000011286,-0.5000000000004704,0.0,0.0,0.0
5.045,hold_final_pose,0.9290207749804351,-0.3849566167136728,1.0079763922316523,0.016390236821076522,-0.500000000000454,-0.5000000000004704,3,1.4888405568457395e-12,5.00000000000141,0,10.9,-1.000000000000908,1.5,1.200000000001089,-0.500000000000454,0.0,0.0,0.0
5.05,hold_final_pose,0.9290207749804278,-0.3849566167136763,1.0079763922316298,0.016390236821067418,-0.5000000000004381,-0.500000000000454,3,1.436697813830772e-12,5.000000000001362,0,10.2,-1.0000000000008762,1.5,1.200000000001051,-0.5000000000004381,0.0,0.0,0.0
5.055,hold_final_pose,0.9290207749804206,-0.3849566167136796,1.007976392231608,0.016390236821058786,-0.5000000000004228,-0.5000000000004381,3,1.3863759755673642e-12,5.0000000000013145,0,10.4,-1.0000000000008455,1.5,1.200000000001014,-0.5000000000004228,0.0,0.0,0.0
5.0600000000000005,hold_final_pose,0.9290207749804137,-0.384956616713683,1.007976392231587,0.0163902368210501,-0.500000000000408,-0.5000000000004228,3,1.3378750423915991e-12,5.000000000001269,0,9.8,-1.000000000000816,1.5,1.2000000000009785,-0.500000000000408,0.0,0.0,0.0
5.065,hold_final_pose,0.9290207749804069,-0.3849566167136859,1.0079763922315672,0.016390236821042077,-0.5000000000003937,-0.500000000000408,3,1.2910257263129072e-12,5.000000000001225,0,10.1,-1.0000000000007874,1.5,1.2000000000009443,-0.5000000000003937,0.0,0.0,0.0
5.07,hold_final_pose,0.9290207749804004,-0.38495661671368897,1.0079763922315477,0.016390236821034028,-0.5000000000003799,-0.5000000000003937,3,1.2458348959332089e-12,5.000000000001181,0,11.3,-1.0000000000007598,1.5,1.2000000000009112,-0.5000000000003799,0.0,0.0,0.0
5.075,hold_final_pose,0.9290207749803943,-0.38495661671369197,1.0079763922315288,0.016390236821026423,-0.5000000000003666,-0.5000000000003799,3,1.2021332702969e-12,5.00000000000114,0,10.6,-1.0000000000007332,1.5,1.2000000000008793,-0.5000000000003666,0.0,0.0,0.0
5.08,hold_final_pose,0.9290207749803882,-0.38495661671369474,1.0079763922315108,0.016390236821019262,-0.5000000000003537,-0.5000000000003666,3,1.1599208484819629e-12,5.0000000000011005,0,10.4,-1.0000000000007074,1.5,1.2000000000008484,-0.5000000000003537,0.0,0.0,0.0
5.085,hold_final_pose,0.9290207749803824,-0.38495661671369746,1.0079763922314933,0.016390236821012073,-0.5000000000003413,-0.5000000000003537,3,1.1191976319532628e-12,5.0000000000010605,0,11.4,-1.0000000000006826,1.5,1.2000000000008186,-0.5000000000003413,0.0,0.0,0.0
5.09,hold_final_pose,0.9290207749803767,-0.3849566167137001,1.0079763922314764,0.0163902368210053,-0.5000000000003293,-0.5000000000003413,3,1.0799636250088286e-12,5.000000000001023,0,10.8,-1.0000000000006586,1.5,1.20000000000079,-0.5000000000003293,0.0,0.0,0.0
5.095,hold_final_pose,0.9290207749803713,-0.38495661671370257,1.0079763922314602,0.01639023682099875,-0.5000000000003177,-0.5000000000003293,3,1.042056395477642e-12,5.000000000000988,0,9.9,-1.0000000000006355,1.5,1.2000000000007622,-0.5000000000003177,0.0,0.0,0.0
5.1000000000000005,hold_final_pose,0.929020774980366,-0.38495661671370507,1.0079763922314446,0.016390236820992422,-0.5000000000003066,-0.5000000000003177,3,1.0056383732898475e-12,5.000000000000953,0,11.0,-1.0000000000006133,1.5,1.2000000000007356,-0.5000000000003066,0.0,0.0,0.0
5.105,hold_final_pose,0.9290207749803612,-0.3849566167137074,1.0079763922314295,0.01639023682098629,-0.5000000000002959,-0.5000000000003066,3,9.7037786432207e-13,5.000000000000918,0,19.0,-1.0000000000005917,1.5,1.2000000000007098,-0.5000000000002959,0.0,0.0,0.0
5.11,hold_final_pose,0.9290207749803563,-0.3849566167137097,1.0079763922314147,0.016390236820980154,-0.5000000000002855,-0.5000000000002959,3,9.364441313002368e-13,5.000000000000886,0,10.7,-1.000000000000571,1.5,1.200000000000685,-0.5000000000002855,0.0,0.0,0.0
5.115,hold_final_pose,0.9290207749803515,-0.38495661671371184,1.0079763922314005,0.01639023682097466,-0.5000000000002756,-0.5000000000002855,3,9.036679114986004e-13,5.000000000000856,0,11.4,-1.0000000000005511,1.5,1.200000000000661,-0.5000000000002756,0.0,0.0,0.0
5.12,hold_final_pose,0.929020774980347,-0.3849566167137139,1.007976392231387,0.01639023682096894,-0.5000000000002659,-0.5000000000002756,3,8.722116500852607e-13,5.000000000000826,0,10.1,-1.0000000000005318,1.5,1.200000000000638,-0.5000000000002659,0.0,0.0,0.0
5.125,hold_final_pose,0.9290207749803427,-0.38495661671371595,1.0079763922313738,0.01639023682096364,-0.5000000000002566,-0.5000000000002659,3,8.41588019420143e-13,5.000000000000798,0,11.0,-1.0000000000005131,1.5,1.2000000000006155,-0.5000000000002566,0.0,0.0,0.0
5.13,hold_final_pose,0.9290207749803384,-0.38495661671371795,1.0079763922313612,0.016390236820958366,-0.5000000000002476,-0.5000000000002566,3,8.121219121879463e-13,5.00000000000077,0,10.4,-1.0000000000004952,1.5,1.200000000000594,-0.5000000000002476,0.0,0.0,0.0
5.135,hold_final_pose,0.9290207749803344,-0.38495661671371983,1.0079763922313492,0.01639023682095351,-0.5000000000002389,-0.5000000000002476,3,7.836508727789139e-13,5.000000000000743,0,11.1,-1.0000000000004778,1.5,1.200000000000573,-0.5000000000002389,0.0,0.0,0.0
5.14,hold_final_pose,0.9290207749803305,-0.3849566167137216,1.0079763922313372,0.016390236820948652,-0.5000000000002306,-0.5000000000002389,3,7.563373556373251e-13,5.000000000000717,0,10.6,-1.0000000000004612,1.5,1.200000000000553,-0.5000000000002306,0.0,0.0,0.0
5.1450000000000005,hold_final_pose,0.9290207749803268,-0.3849566167137234,1.0079763922313256,0.01639023682094399,-0.5000000000002225,-0.5000000000002306,3,7.298496728243318e-13,5.000000000000692,0,15.0,-1.000000000000445,1.5,1.2000000000005338,-0.5000000000002225,0.0,0.0,0.0
5.15,hold_final_pose,0.9290207749803228,-0.38495661671372505,1.007976392231315,0.01639023682093977,-0.5000000000002147,-0.5000000000002225,3,7.043570567694058e-13,5.000000000000668,0,10.5,-1.0000000000004294,1.5,1.200000000000515,-0.5000000000002147,0.0,0.0,0.0
5.155,hold_final_pose,0.9290207749803197,-0.38495661671372683,1.007976392231304,0.016390236820935357,-0.5000000000002072,-0.5000000000002147,3,6.795278536200721e-13,5.000000000000645,0,10.0,-1.0000000000004143,1.5,1.2000000000004971,-0.5000000000002072,0.0,0.0,0.0
5.16,hold_final_pose,0.9290207749803161,-0.38495661671372833,1.007976392231294,0.01639023682093136,-0.5000000000002,-0.5000000000002072,3,6.558561400245409e-13,5.000000000000622,0,10.7,-1.0000000000004,1.5,1.2000000000004798,-0.5000000000002,0.0,0.0,0.0
5.165,hold_final_pose,0.9290207749803128,-0.38495661671372994,1.0079763922312843,0.016390236820927336,-0.500000000000193,-0.5000000000002,3,6.330102648572344e-13,5.0000000000006,0,10.4,-1.000000000000386,1.5,1.2000000000004631,-0.500000000000193,0.0,0.0,0.0
5.17,hold_final_pose,0.9290207749803097,-0.38495661671373127,1.007976392231275,0.016390236820923505,-0.5000000000001862,-0.500000000000193,3,6.108277680332933e-13,5.000000000000579,0,11.4,-1.0000000000003724,1.5,1.200000000000447,-0.5000000000001862,0.0,0.0,0.0
5.175,hold_final_pose,0.9290207749803066,-0.3849566167137327,1.0079763922312655,0.016390236820919703,-0.5000000000001796,-0.5000000000001862,3,5.894711349477486e-13,5.000000000000559,0,11.0,-1.0000000000003593,1.5,1.2000000000004314,-0.5000000000001796,0.0,0.0,0.0
5.18,hold_final_pose,0.9290207749803034,-0.3849566167137341,1.0079763922312568,0.016390236820916344,-0.5000000000001733,-0.5000000000001796,3,5.687778743755848e-13,5.000000000000539,0,10.6,-1.0000000000003466,1.5,1.2000000000004163,-0.5000000000001733,0.0,0.0,0.0
5.1850000000000005,hold_final_pose,0.9290207749803008,-0.3849566167137354,1.0079763922312481,0.016390236820912514,-0.5000000000001672,-0.5000000000001733,3,5.487479207831261e-13,5.0000000000005205,0,10.9,-1.0000000000003344,1.5,1.2000000000004016,-0.5000000000001672,0.0,0.0,0.0
5.19,hold_final_pose,0.9290207749802979,-0.38495661671373677,1.0079763922312397,0.016390236820909128,-0.5000000000001613,-0.5000000000001672,3,5.295439013259531e-13,5.000000000000502,0,10.5,-1.0000000000003226,1.5,1.2000000000003876,-0.5000000000001613,0.0,0.0,0.0
5.195,hold_final_pose,0.9290207749802953,-0.3849566167137381,1.0079763922312315,0.01639023682090577,-0.5000000000001557,-0.5000000000001613,3,5.110032284669711e-13,5.000000000000484,0,10.7,-1.0000000000003113,1.5,1.200000000000374,-0.5000000000001557,0.0,0.0,0.0
5.2,hold_final_pose,0.9290207749802928,-0.3849566167137392,1.007976392231224,0.0163902368209028,-0.5000000000001502,-0.5000000000001557,3,4.931258875599916e-13,5.000000000000466,0,10.6,-1.0000000000003004,1.5,1.200000000000361,-0.5000000000001502,0.0,0.0,0.0
5.205,hold_final_pose,0.9290207749802903,-0.3849566167137404,1.0079763922312164,0.016390236820899635,-0.500000000000145,-0.5000000000001502,3,4.759118851984128e-13,5.00000000000045,0,10.9,-1.00000000000029,1.5,1.2000000000003483,-0.500000000000145,0.0,0.0,0.0
5.21,hold_final_pose,0.9290207749802878,-0.3849566167137414,1.0079763922312097,0.01639023682089711,-0.5000000000001399,-0.500000000000145,3,4.591921083486654e-13,5.000000000000434,0,11.0,-1.0000000000002798,1.5,1.2000000000003361,-0.5000000000001399,0.0,0.0,0.0
5.215,hold_final_pose,0.9290207749802857,-0.3849566167137424,1.0079763922312026,0.016390236820894112,-0.500000000000135,-0.5000000000001399,3,4.431356702954638e-13,5.000000000000419,0,10.9,-1.00000000000027,1.5,1.2000000000003244,-0.500000000000135,0.0,0.0,0.0
5.22,hold_final_pose,0.9290207749802833,-0.38495661671374354,1.0079763922311964,0.016390236820891614,-0.5000000000001302,-0.500000000000135,3,4.275734667315004e-13,5.000000000000404,0,11.5,-1.0000000000002605,1.5,1.200000000000313,-0.5000000000001302,0.0,0.0,0.0
5.2250000000000005,hold_final_pose,0.9290207749802811,-0.3849566167137446,1.0079763922311893,0.016390236820888644,-0.5000000000001257,-0.5000000000001302,3,4.1267460256120697e-13,5.00000000000039,0,10.2,-1.0000000000002514,1.5,1.2000000000003022,-0.5000000000001257,0.0,0.0,0.0
5.23,hold_final_pose,0.9290207749802789,-0.3849566167137454,1.0079763922311833,0.01639023682088634,-0.5000000000001212,-0.5000000000001257,3,3.9810740024028837e-13,5.000000000000377,0,14.5,-1.0000000000002425,1.5,1.2000000000002915,-0.5000000000001212,0.0,0.0,0.0
5.235,hold_final_pose,0.929020774980277,-0.3849566167137464,1.0079763922311773,0.016390236820883787,-0.500000000000117,-0.5000000000001212,3,3.8420351747250803e-13,5.000000000000363,0,11.6,-1.000000000000234,1.5,1.2000000000002813,-0.500000000000117,0.0,0.0,0.0
5.24,hold_final_pose,0.9290207749802751,-0.38495661671374726,1.0079763922311717,0.016390236820881678,-0.5000000000001129,-0.500000000000117,3,3.707938973427057e-13,5.000000000000351,0,11.1,-1.0000000000002258,1.5,1.2000000000002715,-0.5000000000001129,0.0,0.0,0.0
5.245,hold_final_pose,0.9290207749802731,-0.38495661671374815,1.0079763922311664,0.016390236820879346,-0.5000000000001089,-0.5000000000001129,3,3.577159432113598e-13,5.000000000000338,0,13.0,-1.0000000000002178,1.5,1.200000000000262,-0.5000000000001089,0.0,0.0,0.0
5.25,hold_final_pose,0.9290207749802716,-0.384956616713749,1.0079763922311606,0.016390236820877015,-0.5000000000001051,-0.5000000000001089,3,3.4530129668343326e-13,5.000000000000327,0,11.1,-1.0000000000002103,1.5,1.2000000000002529,-0.5000000000001051,0.0,0.0,0.0
5.255,hold_final_pose,0.9290207749802699,-0.3849566167137498,1.0079763922311553,0.016390236820875127,-0.5000000000001015,-0.5000000000001051,3,3.332183073976577e-13,5.000000000000316,0,11.1,-1.000000000000203,1.5,1.200000000000244,-0.5000000000001015,0.0,0.0,0.0
5.26,hold_final_pose,0.9290207749802684,-0.38495661671375064,1.0079763922311507,0.01639023682087299,-0.5000000000000979,-0.5000000000001015,3,3.2162959825975874e-13,5.000000000000305,0,11.0,-1.0000000000001958,1.5,1.2000000000002355,-0.5000000000000979,0.0,0.0,0.0
5.265,hold_final_pose,0.9290207749802666,-0.3849566167137515,1.0079763922311455,0.01639023682087088,-0.5000000000000945,-0.5000000000000979,3,3.1037255164967474e-13,5.000000000000294,0,11.1,-1.000000000000189,1.5,1.2000000000002273,-0.5000000000000945,0.0,0.0,0.0
5.2700000000000005,hold_final_pose,0.929020774980265,-0.3849566167137521,1.0079763922311409,0.016390236820868993,-0.5000000000000911,-0.5000000000000945,3,2.9944715531669296e-13,5.000000000000284,0,10.8,-1.0000000000001823,1.5,1.2000000000002193,-0.5000000000000911,0.0,0.0,0.0
5.275,hold_final_pose,0.9290207749802635,-0.3849566167137528,1.0079763922311364,0.0163902368208673,-0.5000000000000879,-0.5000000000000911,3,2.8885340490848043e-13,5.000000000000274,0,10.2,-1.0000000000001759,1.5,1.2000000000002116,-0.5000000000000879,0.0,0.0,0.0
5.28,hold_final_pose,0.9290207749802619,-0.3849566167137534,1.0079763922311318,0.016390236820865385,-0.5000000000000848,-0.5000000000000879,3,2.7875398694978553e-13,5.000000000000265,0,10.9,-1.0000000000001696,1.5,1.2000000000002042,-0.5000000000000848,0.0,0.0,0.0
5.285,hold_final_pose,0.9290207749802607,-0.3849566167137541,1.0079763922311278,0.016390236820863942,-0.5000000000000818,-0.5000000000000848,3,2.689862356993833e-13,5.000000000000255,0,10.4,-1.0000000000001636,1.5,1.2000000000001971,-0.5000000000000818,0.0,0.0,0.0
5.29,hold_final_pose,0.9290207749802594,-0.38495661671375464,1.0079763922311236,0.01639023682086222,-0.5000000000000789,-0.5000000000000818,3,2.595501270304009e-13,5.000000000000245,0,11.0,-1.0000000000001579,1.5,1.2000000000001902,-0.5000000000000789,0.0,0.0,0.0
5.295,hold_final_pose,0.9290207749802579,-0.38495661671375525,1.0079763922311196,0.016390236820860556,-0.5000000000000762,-0.5000000000000789,3,2.504456444568656e-13,5.000000000000237,0,11.3,-1.0000000000001523,1.5,1.2000000000001836,-0.5000000000000762,0.0,0.0,0.0
5.3,hold_final_pose,0.9290207749802567,-0.384956616713756,1.007976392231116,0.016390236820859057,-0.5000000000000735,-0.5000000000000762,3,2.4167278085162975e-13,5.000000000000229,0,11.1,-1.000000000000147,1.5,1.2000000000001771,-0.5000000000000735,0.0,0.0,0.0
5.305,hold_final_pose,0.9290207749802554,-0.38495661671375647,1.0079763922311127,0.016390236820857808,-0.5000000000000709,-0.5000000000000735,3,2.3323154037437693e-13,5.000000000000221,0,10.4,-1.0000000000001419,1.5,1.200000000000171,-0.5000000000000709,0.0,0.0,0.0
5.3100000000000005,hold_final_pose,0.9290207749802545,-0.3849566167137571,1.0079763922311087,0.016390236820856087,-0.5000000000000685,-0.5000000000000709,3,2.2512194060955005e-13,5.000000000000213,0,11.3,-1.000000000000137,1.5,1.200000000000165,-0.5000000000000685,0.0,0.0,0.0
5.315,hold_final_pose,0.9290207749802533,-0.3849566167137574,1.0079763922311056,0.016390236820854838,-0.5000000000000661,-0.5000000000000685,3,2.1717509013002485e-13,5.000000000000205,0,10.9,-1.0000000000001321,1.5,1.2000000000001592,-0.5000000000000661,0.0,0.0,0.0
5.32,hold_final_pose,0.9290207749802522,-0.384956616713758,1.0079763922311025,0.01639023682085359,-0.5000000000000637,-0.5000000000000661,3,2.0955988225750985e-13,5.000000000000198,0,11.7,-1.0000000000001275,1.5,1.2000000000001536,-0.5000000000000637,0.0,0.0,0.0
5.325,hold_final_pose,0.9290207749802512,-0.3849566167137585,1.0079763922310991,0.016390236820852062,-0.5000000000000615,-0.5000000000000637,3,2.0227629781978534e-13,5.000000000000191,0,10.8,-1.000000000000123,1.5,1.2000000000001483,-0.5000000000000615,0.0,0.0,0.0
5.33,hold_final_pose,0.9290207749802502,-0.384956616713759,1.0079763922310963,0.016390236820851035,-0.5000000000000594,-0.5000000000000615,3,1.95324329456272e-13,5.000000000000183,0,11.1,-1.0000000000001188,1.5,1.2000000000001432,-0.5000000000000594,0.0,0.0,0.0
5.335,hold_final_pose,0.9290207749802492,-0.3849566167137596,1.0079763922310934,0.01639023682084998,-0.5000000000000573,-0.5000000000000594,3,1.8837236211344524e-13,5.000000000000178,0,10.7,-1.0000000000001146,1.5,1.200000000000138,-0.5000000000000573,0.0,0.0,0.0
5.34,hold_final_pose,0.9290207749802479,-0.3849566167137599,1.0079763922310905,0.016390236820848732,-0.5000000000000553,-0.5000000000000573,3,1.817520204156277e-13,5.000000000000171,0,10.6,-1.0000000000001106,1.5,1.2000000000001332,-0.5000000000000553,0.0,0.0,0.0
5.345,hold_final_pose,0.9290207749802474,-0.3849566167137602,1.0079763922310876,0.016390236820847427,-0.5000000000000534,-0.5000000000000553,3,1.7546332925166396e-13,5.000000000000165,0,11.6,-1.0000000000001068,1.5,1.2000000000001285,-0.5000000000000534,0.0,0.0,0.0
5.3500000000000005,hold_final_pose,0.9290207749802465,-0.3849566167137608,1.007976392231085,0.016390236820846595,-0.5000000000000515,-0.5000000000000534,3,1.69337365069232e-13,5.00000000000016,0,11.3,-1.000000000000103,1.5,1.200000000000124,-0.5000000000000515,0.0,0.0,0.0
5.355,hold_final_pose,0.9290207749802456,-0.3849566167137612,1.0079763922310827,0.01639023682084554,-0.5000000000000497,-0.5000000000000515,3,1.633803237364358e-13,5.0000000000001545,0,10.6,-1.0000000000000995,1.5,1.2000000000001196,-0.5000000000000497,0.0,0.0,0.0
5.36,hold_final_pose,0.9290207749802448,-0.3849566167137615,1.0079763922310798,0.016390236820844263,-0.500000000000048,-0.5000000000000497,3,1.5758598064662177e-13,5.000000000000149,0,10.4,-1.000000000000096,1.5,1.2000000000001154,-0.500000000000048,0.0,0.0,0.0
5.365,hold_final_pose,0.9290207749802439,-0.3849566167137619,1.0079763922310776,0.016390236820843625,-0.5000000000000463,-0.500000000000048,3,1.5212328388396995e-13,5.000000000000144,0,10.9,-1.0000000000000926,1.5,1.2000000000001114,-0.5000000000000463,0.0,0.0,0.0
5.37,hold_final_pose,0.9290207749802433,-0.38495661671376225,1.0079763922310752,0.016390236820842348,-0.5000000000000446,-0.5000000000000463,3,1.4666058761913164e-13,5.0000000000001386,0,10.6,-1.0000000000000893,1.5,1.2000000000001074,-0.5000000000000446,0.0,0.0,0.0
5.375,hold_final_pose,0.9290207749802423,-0.38495661671376263,1.0079763922310732,0.016390236820841737,-0.5000000000000431,-0.5000000000000446,3,1.415295311726574e-13,5.000000000000133,0,11.8,-1.0000000000000862,1.5,1.2000000000001037,-0.5000000000000431,0.0,0.0,0.0
5.38,hold_final_pose,0.9290207749802416,-0.3849566167137628,1.007976392231071,0.016390236820840683,-0.5000000000000415,-0.5000000000000431,3,1.3656122298172411e-13,5.00000000000013,0,11.2,-1.000000000000083,1.5,1.2000000000001,-0.5000000000000415,0.0,0.0,0.0
5.385,hold_final_pose,0.9290207749802409,-0.3849566167137633,1.0079763922310687,0.016390236820840044,-0.5000000000000401,-0.5000000000000415,3,1.3176177184768926e-13,5.000000000000125,0,10.8,-1.0000000000000802,1.5,1.2000000000000965,-0.5000000000000401,0.0,0.0,0.0
5.39,hold_final_pose,0.9290207749802403,-0.3849566167137636,1.007976392231067,0.01639023682083921,-0.5000000000000386,-0.5000000000000401,3,1.271251419648527e-13,5.000000000000121,0,11.8,-1.0000000000000773,1.5,1.2000000000000932,-0.5000000000000386,0.0,0.0,0.0
5.3950000000000005,hold_final_pose,0.9290207749802397,-0.3849566167137638,1.007976392231065,0.01639023682083835,-0.5000000000000373,-0.5000000000000386,3,1.2265728701438453e-13,5.000000000000116,0,10.9,-1.0000000000000746,1.5,1.2000000000000899,-0.5000000000000373,0.0,0.0,0.0
5.4,hold_final_pose,0.929020774980239,-0.3849566167137642,1.0079763922310632,0.01639023682083752,-0.500000000000036,-0.5000000000000373,3,1.1835227396267959e-13,5.000000000000113,0,10.5,-1.000000000000072,1.5,1.2000000000000868,-0.500000000000036,0.0,0.0,0.0
5.405,hold_final_pose,0.9290207749802385,-0.38495661671376447,1.0079763922310612,0.01639023682083688,-0.5000000000000347,-0.500000000000036,3,1.1421605188404282e-13,5.000000000000108,0,11.3,-1.0000000000000695,1.5,1.2000000000000837,-0.5000000000000347,0.0,0.0,0.0
5.41,hold_final_pose,0.929020774980238,-0.3849566167137647,1.0079763922310596,0.01639023682083624,-0.5000000000000335,-0.5000000000000347,3,1.1024263070549336e-13,5.000000000000105,0,10.4,-1.000000000000067,1.5,1.2000000000000808,-0.5000000000000335,0.0,0.0,0.0
5.415,hold_final_pose,0.9290207749802373,-0.38495661671376485,1.0079763922310578,0.016390236820835603,-0.5000000000000323,-0.5000000000000335,3,1.0626922334274088e-13,5.000000000000101,0,11.3,-1.0000000000000646,1.5,1.200000000000078,-0.5000000000000323,0.0,0.0,0.0
5.42,hold_final_pose,0.9290207749802368,-0.3849566167137652,1.0079763922310563,0.01639023682083477,-0.5000000000000312,-0.5000000000000323,3,1.0262743343958686e-13,5.000000000000097,0,10.8,-1.0000000000000624,1.5,1.2000000000000752,-0.5000000000000312,0.0,0.0,0.0
5.425,hold_final_pose,0.9290207749802365,-0.3849566167137656,1.0079763922310547,0.016390236820834327,-0.5000000000000301,-0.5000000000000312,3,9.898564444838642e-14,5.000000000000093,0,11.7,-1.0000000000000602,1.5,1.2000000000000726,-0.5000000000000301,0.0,0.0,0.0
5.43,hold_final_pose,0.9290207749802358,-0.3849566167137656,1.0079763922310532,0.016390236820833716,-0.500000000000029,-0.5000000000000301,3,9.534385647363952e-14,5.00000000000009,0,10.7,-1.000000000000058,1.5,1.20000000000007,-0.500000000000029,0.0,0.0,0.0
5.4350000000000005,hold_final_pose,0.9290207749802354,-0.3849566167137659,1.007976392231052,0.016390236820833078,-0.500000000000028,-0.500000000000029,3,9.203367185212329e-14,5.000000000000086,0,11.9,-1.000000000000056,1.5,1.2000000000000675,-0.500000000000028,0.0,0.0,0.0
5.44,hold_final_pose,0.9290207749802348,-0.3849566167137662,1.0079763922310505,0.01639023682083266,-0.500000000000027,-0.500000000000028,3,8.872349228882854e-14,5.0000000000000835,0,10.4,-1.000000000000054,1.5,1.200000000000065,-0.500000000000027,0.0,0.0,0.0
5.445,hold_final_pose,0.9290207749802344,-0.38495661671376646,1.007976392231049,0.0163902368208318,-0.500000000000026,-0.500000000000027,3,8.557623271683622e-14,5.000000000000081,0,11.2,-1.000000000000052,1.5,1.2000000000000628,-0.500000000000026,0.0,0.0,0.0
5.45,hold_final_pose,0.9290207749802337,-0.3849566167137666,1.0079763922310478,0.016390236820831385,-0.5000000000000251,-0.500000000000026,3,8.259760850769693e-14,5.000000000000077,0,11.5,-1.0000000000000502,1.5,1.2000000000000606,-0.5000000000000251,0.0,0.0,0.0
5.455,hold_final_pose,0.9290207749802335,-0.38495661671376674,1.0079763922310467,0.016390236820830968,-0.5000000000000242,-0.5000000000000251,3,7.96190154846372e-14,5.0000000000000755,0,11.2,-1.0000000000000484,1.5,1.2000000000000584,-0.5000000000000242,0.0,0.0,0.0
5.46,hold_final_pose,0.9290207749802332,-0.38495661671376696,1.0079763922310452,0.016390236820830302,-0.5000000000000233,-0.5000000000000242,3,7.68033640057302e-14,5.000000000000073,0,10.6,-1.0000000000000466,1.5,1.2000000000000564,-0.5000000000000233,0.0,0.0,0.0
5.465,hold_final_pose,0.9290207749802328,-0.38495661671376713,1.0079763922310443,0.016390236820829886,-0.5000000000000225,-0.5000000000000233,3,7.415633281283074e-14,5.00000000000007,0,10.7,-1.000000000000045,1.5,1.2000000000000544,-0.5000000000000225,0.0,0.0,0.0
5.47,hold_final_pose,0.9290207749802324,-0.38495661671376735,1.0079763922310432,0.016390236820829497,-0.5000000000000218,-0.5000000000000225,3,7.150939520698594e-14,5.000000000000068,0,12.2,-1.0000000000000435,1.5,1.2000000000000524,-0.5000000000000218,0.0,0.0,0.0
5.4750000000000005,hold_final_pose,0.929020774980232,-0.38495661671376735,1.0079763922310419,0.016390236820829053,-0.500000000000021,-0.5000000000000218,3,6.902525388909246e-14,5.000000000000066,0,10.8,-1.000000000000042,1.5,1.2000000000000506,-0.500000000000021,0.0,0.0,0.0
5.48,hold_final_pose,0.9290207749802316,-0.3849566167137677,1.007976392231041,0.016390236820828415,-0.5000000000000202,-0.500000000000021,3,6.654117784940247e-14,5.000000000000063,0,11.0,-1.0000000000000404,1.5,1.2000000000000488,-0.5000000000000202,0.0,0.0,0.0
5.485,hold_final_pose,0.9290207749802316,-0.38495661671376785,1.00797639223104,0.01639023682082822,-0.5000000000000195,-0.5000000000000202,3,6.42258022402264e-14,5.000000000000061,0,10.7,-1.000000000000039,1.5,1.200000000000047,-0.5000000000000195,0.0,0.0,0.0
5.49,hold_final_pose,0.9290207749802312,-0.3849566167137679,1.007976392231039,0.016390236820827776,-0.5000000000000189,-0.5000000000000195,3,6.207328317351097e-14,5.000000000000059,0,10.6,-1.0000000000000377,1.5,1.2000000000000455,-0.5000000000000189,0.0,0.0,0.0
5.495,hold_final_pose,0.9290207749802308,-0.3849566167137681,1.007976392231038,0.016390236820827582,-0.5000000000000182,-0.5000000000000189,3,5.992078445842841e-14,5.000000000000056,0,10.4,-1.0000000000000364,1.5,1.200000000000044,-0.5000000000000182,0.0,0.0,0.0
5.5,hold_final_pose,0.9290207749802305,-0.3849566167137681,1.007976392231037,0.016390236820826944,-0.5000000000000175,-0.5000000000000182,3,5.776830836993877e-14,5.000000000000055,0,10.1,-1.000000000000035,1.5,1.2000000000000424,-0.5000000000000175,0.0,0.0,0.0
5.505,hold_final_pose,0.9290207749802304,-0.3849566167137684,1.0079763922310363,0.0163902368208265,-0.5000000000000169,-0.5000000000000175,3,5.561585753516336e-14,5.000000000000053,0,11.8,-1.0000000000000338,1.5,1.2000000000000408,-0.5000000000000169,0.0,0.0,0.0
5.51,hold_final_pose,0.92902077498023,-0.38495661671376835,1.0079763922310356,0.016390236820826527,-0.5000000000000163,-0.5000000000000169,3,5.379497423503751e-14,5.000000000000051,0,10.5,-1.0000000000000326,1.5,1.2000000000000395,-0.5000000000000163,0.0,0.0,0.0
5.515,hold_final_pose,0.9290207749802297,-0.3849566167137686,1.0079763922310347,0.016390236820826083,-0.5000000000000158,-0.5000000000000163,3,5.197409218552669e-14,5.000000000000049,0,10.3,-1.0000000000000315,1.5,1.2000000000000381,-0.5000000000000158,0.0,0.0,0.0
5.5200000000000005,hold_final_pose,0.9290207749802293,-0.3849566167137687,1.007976392231034,0.01639023682082589,-0.5000000000000152,-0.5000000000000158,3,5.015321152284684e-14,5.000000000000047,0,10.9,-1.0000000000000304,1.5,1.2000000000000368,-0.5000000000000152,0.0,0.0,0.0
5.525,hold_final_pose,0.9290207749802291,-0.38495661671376874,1.0079763922310332,0.01639023682082525,-0.5000000000000147,-0.5000000000000152,3,4.833233240374109e-14,5.000000000000044,0,10.5,-1.0000000000000293,1.5,1.2000000000000355,-0.5000000000000147,0.0,0.0,0.0
5.53,hold_final_pose,0.929020774980229,-0.3849566167137691,1.0079763922310323,0.016390236820825056,-0.5000000000000141,-0.5000000000000147,3,4.651145500949782e-14,5.0000000000000435,0,10.4,-1.0000000000000282,1.5,1.2000000000000342,-0.5000000000000141,0.0,0.0,0.0
5.535,hold_final_pose,0.9290207749802288,-0.3849566167137691,1.0079763922310314,0.016390236820824612,-0.5000000000000137,-0.5000000000000141,3,4.502211036720773e-14,5.000000000000042,0,11.5,-1.0000000000000273,1.5,1.200000000000033,-0.5000000000000137,0.0,0.0,0.0
5.54,hold_final_pose,0.9290207749802285,-0.3849566167137692,1.007976392231031,0.01639023682082464,-0.5000000000000132,-0.5000000000000137,3,4.353277775797676e-14,5.000000000000041,0,10.9,-1.0000000000000264,1.5,1.200000000000032,-0.5000000000000132,0.0,0.0,0.0
5.545,hold_final_pose,0.9290207749802283,-0.38495661671376924,1.0079763922310307,0.01639023682082464,-0.5000000000000128,-0.5000000000000132,3,4.204345846056942e-14,5.00000000000004,0,11.8,-1.0000000000000255,1.5,1.2000000000000308,-0.5000000000000128,0.0,0.0,0.0
5.55,hold_final_pose,0.9290207749802281,-0.38495661671376924,1.0079763922310299,0.016390236820824196,-0.5000000000000123,-0.5000000000000128,3,4.055415394158439e-14,5.000000000000038,0,11.4,-1.0000000000000246,1.5,1.2000000000000297,-0.5000000000000123,0.0,0.0,0.0
5.555,hold_final_pose,0.9290207749802276,-0.3849566167137694,1.0079763922310292,0.01639023682082378,-0.5000000000000119,-0.5000000000000123,3,3.90648658912544e-14,5.000000000000037,0,11.1,-1.0000000000000238,1.5,1.2000000000000286,-0.5000000000000119,0.0,0.0,0.0
5.5600000000000005,hold_final_pose,0.9290207749802275,-0.3849566167137695,1.0079763922310285,0.016390236820823557,-0.5000000000000114,-0.5000000000000119,3,3.7738602023856534e-14,5.000000000000036,0,10.9,-1.0000000000000229,1.5,1.2000000000000277,-0.5000000000000114,0.0,0.0,0.0
5.565,hold_final_pose,0.9290207749802274,-0.3849566167137697,1.0079763922310279,0.016390236820823363,-0.500000000000011,-0.5000000000000114,3,3.641277649949066e-14,5.0000000000000355,0,10.8,-1.000000000000022,1.5,1.2000000000000268,-0.500000000000011,0.0,0.0,0.0
5.57,hold_final_pose,0.9290207749802273,-0.3849566167137697,1.0079763922310272,0.01639023682082292,-0.5000000000000107,-0.500000000000011,3,3.525478208672237e-14,5.000000000000034,0,11.7,-1.0000000000000213,1.5,1.200000000000026,-0.5000000000000107,0.0,0.0,0.0
5.575,hold_final_pose,0.9290207749802268,-0.38495661671376985,1.0079763922310268,0.016390236820822947,-0.5000000000000103,-0.5000000000000107,3,3.4096863272464085e-14,5.000000000000033,0,11.4,-1.0000000000000207,1.5,1.200000000000025,-0.5000000000000103,0.0,0.0,0.0
5.58,hold_final_pose,0.9290207749802268,-0.3849566167137699,1.0079763922310265,0.016390236820822947,-0.50000000000001,-0.5000000000000103,3,3.293902802935067e-14,5.000000000000031,0,11.2,-1.00000000000002,1.5,1.2000000000000242,-0.50000000000001,0.0,0.0,0.0
5.585,hold_final_pose,0.9290207749802266,-0.38495661671376996,1.007976392231026,0.016390236820822725,-0.5000000000000097,-0.50000000000001,3,3.178128549121317e-14,5.000000000000029,0,10.9,-1.0000000000000193,1.5,1.2000000000000233,-0.5000000000000097,0.0,0.0,0.0
5.59,hold_final_pose,0.9290207749802265,-0.38495661671376996,1.0079763922310256,0.016390236820822503,-0.5000000000000093,-0.5000000000000097,3,3.062364617232987e-14,5.000000000000028,0,11.9,-1.0000000000000187,1.5,1.2000000000000224,-0.5000000000000093,0.0,0.0,0.0
5.595,hold_final_pose,0.9290207749802265,-0.3849566167137702,1.007976392231025,0.01639023682082206,-0.500000000000009,-0.5000000000000093,3,2.946612223826746e-14,5.0000000000000275,0,10.5,-1.000000000000018,1.5,1.2000000000000215,-0.500000000000009,0.0,0.0,0.0
5.6000000000000005,hold_final_pose,0.9290207749802264,-0.3849566167137702,1.0079763922310248,0.016390236820822086,-0.5000000000000087,-0.500000000000009,3,2.8471106123948994e-14,5.000000000000026,0,10.3,-1.0000000000000173,1.5,1.2000000000000208,-0.5000000000000087,0.0,0.0,0.0
5.605,hold_final_pose,0.9290207749802261,-0.38495661671377013,1.007976392231024,0.01639023682082167,-0.5000000000000083,-0.5000000000000087,3,2.747639372712788e-14,5.000000000000026,0,14.1,-1.0000000000000167,1.5,1.2000000000000202,-0.5000000000000083,0.0,0.0,0.0
5.61,hold_final_pose,0.9290207749802261,-0.38495661671377035,1.0079763922310236,0.01639023682082167,-0.500000000000008,-0.5000000000000083,3,2.6482019272356847e-14,5.000000000000025,0,10.4,-1.000000000000016,1.5,1.2000000000000195,-0.500000000000008,0.0,0.0,0.0
5.615,hold_final_pose,0.9290207749802258,-0.3849566167137703,1.0079763922310232,0.016390236820821476,-0.5000000000000077,-0.500000000000008,3,2.5488022312473506e-14,5.000000000000023,0,11.4,-1.0000000000000153,1.5,1.2000000000000188,-0.5000000000000077,0.0,0.0,0.0
5.62,hold_final_pose,0.9290207749802255,-0.3849566167137704,1.0079763922310232,0.016390236820821476,-0.5000000000000074,-0.5000000000000077,3,2.4661199891134006e-14,5.000000000000022,0,11.3,-1.0000000000000149,1.5,1.2000000000000182,-0.5000000000000074,0.0,0.0,0.0
5.625,hold_final_pose,0.9290207749802255,-0.3849566167137704,1.0079763922310228,0.016390236820821226,-0.5000000000000072,-0.5000000000000074,3,2.383465513331219e-14,5.000000000000022,0,10.8,-1.0000000000000144,1.5,1.2000000000000175,-0.5000000000000072,0.0,0.0,0.0
5.63,hold_final_pose,0.9290207749802257,-0.3849566167137707,1.007976392231022,0.01639023682082103,-0.500000000000007,-0.5000000000000072,3,2.300841796303082e-14,5.000000000000021,0,10.9,-1.000000000000014,1.5,1.2000000000000168,-0.500000000000007,0.0,0.0,0.0
5.635,hold_final_pose,0.9290207749802253,-0.3849566167137707,1.007976392231022,0.01639023682082103,-0.5000000000000068,-0.500000000000007,3,2.2182522750653276e-14,5.000000000000021,0,10.2,-1.0000000000000135,1.5,1.2000000000000162,-0.5000000000000068,0.0,0.0,0.0
5.64,hold_final_pose,0.9290207749802252,-0.3849566167137707,1.0079763922310216,0.01639023682082081,-0.5000000000000066,-0.5000000000000068,3,2.1357009167697565e-14,5.00000000000002,0,10.2,-1.000000000000013,1.5,1.2000000000000155,-0.5000000000000066,0.0,0.0,0.0
5.6450000000000005,hold_final_pose,0.9290207749802251,-0.3849566167137707,1.0079763922310214,0.016390236820820615,-0.5000000000000063,-0.5000000000000066,3,2.0693377831251342e-14,5.00000000000002,0,10.4,-1.0000000000000127,1.5,1.200000000000015,-0.5000000000000063,0.0,0.0,0.0
5.65,hold_final_pose,0.929020774980225,-0.38495661671377085,1.0079763922310208,0.016390236820820393,-0.5000000000000061,-0.5000000000000063,3,2.0029912632438138e-14,5.0000000000000195,0,10.2,-1.0000000000000122,1.5,1.2000000000000146,-0.5000000000000061,0.0,0.0,0.0
5.655,hold_final_pose,0.929020774980225,-0.3849566167137708,1.0079763922310208,0.016390236820820393,-0.5000000000000059,-0.5000000000000061,3,1.9366630645976055e-14,5.0000000000000195,0,11.1,-1.0000000000000118,1.5,1.2000000000000142,-0.5000000000000059,0.0,0.0,0.0
5.66,hold_final_pose,0.929020774980225,-0.38495661671377085,1.0079763922310203,0.01639023682082017,-0.5000000000000057,-0.5000000000000059,3,1.8703551363593665e-14,5.000000000000018,0,10.4,-1.0000000000000113,1.5,1.2000000000000137,-0.5000000000000057,0.0,0.0,0.0
5.665,hold_final_pose,0.9290207749802248,-0.3849566167137708,1.00797639223102,0.01639023682082017,-0.5000000000000054,-0.5000000000000057,3,1.804069713624969e-14,5.000000000000018,0,10.7,-1.0000000000000109,1.5,1.2000000000000133,-0.5000000000000054,0.0,0.0,0.0
5.67,hold_final_pose,0.9290207749802247,-0.3849566167137709,1.0079763922310199,0.016390236820819977,-0.5000000000000052,-0.5000000000000054,3,1.7378093716848308e-14,5.000000000000017,0,10.3,-1.0000000000000104,1.5,1.2000000000000128,-0.5000000000000052,0.0,0.0,0.0
5.675,hold_final_pose,0.9290207749802246,-0.3849566167137709,1.0079763922310196,0.016390236820819977,-0.500000000000005,-0.5000000000000052,3,1.6715770931058225e-14,5.000000000000017,0,10.1,-1.00000000000001,1.5,1.2000000000000124,-0.500000000000005,0.0,0.0,0.0
5.68,hold_final_pose,0.9290207749802243,-0.384956616713771,1.007976392231019,0.016390236820819783,-0.5000000000000048,-0.500000000000005,3,1.605376351283503e-14,5.000000000000015,0,10.6,-1.0000000000000095,1.5,1.200000000000012,-0.5000000000000048,0.0,0.0,0.0
5.6850000000000005,hold_final_pose,0.9290207749802243,-0.38495661671377107,1.007976392231019,0.016390236820819783,-0.5000000000000047,-0.5000000000000048,3,1.5557390092271957e-14,5.000000000000015,0,10.6,-1.0000000000000093,1.5,1.2000000000000115,-0.5000000000000047,0.0,0.0,0.0
5.69,hold_final_pose,0.9290207749802243,-0.38495661671377107,1.007976392231019,0.016390236820819783,-0.5000000000000046,-0.5000000000000047,3,1.5061843844936824e-14,5.000000000000014,0,10.2,-1.000000000000009,1.5,1.200000000000011,-0.5000000000000046,0.0,0.0,0.0
5.695,hold_final_pose,0.9290207749802242,-0.384956616713771,1.007976392231019,0.016390236820819783,-0.5000000000000044,-0.5000000000000046,3,1.4567209187227738e-14,5.000000000000013,0,11.4,-1.0000000000000089,1.5,1.2000000000000106,-0.5000000000000044,0.0,0.0,0.0
5.7,hold_final_pose,0.9290207749802243,-0.38495661671377124,1.0079763922310183,0.016390236820819533,-0.5000000000000043,-0.5000000000000044,3,1.4073582236541426e-14,5.000000000000013,0,10.2,-1.0000000000000087,1.5,1.2000000000000102,-0.5000000000000043,0.0,0.0,0.0
5.705,hold_final_pose,0.9290207749802241,-0.38495661671377124,1.007976392231018,0.01639023682081934,-0.5000000000000042,-0.5000000000000043,3,1.3581072873745573e-14,5.000000000000013,0,11.2,-1.0000000000000084,1.5,1.2000000000000097,-0.5000000000000042,0.0,0.0,0.0
5.71,hold_final_pose,0.9290207749802241,-0.3849566167137711,1.007976392231018,0.01639023682081934,-0.5000000000000041,-0.5000000000000042,3,1.3089807248555365e-14,5.000000000000012,0,10.5,-1.0000000000000082,1.5,1.2000000000000093,-0.5000000000000041,0.0,0.0,0.0
5.715,hold_final_pose,0.9290207749802241,-0.38495661671377124,1.007976392231018,0.01639023682081934,-0.500000000000004,-0.5000000000000041,3,1.2599930840116887e-14,5.0000000000000115,0,9.9,-1.000000000000008,1.5,1.2000000000000088,-0.500000000000004,0.0,0.0,0.0
5.72,hold_final_pose,0.9290207749802241,-0.3849566167137713,1.0079763922310179,0.01639023682081934,-0.5000000000000039,-0.500000000000004,3,1.2267336451836319e-14,5.0000000000000115,0,10.5,-1.0000000000000078,1.5,1.2000000000000086,-0.5000000000000039,0.0,0.0,0.0
5.7250000000000005,hold_final_pose,0.9290207749802237,-0.3849566167137713,1.0079763922310176,0.016390236820819117,-0.5000000000000038,-0.5000000000000039,3,1.1934768418321696e-14,5.0000000000000115,0,10.0,-1.0000000000000075,1.5,1.2000000000000084,-0.5000000000000038,0.0,0.0,0.0
5.73,hold_final_pose,0.9290207749802241,-0.3849566167137713,1.0079763922310174,0.016390236820818894,-0.5000000000000037,-0.5000000000000038,3,1.1602229005884137e-14,5.00000000000001,0,11.5,-1.0000000000000073,1.5,1.2000000000000082,-0.5000000000000037,0.0,0.0,0.0
5.735,hold_final_pose,0.9290207749802237,-0.3849566167137714,1.0079763922310174,0.016390236820818922,-0.5000000000000036,-0.5000000000000037,3,1.1269720748118957e-14,5.00000000000001,0,10.4,-1.000000000000007,1.5,1.200000000000008,-0.5000000000000036,0.0,0.0,0.0
5.74,hold_final_pose,0.9290207749802238,-0.3849566167137714,1.0079763922310172,0.016390236820818922,-0.5000000000000034,-0.5000000000000036,3,1.0937246486469069e-14,5.00000000000001,0,10.2,-1.0000000000000069,1.5,1.2000000000000077,-0.5000000000000034,0.0,0.0,0.0
5.745,hold_final_pose,0.9290207749802238,-0.3849566167137714,1.007976392231017,0.016390236820818922,-0.5000000000000033,-0.5000000000000034,3,1.06048094183993e-14,5.000000000000011,0,10.7,-1.0000000000000067,1.5,1.2000000000000075,-0.5000000000000033,0.0,0.0,0.0
5.75,hold_final_pose,0.9290207749802237,-0.38495661671377146,1.007976392231017,0.016390236820818922,-0.5000000000000032,-0.5000000000000033,3,1.0272413154899602e-14,5.000000000000011,0,10.3,-1.0000000000000064,1.5,1.2000000000000073,-0.5000000000000032,0.0,0.0,0.0
5.755,hold_final_pose,0.9290207749802236,-0.38495661671377146,1.007976392231017,0.016390236820818922,-0.5000000000000031,-0.5000000000000032,3,9.940061789492645e-15,5.00000000000001,0,10.2,-1.0000000000000062,1.5,1.200000000000007,-0.5000000000000031,0.0,0.0,0.0
5.76,hold_final_pose,0.9290207749802235,-0.38495661671377135,1.0079763922310168,0.0163902368208187,-0.500000000000003,-0.5000000000000031,3,9.607759981520274e-15,5.00000000000001,0,10.6,-1.000000000000006,1.5,1.2000000000000068,-0.500000000000003,0.0,0.0,0.0
5.765,hold_final_pose,0.9290207749802235,-0.38495661671377157,1.0079763922310165,0.0163902368208187,-0.5000000000000029,-0.500000000000003,3,9.27551305727433e-15,5.00000000000001,0,10.7,-1.0000000000000058,1.5,1.2000000000000066,-0.5000000000000029,0.0,0.0,0.0
5.7700000000000005,hold_final_pose,0.9290207749802235,-0.3849566167137714,1.0079763922310163,0.016390236820818478,-0.5000000000000028,-0.5000000000000029,3,8.943327133590951e-15,5.000000000000009,0,10.5,-1.0000000000000056,1.5,1.2000000000000064,-0.5000000000000028,0.0,0.0,0.0
5.775,hold_final_pose,0.9290207749802234,-0.3849566167137715,1.0079763922310159,0.016390236820818506,-0.5000000000000027,-0.5000000000000028,3,8.611209269944328e-15,5.000000000000009,0,10.9,-1.0000000000000053,1.5,1.2000000000000062,-0.5000000000000027,0.0,0.0,0.0
5.78,hold_final_pose,0.9290207749802235,-0.38495661671377157,1.0079763922310159,0.016390236820818506,-0.5000000000000026,-0.5000000000000027,3,8.279167657000278e-15,5.000000000000009,0,10.3,-1.000000000000005,1.5,1.200000000000006,-0.5000000000000026,0.0,0.0,0.0
5.785,hold_final_pose,0.9290207749802234,-0.3849566167137716,1.0079763922310159,0.016390236820818506,-0.5000000000000024,-0.5000000000000026,3,7.94721185223203e-15,5.000000000000008,0,10.0,-1.0000000000000049,1.5,1.2000000000000057,-0.5000000000000024,0.0,0.0,0.0
5.79,hold_final_pose,0.9290207749802234,-0.38495661671377157,1.0079763922310159,0.016390236820818506,-0.5000000000000023,-0.5000000000000024,3,7.615353076869676e-15,5.000000000000008,0,10.3,-1.0000000000000047,1.5,1.2000000000000055,-0.5000000000000023,0.0,0.0,0.0
5.795,hold_final_pose,0.9290207749802233,-0.38495661671377157,1.0079763922310159,0.016390236820818506,-0.5000000000000022,-0.5000000000000023,3,7.283604593613869e-15,5.000000000000007,0,9.9,-1.0000000000000044,1.5,1.2000000000000053,-0.5000000000000022,0.0,0.0,0.0
5.8,hold_final_pose,0.9290207749802233,-0.38495661671377157,1.0079763922310154,0.016390236820818284,-0.5000000000000021,-0.5000000000000022,3,6.95198219189542e-15,5.000000000000007,0,10.6,-1.0000000000000042,1.5,1.200000000000005,-0.5000000000000021,0.0,0.0,0.0
5.805,hold_final_pose,0.9290207749802231,-0.38495661671377146,1.0079763922310152,0.016390236820818062,-0.500000000000002,-0.5000000000000021,3,6.620504818089212e-15,5.000000000000006,0,10.1,-1.000000000000004,1.5,1.2000000000000048,-0.500000000000002,0.0,0.0,0.0
5.8100000000000005,hold_final_pose,0.929020774980223,-0.3849566167137715,1.0079763922310152,0.01639023682081809,-0.5000000000000019,-0.500000000000002,3,6.289195403694124e-15,5.000000000000005,0,11.3,-1.0000000000000038,1.5,1.2000000000000046,-0.5000000000000019,0.0,0.0,0.0
5.815,hold_final_pose,0.9290207749802228,-0.3849566167137716,1.0079763922310148,0.01639023682081809,-0.5000000000000018,-0.5000000000000019,3,5.9580819677934555e-15,5.000000000000005,0,10.3,-1.0000000000000036,1.5,1.2000000000000044,-0.5000000000000018,0.0,0.0,0.0
5.82,hold_final_pose,0.929020774980223,-0.38495661671377174,1.0079763922310148,0.01639023682081809,-0.5000000000000017,-0.5000000000000018,3,5.627199105561947e-15,5.000000000000004,0,10.9,-1.0000000000000033,1.5,1.2000000000000042,-0.5000000000000017,0.0,0.0,0.0
5.825,hold_final_pose,0.9290207749802231,-0.3849566167137718,1.0079763922310145,0.01639023682081809,-0.5000000000000016,-0.5000000000000017,3,5.296590029624932e-15,5.000000000000004,0,10.7,-1.000000000000003,1.5,1.200000000000004,-0.5000000000000016,0.0,0.0,0.0
5.83,hold_final_pose,0.9290207749802228,-0.38495661671377174,1.0079763922310143,0.016390236820817868,-0.5000000000000014,-0.5000000000000016,3,4.9663094184515624e-15,5.000000000000004,0,10.4,-1.0000000000000029,1.5,1.2000000000000037,-0.5000000000000014,0.0,0.0,0.0
5.835,hold_final_pose,0.9290207749802228,-0.3849566167137718,1.0079763922310143,0.016390236820817868,-0.5000000000000014,-0.5000000000000014,3,4.799708701867475e-15,5.0000000000000036,0,10.4,-1.0000000000000029,1.5,1.2000000000000035,-0.5000000000000014,0.0,0.0,0.0
5.84,hold_final_pose,0.9290207749802228,-0.3849566167137718,1.0079763922310145,0.01639023682081809,-0.5000000000000014,-0.5000000000000014,3,4.637756528637165e-15,5.0000000000000036,0,10.2,-1.0000000000000029,1.5,1.2000000000000033,-0.5000000000000014,0.0,0.0,0.0
5.845,hold_final_pose,0.9290207749802227,-0.3849566167137718,1.0079763922310145,0.01639023682081809,-0.5000000000000014,-0.5000000000000014,3,4.480956954513574e-15,5.0000000000000036,0,12.8,-1.0000000000000029,1.5,1.200000000000003,-0.5000000000000014,0.0,0.0,0.0
5.8500000000000005,hold_final_pose,0.9290207749802227,-0.3849566167137718,1.0079763922310145,0.01639023682081809,-0.5000000000000014,-0.5000000000000014,3,4.3298697960381105e-15,5.0000000000000036,0,11.0,-1.0000000000000029,1.5,1.2000000000000028,-0.5000000000000014,0.0,0.0,0.0
5.855,hold_final_pose,0.9290207749802227,-0.3849566167137718,1.0079763922310145,0.01639023682081809,-0.5000000000000014,-0.5000000000000014,3,4.3298697960381105e-15,5.0000000000000036,0,10.4,-1.0000000000000029,1.5,1.2000000000000028,-0.5000000000000014,0.0,0.0,0.0
5.86,hold_final_pose,0.9290207749802227,-0.3849566167137718,1.0079763922310145,0.01639023682081809,-0.5000000000000014,-0.5000000000000014,3,4.3298697960381105e-15,5.0000000000000036,0,10.7,-1.0000000000000029,1.5,1.2000000000000028,-0.5000000000000014,0.0,0.0,0.0
5.865,hold_final_pose,0.9290207749802227,-0.3849566167137718,1.0079763922310145,0.01639023682081809,-0.5000000000000014,-0.5000000000000014,3,4.3298697960381105e-15,5.000000000000004,0,10.9,-1.0000000000000029,1.5,1.2000000000000028,-0.5000000000000014,0.0,0.0,0.0
5.87,hold_final_pose,0.9290207749802227,-0.3849566167137718,1.0079763922310145,0.01639023682081809,-0.5000000000000014,-0.5000000000000014,3,4.3298697960381105e-15,5.000000000000004,0,10.6,-1.0000000000000029,1.5,1.2000000000000028,-0.5000000000000014,0.0,0.0,0.0
5.875,hold_final_pose,0.9290207749802227,-0.3849566167137718,1.0079763922310145,0.01639023682081809,-0.5000000000000014,-0.5000000000000014,3,4.3298697960381105e-15,5.000000000000004,0,10.2,-1.0000000000000029,1.5,1.2000000000000028,-0.5000000000000014,0.0,0.0,0.0
5.88,hold_final_pose,0.9290207749802227,-0.3849566167137718,1.0079763922310145,0.01639023682081809,-0.5000000000000014,-0.5000000000000014,3,4.3298697960381105e-15,5.000000000000004,0,10.8,-1.0000000000000029,1.5,1.2000000000000028,-0.5000000000000014,0.0,0.0,0.0
5.885,hold_final_pose,0.9290207749802227,-0.3849566167137718,1.0079763922310145,0.01639023682081809,-0.5000000000000014,-0.5000000000000014,3,4.3298697960381105e-15,5.000000000000004,0,10.7,-1.0000000000000029,1.5,1.2000000000000028,-0.5000000000000014,0.0,0.0,0.0
5.89,hold_final_pose,0.9290207749802227,-0.3849566167137718,1.0079763922310145,0.01639023682081809,-0.5000000000000014,-0.5000000000000014,3,4.3298697960381105e-15,5.000000000000004,0,10.8,-1.0000000000000029,1.5,1.2000000000000028,-0.5000000000000014,0.0,0.0,0.0
5.8950000000000005,hold_final_pose,0.9290207749802227,-0.3849566167137718,1.0079763922310145,0.01639023682081809,-0.5000000000000014,-0.5000000000000014,3,4.3298697960381105e-15,5.000000000000004,0,10.7,-1.0000000000000029,1.5,1.2000000000000028,-0.5000000000000014,0.0,0.0,0.0
5.9,hold_final_pose,0.9290207749802227,-0.3849566167137718,1.0079763922310145,0.01639023682081809,-0.5000000000000014,-0.5000000000000014,3,4.3298697960381105e-15,5.000000000000005,0,9.9,-1.0000000000000029,1.5,1.2000000000000028,-0.5000000000000014,0.0,0.0,0.0
5.905,hold_final_pose,0.9290207749802227,-0.3849566167137718,1.0079763922310145,0.01639023682081809,-0.5000000000000014,-0.5000000000000014,3,4.3298697960381105e-15,5.000000000000004,0,10.6,-1.0000000000000029,1.5,1.2000000000000028,-0.5000000000000014,0.0,0.0,0.0
5.91,hold_final_pose,0.9290207749802227,-0.3849566167137718,1.0079763922310145,0.01639023682081809,-0.5000000000000014,-0.5000000000000014,3,4.3298697960381105e-15,5.000000000000004,0,10.4,-1.0000000000000029,1.5,1.2000000000000028,-0.5000000000000014,0.0,0.0,0.0
5.915,hold_final_pose,0.9290207749802227,-0.3849566167137718,1.0079763922310145,0.01639023682081809,-0.5000000000000014,-0.5000000000000014,3,4.3298697960381105e-15,5.000000000000004,0,10.3,-1.0000000000000029,1.5,1.2000000000000028,-0.5000000000000014,0.0,0.0,0.0
5.92,hold_final_pose,0.9290207749802227,-0.3849566167137718,1.0079763922310145,0.01639023682081809,-0.5000000000000014,-0.5000000000000014,3,4.3298697960381105e-15,5.0000000000000036,0,10.9,-1.0000000000000029,1.5,1.2000000000000028,-0.5000000000000014,0.0,0.0,0.0
5.925,hold_final_pose,0.9290207749802227,-0.3849566167137718,1.0079763922310145,0.01639023682081809,-0.5000000000000014,-0.5000000000000014,3,4.3298697960381105e-15,5.0000000000000036,0,10.5,-1.0000000000000029,1.5,1.2000000000000028,-0.5000000000000014,0.0,0.0,0.0
5.93,hold_final_pose,0.9290207749802228,-0.38495661671377196,1.0079763922310145,0.01639023682081809,-0.5000000000000014,-0.5000000000000014,3,4.185113772197272e-15,5.0000000000000036,0,10.9,-1.0000000000000029,1.5,1.2000000000000026,-0.5000000000000014,0.0,0.0,0.0
5.9350000000000005,hold_final_pose,0.9290207749802228,-0.38495661671377196,1.0079763922310145,0.01639023682081809,-0.5000000000000014,-0.5000000000000014,3,4.185113772197272e-15,5.0000000000000036,0,10.6,-1.0000000000000029,1.5,1.2000000000000026,-0.5000000000000014,0.0,0.0,0.0
5.94,hold_final_pose,0.9290207749802228,-0.38495661671377196,1.0079763922310145,0.01639023682081809,-0.5000000000000014,-0.5000000000000014,3,4.185113772197272e-15,5.0000000000000036,0,9.7,-1.0000000000000029,1.5,1.2000000000000026,-0.5000000000000014,0.0,0.0,0.0
5.945,hold_final_pose,0.9290207749802228,-0.38495661671377196,1.0079763922310145,0.01639023682081809,-0.5000000000000014,-0.5000000000000014,3,4.185113772197272e-15,5.0000000000000036,0,10.2,-1.0000000000000029,1.5,1.2000000000000026,-0.5000000000000014,0.0,0.0,0.0
5.95,hold_final_pose,0.9290207749802228,-0.38495661671377196,1.0079763922310145,0.01639023682081809,-0.5000000000000014,-0.5000000000000014,3,4.185113772197272e-15,5.000000000000004,0,10.2,-1.0000000000000029,1.5,1.2000000000000026,-0.5000000000000014,0.0,0.0,0.0
5.955,hold_final_pose,0.9290207749802228,-0.38495661671377196,1.0079763922310145,0.01639023682081809,-0.5000000000000014,-0.5000000000000014,3,4.185113772197272e-15,5.000000000000004,0,10.3,-1.0000000000000029,1.5,1.2000000000000026,-0.5000000000000014,0.0,0.0,0.0
5.96,hold_final_pose,0.9290207749802228,-0.38495661671377196,1.0079763922310145,0.01639023682081809,-0.5000000000000014,-0.5000000000000014,3,4.185113772197272e-15,5.000000000000004,0,10.0,-1.0000000000000029,1.5,1.2000000000000026,-0.5000000000000014,0.0,0.0,0.0
5.965,hold_final_pose,0.9290207749802228,-0.38495661671377196,1.0079763922310145,0.01639023682081809,-0.5000000000000014,-0.5000000000000014,3,4.185113772197272e-15,5.000000000000005,0,10.9,-1.0000000000000029,1.5,1.2000000000000026,-0.5000000000000014,0.0,0.0,0.0
5.97,hold_final_pose,0.9290207749802228,-0.38495661671377196,1.0079763922310145,0.01639023682081809,-0.5000000000000014,-0.5000000000000014,3,4.185113772197272e-15,5.000000000000005,0,11.5,-1.0000000000000029,1.5,1.2000000000000026,-0.5000000000000014,0.0,0.0,0.0
5.9750000000000005,hold_final_pose,0.9290207749802228,-0.38495661671377196,1.0079763922310145,0.01639023682081809,-0.5000000000000014,-0.5000000000000014,3,4.185113772197272e-15,5.000000000000004,0,13.5,-1.0000000000000029,1.5,1.2000000000000026,-0.5000000000000014,0.0,0.0,0.0
5.98,hold_final_pose,0.9290207749802228,-0.38495661671377196,1.0079763922310145,0.01639023682081809,-0.5000000000000014,-0.5000000000000014,3,4.185113772197272e-15,5.000000000000004,0,10.9,-1.0000000000000029,1.5,1.2000000000000026,-0.5000000000000014,0.0,0.0,0.0
5.985,hold_final_pose,0.9290207749802228,-0.38495661671377196,1.0079763922310145,0.01639023682081809,-0.5000000000000014,-0.5000000000000014,3,4.185113772197272e-15,5.000000000000004,0,10.8,-1.0000000000000029,1.5,1.2000000000000026,-0.5000000000000014,0.0,0.0,0.0
5.99,hold_final_pose,0.9290207749802228,-0.38495661671377196,1.0079763922310145,0.01639023682081809,-0.5000000000000014,-0.5000000000000014,3,4.185113772197272e-15,5.000000000000004,0,10.6,-1.0000000000000029,1.5,1.2000000000000026,-0.5000000000000014,0.0,0.0,0.0
5.995,hold_final_pose,0.9290207749802228,-0.38495661671377196,1.0079763922310145,0.01639023682081809,-0.5000000000000014,-0.5000000000000014,3,4.185113772197272e-15,5.000000000000004,0,10.8,-1.0000000000000029,1.5,1.2000000000000026,-0.5000000000000014,0.0,0.0,0.0
6.0,hold_final_pose,0.9290207749802228,-0.38495661671377196,1.0079763922310145,0.01639023682081809,-0.5000000000000014,-0.5000000000000014,3,4.185113772197272e-15,5.000000000000004,0,10.2,-1.0000000000000029,1.5,1.2000000000000026,-0.5000000000000014,0.0,0.0,0.0
6.005,hold_final_pose,0.9290207749802228,-0.38495661671377196,1.0079763922310145,0.01639023682081809,-0.5000000000000014,-0.5000000000000014,3,4.185113772197272e-15,5.0000000000000036,0,10.7,-1.0000000000000029,1.5,1.2000000000000026,-0.5000000000000014,0.0,0.0,0.0
6.01,hold_final_pose,0.9290207749802228,-0.38495661671377196,1.0079763922310145,0.01639023682081809,-0.5000000000000014,-0.5000000000000014,3,4.185113772197272e-15,5.0000000000000036,0,10.2,-1.0000000000000029,1.5,1.2000000000000026,-0.5000000000000014,0.0,0.0,0.0
6.015000000000001,hold_final_pose,0.9290207749802228,-0.38495661671377196,1.0079763922310145,0.01639023682081809,-0.5000000000000014,-0.5000000000000014,3,4.185113772197272e-15,5.0000000000000036,0,10.8,-1.0000000000000029,1.5,1.2000000000000026,-0.5000000000000014,0.0,0.0,0.0
6.0200000000000005,hold_final_pose,0.9290207749802228,-0.38495661671377196,1.0079763922310145,0.01639023682081809,-0.5000000000000014,-0.5000000000000014,3,4.185113772197272e-15,5.0000000000000036,0,10.1,-1.0000000000000029,1.5,1.2000000000000026,-0.5000000000000014,0.0,0.0,0.0
6.025,hold_final_pose,0.9290207749802228,-0.38495661671377196,1.0079763922310145,0.01639023682081809,-0.5000000000000014,-0.5000000000000014,3,4.185113772197272e-15,5.0000000000000036,0,10.8,-1.0000000000000029,1.5,1.2000000000000026,-0.5000000000000014,0.0,0.0,0.0
6.03,hold_final_pose,0.9290207749802228,-0.38495661671377196,1.0079763922310145,0.01639023682081809,-0.5000000000000014,-0.5000000000000014,3,4.185113772197272e-15,5.0000000000000036,0,10.0,-1.0000000000000029,1.5,1.2000000000000026,-0.5000000000000014,0.0,0.0,0.0
6.035,hold_final_pose,0.9290207749802228,-0.38495661671377196,1.0079763922310145,0.01639023682081809,-0.5000000000000014,-0.5000000000000014,3,4.185113772197272e-15,5.0000000000000036,0,10.5,-1.0000000000000029,1.5,1.2000000000000026,-0.5000000000000014,0.0,0.0,0.0
6.04,hold_final_pose,0.9290207749802228,-0.38495661671377196,1.0079763922310145,0.01639023682081809,-0.5000000000000014,-0.5000000000000014,3,4.185113772197272e-15,5.0000000000000036,0,10.4,-1.0000000000000029,1.5,1.2000000000000026,-0.5000000000000014,0.0,0.0,0.0
6.045,hold_final_pose,0.9290207749802228,-0.38495661671377196,1.0079763922310145,0.01639023682081809,-0.5000000000000014,-0.5000000000000014,3,4.185113772197272e-15,5.0000000000000036,0,10.0,-1.0000000000000029,1.5,1.2000000000000026,-0.5000000000000014,0.0,0.0,0.0
6.05,hold_final_pose,0.9290207749802228,-0.38495661671377196,1.0079763922310145,0.01639023682081809,-0.5000000000000014,-0.5000000000000014,3,4.185113772197272e-15,5.000000000000004,0,10.7,-1.0000000000000029,1.5,1.2000000000000026,-0.5000000000000014,0.0,0.0,0.0
6.055,hold_final_pose,0.9290207749802228,-0.38495661671377196,1.0079763922310145,0.01639023682081809,-0.5000000000000014,-0.5000000000000014,3,4.185113772197272e-15,5.000000000000004,0,10.4,-1.0000000000000029,1.5,1.2000000000000026,-0.5000000000000014,0.0,0.0,0.0
6.0600000000000005,hold_final_pose,0.9290207749802228,-0.38495661671377196,1.0079763922310145,0.01639023682081809,-0.5000000000000014,-0.5000000000000014,3,4.185113772197272e-15,5.000000000000004,0,10.6,-1.0000000000000029,1.5,1.2000000000000026,-0.5000000000000014,0.0,0.0,0.0
6.065,hold_final_pose,0.9290207749802228,-0.38495661671377196,1.0079763922310145,0.01639023682081809,-0.5000000000000014,-0.5000000000000014,3,4.185113772197272e-15,5.000000000000005,0,11.0,-1.0000000000000029,1.5,1.2000000000000026,-0.5000000000000014,0.0,0.0,0.0
6.07,hold_final_pose,0.9290207749802228,-0.38495661671377196,1.0079763922310145,0.01639023682081809,-0.5000000000000014,-0.5000000000000014,3,4.185113772197272e-15,5.000000000000004,0,12.1,-1.0000000000000029,1.5,1.2000000000000026,-0.5000000000000014,0.0,0.0,0.0
6.075,hold_final_pose,0.9290207749802228,-0.38495661671377196,1.0079763922310145,0.01639023682081809,-0.5000000000000014,-0.5000000000000014,3,4.185113772197272e-15,5.000000000000004,0,10.8,-1.0000000000000029,1.5,1.2000000000000026,-0.5000000000000014,0.0,0.0,0.0
6.08,hold_final_pose,0.9290207749802228,-0.38495661671377196,1.0079763922310145,0.01639023682081809,-0.5000000000000014,-0.5000000000000014,3,4.185113772197272e-15,5.000000000000004,0,10.2,-1.0000000000000029,1.5,1.2000000000000026,-0.5000000000000014,0.0,0.0,0.0
6.085,hold_final_pose,0.9290207749802228,-0.38495661671377196,1.0079763922310145,0.01639023682081809,-0.5000000000000014,-0.5000000000000014,3,4.185113772197272e-15,5.000000000000004,0,11.0,-1.0000000000000029,1.5,1.2000000000000026,-0.5000000000000014,0.0,0.0,0.0
6.09,hold_final_pose,0.9290207749802228,-0.38495661671377196,1.0079763922310145,0.01639023682081809,-0.5000000000000014,-0.5000000000000014,3,4.185113772197272e-15,5.0000000000000036,0,10.4,-1.0000000000000029,1.5,1.2000000000000026,-0.5000000000000014,0.0,0.0,0.0
6.095,hold_final_pose,0.9290207749802228,-0.38495661671377196,1.0079763922310145,0.01639023682081809,-0.5000000000000014,-0.5000000000000014,3,4.185113772197272e-15,5.0000000000000036,0,10.3,-1.0000000000000029,1.5,1.2000000000000026,-0.5000000000000014,0.0,0.0,0.0
6.1000000000000005,hold_final_pose,0.9290207749802228,-0.38495661671377196,1.0079763922310145,0.01639023682081809,-0.5000000000000014,-0.5000000000000014,3,4.185113772197272e-15,5.0000000000000036,0,10.0,-1.0000000000000029,1.5,1.2000000000000026,-0.5000000000000014,0.0,0.0,0.0
6.105,hold_final_pose,0.9290207749802228,-0.38495661671377196,1.0079763922310145,0.01639023682081809,-0.5000000000000014,-0.5000000000000014,3,4.185113772197272e-15,5.0000000000000036,0,10.5,-1.0000000000000029,1.5,1.2000000000000026,-0.5000000000000014,0.0,0.0,0.0
6.11,hold_final_pose,0.9290207749802228,-0.38495661671377196,1.0079763922310145,0.01639023682081809,-0.5000000000000014,-0.5000000000000014,3,4.185113772197272e-15,5.0000000000000036,0,10.1,-1.0000000000000029,1.5,1.2000000000000026,-0.5000000000000014,0.0,0.0,0.0
6.115,hold_final_pose,0.9290207749802228,-0.38495661671377196,1.0079763922310145,0.01639023682081809,-0.5000000000000014,-0.5000000000000014,3,4.185113772197272e-15,5.0000000000000036,0,10.7,-1.0000000000000029,1.5,1.2000000000000026,-0.5000000000000014,0.0,0.0,0.0
6.12,hold_final_pose,0.9290207749802228,-0.38495661671377196,1.0079763922310145,0.01639023682081809,-0.5000000000000014,-0.5000000000000014,3,4.185113772197272e-15,5.0000000000000036,0,10.7,-1.0000000000000029,1.5,1.2000000000000026,-0.5000000000000014,0.0,0.0,0.0
6.125,hold_final_pose,0.9290207749802228,-0.38495661671377196,1.0079763922310145,0.01639023682081809,-0.5000000000000014,-0.5000000000000014,3,4.185113772197272e-15,5.0000000000000036,0,10.4,-1.0000000000000029,1.5,1.2000000000000026,-0.5000000000000014,0.0,0.0,0.0
6.13,hold_final_pose,0.9290207749802228,-0.38495661671377196,1.0079763922310145,0.01639023682081809,-0.5000000000000014,-0.5000000000000014,3,4.185113772197272e-15,5.000000000000004,0,10.4,-1.0000000000000029,1.5,1.2000000000000026,-0.5000000000000014,0.0,0.0,0.0
6.135,hold_final_pose,0.9290207749802228,-0.38495661671377196,1.0079763922310145,0.01639023682081809,-0.5000000000000014,-0.5000000000000014,3,4.185113772197272e-15,5.000000000000004,0,10.6,-1.0000000000000029,1.5,1.2000000000000026,-0.5000000000000014,0.0,0.0,0.0
6.140000000000001,hold_final_pose,0.9290207749802228,-0.38495661671377196,1.0079763922310145,0.01639023682081809,-0.5000000000000014,-0.5000000000000014,3,4.185113772197272e-15,5.000000000000004,0,10.5,-1.0000000000000029,1.5,1.2000000000000026,-0.5000000000000014,0.0,0.0,0.0
6.1450000000000005,hold_final_pose,0.9290207749802228,-0.38495661671377196,1.0079763922310145,0.01639023682081809,-0.5000000000000014,-0.5000000000000014,3,4.185113772197272e-15,5.000000000000004,0,10.4,-1.0000000000000029,1.5,1.2000000000000026,-0.5000000000000014,0.0,0.0,0.0
6.15,hold_final_pose,0.9290207749802228,-0.38495661671377196,1.0079763922310145,0.01639023682081809,-0.5000000000000014,-0.5000000000000014,3,4.185113772197272e-15,5.000000000000004,0,10.1,-1.0000000000000029,1.5,1.2000000000000026,-0.5000000000000014,0.0,0.0,0.0
6.155,hold_final_pose,0.9290207749802228,-0.38495661671377196,1.0079763922310145,0.01639023682081809,-0.5000000000000014,-0.5000000000000014,3,4.185113772197272e-15,5.000000000000004,0,10.6,-1.0000000000000029,1.5,1.2000000000000026,-0.5000000000000014,0.0,0.0,0.0
6.16,hold_final_pose,0.9290207749802228,-0.38495661671377196,1.0079763922310145,0.01639023682081809,-0.5000000000000014,-0.5000000000000014,3,4.185113772197272e-15,5.000000000000004,0,10.2,-1.0000000000000029,1.5,1.2000000000000026,-0.5000000000000014,0.0,0.0,0.0
6.165,hold_final_pose,0.9290207749802228,-0.38495661671377196,1.0079763922310145,0.01639023682081809,-0.5000000000000014,-0.5000000000000014,3,4.185113772197272e-15,5.000000000000005,0,10.3,-1.0000000000000029,1.5,1.2000000000000026,-0.5000000000000014,0.0,0.0,0.0
6.17,hold_final_pose,0.9290207749802228,-0.38495661671377196,1.0079763922310145,0.01639023682081809,-0.5000000000000014,-0.5000000000000014,3,4.185113772197272e-15,5.000000000000005,0,10.4,-1.0000000000000029,1.5,1.2000000000000026,-0.5000000000000014,0.0,0.0,0.0
6.175,hold_final_pose,0.9290207749802228,-0.38495661671377196,1.0079763922310145,0.01639023682081809,-0.5000000000000014,-0.5000000000000014,3,4.185113772197272e-15,5.000000000000004,0,10.3,-1.0000000000000029,1.5,1.2000000000000026,-0.5000000000000014,0.0,0.0,0.0
6.18,hold_final_pose,0.9290207749802228,-0.38495661671377196,1.0079763922310145,0.01639023682081809,-0.5000000000000014,-0.5000000000000014,3,4.185113772197272e-15,5.000000000000004,0,10.0,-1.0000000000000029,1.5,1.2000000000000026,-0.5000000000000014,0.0,0.0,0.0
6.1850000000000005,hold_final_pose,0.9290207749802228,-0.38495661671377196,1.0079763922310145,0.01639023682081809,-0.5000000000000014,-0.5000000000000014,3,4.185113772197272e-15,5.000000000000004,0,10.7,-1.0000000000000029,1.5,1.2000000000000026,-0.5000000000000014,0.0,0.0,0.0
6.19,hold_final_pose,0.9290207749802228,-0.38495661671377196,1.0079763922310145,0.01639023682081809,-0.5000000000000014,-0.5000000000000014,3,4.185113772197272e-15,5.000000000000004,0,10.5,-1.0000000000000029,1.5,1.2000000000000026,-0.5000000000000014,0.0,0.0,0.0
6.195,hold_final_pose,0.9290207749802228,-0.38495661671377196,1.0079763922310145,0.01639023682081809,-0.5000000000000014,-0.5000000000000014,3,4.185113772197272e-15,5.000000000000004,0,10.3,-1.0000000000000029,1.5,1.2000000000000026,-0.5000000000000014,0.0,0.0,0.0
6.2,hold_final_pose,0.9290207749802228,-0.38495661671377196,1.0079763922310145,0.01639023682081809,-0.5000000000000014,-0.5000000000000014,3,4.185113772197272e-15,5.000000000000004,0,11.4,-1.0000000000000029,1.5,1.2000000000000026,-0.5000000000000014,0.0,0.0,0.0
6.205,hold_final_pose,0.9290207749802228,-0.38495661671377196,1.0079763922310145,0.01639023682081809,-0.5000000000000014,-0.5000000000000014,3,4.185113772197272e-15,5.0000000000000036,0,10.5,-1.0000000000000029,1.5,1.2000000000000026,-0.5000000000000014,0.0,0.0,0.0
6.21,hold_final_pose,0.9290207749802228,-0.38495661671377196,1.0079763922310145,0.01639023682081809,-0.5000000000000014,-0.5000000000000014,3,4.185113772197272e-15,5.0000000000000036,0,11.0,-1.0000000000000029,1.5,1.2000000000000026,-0.5000000000000014,0.0,0.0,0.0
6.215,hold_final_pose,0.9290207749802228,-0.38495661671377196,1.0079763922310145,0.01639023682081809,-0.5000000000000014,-0.5000000000000014,3,4.185113772197272e-15,5.0000000000000036,0,10.4,-1.0000000000000029,1.5,1.2000000000000026,-0.5000000000000014,0.0,0.0,0.0
6.22,hold_final_pose,0.9290207749802228,-0.38495661671377196,1.0079763922310145,0.01639023682081809,-0.5000000000000014,-0.5000000000000014,3,4.185113772197272e-15,5.0000000000000036,0,11.9,-1.0000000000000029,1.5,1.2000000000000026,-0.5000000000000014,0.0,0.0,0.0
6.2250000000000005,hold_final_pose,0.9290207749802228,-0.38495661671377196,1.0079763922310145,0.01639023682081809,-0.5000000000000014,-0.5000000000000014,3,4.185113772197272e-15,5.0000000000000036,0,11.0,-1.0000000000000029,1.5,1.2000000000000026,-0.5000000000000014,0.0,0.0,0.0
6.23,hold_final_pose,0.9290207749802228,-0.38495661671377196,1.0079763922310145,0.01639023682081809,-0.5000000000000014,-0.5000000000000014,3,4.185113772197272e-15,5.0000000000000036,0,10.8,-1.0000000000000029,1.5,1.2000000000000026,-0.5000000000000014,0.0,0.0,0.0
6.235,hold_final_pose,0.9290207749802228,-0.38495661671377196,1.0079763922310145,0.01639023682081809,-0.5000000000000014,-0.5000000000000014,3,4.185113772197272e-15,5.0000000000000036,0,10.5,-1.0000000000000029,1.5,1.2000000000000026,-0.5000000000000014,0.0,0.0,0.0
6.24,hold_final_pose,0.9290207749802228,-0.38495661671377196,1.0079763922310145,0.01639023682081809,-0.5000000000000014,-0.5000000000000014,3,4.185113772197272e-15,5.0000000000000036,0,10.9,-1.0000000000000029,1.5,1.2000000000000026,-0.5000000000000014,0.0,0.0,0.0
6.245,hold_final_pose,0.9290207749802228,-0.38495661671377196,1.0079763922310145,0.01639023682081809,-0.5000000000000014,-0.5000000000000014,3,4.185113772197272e-15,5.0000000000000036,0,10.2,-1.0000000000000029,1.5,1.2000000000000026,-0.5000000000000014,0.0,0.0,0.0
6.25,hold_final_pose,0.9290207749802228,-0.38495661671377196,1.0079763922310145,0.01639023682081809,-0.5000000000000014,-0.5000000000000014,3,4.185113772197272e-15,5.000000000000004,0,10.5,-1.0000000000000029,1.5,1.2000000000000026,-0.5000000000000014,0.0,0.0,0.0
6.255,hold_final_pose,0.9290207749802228,-0.38495661671377196,1.0079763922310145,0.01639023682081809,-0.5000000000000014,-0.5000000000000014,3,4.185113772197272e-15,5.000000000000004,0,10.7,-1.0000000000000029,1.5,1.2000000000000026,-0.5000000000000014,0.0,0.0,0.0
6.26,hold_final_pose,0.9290207749802228,-0.38495661671377196,1.0079763922310145,0.01639023682081809,-0.5000000000000014,-0.5000000000000014,3,4.185113772197272e-15,5.000000000000004,0,10.4,-1.0000000000000029,1.5,1.2000000000000026,-0.5000000000000014,0.0,0.0,0.0
6.265000000000001,hold_final_pose,0.9290207749802228,-0.38495661671377196,1.0079763922310145,0.01639023682081809,-0.5000000000000014,-0.5000000000000014,3,4.185113772197272e-15,5.000000000000005,0,10.5,-1.0000000000000029,1.5,1.2000000000000026,-0.5000000000000014,0.0,0.0,0.0
6.2700000000000005,hold_final_pose,0.9290207749802228,-0.38495661671377196,1.0079763922310145,0.01639023682081809,-0.5000000000000014,-0.5000000000000014,3,4.185113772197272e-15,5.000000000000005,0,10.7,-1.0000000000000029,1.5,1.2000000000000026,-0.5000000000000014,0.0,0.0,0.0
6.275,hold_final_pose,0.9290207749802228,-0.38495661671377196,1.0079763922310145,0.01639023682081809,-0.5000000000000014,-0.5000000000000014,3,4.185113772197272e-15,5.000000000000004,0,10.2,-1.0000000000000029,1.5,1.2000000000000026,-0.5000000000000014,0.0,0.0,0.0
6.28,hold_final_pose,0.9290207749802228,-0.38495661671377196,1.0079763922310145,0.01639023682081809,-0.5000000000000014,-0.5000000000000014,3,4.185113772197272e-15,5.000000000000004,0,10.4,-1.0000000000000029,1.5,1.2000000000000026,-0.5000000000000014,0.0,0.0,0.0
6.285,hold_final_pose,0.9290207749802228,-0.38495661671377196,1.0079763922310145,0.01639023682081809,-0.5000000000000014,-0.5000000000000014,3,4.185113772197272e-15,5.000000000000004,0,11.3,-1.0000000000000029,1.5,1.2000000000000026,-0.5000000000000014,0.0,0.0,0.0
6.29,hold_final_pose,0.9290207749802228,-0.38495661671377196,1.0079763922310145,0.01639023682081809,-0.5000000000000014,-0.5000000000000014,3,4.185113772197272e-15,5.000000000000004,0,10.6,-1.0000000000000029,1.5,1.2000000000000026,-0.5000000000000014,0.0,0.0,0.0
6.295,hold_final_pose,0.9290207749802228,-0.38495661671377196,1.0079763922310145,0.01639023682081809,-0.5000000000000014,-0.5000000000000014,3,4.185113772197272e-15,5.000000000000004,0,11.2,-1.0000000000000029,1.5,1.2000000000000026,-0.5000000000000014,0.0,0.0,0.0
6.3,hold_final_pose,0.9290207749802228,-0.38495661671377196,1.0079763922310145,0.01639023682081809,-0.5000000000000014,-0.5000000000000014,3,4.185113772197272e-15,5.000000000000004,0,11.6,-1.0000000000000029,1.5,1.2000000000000026,-0.5000000000000014,0.0,0.0,0.0
6.305,hold_final_pose,0.9290207749802228,-0.38495661671377196,1.0079763922310145,0.01639023682081809,-0.5000000000000014,-0.5000000000000014,3,4.185113772197272e-15,5.0000000000000036,0,10.9,-1.0000000000000029,1.5,1.2000000000000026,-0.5000000000000014,0.0,0.0,0.0
6.3100000000000005,hold_final_pose,0.9290207749802228,-0.38495661671377196,1.0079763922310145,0.01639023682081809,-0.5000000000000014,-0.5000000000000014,3,4.185113772197272e-15,5.0000000000000036,0,10.6,-1.0000000000000029,1.5,1.2000000000000026,-0.5000000000000014,0.0,0.0,0.0
6.315,hold_final_pose,0.9290207749802228,-0.38495661671377196,1.0079763922310145,0.01639023682081809,-0.5000000000000014,-0.5000000000000014,3,4.185113772197272e-15,5.0000000000000036,0,11.4,-1.0000000000000029,1.5,1.2000000000000026,-0.5000000000000014,0.0,0.0,0.0
6.32,hold_final_pose,0.9290207749802228,-0.38495661671377196,1.0079763922310145,0.01639023682081809,-0.5000000000000014,-0.5000000000000014,3,4.185113772197272e-15,5.0000000000000036,0,10.5,-1.0000000000000029,1.5,1.2000000000000026,-0.5000000000000014,0.0,0.0,0.0
6.325,hold_final_pose,0.9290207749802228,-0.38495661671377196,1.0079763922310145,0.01639023682081809,-0.5000000000000014,-0.5000000000000014,3,4.185113772197272e-15,5.0000000000000036,0,10.7,-1.0000000000000029,1.5,1.2000000000000026,-0.5000000000000014,0.0,0.0,0.0
6.33,hold_final_pose,0.9290207749802228,-0.38495661671377196,1.0079763922310145,0.01639023682081809,-0.5000000000000014,-0.5000000000000014,3,4.185113772197272e-15,5.0000000000000036,0,10.6,-1.0000000000000029,1.5,1.2000000000000026,-0.5000000000000014,0.0,0.0,0.0
6.335,hold_final_pose,0.9290207749802228,-0.38495661671377196,1.0079763922310145,0.01639023682081809,-0.5000000000000014,-0.5000000000000014,3,4.185113772197272e-15,5.0000000000000036,0,10.6,-1.0000000000000029,1.5,1.2000000000000026,-0.5000000000000014,0.0,0.0,0.0
6.34,hold_final_pose,0.9290207749802228,-0.38495661671377196,1.0079763922310145,0.01639023682081809,-0.5000000000000014,-0.5000000000000014,3,4.185113772197272e-15,5.0000000000000036,0,12.7,-1.0000000000000029,1.5,1.2000000000000026,-0.5000000000000014,0.0,0.0,0.0
6.345,hold_final_pose,0.9290207749802228,-0.38495661671377196,1.0079763922310145,0.01639023682081809,-0.5000000000000014,-0.5000000000000014,3,4.185113772197272e-15,5.0000000000000036,0,13.5,-1.0000000000000029,1.5,1.2000000000000026,-0.5000000000000014,0.0,0.0,0.0
6.3500000000000005,hold_final_pose,0.9290207749802228,-0.38495661671377196,1.0079763922310145,0.01639023682081809,-0.5000000000000014,-0.5000000000000014,3,4.185113772197272e-15,5.0000000000000036,0,11.6,-1.0000000000000029,1.5,1.2000000000000026,-0.5000000000000014,0.0,0.0,0.0
6.355,hold_final_pose,0.9290207749802228,-0.38495661671377196,1.0079763922310145,0.01639023682081809,-0.5000000000000014,-0.5000000000000014,3,4.185113772197272e-15,5.0000000000000036,0,11.0,-1.0000000000000029,1.5,1.2000000000000026,-0.5000000000000014,0.0,0.0,0.0
6.36,hold_final_pose,0.9290207749802228,-0.38495661671377196,1.0079763922310145,0.01639023682081809,-0.5000000000000014,-0.5000000000000014,3,4.185113772197272e-15,5.0000000000000036,0,10.6,-1.0000000000000029,1.5,1.2000000000000026,-0.5000000000000014,0.0,0.0,0.0
6.365,hold_final_pose,0.9290207749802228,-0.38495661671377196,1.0079763922310145,0.01639023682081809,-0.5000000000000014,-0.5000000000000014,3,4.185113772197272e-15,5.000000000000004,0,11.3,-1.0000000000000029,1.5,1.2000000000000026,-0.5000000000000014,0.0,0.0,0.0
6.37,hold_final_pose,0.9290207749802228,-0.38495661671377196,1.0079763922310145,0.01639023682081809,-0.5000000000000014,-0.5000000000000014,3,4.185113772197272e-15,5.000000000000004,0,11.5,-1.0000000000000029,1.5,1.2000000000000026,-0.5000000000000014,0.0,0.0,0.0
6.375,hold_final_pose,0.9290207749802228,-0.38495661671377196,1.0079763922310145,0.01639023682081809,-0.5000000000000014,-0.5000000000000014,3,4.185113772197272e-15,5.000000000000004,0,11.0,-1.0000000000000029,1.5,1.2000000000000026,-0.5000000000000014,0.0,0.0,0.0
6.38,hold_final_pose,0.9290207749802228,-0.38495661671377196,1.0079763922310145,0.01639023682081809,-0.5000000000000014,-0.5000000000000014,3,4.185113772197272e-15,5.000000000000004,0,11.1,-1.0000000000000029,1.5,1.2000000000000026,-0.5000000000000014,0.0,0.0,0.0
6.385,hold_final_pose,0.9290207749802228,-0.38495661671377196,1.0079763922310145,0.01639023682081809,-0.5000000000000014,-0.5000000000000014,3,4.185113772197272e-15,5.000000000000004,0,10.7,-1.0000000000000029,1.5,1.2000000000000026,-0.5000000000000014,0.0,0.0,0.0
6.390000000000001,hold_final_pose,0.9290207749802228,-0.38495661671377196,1.0079763922310145,0.01639023682081809,-0.5000000000000014,-0.5000000000000014,3,4.185113772197272e-15,5.000000000000004,0,10.7,-1.0000000000000029,1.5,1.2000000000000026,-0.5000000000000014,0.0,0.0,0.0
6.3950000000000005,hold_final_pose,0.9290207749802228,-0.38495661671377196,1.0079763922310145,0.01639023682081809,-0.5000000000000014,-0.5000000000000014,3,4.185113772197272e-15,5.000000000000004,0,10.9,-1.0000000000000029,1.5,1.2000000000000026,-0.5000000000000014,0.0,0.0,0.0
6.4,hold_final_pose,0.9290207749802228,-0.38495661671377196,1.0079763922310145,0.01639023682081809,-0.5000000000000014,-0.5000000000000014,3,4.185113772197272e-15,5.000000000000005,0,11.6,-1.0000000000000029,1.5,1.2000000000000026,-0.5000000000000014,0.0,0.0,0.0
6.405,hold_final_pose,0.9290207749802228,-0.38495661671377196,1.0079763922310145,0.01639023682081809,-0.5000000000000014,-0.5000000000000014,3,4.185113772197272e-15,5.000000000000004,0,10.9,-1.0000000000000029,1.5,1.2000000000000026,-0.5000000000000014,0.0,0.0,0.0
6.41,hold_final_pose,0.9290207749802228,-0.38495661671377196,1.0079763922310145,0.01639023682081809,-0.5000000000000014,-0.5000000000000014,3,4.185113772197272e-15,5.000000000000004,0,11.4,-1.0000000000000029,1.5,1.2000000000000026,-0.5000000000000014,0.0,0.0,0.0
6.415,hold_final_pose,0.9290207749802228,-0.38495661671377196,1.0079763922310145,0.01639023682081809,-0.5000000000000014,-0.5000000000000014,3,4.185113772197272e-15,5.000000000000004,0,11.3,-1.0000000000000029,1.5,1.2000000000000026,-0.5000000000000014,0.0,0.0,0.0
6.42,hold_final_pose,0.9290207749802228,-0.38495661671377196,1.0079763922310145,0.01639023682081809,-0.5000000000000014,-0.5000000000000014,3,4.185113772197272e-15,5.0000000000000036,0,11.2,-1.0000000000000029,1.5,1.2000000000000026,-0.5000000000000014,0.0,0.0,0.0
6.425,hold_final_pose,0.9290207749802228,-0.38495661671377196,1.0079763922310145,0.01639023682081809,-0.5000000000000014,-0.5000000000000014,3,4.185113772197272e-15,5.0000000000000036,0,10.8,-1.0000000000000029,1.5,1.2000000000000026,-0.5000000000000014,0.0,0.0,0.0
6.43,hold_final_pose,0.9290207749802228,-0.38495661671377196,1.0079763922310145,0.01639023682081809,-0.5000000000000014,-0.5000000000000014,3,4.185113772197272e-15,5.0000000000000036,0,11.4,-1.0000000000000029,1.5,1.2000000000000026,-0.5000000000000014,0.0,0.0,0.0
6.4350000000000005,hold_final_pose,0.9290207749802228,-0.38495661671377196,1.0079763922310145,0.01639023682081809,-0.5000000000000014,-0.5000000000000014,3,4.185113772197272e-15,5.0000000000000036,0,12.3,-1.0000000000000029,1.5,1.2000000000000026,-0.5000000000000014,0.0,0.0,0.0
6.44,hold_final_pose,0.9290207749802228,-0.38495661671377196,1.0079763922310145,0.01639023682081809,-0.5000000000000014,-0.5000000000000014,3,4.185113772197272e-15,5.0000000000000036,0,12.1,-1.0000000000000029,1.5,1.2000000000000026,-0.5000000000000014,0.0,0.0,0.0
6.445,hold_final_pose,0.9290207749802228,-0.38495661671377196,1.0079763922310145,0.01639023682081809,-0.5000000000000014,-0.5000000000000014,3,4.185113772197272e-15,5.0000000000000036,0,11.0,-1.0000000000000029,1.5,1.2000000000000026,-0.5000000000000014,0.0,0.0,0.0
6.45,hold_final_pose,0.9290207749802228,-0.38495661671377196,1.0079763922310145,0.01639023682081809,-0.5000000000000014,-0.5000000000000014,3,4.185113772197272e-15,5.000000000000004,0,10.6,-1.0000000000000029,1.5,1.2000000000000026,-0.5000000000000014,0.0,0.0,0.0
6.455,hold_final_pose,0.9290207749802228,-0.38495661671377196,1.0079763922310145,0.01639023682081809,-0.5000000000000014,-0.5000000000000014,3,4.185113772197272e-15,5.000000000000004,0,13.1,-1.0000000000000029,1.5,1.2000000000000026,-0.5000000000000014,0.0,0.0,0.0
6.46,hold_final_pose,0.9290207749802228,-0.38495661671377196,1.0079763922310145,0.01639023682081809,-0.5000000000000014,-0.5000000000000014,3,4.185113772197272e-15,5.000000000000004,0,11.2,-1.0000000000000029,1.5,1.2000000000000026,-0.5000000000000014,0.0,0.0,0.0
6.465,hold_final_pose,0.9290207749802228,-0.38495661671377196,1.0079763922310145,0.01639023682081809,-0.5000000000000014,-0.5000000000000014,3,4.185113772197272e-15,5.000000000000005,0,11.8,-1.0000000000000029,1.5,1.2000000000000026,-0.5000000000000014,0.0,0.0,0.0
6.47,hold_final_pose,0.9290207749802228,-0.38495661671377196,1.0079763922310145,0.01639023682081809,-0.5000000000000014,-0.5000000000000014,3,4.185113772197272e-15,5.000000000000005,0,10.7,-1.0000000000000029,1.5,1.2000000000000026,-0.5000000000000014,0.0,0.0,0.0
6.4750000000000005,hold_final_pose,0.9290207749802228,-0.38495661671377196,1.0079763922310145,0.01639023682081809,-0.5000000000000014,-0.5000000000000014,3,4.185113772197272e-15,5.000000000000004,0,11.1,-1.0000000000000029,1.5,1.2000000000000026,-0.5000000000000014,0.0,0.0,0.0
6.48,hold_final_pose,0.9290207749802228,-0.38495661671377196,1.0079763922310145,0.01639023682081809,-0.5000000000000014,-0.5000000000000014,3,4.185113772197272e-15,5.000000000000004,0,10.6,-1.0000000000000029,1.5,1.2000000000000026,-0.5000000000000014,0.0,0.0,0.0
6.485,hold_final_pose,0.9290207749802228,-0.38495661671377196,1.0079763922310145,0.01639023682081809,-0.5000000000000014,-0.5000000000000014,3,4.185113772197272e-15,5.000000000000004,0,10.6,-1.0000000000000029,1.5,1.2000000000000026,-0.5000000000000014,0.0,0.0,0.0
6.49,hold_final_pose,0.9290207749802228,-0.38495661671377196,1.0079763922310145,0.01639023682081809,-0.5000000000000014,-0.5000000000000014,3,4.185113772197272e-15,5.000000000000004,0,10.9,-1.0000000000000029,1.5,1.2000000000000026,-0.5000000000000014,0.0,0.0,0.0
6.495,hold_final_pose,0.9290207749802228,-0.38495661671377196,1.0079763922310145,0.01639023682081809,-0.5000000000000014,-0.5000000000000014,3,4.185113772197272e-15,5.000000000000004,0,11.8,-1.0000000000000029,1.5,1.2000000000000026,-0.5000000000000014,0.0,0.0,0.0
6.5,hold_final_pose,0.9290207749802228,-0.38495661671377196,1.0079763922310145,0.01639023682081809,-0.5000000000000014,-0.5000000000000014,3,4.185113772197272e-15,5.000000000000004,0,10.9,-1.0000000000000029,1.5,1.2000000000000026,-0.5000000000000014,0.0,0.0,0.0
6.505,hold_final_pose,0.9290207749802228,-0.38495661671377196,1.0079763922310145,0.01639023682081809,-0.5000000000000014,-0.5000000000000014,3,4.185113772197272e-15,5.0000000000000036,0,10.5,-1.0000000000000029,1.5,1.2000000000000026,-0.5000000000000014,0.0,0.0,0.0
6.51,hold_final_pose,0.9290207749802228,-0.38495661671377196,1.0079763922310145,0.01639023682081809,-0.5000000000000014,-0.5000000000000014,3,4.185113772197272e-15,5.0000000000000036,0,11.1,-1.0000000000000029,1.5,1.2000000000000026,-0.5000000000000014,0.0,0.0,0.0
6.515000000000001,hold_final_pose,0.9290207749802228,-0.38495661671377196,1.0079763922310145,0.01639023682081809,-0.5000000000000014,-0.5000000000000014,3,4.185113772197272e-15,5.0000000000000036,0,10.5,-1.0000000000000029,1.5,1.2000000000000026,-0.5000000000000014,0.0,0.0,0.0
6.5200000000000005,hold_final_pose,0.9290207749802228,-0.38495661671377196,1.0079763922310145,0.01639023682081809,-0.5000000000000014,-0.5000000000000014,3,4.185113772197272e-15,5.0000000000000036,0,11.3,-1.0000000000000029,1.5,1.2000000000000026,-0.5000000000000014,0.0,0.0,0.0
6.525,hold_final_pose,0.9290207749802228,-0.38495661671377196,1.0079763922310145,0.01639023682081809,-0.5000000000000014,-0.5000000000000014,3,4.185113772197272e-15,5.0000000000000036,0,10.7,-1.0000000000000029,1.5,1.2000000000000026,-0.5000000000000014,0.0,0.0,0.0
6.53,hold_final_pose,0.9290207749802228,-0.38495661671377196,1.0079763922310145,0.01639023682081809,-0.5000000000000014,-0.5000000000000014,3,4.185113772197272e-15,5.0000000000000036,0,11.1,-1.0000000000000029,1.5,1.2000000000000026,-0.5000000000000014,0.0,0.0,0.0
6.535,hold_final_pose,0.9290207749802228,-0.38495661671377196,1.0079763922310145,0.01639023682081809,-0.5000000000000014,-0.5000000000000014,3,4.185113772197272e-15,5.0000000000000036,0,10.5,-1.0000000000000029,1.5,1.2000000000000026,-0.5000000000000014,0.0,0.0,0.0
6.54,hold_final_pose,0.9290207749802228,-0.38495661671377196,1.0079763922310145,0.01639023682081809,-0.5000000000000014,-0.5000000000000014,3,4.185113772197272e-15,5.0000000000000036,0,11.7,-1.0000000000000029,1.5,1.2000000000000026,-0.5000000000000014,0.0,0.0,0.0
6.545,hold_final_pose,0.9290207749802228,-0.38495661671377196,1.0079763922310145,0.01639023682081809,-0.5000000000000014,-0.5000000000000014,3,4.185113772197272e-15,5.0000000000000036,0,10.5,-1.0000000000000029,1.5,1.2000000000000026,-0.5000000000000014,0.0,0.0,0.0
6.55,hold_final_pose,0.9290207749802228,-0.38495661671377196,1.0079763922310145,0.01639023682081809,-0.5000000000000014,-0.5000000000000014,3,4.185113772197272e-15,5.000000000000004,0,10.7,-1.0000000000000029,1.5,1.2000000000000026,-0.5000000000000014,0.0,0.0,0.0
6.555,hold_final_pose,0.9290207749802228,-0.38495661671377196,1.0079763922310145,0.01639023682081809,-0.5000000000000014,-0.5000000000000014,3,4.185113772197272e-15,5.000000000000004,0,10.7,-1.0000000000000029,1.5,1.2000000000000026,-0.5000000000000014,0.0,0.0,0.0
6.5600000000000005,hold_final_pose,0.9290207749802228,-0.38495661671377196,1.0079763922310145,0.01639023682081809,-0.5000000000000014,-0.5000000000000014,3,4.185113772197272e-15,5.000000000000004,0,11.6,-1.0000000000000029,1.5,1.2000000000000026,-0.5000000000000014,0.0,0.0,0.0
6.565,hold_final_pose,0.9290207749802228,-0.38495661671377196,1.0079763922310145,0.01639023682081809,-0.5000000000000014,-0.5000000000000014,3,4.185113772197272e-15,5.000000000000005,0,11.0,-1.0000000000000029,1.5,1.2000000000000026,-0.5000000000000014,0.0,0.0,0.0
6.57,hold_final_pose,0.9290207749802228,-0.38495661671377196,1.0079763922310145,0.01639023682081809,-0.5000000000000014,-0.5000000000000014,3,4.185113772197272e-15,5.000000000000004,0,10.9,-1.0000000000000029,1.5,1.2000000000000026,-0.5000000000000014,0.0,0.0,0.0
6.575,hold_final_pose,0.9290207749802228,-0.38495661671377196,1.0079763922310145,0.01639023682081809,-0.5000000000000014,-0.5000000000000014,3,4.185113772197272e-15,5.000000000000004,0,11.5,-1.0000000000000029,1.5,1.2000000000000026,-0.5000000000000014,0.0,0.0,0.0
6.58,hold_final_pose,0.9290207749802228,-0.38495661671377196,1.0079763922310145,0.01639023682081809,-0.5000000000000014,-0.5000000000000014,3,4.185113772197272e-15,5.000000000000004,0,11.1,-1.0000000000000029,1.5,1.2000000000000026,-0.5000000000000014,0.0,0.0,0.0
6.585,hold_final_pose,0.9290207749802228,-0.38495661671377196,1.0079763922310145,0.01639023682081809,-0.5000000000000014,-0.5000000000000014,3,4.185113772197272e-15,5.000000000000004,0,11.3,-1.0000000000000029,1.5,1.2000000000000026,-0.5000000000000014,0.0,0.0,0.0
6.59,hold_final_pose,0.9290207749802228,-0.38495661671377196,1.0079763922310145,0.01639023682081809,-0.5000000000000014,-0.5000000000000014,3,4.185113772197272e-15,5.0000000000000036,0,11.1,-1.0000000000000029,1.5,1.2000000000000026,-0.5000000000000014,0.0,0.0,0.0
6.595,hold_final_pose,0.9290207749802228,-0.38495661671377196,1.0079763922310145,0.01639023682081809,-0.5000000000000014,-0.5000000000000014,3,4.185113772197272e-15,5.0000000000000036,0,10.4,-1.0000000000000029,1.5,1.2000000000000026,-0.5000000000000014,0.0,0.0,0.0
6.6000000000000005,hold_final_pose,0.9290207749802228,-0.38495661671377196,1.0079763922310145,0.01639023682081809,-0.5000000000000014,-0.5000000000000014,3,4.185113772197272e-15,5.0000000000000036,0,11.4,-1.0000000000000029,1.5,1.2000000000000026,-0.5000000000000014,0.0,0.0,0.0
6.605,hold_final_pose,0.9290207749802228,-0.38495661671377196,1.0079763922310145,0.01639023682081809,-0.5000000000000014,-0.5000000000000014,3,4.185113772197272e-15,5.0000000000000036,0,11.1,-1.0000000000000029,1.5,1.2000000000000026,-0.5000000000000014,0.0,0.0,0.0
6.61,hold_final_pose,0.9290207749802228,-0.38495661671377196,1.0079763922310145,0.01639023682081809,-0.5000000000000014,-0.5000000000000014,3,4.185113772197272e-15,5.0000000000000036,0,11.1,-1.0000000000000029,1.5,1.2000000000000026,-0.5000000000000014,0.0,0.0,0.0
6.615,hold_final_pose,0.9290207749802228,-0.38495661671377196,1.0079763922310145,0.01639023682081809,-0.5000000000000014,-0.5000000000000014,3,4.185113772197272e-15,5.0000000000000036,0,11.5,-1.0000000000000029,1.5,1.2000000000000026,-0.5000000000000014,0.0,0.0,0.0
6.62,hold_final_pose,0.9290207749802228,-0.38495661671377196,1.0079763922310145,0.01639023682081809,-0.5000000000000014,-0.5000000000000014,3,4.185113772197272e-15,5.0000000000000036,0,10.9,-1.0000000000000029,1.5,1.2000000000000026,-0.5000000000000014,0.0,0.0,0.0
6.625,hold_final_pose,0.9290207749802228,-0.38495661671377196,1.0079763922310145,0.01639023682081809,-0.5000000000000014,-0.5000000000000014,3,4.185113772197272e-15,5.0000000000000036,0,10.3,-1.0000000000000029,1.5,1.2000000000000026,-0.5000000000000014,0.0,0.0,0.0
6.63,hold_final_pose,0.9290207749802228,-0.38495661671377196,1.0079763922310145,0.01639023682081809,-0.5000000000000014,-0.5000000000000014,3,4.185113772197272e-15,5.000000000000004,0,11.7,-1.0000000000000029,1.5,1.2000000000000026,-0.5000000000000014,0.0,0.0,0.0
6.635,hold_final_pose,0.9290207749802228,-0.38495661671377196,1.0079763922310145,0.01639023682081809,-0.5000000000000014,-0.5000000000000014,3,4.185113772197272e-15,5.000000000000004,0,10.6,-1.0000000000000029,1.5,1.2000000000000026,-0.5000000000000014,0.0,0.0,0.0
6.640000000000001,hold_final_pose,0.9290207749802228,-0.38495661671377196,1.0079763922310145,0.01639023682081809,-0.5000000000000014,-0.5000000000000014,3,4.185113772197272e-15,5.000000000000004,0,10.9,-1.0000000000000029,1.5,1.2000000000000026,-0.5000000000000014,0.0,0.0,0.0
6.6450000000000005,hold_final_pose,0.9290207749802228,-0.38495661671377196,1.0079763922310145,0.01639023682081809,-0.5000000000000014,-0.5000000000000014,3,4.185113772197272e-15,5.000000000000004,0,10.5,-1.0000000000000029,1.5,1.2000000000000026,-0.5000000000000014,0.0,0.0,0.0
6.65,hold_final_pose,0.9290207749802228,-0.38495661671377196,1.0079763922310145,0.01639023682081809,-0.5000000000000014,-0.5000000000000014,3,4.185113772197272e-15,5.000000000000004,0,10.8,-1.0000000000000029,1.5,1.2000000000000026,-0.5000000000000014,0.0,0.0,0.0
6.655,hold_final_pose,0.9290207749802228,-0.38495661671377196,1.0079763922310145,0.01639023682081809,-0.5000000000000014,-0.5000000000000014,3,4.185113772197272e-15,5.000000000000004,0,10.2,-1.0000000000000029,1.5,1.2000000000000026,-0.5000000000000014,0.0,0.0,0.0
6.66,hold_final_pose,0.9290207749802228,-0.38495661671377196,1.0079763922310145,0.01639023682081809,-0.5000000000000014,-0.5000000000000014,3,4.185113772197272e-15,5.000000000000004,0,10.4,-1.0000000000000029,1.5,1.2000000000000026,-0.5000000000000014,0.0,0.0,0.0
6.665,hold_final_pose,0.9290207749802228,-0.38495661671377196,1.0079763922310145,0.01639023682081809,-0.5000000000000014,-0.5000000000000014,3,4.185113772197272e-15,5.000000000000005,0,11.2,-1.0000000000000029,1.5,1.2000000000000026,-0.5000000000000014,0.0,0.0,0.0
6.67,hold_final_pose,0.9290150403305386,-0.3849592910409165,1.0079591716496026,0.016383252515944226,-0.4999877787555777,-0.5000000000000014,3,4.008866238611806e-05,4.9975557511152715,0,11.0,-0.9999755575111554,1.5,1.1999706690133858,-0.4999877787555777,0.0,0.0,0.0
6.675,hold_final_pose,0.9290009010929852,-0.38496588274874377,1.0079167208664541,0.0163660361146755,-0.49995765155470334,-0.4999877787555777,3,0.0001389132290786861,4.9938523473809004,0,10.8,-0.9999153031094067,1.5,1.1998983637312872,-0.49995765155470334,0.0,0.0,0.0
6.68,hold_final_pose,0.9289786452898227,-0.38497625246402634,1.0078499242672687,0.016338948126149673,-0.4999102451058541,-0.49995765155470334,3,0.00029441794342290257,4.990095225777178,0,10.6,-0.9998204902117082,1.5,1.199784588254049,-0.4999102451058541,0.0,0.0,0.0
6.6850000000000005,hold_final_pose,0.9289485475507099,-0.38499026446924006,1.0077596360035574,0.016302337731587076,-0.499846164182709,-0.4999102451058541,3,0.0005046190002510598,4.986286266429528,0,10.3,-0.999692328365418,1.5,1.199630794038501,-0.499846164182709,0.0,0.0,0.0
6.69,hold_final_pose,0.928910869851319,-0.38500778667373914,1.0076466809954385,0.0162565430791927,-0.49976599239186853,-0.499846164182709,3,0.0007676020275760795,4.982427283658994,0,10.5,-0.9995319847837371,1.5,1.199438381740484,-0.49976599239186853,0.0,0.0,0.0
6.695,hold_final_pose,0.9288658622063037,-0.3850286905785299,1.0075118559043341,0.016201891577208506,-0.49967029291370196,-0.49976599239186853,3,0.0010815196564307513,4.978520028285372,0,10.5,-0.9993405858274039,1.5,1.1992087029928842,-0.49967029291370196,0.0,0.0,0.0
6.7,hold_final_pose,0.9288137633196064,-0.38505285123540517,1.0073559300761203,0.01613870018444747,-0.4995596092172657,-0.49967029291370196,3,0.0014445891757615028,4.974566189849772,0,11.8,-0.9991192184345314,1.5,1.1989430621214372,-0.4995596092172657,0.0,0.0,0.0
6.705,hold_final_pose,0.9287342661610205,-0.3850896418916022,1.0071182968128904,0.0160424230753625,-0.4993909115340607,-0.4995596092172657,3,0.001196113306309065,4.961856555531645,0,11.5,-0.9987818230681214,1.5,1.1985381876817451,-0.4993909115340607,0.0,0.0,0.0
6.71,hold_final_pose,0.9286282165974049,-0.38513857873027496,1.0068018406526278,0.01591426253131207,-0.49916623035362373,-0.4993909115340607,3,0.0011312769617813142,4.948972879253212,0,11.0,-0.9983324607072475,1.5,1.1979989528486965,-0.49916623035362373,0.0,0.0,0.0
6.715,hold_final_pose,0.9284963967256734,-0.38519918221904703,1.0064093528562992,0.015755392348970672,-0.49888752509835793,-0.49916623035362373,3,0.001243652758805809,4.935921252483084,0,10.5,-0.9977750501967159,1.5,1.1973300602360586,-0.49888752509835793,0.0,0.0,0.0
6.72,hold_final_pose,0.9283395299453445,-0.3852709779867794,1.0059435341997067,0.01556695789101379,-0.49855668661088237,-0.49888752509835793,3,0.0015270382724281032,4.9227075534884674,0,10.6,-0.9971133732217647,1.5,1.1965360478661173,-0.49855668661088237,0.0,0.0,0.0
6.7250000000000005,hold_final_pose,0.9281582856498083,-0.38535349759149834,1.0054069977311795,0.015350076236880651,-0.49817553955432436,-0.49855668661088237,3,0.0019754481625672065,4.909337454797221,0,10.2,-0.9963510791086487,1.5,1.1956212949303782,-0.49817553955432436,0.0,0.0,0.0
6.73,hold_final_pose,0.9279532835633983,-0.385446279189212,1.004802271487589,0.015105836418874537,-0.4977458447286018,-0.49817553955432436,3,0.0025831065760452618,4.895816430398729,0,13.7,-0.9954916894572036,1.5,1.194590027348644,-0.4977458447286018,0.0,0.0,0.0
6.735,reset_to_initial,0.9277202189454297,-0.3855510537244196,1.0041174961442847,0.014829530559350608,-0.4972591323347539,-0.4977458447286018,3,0.002867452532895644,4.88011596851644,0,11.0,-0.9945182646695078,1.5,1.193421917603409,-0.4972591323347539,0.0,0.0,0.0
6.74,reset_to_initial,0.9274499345392058,-0.38567162852383957,1.0033269609761974,0.014510902010532158,-0.49669706614606457,-0.4972591323347539,3,0.0023785954877080886,4.860178085609672,0,11.7,-0.9933941322921291,1.5,1.1920729587505547,-0.49669706614606457,0.0,0.0,0.0
6.745,reset_to_initial,0.9271432189123725,-0.3858072595165911,1.0024344878788498,0.014151641956942719,-0.49606228354535326,-0.49669706614606457,3,0.0021282660090038348,4.840014141318379,0,10.9,-0.9921245670907065,1.5,1.1905494805088475,-0.49606228354535326,0.0,0.0,0.0
6.75,reset_to_initial,0.9268007794573634,-0.3859572084144966,1.0014437798229245,0.01375340688598179,-0.4953573296070407,-0.49606228354535326,3,0.0021081156319555272,4.8196320477910195,0,11.7,-0.9907146592140814,1.5,1.1888575910568973,-0.4953573296070407,0.0,0.0,0.0
6.755,reset_to_initial,0.926423250014554,-0.38612074417986075,1.0003584245959636,0.013317818668189048,-0.49458466032794296,-0.4953573296070407,3,0.002310088088005437,4.799039440250856,0,11.0,-0.9891693206558859,1.5,1.1870031847870626,-0.49458466032794296,0.0,0.0,0.0
6.76,reset_to_initial,0.9260111978878122,-0.3862971443145594,0.9991818984936431,0.012846464788386448,-0.4937466457449875,-0.49458466032794296,3,0.002726409077995164,4.778243686688338,0,10.8,-0.987493291489975,1.5,1.1849919497879695,-0.4937466457449875,0.0,0.0,0.0
6.765000000000001,reset_to_initial,0.9255651302970689,-0.38648569598666827,0.9979175699479363,0.012340898704363064,-0.4928455729438093,-0.4937466457449875,3,0.0033495764032363275,4.757251897214243,0,11.3,-0.9856911458876186,1.5,1.182829375065142,-0.4928455729438093,0.0,0.0,0.0
6.7700000000000005,reset_to_initial,0.9250821075802507,-0.38668710178715104,0.9965592002215676,0.011798852344540152,-0.491876869913368,-0.4928455729438093,3,0.003247000001353134,4.734715123349826,0,10.9,-0.983753739826736,1.5,1.1805044877920827,-0.491876869913368,0.0,0.0,0.0
6.775,reset_to_initial,0.9245608633579191,-0.38690128978638794,0.9951055556405856,0.0112200903199429,-0.49083951317038954,-0.491876869913368,3,0.002895688681619755,4.71129735053799,0,10.9,-0.9816790263407791,1.5,1.1780148316089345,-0.49083951317038954,0.0,0.0,0.0
6.78,reset_to_initial,0.9240018060529608,-0.38712746208170573,0.9935602220058264,0.01060631656478956,-0.4897359055948128,-0.49083951317038954,3,0.002761696250947748,4.687673616588544,0,10.9,-0.9794718111896256,1.5,1.1753661734275502,-0.4897359055948128,0.0,0.0,0.0
6.785,reset_to_initial,0.9234052918964647,-0.3873648333028573,0.9919266769632649,0.009959201082222348,-0.48856836596577863,-0.4897359055948128,3,0.0028374165482201127,4.663851130141302,0,10.4,-0.9771367319315573,1.5,1.1725640783178684,-0.48856836596577863,0.0,0.0,0.0
6.79,reset_to_initial,0.9227716306889742,-0.3876126315037016,0.990208293688602,0.00928038064504303,-0.48733913190515815,-0.48856836596577863,3,0.0031155096279584984,4.639836847533689,0,11.6,-0.9746782638103163,1.5,1.1696139165723791,-0.48733913190515815,0.0,0.0,0.0
6.795,reset_to_initial,0.9221010910794358,-0.3878700989234851,0.9884083444675028,0.008571459568919977,-0.48605036271805685,-0.48733913190515815,4,0.0035888924427768124,4.615637481631317,0,11.1,-0.9721007254361137,1.5,1.1665208705233359,-0.48605036271805685,0.0,0.0,0.0
6.8,reset_to_initial,0.9213939053984149,-0.3881364926300657,0.9865300041675158,0.00783401054422573,-0.4847041421339015,-0.48605036271805685,4,0.004250729851947093,4.591259510349501,0,10.9,-0.969408284267803,1.5,1.163289941121363,-0.4847041421339015,0.0,0.0,0.0
6.805,reset_to_initial,0.9206454782343427,-0.38841283793237985,0.984563824183653,0.00705454245916793,-0.4832934867364995,-0.4847041421339015,4,0.0038118184853348194,4.56491034185862,0,11.2,-0.966586973472999,1.5,1.1599043681675985,-0.4832934867364995,0.0,0.0,0.0
6.8100000000000005,reset_to_initial,0.9198560019673806,-0.38869830546200757,0.9825132756958475,0.005838673961447445,-0.48182065174431454,-0.4832934867364995,4,0.003576871354801046,4.538367868927995,0,10.8,-0.9636413034886291,1.5,1.1563695641863545,-0.48182065174431454,0.0,0.0,0.0
6.815,reset_to_initial,0.919025635219921,-0.388992082444831,0.9803817298334221,0.004575371223981307,-0.48028781344316396,-0.48182065174431454,4,0.003538749712084536,4.511638857213025,0,11.1,-0.9605756268863279,1.5,1.1526907522635932,-0.48028781344316396,0.0,0.0,0.0
6.82,reset_to_initial,0.9181545075049071,-0.389293373271358,0.9781724611557785,0.003266685484245503,-0.4786970719488616,-0.48028781344316396,4,0.0036905646651110313,4.484729835571159,0,11.5,-0.9573941438977231,1.5,1.1488729726772675,-0.4786970719488616,0.0,0.0,0.0
6.825,reset_to_initial,0.9172427234668101,-0.38960139996397225,0.9758886510079364,0.0019146228664282464,-0.4770504538731677,-0.4786970719488616,4,0.0040256684330294765,4.457647104349836,0,16.2,-0.9541009077463354,1.5,1.144921089295602,-0.4770504538731677,0.0,0.0,0.0
6.83,reset_to_initial,0.9162903667466884,-0.38991540255117296,0.9735333907512435,0.0005211471137116577,-0.475349914896431,-0.4770504538731677,4,0.004537645907318831,4.43039674338434,0,15.1,-0.950699829792862,1.5,1.140839795751434,-0.475349914896431,0.0,0.0,0.0
6.835,reset_to_initial,0.915296014999081,-0.3902351118785865,0.9711060750176694,-0.0009139511584949009,-0.4735947299678528,-0.475349914896431,4,0.004827935240602676,4.402462163248667,0,12.4,-0.9471894599357056,1.5,1.1366273519228463,-0.4735947299678528,0.0,0.0,0.0
6.84,reset_to_initial,0.9142567083369727,-0.39056069907901225,0.968602562152425,-0.0023929501177502796,-0.471781588698133,-0.4735947299678528,4,0.00450669564234782,4.373319045734573,0,12.5,-0.943563177396266,1.5,1.1322758128755188,-0.471781588698133,0.0,0.0,0.0
6.845,reset_to_initial,0.9131724827201813,-0.39089134889224575,0.9660261203878923,-0.003913726620263784,-0.46991251955921165,-0.471781588698133,4,0.00436891309551067,4.344002059197054,0,11.9,-0.9398250391184233,1.5,1.1277900469421076,-0.46991251955921165,0.0,0.0,0.0
6.8500000000000005,reset_to_initial,0.9120433597435001,-0.39122626600528987,0.963379929315932,-0.0054741928579253515,-0.4679894800265107,-0.46991251955921165,4,0.004408166603291017,4.314517289051927,0,11.2,-0.9359789600530214,1.5,1.1231747520636253,-0.4679894800265107,0.0,0.0,0.0
6.855,reset_to_initial,0.9108693499639732,-0.3915646752851328,0.9606670829072855,-0.007072293224194025,-0.4660143590638125,-0.4679894800265107,4,0.0046182599037787085,4.284870607725464,0,11.9,-0.932028718127625,1.5,1.1184344617531496,-0.4660143590638125,0.0,0.0,0.0
6.86,reset_to_initial,0.9096504559151265,-0.3919058219394502,0.9578905924033851,-0.008706001178741922,-0.4639889795211669,-0.4660143590638125,5,0.004993213604228468,4.255067682109011,0,42.7,-0.9279779590423338,1.5,1.1135735508508002,-0.4639889795211669,0.0,0.0,0.0
6.865,reset_to_initial,0.9083866748326862,-0.3922489716126049,0.9550533890840627,-0.01037331610585087,-0.46191510044887213,-0.4639889795211669,5,0.005527257590641572,4.225113980752716,0,14.9,-0.9238302008977443,1.5,1.1085962410772927,-0.46191510044887213,0.0,0.0,0.0
6.87,reset_to_initial,0.9070752385881629,-0.39259412608075317,0.9521522606777343,-0.012075817443874502,-0.45978997084041184,-0.46191510044887213,5,0.005500412989041714,4.194125082796664,0,12.7,-0.9195799416808237,1.5,1.103495930016988,-0.45978997084041184,0.0,0.0,0.0
6.875,reset_to_initial,0.9057147334084061,-0.3929408762057978,0.9491872125731939,-0.013813153733513765,-0.45761315955218457,-0.45978997084041184,5,0.005278486117383168,4.162537450758666,0,13.7,-0.9152263191043691,1.5,1.0982715829252425,-0.45761315955218457,0.0,0.0,0.0
6.88,reset_to_initial,0.9043051396647315,-0.3932884497979006,0.9461613264185028,-0.015583134953334792,-0.45538647544298216,-0.45761315955218457,5,0.00522015426217352,4.130794773681366,0,12.2,-0.9107729508859643,1.5,1.0929275410631567,-0.45538647544298216,0.0,0.0,0.0
6.885,reset_to_initial,0.9028464382102162,-0.39363609661857196,0.9430776052545883,-0.01738358548512494,-0.45311166406153874,-0.45538647544298216,5,0.005319691597837022,4.098902478141142,0,11.3,-0.9062233281230775,1.5,1.0874679937476925,-0.45311166406153874,0.0,0.0,0.0
6.890000000000001,reset_to_initial,0.9013386126418732,-0.3939830883720679,0.9399389760189398,-0.019395312366885763,-0.4507904098623827,-0.45311166406153874,5,0.005571572702691942,4.066865800784188,0,11.2,-0.9015808197247654,1.5,1.081896983669718,-0.4507904098623827,0.0,0.0,0.0
6.8950000000000005,reset_to_initial,0.899781651326317,-0.3943287186479664,0.936748291933521,-0.02178897900303866,-0.4484243383441341,-0.4507904098623827,5,0.005970465544818921,4.034689794974103,0,11.3,-0.8968486766882682,1.5,1.0762184120259215,-0.4484243383441341,0.0,0.0,0.0
6.9,reset_to_initial,0.8981755492076866,-0.3946723028202133,0.9335083347817092,-0.02422325812177272,-0.44601501811296107,-0.4484243383441341,5,0.006511224713412404,4.002379337206739,0,10.5,-0.8920300362259221,1.5,1.0704360434711062,-0.44601501811296107,0.0,0.0,0.0
6.905,reset_to_initial,0.896516578238289,-0.39501393153750647,0.930214467469846,-0.02670170218316161,-0.44355847341865595,-0.44601501811296107,6,0.006222808629970849,3.9688412422685913,0,11.9,-0.8871169468373119,1.5,1.064540336204774,-0.44355847341865595,0.0,0.0,0.0
6.91,reset_to_initial,0.8948047373692353,-0.39535287782679235,0.926869659804493,-0.029222124278199195,-0.4410563571174284,-0.44355847341865595,6,0.00608387853184797,3.935161473941047,0,11.3,-0.8821127142348568,1.5,1.0585352570818278,-0.4410563571174284,0.0,0.0,0.0
6.915,reset_to_initial,0.8930400352802121,-0.3956884377211529,0.9234768091853754,-0.03178235117134522,-0.4385102642155207,-0.4410563571174284,6,0.006089202409557378,3.901344990792737,0,10.9,-0.8770205284310414,1.5,1.0524246341172492,-0.4385102642155207,0.0,0.0,0.0
6.92,reset_to_initial,0.8912224919714516,-0.3960199301168264,0.9200387427104267,-0.03438021772166993,-0.4359217338939566,-0.4385102642155207,6,0.006233731373945131,3.867396577842385,0,10.6,-0.8718434677879132,1.5,1.0462121613454953,-0.4359217338939566,0.0,0.0,0.0
6.925,reset_to_initial,0.8893521401658653,-0.39634669659469113,0.9165582191792141,-0.03701356099257957,-0.4332922514624241,-0.4359217338939566,6,0.006512593246977259,3.833320852633064,0,10.3,-0.8665845029248482,1.5,1.0399014035098173,-0.4332922514624241,0.0,0.0,0.0
6.93,reset_to_initial,0.8874290265365958,-0.396668101210307,0.9130379309997976,-0.03968021399467397,-0.4306232502447721,-0.4332922514624241,6,0.006921086376851505,3.7991222710938386,0,32.6,-0.8612465004895442,1.5,1.0334958005874524,-0.4306232502447721,0.0,0.0,0.0
6.9350000000000005,reset_to_initial,0.8854521508157079,-0.39698369587111726,0.9094786097193309,-0.0423794377999698,-0.4279146676302755,-0.4306232502447721,6,0.007167869904037024,3.764515979548408,0,14.5,-0.855829335260551,1.5,1.0269952023126607,-0.4279146676302755,0.0,0.0,0.0
6.94,reset_to_initial,0.8834194368162861,-0.39729318557106774,0.9058791319506203,-0.04511184194779937,-0.4251649982986331,-0.4279146676302755,6,0.0069665103010500195,3.729212809974263,0,12.0,-0.8503299965972662,1.5,1.0203959959167188,-0.4251649982986331,0.0,0.0,0.0
6.945,reset_to_initial,0.8813309694690028,-0.3975959321514107,0.9022422652789306,-0.04787501399212168,-0.4223756802849448,-0.4251649982986331,6,0.006895208045223948,3.693786380248681,0,11.5,-0.8447513605698896,1.5,1.013701632683867,-0.4223756802849448,0.0,0.0,0.0
6.95,reset_to_initial,0.879186851339779,-0.39789132057701104,0.8985707119202921,-0.05066650674562297,-0.4195481012930824,-0.4223756802849448,7,0.0069494111294080615,3.658241004476961,0,11.4,-0.8390962025861648,1.5,1.0069154431033973,-0.4195481012930824,0.0,0.0,0.0
6.955,reset_to_initial,0.8769872034812999,-0.39817875866417035,0.894867110366178,-0.0534838281658336,-0.41668360045728187,-0.4195481012930824,7,0.007124726866702155,3.6225808457707185,0,11.0,-0.8333672009145637,1.5,1.000040641097476,-0.41668360045728187,0.0,0.0,0.0
6.96,reset_to_initial,0.8747321661486512,-0.39845767678709715,0.8911340369487147,-0.05632443026220595,-0.4137834700420811,-0.41668360045728187,7,0.00741691631424739,3.5868099215326623,0,11.1,-0.8275669400841622,1.5,0.9930803281009942,-0.4137834700420811,0.0,0.0,0.0
6.965,reset_to_initial,0.8724218993903032,-0.3987275275658318,0.8873740073310128,-0.059185696879664455,-0.4108489570827591,-0.4137834700420811,7,0.007821888892184756,3.550932108556405,0,10.5,-0.8216979141655182,1.5,0.9860374969986214,-0.4108489570827591,0.0,0.0,0.0
6.97,reset_to_initial,0.8700548856825538,-0.39898796668167497,0.8835867844320876,-0.062066978921242265,-0.4078791476968554,-0.4108489570827591,7,0.007832243718242362,3.5145276936468584,0,11.3,-0.8157582953937108,1.5,0.9789099544724527,-0.4078791476968554,0.0,0.0,0.0
6.9750000000000005,reset_to_initial,0.8676304643466481,-0.399238542770622,0.8797735603790492,-0.0649663942338696,-0.4048742183059256,-0.4078791476968554,7,0.007702524839051401,3.4778055987826018,0,11.0,-0.8097484366118513,1.5,0.9716981239342213,-0.4048742183059256,0.0,0.0,0.0
6.98,reset_to_initial,0.8651488549083525,-0.39947872393863265,0.8759368755580128,-0.0678808715716917,-0.4018353981101457,-0.4048742183059256,7,0.0076839760655133295,3.4409781439032714,0,10.4,-0.8036707962202914,1.5,0.9644049554643495,-0.4018353981101457,0.0,0.0,0.0
6.985,reset_to_initial,0.8626102988905182,-0.3997080006563562,0.8720792106108023,-0.07080720332734697,-0.39876387328768537,-0.4018353981101457,7,0.007772706443928705,3.4040490166093904,0,11.2,-0.7975277465753707,1.5,0.9570332958904446,-0.39876387328768537,0.0,0.0,0.0
6.99,reset_to_initial,0.8600150600850741,-0.39992588540475793,0.868202987704762,-0.07374202345928124,-0.3956607885004784,-0.39876387328768537,7,0.007964961203979135,3.3670217754354685,0,10.5,-0.7913215770009568,1.5,0.949585892401148,-0.3956607885004784,0.0,0.0,0.0
6.995,reset_to_initial,0.8573634247327673,-0.4001319123099148,0.8643105717448266,-0.07668178279075091,-0.392527248347291,-0.3956607885004784,7,0.008257116992307351,3.3298998543673064,0,11.1,-0.785054496694582,1.5,0.9420653960334983,-0.392527248347291,0.0,0.0,0.0
7.0,reset_to_initial,0.854655701618675,-0.4003256367688281,0.8604042715315552,-0.0796227213520839,-0.38936431876593247,-0.392527248347291,7,0.008645677272923577,3.292686567201203,0,10.6,-0.7787286375318649,1.5,0.9344743650382378,-0.38936431876593247,0.0,0.0,0.0
7.005,reset_to_initial,0.8518904925075668,-0.40050674319254087,0.8564839100032031,-0.08256265625677336,-0.38617104234117844,-0.38936431876593247,7,0.008477727262043254,3.254987902708522,0,10.4,-0.7723420846823569,1.5,0.9268105016188282,-0.38617104234117844,0.0,0.0,0.0
7.01,reset_to_initial,0.8490681538103031,-0.4006747976260494,0.852551816875717,-0.08549718382382077,-0.3829484812125478,-0.38617104234117844,7,0.008405838222223457,3.2171981976856556,0,11.1,-0.7658969624250956,1.5,0.9190763549101146,-0.3829484812125478,0.0,0.0,0.0
7.015000000000001,reset_to_initial,0.846189065155975,-0.4008293872908446,0.8486102659719889,-0.08842157840492429,-0.3796976603446762,-0.3829484812125478,7,0.008426648019475139,3.1793206385511543,0,10.7,-0.7593953206893524,1.5,0.9112743848272228,-0.3796976603446762,0.0,0.0,0.0
7.0200000000000005,reset_to_initial,0.8432536292952881,-0.40097012019250333,0.8446614762504285,-0.09133074777047931,-0.3764195688284371,-0.3796976603446762,7,0.008536912194504656,3.1413583001989345,0,11.5,-0.7528391376568742,1.5,0.9034069651882488,-0.3764195688284371,0.0,0.0,0.0
7.025,reset_to_initial,0.8402622719410312,-0.4010966247239119,0.8407076127918004,-0.09421918366414805,-0.37311516113652327,-0.3764195688284371,7,0.008733499844087908,3.103314149901612,0,10.9,-0.7462303222730465,1.5,0.8954763867276557,-0.37311516113652327,0.0,0.0,0.0
7.03,reset_to_initial,0.8372154415515122,-0.4012085492653771,0.8367507877472169,-0.09708090737755878,-0.3697853583350834,-0.37311516113652327,7,0.009013389646615378,3.0651910510772664,0,13.4,-0.7395707166701668,1.5,0.8874848600042001,-0.3697853583350834,0.0,0.0,0.0
7.035,reset_to_initial,0.8341133495889373,-0.40130556920002336,0.8327927330907355,-0.09990964338228092,-0.36643077011882946,-0.3697853583350834,7,0.009192419527006163,3.0269359401000413,0,12.0,-0.7328615402376589,1.5,0.8794338482851907,-0.36643077011882946,0.0,0.0,0.0
7.04,reset_to_initial,0.8309559660867533,-0.40138737970770993,0.8288348252036636,-0.10269872122098256,-0.36305170587648383,-0.36643077011882946,8,0.009087521762488922,2.9884948527191693,0,10.3,-0.7261034117529677,1.5,0.8713240941035612,-0.36305170587648383,0.0,0.0,0.0
7.045,reset_to_initial,0.8277438096959426,-0.40145367445472274,0.8248790784432327,-0.10544030163979579,-0.35964902226895973,-0.36305170587648383,8,0.009060101276363742,2.9499803372600226,0,11.3,-0.7192980445379195,1.5,0.8631576534455033,-0.35964902226895973,0.0,0.0,0.0
7.05,reset_to_initial,0.8244774209369441,-0.4015041659829451,0.8209274563333514,-0.10812580725856441,-0.35622354597403844,-0.35964902226895973,8,0.009107446363886709,2.9113949637053396,0,13.3,-0.7124470919480769,1.5,0.8549365103376922,-0.35622354597403844,0.0,0.0,0.0
7.055,reset_to_initial,0.8211573617881791,-0.40153858530581177,0.8169818723769042,-0.11074585221606728,-0.3527760747357788,-0.35622354597403844,8,0.009226940229980173,2.8727412120884654,0,11.6,-0.7055521494715576,1.5,0.8466625793658692,-0.3527760747357788,0.0,0.0,0.0
7.0600000000000005,reset_to_initial,0.8177842152412497,-0.4015566815057954,0.8130441908419628,-0.1132901761182909,-0.3493073783771977,-0.3527760747357788,8,0.009416057667392319,2.834021475641572,0,11.3,-0.6986147567543954,1.5,0.8383377081052746,-0.3493073783771977,0.0,0.0,0.0
7.065,reset_to_initial,0.8143585848265078,-0.40155822133410557,0.8091162275237961,-0.11574758787857847,-0.34581819977750644,-0.3493073783771977,8,0.00967236185113065,2.795238063833718,0,11.1,-0.6916363995550129,1.5,0.8299636794660156,-0.34581819977750644,0.0,0.0,0.0
7.07,reset_to_initial,0.8108813077809044,-0.40154299025786033,0.8051999889737391,-0.11810578655368129,-0.34230947042211374,-0.34581819977750644,8,0.009701022528204987,2.7564361266965216,0,10.8,-0.6846189408442275,1.5,0.821542729013073,-0.34230947042211374,0.0,0.0,0.0
7.075,reset_to_initial,0.8073531333515045,-0.4015107934094768,0.8012972998418878,-0.12035159367701465,-0.3387819819231484,-0.34230947042211374,8,0.009645286624005824,2.7175970044280655,0,21.2,-0.6775639638462968,1.5,0.8130767566155561,-0.3387819819231484,0.0,0.0,0.0
7.08,reset_to_initial,0.8037747208749543,-0.40146145251496124,0.7974098132986127,-0.12247096438296387,-0.33523639085063545,-0.3387819819231484,8,0.00964893157614056,2.678701604728892,0,11.1,-0.6704727817012709,1.5,0.804567338041525,-0.33523639085063545,0.0,0.0,0.0
7.085,reset_to_initial,0.8001467478994008,-0.40139480519568005,0.793539137452525,-0.12444899152715475,-0.33167333079464906,-0.33523639085063545,8,0.009709879054637417,2.6397518973090763,0,10.8,-0.6633466615892981,1.5,0.7960159939071577,-0.33167333079464906,0.0,0.0,0.0
7.09,reset_to_initial,0.7964699096076806,-0.40131070459003093,0.7896868360066833,-0.1262700601072163,-0.3280934131696108,-0.33167333079464906,8,0.009826123471073813,2.6007497829388395,0,11.4,-0.6561868263392217,1.5,0.7874241916070659,-0.3280934131696108,0.0,0.0,0.0
7.095,reset_to_initial,0.7927449182287643,-0.40120901898022115,0.7858544288996806,-0.12791808687826803,-0.3244972279904375,-0.3280934131696108,8,0.009995729432621765,2.561697095861448,0,11.0,-0.648994455980875,1.5,0.77879334717705,-0.3244972279904375,0.0,0.0,0.0
7.1000000000000005,reset_to_initial,0.7889725024394735,-0.4010896314244161,0.7820433929326874,-0.12937685625988274,-0.32088534462152385,-0.3244972279904375,8,0.010216829285200308,2.5225956061216452,0,13.9,-0.6417706892430477,1.5,0.7701248270916572,-0.32088534462152385,0.0,0.0,0.0
7.105,reset_to_initial,0.7851550094306395,-0.40095250034549035,0.7782567376051956,-0.13062997777296623,-0.3172598285142704,-0.32088534462152385,8,0.010154620174856403,2.483750224764558,0,10.9,-0.6345196570285409,1.5,0.7614235884342491,-0.3172598285142704,0.0,0.0,0.0
7.11,reset_to_initial,0.7812931802360732,-0.40079755651069643,0.7744957511300482,-0.13166267017010652,-0.3136211568145192,-0.3172598285142704,8,0.010135564616467316,2.444863945192452,0,11.0,-0.6272423136290384,1.5,0.752690776354846,-0.3136211568145192,0.0,0.0,0.0
7.115,reset_to_initial,0.7773877695522994,-0.4006247433635872,0.7707616833844458,-0.13246158441586625,-0.3099697899680075,-0.3136211568145192,8,0.010158152235714646,2.405938198842852,0,10.8,-0.619939579936015,1.5,0.7439274959232179,-0.3099697899680075,0.0,0.0,0.0
7.12,reset_to_initial,0.7734395451361291,-0.4004340167015893,0.7670557464398292,-0.13301540663231734,-0.306306172304872,-0.3099697899680075,8,0.01022092552138093,2.366974367052971,0,12.0,-0.612612344609744,1.5,0.7351348135316927,-0.306306172304872,0.0,0.0,0.0
7.125,reset_to_initial,0.7694492872031113,-0.40022534435996315,0.7633791150830979,-0.1333154233051034,-0.3026307326036945,-0.306306172304872,8,0.010322477975141749,2.3279737828132183,0,11.2,-0.605261465207389,1.5,0.7263137582488667,-0.3026307326036945,0.0,0.0,0.0
7.13,reset_to_initial,0.7654177878277605,-0.399998705902162,0.7597329273297149,-0.13335598502518747,-0.29894388463580646,-0.3026307326036945,8,0.010461452326113728,2.28893773245934,0,11.8,-0.5978877692716129,1.5,0.7174653231259355,-0.29894388463580646,0.0,0.0,0.0
7.135,reset_to_initial,0.761346831121308,-0.3997541531012794,0.7561191474502534,-0.1331348943153826,-0.29524691531056063,-0.29894388463580646,8,0.010560839337676403,2.250044981308904,0,12.2,-0.5904938306211213,1.5,0.7085925967453456,-0.29524691531056063,0.0,0.0,0.0
7.140000000000001,reset_to_initial,0.7572391905546009,-0.3994918279421802,0.7525404844415138,-0.1326538104345406,-0.29154195358303475,-0.29524691531056063,8,0.010540911321842894,2.211476807600435,0,11.9,-0.5830839071660695,1.5,0.6997006885992836,-0.29154195358303475,0.0,0.0,0.0
7.1450000000000005,reset_to_initial,0.7530956442523844,-0.3992117726139829,0.7489977885800423,-0.13191778248202973,-0.28782927918730866,-0.29154195358303475,8,0.01054628273877704,2.172884656685131,0,11.6,-0.5756585583746173,1.5,0.690790270049541,-0.28782927918730866,0.0,0.0,0.0
7.15,reset_to_initial,0.7489169783083589,-0.3989140380126091,0.7454918810757996,-0.1309348354009925,-0.28410916206676934,-0.28782927918730866,8,0.010576068108329725,2.134269367765226,0,11.1,-0.5682183241335387,1.5,0.6818619889602466,-0.28410916206676934,0.0,0.0,0.0
7.155,reset_to_initial,0.7447039862723972,-0.3985986835150825,0.7420235544410871,-0.12971549282595962,-0.2803818627167853,-0.28410916206676934,8,0.010629412942159392,2.0956317506708815,0,15.6,-0.5607637254335706,1.5,0.6729164705202849,-0.2803818627167853,0.0,0.0,0.0
7.16,reset_to_initial,0.7404574686445975,-0.3982657767592798,0.7385935728558511,-0.12827221121982552,-0.27664763251538704,-0.2803818627167853,8,0.010705492659016278,2.056972586888203,0,16.6,-0.5532952650307741,1.5,0.6639543180369291,-0.27664763251538704,0.0,0.0,0.0
7.165,reset_to_initial,0.736178232376304,-0.3979153934290293,0.735202672529556,-0.1266187874558964,-0.2729067140423741,-0.27664763251538704,8,0.010803511537994488,2.0182926305512816,0,17.1,-0.5458134280847482,1.5,0.654976113701698,-0.2729067140423741,0.0,0.0,0.0
7.17,reset_to_initial,0.7318700289078386,-0.397547872699655,0.7318538242894109,-0.12477111229453897,-0.26916188853262263,-0.2729067140423741,8,0.0108412152619771,1.9801020384734438,0,17.7,-0.5383237770652453,1.5,0.6459885324782944,-0.26916188853262263,0.0,0.0,0.0
7.175,reset_to_initial,0.7275350989278877,-0.39716346370373673,0.7285486532114325,-0.12274504641971853,-0.2654145666872133,-0.26916188853262263,8,0.010850531010782646,1.942154516244358,0,15.6,-0.5308291333744266,1.5,0.6369949600493119,-0.2654145666872133,0.0,0.0,0.0
7.18,reset_to_initial,0.7231741805270172,-0.3967622996096927,0.7252875618501692,-0.12055565468699841,-0.26166483587789413,-0.2654145666872133,8,0.010867748748742884,1.9041995050082994,0,16.3,-0.5233296717557883,1.5,0.6279956061069458,-0.26166483587789413,0.0,0.0,0.0
7.1850000000000005,reset_to_initial,0.718788014599132,-0.39634451819776423,0.7220709350280946,-0.11821744992942224,-0.25791278041840193,-0.26166483587789413,8,0.01089259190623514,1.8662372668805052,0,16.2,-0.5158255608368039,1.5,0.6189906730041645,-0.25791278041840193,0.0,0.0,0.0
7.19,reset_to_initial,0.7143773445129727,-0.39591026176219496,0.71889913998116,-0.11574418178188908,-0.2541584816714928,-0.25791278041840193,8,0.010924793593579953,1.8282680548021975,0,16.7,-0.5083169633429856,1.5,0.6099803560115827,-0.2541584816714928,0.0,0.0,0.0
7.195,reset_to_initial,0.7099429157879306,-0.39545967701540424,0.7157725265056721,-0.11314870553122666,-0.25040201815222635,-0.2541584816714928,8,0.01096409626223052,1.7902921128616387,0,15.9,-0.5008040363044527,1.5,0.6009648435653433,-0.25040201815222635,0.0,0.0,0.0
7.2,reset_to_initial,0.70548547577415,-0.3949929149940816,0.712691427106554,-0.11044291562499836,-0.24664346562763506,-0.25040201815222635,8,0.011010251377841014,1.752309676604008,0,12.5,-0.4932869312552701,1.5,0.5919443175063243,-0.24664346562763506,0.0,0.0,0.0
7.205,reset_to_initial,0.7010117623420787,-0.3945107854485953,0.709660174586641,-0.10764153136483112,-0.24288791393765521,-0.24664346562763506,8,0.011046563024042425,1.7153243182803795,0,12.3,-0.48577582787531043,1.5,0.5829309934503726,-0.24288791393765521,0.0,0.0,0.0
7.21,reset_to_initial,0.6965223903763715,-0.3940134861925104,0.7066787380269547,-0.10475470516274923,-0.23913525805307537,-0.24288791393765521,8,0.011073375722264038,1.6783479624605855,0,11.2,-0.47827051610615073,1.5,0.5739246193273809,-0.23913525805307537,0.0,0.0,0.0
7.215,reset_to_initial,0.6920179740816915,-0.393501215637084,0.7037470822316756,-0.10179159356968492,-0.23538539662070657,-0.23913525805307537,8,0.011091021935685138,1.641380294056991,0,11.7,-0.47077079324141313,1.5,0.5649249518896957,-0.23538539662070657,0.0,0.0,0.0
7.22,reset_to_initial,0.6874991268930796,-0.39297417284949937,0.7008651675426636,-0.09876042958891615,-0.23163823183472138,-0.23538539662070657,8,0.011099822491273755,1.60442100901003,0,11.4,-0.46327646366944275,1.5,0.5559317564033313,-0.23163823183472138,0.0,0.0,0.0
7.2250000000000005,reset_to_initial,0.6829664613803623,-0.3924325576069815,0.6980329496632447,-0.09566860054473236,-0.22789366931249638,-0.23163823183472138,8,0.011100086987051854,1.5674698139022158,0,12.0,-0.45578733862499277,1.5,0.5469448063499913,-0.22789366931249638,0.0,0.0,0.0
7.23,reset_to_initial,0.6784205891470039,-0.39187657044694635,0.695250379491171,-0.09252272673139383,-0.2241516179748,-0.22789366931249638,8,0.011092114185117068,1.530526425585686,0,11.6,-0.4483032359496,1.5,0.5379638831395199,-0.2241516179748,0.0,0.0,0.0
7.235,reset_to_initial,0.6738646292161107,-0.3913067299029854,0.6925188912816482,-0.0893305051905684,-0.22041404442435264,-0.2241516179748,8,0.011106029713877382,1.4940014696585284,0,14.4,-0.4408280888487053,1.5,0.5289937066184462,-0.22041404442435264,0.0,0.0,0.0
7.24,reset_to_initial,0.6693041581246125,-0.39072390003745955,0.6898412190605474,-0.08610083415765993,-0.21668489969450844,-0.22041404442435264,8,0.01116542784372416,1.4583114982746859,0,13.0,-0.4333697993890169,1.5,0.5200437592668201,-0.21668489969450844,0.0,0.0,0.0
7.245,reset_to_initial,0.6647395882517905,-0.3901283175150056,0.6872169156709158,-0.08283846126481861,-0.2129638887765463,-0.21668489969450844,8,0.011198145086815072,1.4226468133526535,0,12.1,-0.4259277775530926,1.5,0.511113333063711,-0.2129638887765463,0.0,0.0,0.0
7.25,reset_to_initial,0.6601713299963514,-0.3895202159518373,0.6846455446096146,-0.07954760279277023,-0.2092507269870503,-0.2129638887765463,8,0.011205115274186482,1.3870065298662668,0,11.2,-0.4185014539741006,1.5,0.5022017447689207,-0.2092507269870503,0.0,0.0,0.0
7.255,reset_to_initial,0.6555997919255294,-0.3888998261454926,0.6821266793950649,-0.07623200724509041,-0.20554513960652418,-0.2092507269870503,8,0.011187239552788698,1.351389793765279,0,12.8,-0.41109027921304836,1.5,0.49330833505565796,-0.20554513960652418,0.0,0.0,0.0
7.26,reset_to_initial,0.6510253809022203,-0.3882673762919027,0.6796599029579494,-0.07289501157216852,-0.20184686153065398,-0.20554513960652418,7,0.011145387529428478,1.3157957808912002,0,12.0,-0.40369372306130796,1.5,0.48443246767356946,-0.20184686153065398,0.0,0.0,0.0
7.265000000000001,reset_to_initial,0.6464485021916223,-0.3876230921903786,0.6772448070544475,-0.06953959067885299,-0.19815563693377672,-0.20184686153065398,7,0.011080398374672496,1.2802236959310855,0,13.5,-0.39631127386755344,1.5,0.475573528641064,-0.19815563693377672,0.0,0.0,0.0
7.2700000000000005,reset_to_initial,0.641875631428069,-0.38696807460055843,0.6748840918364205,-0.0661728797187221,-0.19447609928782214,-0.19815563693377672,7,0.011122605226688634,1.2456488401468522,0,13.0,-0.3889521985756443,1.5,0.466742638290773,-0.19447609928782214,0.0,0.0,0.0
7.275,reset_to_initial,0.6373100388599104,-0.38630301026206004,0.6725785929766628,-0.06279942152037052,-0.19081028045347997,-0.19447609928782214,7,0.01119259889076353,1.2115972260097898,0,12.0,-0.38162056090695995,1.5,0.45794467308835185,-0.19081028045347997,0.0,0.0,0.0
7.28,reset_to_initial,0.6327518616611786,-0.3856281424963383,0.6703275024103016,-0.05942119751833993,-0.1871577002723438,-0.19081028045347997,7,0.011219166543503047,1.177586768307564,0,12.3,-0.3743154005446876,1.5,0.44917848065362503,-0.1871577002723438,0.0,0.0,0.0
7.285,reset_to_initial,0.6282012368728033,-0.38494370868622446,0.668130038148989,-0.05603995350997131,-0.1835178953915514,-0.1871577002723438,7,0.011203828095303901,1.1436160265649569,0,12.1,-0.3670357907831028,1.5,0.44044294893972324,-0.1835178953915514,0.0,0.0,0.0
7.29,reset_to_initial,0.6236583017255292,-0.3842499406762313,0.6659854430871287,-0.05265722956066878,-0.17989041867559072,-0.1835178953915514,7,0.011148050259699008,1.1096836107233807,0,12.1,-0.35978083735118144,1.5,0.43173700482141764,-0.17989041867559072,0.0,0.0,0.0
7.295,reset_to_initial,0.6191231939224499,-0.38354706514978054,0.663892983852647,-0.04927438587504231,-0.17627483863869267,-0.17989041867559072,7,0.01105324841524752,1.0757881793762998,0,12.3,-0.35254967727738534,1.5,0.42305961273286236,-0.17627483863869267,0.0,0.0,0.0
7.3,reset_to_initial,0.6145960518841691,-0.38283530398458615,0.6618519497011668,-0.04589262520078801,-0.17267073889709006,-0.17627483863869267,7,0.010920788402259057,1.0419284380664067,0,11.9,-0.3453414777941801,1.5,0.4144097733530161,-0.17267073889709006,0.0,0.0,0.0
7.305,reset_to_initial,0.6100877322651446,-0.3821165947932716,0.6598663163576884,-0.04252103126218398,-0.16908623372520792,-0.17267073889709006,7,0.011052081091215651,1.0098063545944718,0,12.7,-0.33817246745041585,1.5,0.40580696094049895,-0.16908623372520792,0.0,0.0,0.0
7.3100000000000005,reset_to_initial,0.6055980349294549,-0.3813911643625651,0.6579349421377656,-0.039160311761960435,-0.165520637313106,-0.16908623372520792,7,0.011121348436369931,0.9777430548316947,0,13.0,-0.331041274626212,1.5,0.3972495295514543,-0.165520637313106,0.0,0.0,0.0
7.315,reset_to_initial,0.6011267644219319,-0.38065923104839444,0.6560567283202656,-0.03581106026191607,-0.16197328785419202,-0.165520637313106,7,0.011130761324758915,0.9457364813482617,0,21.6,-0.32394657570838403,1.5,0.3887358908500607,-0.16197328785419202,0.0,0.0,0.0
7.32,reset_to_initial,0.5966737304100949,-0.37992100536749185,0.6542306172212683,-0.032473771703872605,-0.15844354670510438,-0.16197328785419202,7,0.011082414662367398,0.9137846487243926,0,14.3,-0.31688709341020876,1.5,0.3802645120922504,-0.15844354670510438,0.0,0.0,0.0
7.325,reset_to_initial,0.5922387480633495,-0.37917669055218783,0.6524555903456629,-0.029148855778967468,-0.15493079757499917,-0.15844354670510438,7,0.010978330033472705,0.8818856410300027,0,12.9,-0.30986159514999834,1.5,0.3718339141799979,-0.15493079757499917,0.0,0.0,0.0
7.33,reset_to_initial,0.5878216383747081,-0.37842648307059373,0.650730666613923,-0.02583664846293323,-0.15143444574321202,-0.15493079757499917,7,0.010820458266902437,0.8500376093925599,0,14.7,-0.30286889148642404,1.5,0.3634426697837087,-0.15143444574321202,0.0,0.0,0.0
7.335,reset_to_initial,0.5834263013117056,-0.3776712769052803,0.6490564326599368,-0.022540476365752675,-0.14795713879266345,-0.15143444574321202,7,0.010746045792371739,0.8188830673224035,0,13.6,-0.2959142775853269,1.5,0.3550971331023921,-0.14795713879266345,0.0,0.0,0.0
7.34,reset_to_initial,0.579060578023321,-0.37691267914223664,0.6474347989088628,-0.019266560927405134,-0.1445046511967269,-0.14795713879266345,6,0.010881994535102017,0.7890738687393241,0,14.3,-0.2890093023934538,1.5,0.34681116287214436,-0.1445046511967269,0.0,0.0,0.0
7.345,reset_to_initial,0.5747238925909847,-0.3761508635287691,0.645864402757649,-0.01601475523452158,-0.14107611427799097,-0.1445046511967269,6,0.010939379215202908,0.7593391282200804,0,14.3,-0.28215222855598193,1.5,0.3385826742671781,-0.14107611427799097,0.0,0.0,0.0
7.3500000000000005,reset_to_initial,0.5704156823480553,-0.3753859945445446,0.6443439385979569,-0.012784872873166313,-0.1376706897627536,-0.14107611427799097,6,0.010920949574864445,0.7296762397324351,0,13.7,-0.2753413795255072,1.5,0.3304096554306084,-0.1376706897627536,0.0,0.0,0.0
7.355,reset_to_initial,0.5661353982330803,-0.3746182281257586,0.642872155151462,-0.009576694910876697,-0.13428756871689237,-0.1376706897627536,6,0.010829359115305874,0.7000826884552891,0,14.3,-0.26857513743378475,1.5,0.32229016492054147,-0.13428756871689237,0.0,0.0,0.0
7.36,reset_to_initial,0.561882505066762,-0.3738477123399382,0.6414478529238863,-0.0063899758775828805,-0.1309259705189791,-0.13428756871689237,6,0.010667168465198029,0.6705560475862716,0,13.6,-0.2618519410379582,1.5,0.31422232924554966,-0.1309259705189791,0.0,0.0,0.0
7.365,reset_to_initial,0.5576564817599227,-0.37307458801461346,0.6400698817730411,-0.00322444889214709,-0.12758514186933564,-0.1309259705189791,5,0.010436848631210175,0.6410939752610979,0,14.0,-0.2551702837386713,1.5,0.3062043404864053,-0.12758514186933564,0.0,0.0,0.0
7.37,reset_to_initial,0.5534659435678526,-0.37230068182793785,0.6387399940356542,-8.66591790611923e-05,-0.12427157003571702,-0.12758514186933564,5,0.010481334772933467,0.6131370519696339,0,13.3,-0.24854314007143405,1.5,0.2982517680857207,-0.12427157003571702,0.0,0.0,0.0
7.375,reset_to_initial,0.5493146289571258,-0.3715269601698508,0.6374581859613813,0.003020532569679525,-0.12098790921277316,-0.12427157003571702,5,0.010609867632271742,0.5859835357683971,0,14.2,-0.24197581842554633,1.5,0.29037098211065543,-0.12098790921277316,0.0,0.0,0.0
7.38,reset_to_initial,0.5452015707363557,-0.3707535185681513,0.6362229626944054,0.006097812406445864,-0.11773311251513043,-0.12098790921277316,5,0.010643719120853504,0.5589197525991847,0,24.0,-0.23546622503026085,1.5,0.2825594700363129,-0.11773311251513043,0.0,0.0,0.0
7.385,reset_to_initial,0.5411258263980353,-0.36998044375704586,0.6350328978613686,0.009145865862612602,-0.11450616969840328,-0.11773311251513043,5,0.010586203086655187,0.5319425618058757,0,22.0,-0.22901233939680657,1.5,0.27481480727616775,-0.11450616969840328,0.0,0.0,0.0
7.390000000000001,reset_to_initial,0.5370864781994632,-0.36920781448458556,0.6338866301720317,0.012165375031967886,-0.11130610587675967,-0.11450616969840328,5,0.010440517392972247,0.5050489326553104,0,17.2,-0.22261221175351933,1.5,0.2671346541042231,-0.11130610587675967,0.0,0.0,0.0
7.3950000000000005,reset_to_initial,0.5330826331630425,-0.3684357022592294,0.6327828601866736,0.015157016141341635,-0.10813198028537167,-0.11130610587675967,4,0.010209747977890388,0.47823594048999885,0,15.0,-0.21626396057074335,1.5,0.25951675268489194,-0.10813198028537167,0.0,0.0,0.0
7.4,reset_to_initial,0.5291134230049863,-0.36766417203988166,0.6317203472424874,0.018121457536480153,-0.10498288508618037,-0.10813198028537167,3,0.009896872771656655,0.45150076301545405,0,14.7,-0.20996577017236073,1.5,0.2519589242068328,-0.10498288508618037,0.0,0.0,0.0
7.405,reset_to_initial,0.5251931272461365,-0.3668962565023498,0.6307017766643024,0.021048070579046597,-0.10186995831024992,-0.10498288508618037,3,0.010121411655115984,0.4272434956757136,0,14.7,-0.20373991662049984,1.5,0.2444878999445997,-0.10186995831024992,0.0,0.0,0.0
7.41,reset_to_initial,0.52132035418299,-0.3661319621089349,0.6297255250896666,0.023937944868214718,-0.0987919340627662,-0.10186995831024992,3,0.010231461732774663,0.4030947336057559,0,41.2,-0.1975838681255324,1.5,0.2371006417506388,-0.0987919340627662,0.0,0.0,0.0
7.415,reset_to_initial,0.5174937505833878,-0.36537128737771074,0.6287900502541451,0.026792145963590704,-0.09574759075523359,-0.0987919340627662,3,0.010231030112835776,0.3790506791211383,0,26.5,-0.19149518151046718,1.5,0.22979421781256051,-0.09574759075523359,0.0,0.0,0.0
7.42,reset_to_initial,0.5137120014003229,-0.3646142237892675,0.6278938866863452,0.02961171436293101,-0.09273574955475378,-0.09574759075523359,2,0.010123983654715188,0.3551076674563739,0,14.6,-0.18547149910950755,1.5,0.222565798931409,-0.09273574955475378,0.0,0.0,0.0
7.425,reset_to_initial,0.5099738294012177,-0.36386075661736905,0.6270356416335885,0.032397664762217095,-0.08975527288757992,-0.09273574955475378,2,0.00991405387774932,0.33126216211276804,0,14.4,-0.17951054577515985,1.5,0.21541265493019174,-0.08975527288757992,0.0,0.0,0.0
7.43,reset_to_initial,0.5062779947239293,-0.363110865689415,0.6262139912061957,0.0351509855534159,-0.08680506299504633,-0.08975527288757992,1,0.009604841698097687,0.30751075036907993,0,15.5,-0.17361012599009265,1.5,0.2083321511881111,-0.08680506299504633,0.0,0.0,0.0
7.4350000000000005,reset_to_initial,0.502628781784386,-0.3623656502354402,0.6254288378724001,0.03786855279492191,-0.08388844914260662,-0.08680506299504633,1,0.009440702200353698,0.2847278594625232,0,13.9,-0.16777689828521325,1.5,0.20133227794225583,-0.08388844914260662,0.0,0.0,0.0
7.44,reset_to_initial,0.499035767318821,-0.3616273165564021,0.6246810677329402,0.04054330946808372,-0.08101303004135466,-0.08388844914260662,0,0.00965183251122112,0.26380067117567363,0,13.7,-0.1620260600827093,1.5,0.19443127209925112,-0.08101303004135466,0.0,0.0,0.0
7.445,reset_to_initial,0.4954971847537533,-0.36089575997906115,0.6239690832457626,0.043176648621258785,-0.07817736387499886,-0.08101303004135466,0,0.009732563500151807,0.24299706714238722,0,13.0,-0.15635472774999773,1.5,0.18762567329999721,-0.07817736387499886,0.0,0.0,0.0
7.45,reset_to_initial,0.49201132114509494,-0.36017087084558835,0.6232913732195855,0.045769920930199444,-0.07538005929081787,-0.07817736387499886,0,0.009687459143413514,0.22231272191378937,0,13.7,-0.15076011858163574,1.5,0.18091214229796282,-0.07538005929081787,0.0,0.0,0.0
7.455,reset_to_initial,0.4885765162678295,-0.359452535382216,0.6226465078978866,0.04832443516045632,-0.07261977363343555,-0.07538005929081787,0,0.00952092367810473,0.20174346143171595,0,13.5,-0.1452395472668711,1.5,0.17428745672024526,-0.07261977363343555,0.0,0.0,0.0
7.46,reset_to_initial,0.48519116164104875,-0.3587406364848251,0.6220331343293697,0.05084145875561239,-0.06989521124041397,-0.07261977363343555,0,0.009237207193025352,0.18128525773003845,0,15.0,-0.13979042248082793,1.5,0.16774850697699345,-0.06989521124041397,0.0,0.0,0.0
7.465,reset_to_initial,0.4818536994999806,-0.3580350544284852,0.621449972008311,0.05332221852688946,-0.06720512179750049,-0.06989521124041397,0,0.008840411023867348,0.1609342238214434,0,12.8,-0.13441024359500098,1.5,0.1612922923140011,-0.06720512179750049,0.0,0.0,0.0
7.47,reset_to_initial,0.47857444067485844,-0.35733818552173163,0.62089776181151,0.05575911948168805,-0.06455784747156099,-0.06720512179750049,0,0.008886088411902086,0.14259635278710503,0,14.1,-0.12911569494312197,1.5,0.15493883393174632,-0.06455784747156099,0.0,0.0,0.0
7.4750000000000005,reset_to_initial,0.4753573577801724,-0.35665110701873787,0.6203760012814558,0.058149279743433153,-0.06195666552601247,-0.06455784747156099,0,0.00907211778860433,0.1253420856059062,0,13.9,-0.12391333105202494,1.5,0.14869599726242988,-0.06195666552601247,0.0,0.0,0.0
7.48,reset_to_initial,0.47220034930418076,-0.35597359865994105,0.6198831881083452,0.06049432809395528,-0.05939996272754126,-0.06195666552601247,0,0.009112244714725385,0.1082260955658817,0,13.7,-0.11879992545508251,1.5,0.14255991054609896,-0.05939996272754126,0.0,0.0,0.0
7.485,reset_to_initial,0.46910138267818563,-0.355305439162671,0.6194179077809419,0.0627958374210833,-0.05688618230599964,-0.05939996272754126,0,0.009011575776034115,0.09124354296708936,0,13.3,-0.11377236461199929,1.5,0.1365268375343991,-0.05688618230599964,0.0,0.0,0.0
7.49,reset_to_initial,0.46605849262135557,-0.35464640697918104,0.6189788282198608,0.06505532618645554,-0.05441382197819509,-0.05688618230599964,0,0.008775038827798995,0.07438975749908577,0,15.0,-0.10882764395639018,1.5,0.13059317274766816,-0.05441382197819509,0.0,0.0,0.0
7.495,reset_to_initial,0.463069779454049,-0.3539962809691496,0.6185646947487945,0.0672742599236602,-0.0519814320408468,-0.05441382197819509,0,0.008407389250354055,0.05766023231229328,0,13.7,-0.1039628640816936,1.5,0.12475543689803227,-0.0519814320408468,0.0,0.0,0.0
7.5,reset_to_initial,0.4601334073905017,-0.35335484099456027,0.6181743253822758,0.06945405275345523,-0.04958761353028881,-0.0519814320408468,0,0.007913215985721613,0.04105061829686968,0,14.2,-0.09917522706057762,1.5,0.1190102724726931,-0.04958761353028881,0.0,0.0,0.0
7.505,reset_to_initial,0.45726658056554764,-0.35272603931418706,0.6178089730768133,0.07158198319156783,-0.04724652720142551,-0.04958761353028881,0,0.00823015131294251,0.02765886953022817,0,13.2,-0.09449305440285102,1.5,0.11339166528342118,-0.04724652720142551,0.0,0.0,0.0
7.51,reset_to_initial,0.4544668254325895,-0.3521095400003874,0.6174671937019949,0.07365993502783125,-0.04495632742789759,-0.04724652720142551,0,0.008380166327769849,0.014425317308670693,0,13.4,-0.08991265485579518,1.5,0.10789518582695416,-0.04495632742789759,0.0,0.0,0.0
7.515000000000001,reset_to_initial,0.45173175440931645,-0.3515050100837267,0.6171476349388473,0.07568972344379282,-0.0427152331802683,-0.04495632742789759,0,0.008369103241136083,0.0013444247531181897,0,13.7,-0.0854304663605366,1.5,0.10251655963264387,-0.0427152331802683,0.0,0.0,0.0
7.5200000000000005,reset_to_initial,0.4490590634096949,-0.3509121202260266,0.6168490302322792,0.0776730972534857,-0.0405215257651312,-0.0427152331802683,0,0.008202599786594916,-0.011589151224737249,0,14.2,-0.0810430515302624,1.5,0.09725166183631484,-0.0405215257651312,0.0,0.0,0.0
7.525,reset_to_initial,0.44644652937814017,-0.35033054530108443,0.6165701931529652,0.07961174111693375,-0.038373546643349056,-0.0405215257651312,0,0.007886096377021853,-0.024380566705116125,0,27.5,-0.07674709328669811,1.5,0.0920965119440377,-0.038373546643349056,0.0,0.0,0.0
7.53,reset_to_initial,0.44389200783640625,-0.3497599648924424,0.6163100121407474,0.08150727771844718,-0.036269695324654454,-0.038373546643349056,0,0.007424843010843008,-0.037034797305430134,0,23.0,-0.07253939064930891,1.5,0.08704726877917066,-0.036269695324654454,0.0,0.0,0.0
7.535,reset_to_initial,0.44140015928817994,-0.34920157396308676,0.616068083030504,0.08335627699966075,-0.034213983172731464,-0.036269695324654454,0,0.007170292221343499,-0.04844547713805336,0,17.5,-0.06842796634546293,1.5,0.08211355961455548,-0.034213983172731464,0.0,0.0,0.0
7.54,reset_to_initial,0.4389821511971445,-0.3486580398191962,0.6158445235173708,0.08509347394282218,-0.03221583365749185,-0.034213983172731464,0,0.007455924790678466,-0.05749007132060774,0,17.1,-0.0644316673149837,1.5,0.07731800077798041,-0.03221583365749185,0.0,0.0,0.0
7.545,reset_to_initial,0.4366352652622562,-0.34812891804148094,0.615638086112277,0.08663755073236246,-0.0302732320866517,-0.03221583365749185,0,0.007559346554607775,-0.06636197759311202,0,25.3,-0.0605464641733034,1.5,0.07265575700796405,-0.0302732320866517,0.0,0.0,0.0
7.55,reset_to_initial,0.43435688299444497,-0.34761377239481145,0.6154476102061399,0.08813795484205472,-0.028384234282157025,-0.0302732320866517,0,0.007486934891320624,-0.07506724003241794,0,22.4,-0.05676846856431405,1.5,0.06812216227717682,-0.028384234282157025,0.0,0.0,0.0
7.555,reset_to_initial,0.43214448237605874,-0.3471121752601823,0.6152720158996356,0.08959623434199532,-0.026546964112185736,-0.028384234282157025,0,0.007244843970769582,-0.08361169117268746,0,16.3,-0.05309392822437147,1.5,0.06371271386924574,-0.026546964112185736,0.0,0.0,0.0
7.5600000000000005,reset_to_initial,0.429995634577624,-0.3466237079819786,0.6151102982797517,0.0910138841436069,-0.02475961110952951,-0.026546964112185736,0,0.006839012566957795,-0.09200095940938724,0,13.2,-0.04951922221905902,1.5,0.0594230666628708,-0.02475961110952951,0.0,0.0,0.0
7.565,reset_to_initial,0.42790800073936824,-0.3461479611402185,0.6149615221104945,0.09239234751178288,-0.02302042817333233,-0.02475961110952951,0,0.00627517159680156,-0.10024047614414139,0,18.4,-0.04604085634666466,1.5,0.055249027615997565,-0.02302042817333233,0.0,0.0,0.0
7.57,reset_to_initial,0.425893560516121,-0.34568778962636815,0.6148257489171166,0.09372360848179512,-0.0213396132494881,-0.02302042817333233,0,0.006321509176206971,-0.10595870303552285,0,16.2,-0.0426792264989762,1.5,0.05121507179877141,-0.0213396132494881,0.0,0.0,0.0
7.575,reset_to_initial,0.4239566909720153,-0.3452443253483985,0.6147024156741777,0.09500465765712551,-0.019721067189437464,-0.0213396132494881,0,0.006564529886237041,-0.11031307951524646,0,15.2,-0.03944213437887493,1.5,0.047330561254649885,-0.019721067189437464,0.0,0.0,0.0
7.58,reset_to_initial,0.4220944858379186,-0.3448170292922327,0.6145905035368331,0.09623730250063567,-0.018162610582947644,-0.019721067189437464,0,0.006610442533168225,-0.11448064940358932,0,19.6,-0.03632522116589529,1.5,0.04359026539907432,-0.018162610582947644,0.0,0.0,0.0
7.585,reset_to_initial,0.42030415038025304,-0.34440537584255193,0.614489073128746,0.09742328588151233,-0.016662140299144014,-0.018162610582947644,0,0.006466145899208971,-0.11846795093124965,0,14.0,-0.03332428059828803,1.5,0.03998913671794561,-0.016662140299144014,0.0,0.0,0.0
7.59,reset_to_initial,0.4185829972270265,-0.3440088529285167,0.6143972584288966,0.09852273629589348,-0.015217626816732556,-0.016662140299144014,0,0.006138297309190454,-0.12228129349085143,0,22.2,-0.030435253633465113,1.5,0.03652230436015811,-0.015217626816732556,0.0,0.0,0.0
7.595,reset_to_initial,0.4169284423112042,-0.34362696209794064,0.6143142611297328,0.09943660631284584,-0.013827111647664545,-0.015217626816732556,0,0.005633321081574748,-0.12592676564627672,0,16.3,-0.02765422329532909,1.5,0.03318506795439488,-0.013827111647664545,0.0,0.0,0.0
7.6000000000000005,reset_to_initial,0.4153380009348318,-0.3432592185294069,0.6142393454301309,0.10031659380731148,-0.012488704850972964,-0.013827111647664545,0,0.0049574166836770656,-0.12941024286167088,0,13.1,-0.024977409701945927,1.5,0.029972891642335086,-0.012488704850972964,0.0,0.0,0.0
7.605,reset_to_initial,0.41383182584047806,-0.34291037615538117,0.6141727967215771,0.1011513421987981,-0.011219588698537909,-0.012488704850972964,0,0.005366332751545178,-0.1289361819772813,0,13.6,-0.022439177397075818,1.5,0.026927012876490956,-0.011219588698537909,0.0,0.0,0.0
7.61,reset_to_initial,0.412406749729351,-0.34257979940757227,0.6141137707464103,0.10194238729590535,-0.010017338017810403,-0.011219588698537909,0,0.005555913764167207,-0.12825424916012218,0,14.8,-0.020034676035620806,1.5,0.024041611242744943,-0.010017338017810403,0.0,0.0,0.0
7.615,reset_to_initial,0.4110597312302205,-0.3422668710222069,0.6140615000667785,0.10269121689349689,-0.008879612517280682,-0.010017338017810403,0,0.005533836448476774,-0.12737171992784033,0,13.1,-0.017759225034561364,1.5,0.02131107004147361,-0.008879612517280682,0.0,0.0,0.0
7.62,reset_to_initial,0.4097878497941087,-0.34197099193783437,0.6140152876290831,0.10339927175626554,-0.007804153815641822,-0.008879612517280682,0,0.005307508845964805,-0.12629561515496524,0,13.4,-0.015608307631283643,1.5,0.018729969157540348,-0.007804153815641822,0.0,0.0,0.0
7.625,reset_to_initial,0.40858830076726693,-0.34169158112958026,0.6139745008547147,0.10406794665433697,-0.006788782574932643,-0.007804153815641822,0,0.004884079716670065,-0.1250327099854175,0,13.2,-0.013577565149865287,1.5,0.01629307817983832,-0.006788782574932643,0.0,0.0,0.0
7.63,reset_to_initial,0.4074583906423845,-0.34142807538986886,0.6139385662141192,0.10469859143817203,-0.005831395734020608,-0.006788782574932643,0,0.004270447614029942,-0.12358954243308069,0,13.7,-0.011662791468041216,1.5,0.013995349761649435,-0.005831395734020608,0.0,0.0,0.0
7.635,reset_to_initial,0.40640345599892874,-0.34118177996451654,0.6139071919422734,0.10528808200249865,-0.004936687029952704,-0.005831395734020608,0,0.003925151774916261,-0.12062778347337466,0,13.8,-0.009873374059905408,1.5,0.011848048871886467,-0.004936687029952704,0.0,0.0,0.0
7.640000000000001,reset_to_initial,0.40543654309654065,-0.3409558035449768,0.613880281445267,0.10582897483437828,-0.0041159050769111775,-0.004936687029952704,0,0.004284945535863612,-0.11478952030877825,0,12.9,-0.008231810153822355,1.5,0.009878172184586805,-0.0041159050769111775,0.0,0.0,0.0
7.6450000000000005,reset_to_initial,0.4045543893078395,-0.340749444228688,0.6138572704512779,0.10632294484118313,-0.0033664624386100976,-0.0041159050769111775,0,0.004410728945276732,-0.10872947689110421,0,12.9,-0.006732924877220195,1.5,0.008079509852664214,-0.0033664624386100976,0.0,0.0,0.0
7.65,reset_to_initial,0.4037538653100373,-0.34056202276010045,0.6138376612099035,0.10677161204132316,-0.002685862239033549,-0.0033664624386100976,0,0.004310692365458919,-0.10245541552920882,0,13.3,-0.005371724478067098,1.5,0.006446069373680498,-0.002685862239033549,0.0,0.0,0.0
7.655,reset_to_initial,0.40303196927021995,-0.3403928820902981,0.6138210163665093,0.1071765430046048,-0.002071694992826172,-0.002685862239033549,0,0.003992739496033254,-0.09597482685113982,0,13.4,-0.004143389985652344,1.5,0.0049720679827827945,-0.002071694992826172,0.0,0.0,0.0
7.66,reset_to_initial,0.4023858212724857,-0.3402413868961701,0.6138069533656115,0.10753925230838227,-0.0015216355466200469,-0.002071694992826172,0,0.003464497407136014,-0.08929493931296331,0,13.3,-0.0030432710932400938,1.5,0.0036519253118880947,-0.0015216355466200469,0.0,0.0,0.0
7.665,reset_to_initial,0.4018126579815563,-0.34010692306799717,0.6137951393380398,0.1078612040000371,-0.001033440127415129,-0.0015216355466200469,0,0.002733326221448702,-0.08242272837478308,0,13.8,-0.002066880254830258,1.5,0.002480256305796293,-0.001033440127415129,0.0,0.0,0.0
7.67,reset_to_initial,0.4013245535093004,-0.339992354521539,0.6137855681894427,0.1081355343432043,-0.0006174952806670626,-0.001033440127415129,0,0.0027855373640758873,-0.07285456807546199,0,13.1,-0.0012349905613341253,1.5,0.001481988673600934,-0.0006174952806670626,0.0,0.0,0.0
7.675,reset_to_initial,0.4009257931231404,-0.339898716472271,0.6137780832984727,0.10835975776577952,-0.00027755001249645824,-0.0006174952806670626,0,0.0030987953394614144,-0.06181410082745025,0,14.0,-0.0005551000249929165,1.5,0.0006661200299914841,-0.00027755001249645824,0.0,0.0,0.0
7.68,reset_to_initial,0.40061316182503953,-0.3398252781210948,0.6137724253597209,0.10853561824045185,-1.0944337653104785e-05,-0.00027755001249645824,0,0.0031714815616928895,-0.050545634843706104,0,13.3,-2.188867530620957e-05,1.5,2.626641036743637e-05,-1.0944337653104785e-05,0.0,0.0,0.0
7.6850000000000005,reset_to_initial,0.4003835776235026,-0.3397713336928601,0.613768388096125,0.1086648011198377,0.00018488862962944062,-1.0944337653104785e-05,0,0.0030120160421305245,-0.03905715007997803,0,15.8,0.00036977725925888124,1.5,-0.00044373271111067215,0.00018488862962944062,0.0,0.0,0.0
7.69,reset_to_initial,0.40023408539786826,-0.3397362016949544,0.6137658128451979,0.10874893491756363,0.0003124259341158172,0.00018488862962944062,0,0.002628524091737421,-0.02735634719356972,0,13.1,0.0006248518682316344,1.5,-0.0007498222418779754,0.0003124259341158172,0.0,0.0,0.0
7.695,reset_to_initial,0.40016185104951124,-0.33971922416405037,0.6137645836346992,0.10878959307217453,0.00037405792400389083,0.0003124259341158172,0,0.002028846635592518,-0.015450657318772893,0,13.3,0.0007481158480077817,1.5,-0.0008977390176093516,0.00037405792400389083,0.0,0.0,0.0
7.7,reset_to_initial,0.40016185104951124,-0.33971922416405037,0.6137645836346992,0.10878959307217453,0.00037405792400389083,0.00037405792400389083,0,0.0012270012209809355,-0.0033472515001811616,0,12.0,0.0007481158480077817,1.5,-0.0008977390176093516,0.00037405792400389083,0.0,0.0,0.0
