time_s,phase,A7_x,A7_y,A7_z,min_obstacle_h,min_joint_limit_h,min_all_h,active_obstacle_cbfs,joint_tracking_error,qp_max_violation,qp_iterations,qp_time_us,A1_joint,A2_joint,A3_joint,A4_joint,A5_joint,A6_joint,A7_joint
0.0,1/3 vertical_arm_open_hand,0.4006015570029247,-0.33982255168442355,0.6137722190644191,0.10854215114795981,0.0,0.0,0,3.355331874533658e-06,-0.0,2,6831.0,-2.0930483737730918e-06,1.499999574495598,2.51288985439637e-06,0.0,-1.2309659412786126e-09,-6.178426673803762e-07,-2.292826389257643e-13
0.005,1/3 vertical_arm_open_hand,0.40062245627766524,-0.33982746199741715,0.6137725939273322,0.1085304584986059,-2.168404344971009e-21,0.0,0,0.00011380368289154424,4.336808689942018e-19,2,283.7,-3.774345860917702e-05,1.499992326980971,4.531434188101153e-05,-2.168404344971009e-21,-2.219706864382836e-08,-1.1141408918177482e-05,-4.122773603619685e-12
0.01,1/3 vertical_arm_open_hand,0.4006623397363396,-0.3398368325563343,0.6137733114950564,0.10850814501554848,-2.168404344971009e-21,-2.168404344971009e-21,0,0.00018887574818258335,2.168404344971009e-20,2,319.9,-0.00010577732699404796,1.4999784962264553,0.0001269942777156516,-2.168404344971009e-21,-6.218626812537892e-08,-3.1223998094324246e-05,-1.1161891346889909e-11
0.015,1/3 vertical_arm_open_hand,0.40072054391822165,-0.3398505072343985,0.6137743638420167,0.10847558255593079,-2.168404344971009e-21,-2.168404344971009e-21,0,0.0002327091966666402,2.168404344971009e-20,2,269.2,-0.000205062635325861,1.4999583126455043,0.00024619199994498856,-2.168404344971009e-21,-1.2048323966364807e-07,-6.0531043620824137e-05,-2.033045103219039e-11
0.02,1/3 vertical_arm_open_hand,0.40079642909908947,-0.33986833536118727,0.6137757450601442,0.10843312996398649,-2.168404344971009e-21,-2.168404344971009e-21,0,0.0002640662172281062,2.168404344971009e-20,2,252.6,-0.00033450774763817766,1.4999319985874344,0.00040159446250070594,-2.168404344971009e-21,-1.9637076141314843e-07,-9.873968833349212e-05,-3.015787568445455e-11
0.025,1/3 vertical_arm_open_hand,0.40088937843293077,-0.33989017153194273,0.6137774510471943,0.108381133518577,-2.168404344971009e-21,-2.168404344971009e-21,0,0.00031207501343357265,2.168404344971009e-20,2,251.1,-0.0004930599611768752,1.499899768620051,0.0005919346016686313,-2.168404344971009e-21,-2.8913097426468756e-07,-0.0001455383746693805,-3.876093217684422e-11
0.03,1/3 vertical_arm_open_hand,0.4009987971248541,-0.3399158754234217,0.6137794793131536,0.10831992736625193,-2.168404344971009e-21,-2.168404344971009e-21,0,0.0004051983807432869,2.168404344971009e-20,2,249.8,-0.0006797041096582833,1.4998618298024906,0.0008159897255860824,-2.168404344971009e-21,-3.980465243673685e-07,-0.00020062644919972698,-4.388398161992447e-11
0.035,2/3 raise_arm_pose,0.40112539087224586,-0.33994561210844154,0.6137818529345207,0.10824911843580812,-2.168404344971009e-21,-2.168404344971009e-21,0,0.0005361321682249522,2.168404344971009e-20,2,264.7,-0.0008956432867539928,1.499817938420553,0.0010751993053753047,-2.168404344971009e-21,-5.236718788103197e-07,-0.00026435779442698085,-4.2943155317165056e-11
0.04,2/3 raise_arm_pose,0.401271119975752,-0.33997984117879404,0.6137846211848801,0.10816761235670627,1.5178830414797064e-20,-2.168404344971009e-21,0,0.000686401023841889,-3.447762908503904e-18,2,262.5,-0.001144220472616095,1.4997674160310417,0.0013735702486298363,1.5178830414797064e-20,-6.677675678994636e-07,-0.000337717533380496,-3.2675852620455596e-11
0.045,2/3 raise_arm_pose,0.40143531929849424,-0.3400184053193693,0.6137877862512495,0.10807578363157097,1.5178830414797064e-20,1.5178830414797064e-20,0,0.0008633357611704878,-1.5178830414797064e-19,2,264.7,-0.0014243001366171448,1.4997104947306483,0.001709732149537201,1.5178830414797064e-20,-8.29445236840417e-07,-0.00042036866853996965,-9.10043131037942e-12
0.05,2/3 raise_arm_pose,0.4016173475427542,-0.3400611527091036,0.6137913518943094,0.10797399362073898,1.5178830414797064e-20,1.5178830414797064e-20,0,0.0010515377682696226,-1.5178830414797064e-19,2,265.0,-0.0017347873531951637,1.499647398497972,0.0020823625977856343,1.5178830414797064e-20,-1.0078163276511237e-06,-0.0005119859968262167,3.213989954092069e-11
0.055,2/3 raise_arm_pose,0.40181658638362655,-0.34010793682823925,0.6137953232558455,0.10786259099786402,1.5178830414797064e-20,1.5178830414797064e-20,0,0.0012498343092602806,-1.5178830414797064e-19,2,272.2,-0.0020746263397336596,1.4995783434789385,0.0024901854974937083,1.5178830414797064e-20,-1.2019933140547213e-06,-0.0006122556968188618,9.572603173071437e-11
0.06,2/3 raise_arm_pose,0.4020324396344595,-0.34015861627223976,0.6137997066835221,0.1077419121905385,1.5178830414797064e-20,1.5178830414797064e-20,0,0.0014617446812311204,-1.5178830414797064e-19,2,261.6,-0.0024427990474300927,1.4995035382623016,0.0029319694450530534,1.5178830414797064e-20,-1.4110908168080729e-06,-0.0007208749304204441,1.8661387332972768e-10
0.065,2/3 raise_arm_pose,0.40226433244292287,-0.34021305457214246,0.6138045095715958,0.1076122818063415,1.5178830414797064e-20,1.5178830414797064e-20,0,0.0016920051868166116,-1.5178830414797064e-19,2,266.0,-0.0028383238032207844,1.4994231841455565,0.003406526163816924,1.5178830414797064e-20,-1.6342266094055977e-06,-0.0008375514584613471,3.0998721258089177e-10
0.07,2/3 raise_arm_pose,0.4025140005286121,-0.340271657578734,0.6138097891588138,0.10747273316068998,1.5178830414797064e-20,1.5178830414797064e-20,0,0.0019485901225645447,-1.5178830414797064e-19,2,264.0,-0.0032641598328171594,1.4993366819143579,0.003917395133319231,1.5178830414797064e-20,-1.8727216422531703e-06,-0.0009631554228174678,4.725018564109608e-10
0.075,2/3 raise_arm_pose,0.40278197566057267,-0.3403345482026008,0.6138155811010363,0.10732297316056935,-1.951563910473908e-20,1.5178830414797064e-20,0,0.002231435293306478,6.787105599759258e-18,2,459.8,-0.0037212126852792277,1.4992438499644334,0.004465649666068731,-1.951563910473908e-20,-2.126669799826344e-06,-0.0010979506054913466,6.812230901851151e-10
0.08,2/3 raise_arm_pose,0.4030676264991353,-0.3404015761663656,0.6138218978371122,0.10716335905678906,-1.951563910473908e-20,-1.951563910473908e-20,0,0.002530517162367401,1.9515639104739078e-19,2,475.8,-0.0042084040596871465,1.4991449099237057,0.0050499817864177645,-1.951563910473908e-20,-2.3950111797462703e-06,-0.0012416153060121878,9.430341425931147e-10
0.085,2/3 raise_arm_pose,0.40337034433297647,-0.3404725964301511,0.6138287527527052,0.10699423553976248,-1.951563910473908e-20,-1.951563910473908e-20,0,0.00284153786632834,1.9515639104739078e-19,2,279.9,-0.004724694271506079,1.4990400756824633,0.0056691293320413,-1.951563910473908e-20,-2.676688802545886e-06,-0.0013938390829520107,1.2649697524470258e-09
0.09,2/3 raise_arm_pose,0.4036895422540737,-0.34054746900707694,0.6138361600281915,0.1068159351787761,-1.951563910473908e-20,-1.951563910473908e-20,0,0.0031636874632253696,1.9515639104739078e-19,2,257.3,-0.0052690808585754536,1.4989295536664071,0.006321874349346465,-1.951563910473908e-20,-2.9706496277162596e-06,-0.0015543223598835304,1.654159911353308e-09
0.095,2/3 raise_arm_pose,0.4040246543631542,-0.34062605878518815,0.6138441345012402,0.10662877884651864,-1.951563910473908e-20,-1.951563910473908e-20,0,0.0034979180342947017,1.9515639104739078e-19,2,270.9,-0.005840597237786873,1.4988135431001488,0.007007041545116522,-1.951563910473908e-20,-3.2758454718072363e-06,-0.0017227760451284668,2.1177759781614885e-09
0.1,2/3 raise_arm_pose,0.40437513500450967,-0.34070823535560074,0.6138526915428534,0.10643307612929806,-1.951563910473908e-20,-1.951563910473908e-20,0,0.003846003533600715,1.9515639104739078e-19,2,262.0,-0.006438311410594914,1.4986922362614792,0.007723496792405289,-1.951563910473908e-20,-3.591233826314935e-06,-0.0018989211648136573,2.6629791505787547e-09
0.105,2/3 raise_arm_pose,0.40474376593309097,-0.3407946484688006,0.6138619309670813,0.10622727919857097,-1.951563910473908e-20,-1.951563910473908e-20,0,0.0042360632747439255,1.9515639104739078e-19,2,265.4,-0.007066965875649908,1.4985646737483544,0.008476908073857274,-1.951563910473908e-20,-3.918772463215969e-06,-0.0020841510889793038,3.3017060857580833e-09
0.11,2/3 raise_arm_pose,0.4051299259725451,-0.3408851494315815,0.6138718727796428,0.10601174093596813,-1.951563910473908e-20,-1.951563910473908e-20,0,0.0046426545751971126,1.9515639104739078e-19,2,265.3,-0.007725499627050314,1.4984310747708172,0.009265982745443057,-1.951563910473908e-20,-4.25721897227717e-06,-0.0022781478375223495,4.0425030379455025e-09
0.115,2/3 raise_arm_pose,0.4055330162049377,-0.3409795947172305,0.6138825375522673,0.10578680181419639,-1.951563910473908e-20,-1.951563910473908e-20,0,0.005061742324710149,1.9515639104739078e-19,2,253.1,-0.008412889710208118,1.4982916509064383,0.010089473444731475,-1.951563910473908e-20,-4.605335363574986e-06,-0.002480604559156753,4.893820533553658e-09
0.12,2/3 raise_arm_pose,0.4059524591567839,-0.34107784578293,0.6138939462915282,0.10555279033362294,-1.951563910473908e-20,-1.951563910473908e-20,0,0.005491547990173147,1.9515639104739078e-19,2,263.3,-0.009128149844913041,1.4981466063705209,0.010946176504959666,-1.951563910473908e-20,-4.961888989813465e-06,-0.0026912251419311303,5.863950342843581e-09
0.125,2/3 raise_arm_pose,0.4063876980153384,-0.34117976889357354,0.6139061203211803,0.10531002344403692,4.9873299934333206e-20,-1.951563910473908e-20,0,0.005931671084600809,-1.3682631416767066e-17,2,258.4,-0.00987032909862289,1.4979961382768012,0.011834930424672832,4.9873299934333206e-20,-5.325653370174981e-06,-0.002909723837377135,6.960965243425237e-09
0.13,2/3 raise_arm_pose,0.4068381958740116,-0.3412852349517693,0.6139190811768559,0.1050588069520346,4.9873299934333206e-20,4.9873299934333206e-20,0,0.006382530688343488,-4.987329993433321e-19,2,263.2,-0.010638510608134158,1.497840436888972,0.012754614390984456,4.9873299934333206e-20,-5.6954089245703855e-06,-0.0031358248978115536,8.192661522123105e-09
0.135,2/3 raise_arm_pose,0.40730449686112,-0.3413943679842456,0.6139328823986413,0.10479884400979303,4.9873299934333206e-20,4.9873299934333206e-20,0,0.006856914290664648,-4.987329993433321e-19,2,259.1,-0.011433620942493634,1.4976793187642143,0.01370631516740387,4.9873299934333206e-20,-6.0708350262829575e-06,-0.0033697953035162083,9.569083531338907e-09
0.14,2/3 raise_arm_pose,0.407788188897075,-0.3415075360880789,0.6139476129361634,0.104529256652892,4.9873299934333206e-20,4.9873299934333206e-20,0,0.0073684002726516415,-4.987329993433321e-19,2,267.7,-0.012258366397263803,1.497512240081688,0.014693248599824535,4.9873299934333206e-20,-6.452406113688012e-06,-0.003612425446442924,1.1103409747491655e-08
0.145,2/3 raise_arm_pose,0.40828868282722536,-0.3416245972329212,0.613963299574675,0.1042503810491752,4.9873299934333206e-20,4.9873299934333206e-20,0,0.007892426193810552,-4.987329993433321e-19,2,266.8,-0.013111741077775891,1.4973394101212054,0.015714182762541586,4.9873299934333206e-20,-6.8386898263431e-06,-0.0038634122188283726,1.280402057463409e-08
0.15,2/3 raise_arm_pose,0.40880541056688585,-0.34174541429793887,0.6139799692229427,0.10396254156165533,4.9873299934333206e-20,4.9873299934333206e-20,0,0.008427042478690206,-4.987329993433321e-19,2,264.5,-0.013992775190517684,1.497161030910333,0.016767928891066545,4.9873299934333206e-20,-7.228260110273221e-06,-0.004122463121220692,1.4678803462406849e-08
0.155,2/3 raise_arm_pose,0.40933782432955207,-0.3418698548977824,0.613997648813261,0.10366605116651997,4.9873299934333206e-20,4.9873299934333206e-20,0,0.008971334097227002,-4.987329993433321e-19,2,265.3,-0.014900533734454147,1.4969772974819502,0.017853339870518996,4.9873299934333206e-20,-7.619697959683594e-06,-0.0043892958912151135,1.6735086632932156e-08
0.16,2/3 raise_arm_pose,0.4098853958839284,-0.3419977912147132,0.6140163652128016,0.10336121185675881,4.9873299934333206e-20,4.9873299934333206e-20,0,0.009525073624430632,-4.987329993433321e-19,2,258.8,-0.015834115240202572,1.4967883981226902,0.018969308776979516,4.9873299934333206e-20,-8.011592078465747e-06,-0.004663638145182654,1.8979575901579462e-08
0.165,2/3 raise_arm_pose,0.4104476158386767,-0.34212909983667694,0.6140361451452949,0.10304831503186315,4.9873299934333206e-20,4.9873299934333206e-20,0,0.010088480366033678,-4.987329993433321e-19,2,271.0,-0.016792650555298053,1.4965945146125736,0.020114767469949633,4.9873299934333206e-20,-8.402539472265683e-06,-0.004945227032537175,2.1418294516668182e-08
0.17,2/3 raise_arm_pose,0.4110260343773453,-0.34226413870306327,0.6140570901512982,0.10272650630650679,4.9873299934333206e-20,4.9873299934333206e-20,0,0.010689248765002178,-4.987329993433321e-19,2,274.3,-0.01777878200615406,1.496395117956162,0.02129284714317154,4.9873299934333206e-20,-8.792658968924354e-06,-0.005234832051124511,2.4064034199164095e-08
0.17500000000000002,2/3 raise_arm_pose,0.41162112948842705,-0.3424030145776769,0.6140792690207482,0.10239552891013362,1.8865117801247777e-19,4.9873299934333206e-20,0,0.01131509548337923,-2.825430861497225e-17,2,276.1,-0.01879332393933239,1.496190049979236,0.022504489242068406,1.8865117801247777e-19,-9.18113530550876e-06,-0.00553268434313185,2.6926373499381157e-08
0.18,2/3 raise_arm_pose,0.4122323424826834,-0.3425455917491141,0.6141027137125239,0.1020557029987604,1.8865117801247777e-19,1.8865117801247777e-19,0,0.011951428365936287,-1.8865117801247776e-18,2,268.8,-0.019835323483004746,1.4959795105302487,0.023748520774262944,1.8865117801247777e-19,-9.566333339542678e-06,-0.005838495231743462,3.001062914583826e-08
0.185,2/3 raise_arm_pose,0.41285913459054685,-0.34269173916394036,0.6141274559581242,0.101707337523441,1.8865117801247777e-19,1.8865117801247777e-19,0,0.012597143571812982,-1.8865117801247776e-18,2,273.3,-0.020903861974439292,1.4957636925778386,0.025023809851775623,1.8865117801247777e-19,-9.946625470344272e-06,-0.006151986143410748,3.332113196248676e-08
0.19,2/3 raise_arm_pose,0.4135009862317634,-0.34284133026121794,0.6141535271878208,0.10135073062927272,3.2742905609062234e-19,1.8865117801247777e-19,0,0.01325169719322553,-2.964208739575369e-17,2,269.2,-0.021998053718159945,1.4955427824558016,0.026329264251507167,3.2742905609062234e-19,-1.0320392248982225e-05,-0.0064728882542642386,3.6861158215587844e-08
0.195,2/3 raise_arm_pose,0.4141573963123777,-0.34299424281292984,0.6141809584662596,0.1009861700405397,3.2742905609062234e-19,3.2742905609062234e-19,0,0.013914937995454566,-3.2742905609062233e-18,2,274.0,-0.023117044789609957,1.4953169600993332,0.027663830026137516,3.2742905609062234e-19,-1.068602290968546e-05,-0.006800942148899999,4.0632864301314634e-08
0.2,2/3 raise_arm_pose,0.4148278815480171,-0.34315035877009215,0.6142097804366499,0.10061393343244221,3.2742905609062234e-19,3.2742905609062234e-19,0,0.01458698453913139,-3.2742905609062233e-18,2,278.6,-0.024260011882637777,1.4950863992728438,0.029026490163693196,3.2742905609062234e-19,-1.1041915849174343e-05,-0.007135897491107349,4.4637224661741376e-08
0.20500000000000002,2/3 raise_arm_pose,0.41551491008838065,-0.34331024825119183,0.614240154924078,0.10023266074263079,1.8865117801247777e-19,3.2742905609062234e-19,0,0.01531141275089104,2.448128505472269e-17,2,270.9,-0.025431163100004484,1.4948502573385059,0.03042223430303661,1.8865117801247777e-19,-1.1388293484199894e-05,-0.00747898050545951,4.888836623910629e-08
0.21,2/3 raise_arm_pose,0.4162179328829998,-0.34347377699572457,0.6142721181331626,0.09984266774358941,1.8865117801247777e-19,1.8865117801247777e-19,0,0.016046193709554592,-1.8865117801247776e-18,2,274.0,-0.026629563360047775,1.4946087318959904,0.03184990669802019,1.8865117801247777e-19,-1.1723294660342293e-05,-0.007829906696157251,5.3386220077438e-08
0.215,2/3 raise_arm_pose,0.41693642039852613,-0.34364081531672747,0.6143057058292665,0.09944425920708322,1.8865117801247777e-19,1.8865117801247777e-19,0,0.01679017704857783,-1.8865117801247776e-18,2,268.3,-0.027854311163153872,1.4943620137905747,0.03330839211097135,1.8865117801247777e-19,-1.2045065965862927e-05,-0.008188401524355975,5.812921165019876e-08
0.22,2/3 raise_arm_pose,0.4176698619022451,-0.34381123793805746,0.6143409532778353,0.09903772929760019,1.8865117801247777e-19,1.8865117801247777e-19,0,0.01754266773340343,-1.8865117801247776e-18,2,270.0,-0.029104537370927695,1.4941102873541443,0.03479661439406349,1.8865117801247777e-19,-1.2351762298185213e-05,-0.008554200059699342,6.311418693846044e-08
0.225,2/3 raise_arm_pose,0.4184177647724826,-0.3439849238374964,0.61437789519234,0.09862336195204807,1.8865117801247777e-19,1.8865117801247777e-19,0,0.01830330643350158,-1.8865117801247776e-18,2,289.7,-0.030379404030188056,1.4938537306375639,0.036313535120377695,1.8865117801247777e-19,-1.2641547369734323e-05,-0.00892704664404797,6.833634212628846e-08
0.23,2/3 raise_arm_pose,0.41917965383487066,-0.344161756095479,0.6144165656900323,0.0981768020324551,1.8865117801247777e-19,1.8865117801247777e-19,0,0.019071978137319708,-1.8865117801247776e-18,2,279.2,-0.03167810324012671,1.4935925156347163,0.037858152262907965,1.8865117801247777e-19,-1.2912594153673018e-05,-0.009306694566976439,7.378915680592408e-08
0.23500000000000001,2/3 raise_arm_pose,0.41995600889948115,-0.3443418399650635,0.6144570478846084,0.09766116792866086,4.98732999343332e-20,1.8865117801247777e-19,0,0.019863511990516856,2.5869063835504135e-17,2,287.0,-0.03300145523847015,1.493326486115504,0.03943140464071101,4.98732999343332e-20,-1.3163547462303338e-05,-0.009693374188556855,7.946976393181021e-08
0.24,2/3 raise_arm_pose,0.4207482325123928,-0.3445254948324318,0.6144994788382053,0.09713506387273713,-8.890457814381137e-20,4.98732999343332e-20,0,0.020693338913185363,2.7256842616285582e-17,2,249.4,-0.034351853418356774,1.493055169427022,0.04103610297081055,-8.890457814381137e-20,-1.3393382431916798e-05,-0.01008777595930896,8.537948171140856e-08
0.245,2/3 raise_arm_pose,0.42155580427033906,-0.3447125923312193,0.6145438976501081,0.09659883968335192,-8.890457814381137e-20,-8.890457814381137e-20,0,0.021532231746267828,8.890457814381138e-19,2,246.4,-0.03572841373005398,1.4927787543529247,0.04267114948197876,-8.890457814381137e-20,-1.3600000537257366e-05,-0.010489629571222915,9.150723356816163e-08
0.25,2/3 raise_arm_pose,0.42237822217147797,-0.344903008420802,0.6145903427560564,0.0960528328719879,-8.890457814381137e-20,-8.890457814381137e-20,0,0.022379430087353897,8.890457814381138e-19,2,242.4,-0.03713028385723533,1.492497423290383,0.04433548489008104,-8.890457814381137e-20,-1.3781311577072806e-05,-0.010898674176731325,9.783973872381514e-08
0.255,2/3 raise_arm_pose,0.4232150019398983,-0.34509662323230345,0.6146388518869533,0.09549736909236978,-8.890457814381137e-20,-8.890457814381137e-20,0,0.02323445882889985,8.890457814381138e-19,2,235.0,-0.03855664206248365,1.4922113524782523,0.046028087050229635,-8.890457814381137e-20,-1.3935234144027656e-05,-0.011314658057619872,1.043614370259871e-07
0.26,2/3 raise_arm_pose,0.4240656763755008,-0.34529332092014803,0.6146894620346617,0.0949327625734207,-8.890457814381137e-20,-8.890457814381137e-20,0,0.02409705890410636,8.890457814381138e-19,2,233.2,-0.04000669607523975,1.4919207122170233,0.04774796965617098,-8.890457814381137e-20,-1.4059696074849047e-05,-0.011737338305524841,1.1105441752082583e-07
0.265,2/3 raise_arm_pose,0.42492979472827236,-0.34549298951895957,0.6147422094242072,0.09435931653635465,-8.890457814381137e-20,-8.890457814381137e-20,0,0.024967132849455717,8.890457814381138e-19,2,230.6,-0.04147968202062066,1.4916256670808443,0.049494180985204646,-8.890457814381137e-20,-1.4152634837828667e-05,-0.012166480513612046,1.1789835069456475e-07
0.27,2/3 raise_arm_pose,0.4258087169427823,-0.3456959369447039,0.614797243451794,0.09377613283345038,-8.890457814381137e-20,-8.890457814381137e-20,0,0.025874350904140427,8.890457814381138e-19,2,225.6,-0.04297792294281095,1.4913257610977382,0.05126944046752416,-8.890457814381137e-20,-1.421257379478002e-05,-0.012602752584984628,1.24881946759008e-07
0.275,2/3 raise_arm_pose,0.4267028610558443,-0.34590225189553564,0.6148546619693814,0.09318293875846279,-8.890457814381137e-20,-8.890457814381137e-20,0,0.02680475187200207,8.890457814381138e-19,2,237.6,-0.04450213680941093,1.4910208621671133,0.053074554287410286,-8.890457814381137e-20,-1.4237521390174117e-05,-0.013046352124460136,1.3198590175988293e-07
0.28,2/3 raise_arm_pose,0.4276117338078615,-0.3461118115474082,0.6149145059533301,0.09258006627928289,-8.890457814381137e-20,-8.890457814381137e-20,0,0.027743311113420897,8.890457814381138e-19,2,230.5,-0.04605148861755841,1.490711150777003,0.05490848112185507,-8.890457814381137e-20,-1.4225122559805722e-05,-0.013497022632429603,1.3918237103452004e-07
0.28500000000000003,2/3 raise_arm_pose,0.42853485926604323,-0.3463244971621403,0.6149768155526822,0.09196783577599082,-8.890457814381137e-20,-8.890457814381137e-20,0,0.028689492357098927,8.890457814381138e-19,2,234.7,-0.04762517330847802,1.4903968013857687,0.05677021616771599,-8.890457814381137e-20,-1.4173031038682564e-05,-0.013954516586501296,1.4644049496976834e-07
0.29,2/3 raise_arm_pose,0.42947177818865506,-0.3465401939420237,0.6150416300636339,0.09134655646522638,-8.890457814381137e-20,-8.890457814381137e-20,0,0.029642948605653748,8.890457814381138e-19,2,230.6,-0.04922241467760338,1.4900779826376085,0.05865878986276876,-8.890457814381137e-20,-1.4078909811512422e-05,-0.014418595127322983,1.5372632318763333e-07
0.295,2/3 raise_arm_pose,0.4304220474131447,-0.3467587908896849,0.6151089879098046,0.09071652680900599,-8.890457814381137e-20,-8.890457814381137e-20,0,0.030603479184384906,8.890457814381138e-19,2,224.5,-0.05084246432480754,1.489754857570269,0.060573266651539184,-8.890457814381137e-20,-1.3940431516298234e-05,-0.014889027755399247,1.610027426451663e-07
0.3,2/3 raise_arm_pose,0.43138523926722266,-0.34698018067300973,0.6151789266277063,0.09007803490856464,-8.890457814381137e-20,-8.890457814381137e-20,0,0.03157099523981111,8.890457814381138e-19,2,228.5,-0.05248460064325038,1.4894275838152382,0.06251274379435426,-8.890457814381137e-20,-1.3755278814337206e-05,-0.015365592038519015,1.6822940951438624e-07
0.305,2/3 raise_arm_pose,0.4323635028557365,-0.34720485130479406,0.6152516759481207,0.08942966123092916,-8.890457814381137e-20,-8.890457814381137e-20,0,0.03258942444140351,8.890457814381138e-19,2,234.8,-0.0541524957179753,1.4890954387101616,0.0644815304818013,-8.890457814381137e-20,-1.3521453310503805e-05,-0.015849346420398844,1.753789325739934e-07
0.31,2/3 raise_arm_pose,0.43335635402891814,-0.34743268124772697,0.6153272787646533,0.08877173200421778,-8.890457814381137e-20,-8.890457814381137e-20,0,0.03361587760395617,8.890457814381138e-19,2,237.3,-0.055845332955596,1.4887586007321068,0.06647860521999935,-8.890457814381137e-20,-1.3236316931419116e-05,-0.016340039204337534,1.824036989600466e-07
0.315,2/3 raise_arm_pose,0.43436332553851614,-0.3476635529584224,0.6154057770486534,0.08810456216246088,-8.890457814381137e-20,-8.890457814381137e-20,0,0.034649792133991386,8.890457814381138e-19,2,239.1,-0.05756232502184228,1.4884172424665227,0.06850298235062044,-8.890457814381137e-20,-1.2897240598616465e-05,-0.016837427502800713,1.892522357870305e-07
0.32,2/3 raise_arm_pose,0.4353839664175961,-0.3478973527453987,0.6154872118311913,0.08742845576064279,-8.890457814381137e-20,-8.890457814381137e-20,0,0.035690770410565044,8.890457814381138e-19,2,230.8,-0.05930271277601573,1.4880715308178272,0.07055371079584709,-8.890457814381137e-20,-1.250160467926761e-05,-0.0173412769291246,1.9586913053557095e-07
0.325,2/3 raise_arm_pose,0.4364178413836418,-0.3481339706322,0.6155716231902664,0.0867437063745446,-8.890457814381137e-20,-8.890457814381137e-20,0,0.036738545577548395,8.890457814381138e-19,2,245.1,-0.061065764244698326,1.4877216272123472,0.07262987284729573,-8.890457814381137e-20,-1.20467994234786e-05,-0.017851361300008885,2.0219495557903383e-07
0.33,2/3 raise_arm_pose,0.4374645302640532,-0.3483733002254812,0.6156590502426829,0.08605059748595661,-8.890457814381137e-20,-8.890457814381137e-20,0,0.03779295356508316,8.890457814381138e-19,2,237.1,-0.062850773633252,1.4873676877938895,0.07473058299735033,-8.890457814381137e-20,-1.1530225375269504e-05,-0.018367462348421213,2.0816619676028376e-07
0.335,2/3 raise_arm_pose,0.438524441724346,-0.34861542604007456,0.6157496016225361,0.08534886386220097,-8.890457814381137e-20,-8.890457814381137e-20,0,0.03886822987702208,8.890457814381138e-19,2,239.7,-0.06465844914684948,1.4870095862935666,0.07685663000760162,-8.890457814381137e-20,-1.0949232233663003e-05,-0.018889773234152904,2.1371963532897906e-07
0.34,2/3 raise_arm_pose,0.43959878563891563,-0.3488606164299002,0.6158434610078315,0.08463771037605655,1.8865117801247777e-19,-8.890457814381137e-20,0,0.03997903511811528,-5.4622105449819715e-17,2,241.4,-0.06649086634907539,1.4866469243660598,0.07901041750161122,1.8865117801247777e-19,-1.0300942748505472e-05,-0.019418883899755043,2.1879133590379256e-07
0.34500000000000003,2/3 raise_arm_pose,0.4406871033481219,-0.3491087550077128,0.6159406716540309,0.08387193043213931,4.662069341687669e-19,1.8865117801247777e-19,0,0.04109716875308121,-5.73976630113826e-17,2,252.0,-0.06834725592098896,1.4862798727865887,0.08119097984555736,4.662069341687669e-19,-9.582427018778023e-06,-0.019954556304651847,2.2330312147229775e-07
0.35000000000000003,2/3 raise_arm_pose,0.4417889520552443,-0.3493597291480547,0.6160412758129968,0.08305253722287753,4.662069341687669e-19,4.662069341687669e-19,0,0.042222206616274224,-4.662069341687669e-18,2,249.5,-0.07022687605636523,1.4859085967851535,0.08339738529520263,4.662069341687669e-19,-8.790765149111975e-06,-0.02049656073955279,2.2717191360576836e-07
0.355,2/3 raise_arm_pose,0.44290390424504095,-0.34961342985378296,0.6161453147259707,0.0822233324182442,4.662069341687669e-19,4.662069341687669e-19,0,0.04335384076508023,-4.662069341687669e-18,2,243.5,-0.0721290114598988,1.4855332562444765,0.08562873480896789,4.662069341687669e-19,-7.923047746293574e-06,-0.02104467553488042,2.303096542579306e-07
0.36,2/3 raise_arm_pose,0.4440315471241176,-0.3498697516274428,0.6162528286207505,0.081384619578308,4.662069341687669e-19,4.662069341687669e-19,0,0.04449185662526999,-4.662069341687669e-18,2,246.8,-0.07405297238232268,1.4851540058907338,0.08788416090250654,4.662069341687669e-19,-6.976376331983633e-06,-0.021598686779402052,2.3262323193627837e-07
0.365,2/3 raise_arm_pose,0.4451714820822634,-0.3501285923473085,0.6163638567125926,0.08053669173080813,4.662069341687669e-19,4.662069341687669e-19,0,0.04563611404096621,-4.662069341687669e-18,2,256.5,-0.07599809369106598,1.4847709954773418,0.09016282654342098,4.662069341687669e-19,-5.9478637711922225e-06,-0.022158388048708247,2.3401441204906047e-07
0.37,2/3 raise_arm_pose,0.4463248707707681,-0.35039020759300704,0.6164785930291008,0.07967868140047818,4.662069341687669e-19,4.662069341687669e-19,0,0.04681431134865184,-4.662069341687669e-18,2,247.8,-0.0779663733358298,1.4843838452134086,0.09246703774265452,4.662069341687669e-19,-4.834118223113378e-06,-0.022724345169413154,2.343846533458607e-07
0.375,2/3 raise_arm_pose,0.44749206371311695,-0.3506546660143262,0.6165971589063421,0.07881032410900513,4.662069341687669e-19,4.662069341687669e-19,0,0.048013172166401344,-4.662069341687669e-18,2,251.0,-0.07995842643252066,1.483992451891715,0.09479746382983109,4.662069341687669e-19,-3.6317335055863994e-06,-0.02329672176277825,2.3362522659707842e-07
0.38,2/3 raise_arm_pose,0.4486726263666656,-0.35092185606413545,0.6167195973112414,0.07793193923009262,4.662069341687669e-19,4.662069341687669e-19,0,0.04921880207060932,-4.662069341687669e-18,2,243.3,-0.08197352908224942,1.4835969790599841,0.09715319361767157,4.662069341687669e-19,-2.3374750608765764e-06,-0.023875293094318982,2.316184083417561e-07
0.385,2/3 raise_arm_pose,0.44986613905319306,-0.3511916697345146,0.6168459501630602,0.07704383510630153,4.662069341687669e-19,4.662069341687669e-19,0,0.05043086924514257,-4.662069341687669e-18,2,245.9,-0.0840109832109509,1.4831975850533232,0.09953334791188623,4.662069341687669e-19,-9.481199603424697e-07,-0.024459842295209516,2.2824042051360978e-07
0.39,2/3 raise_arm_pose,0.45107219641479973,-0.3514640024315803,0.6169762583348918,0.07614630945684964,4.662069341687669e-19,4.662069341687669e-19,0,0.05164912608396819,-4.662069341687669e-18,2,248.3,-0.0860701156294535,1.4827944231798567,0.10193707839052317,4.662069341687669e-19,5.395426150682914e-07,-0.02505016008700553,2.2336135559194363e-07
0.395,2/3 raise_arm_pose,0.4522904068901727,-0.35173875285485795,0.6171105616584914,0.07523964977030179,4.662069341687669e-19,4.662069341687669e-19,0,0.05287339341549637,-4.662069341687669e-18,2,250.5,-0.08815027712818213,1.4823876418995872,0.10436356652255784,4.662069341687669e-19,2.1287109066333105e-06,-0.025646044516000596,2.1684510626877628e-07
0.4,2/3 raise_arm_pose,0.4535203922104277,-0.3520158228810318,0.6172488989320288,0.07432413368274238,4.662069341687669e-19,4.662069341687669e-19,0,0.05410354727479411,-4.662069341687669e-18,2,257.1,-0.09025084160520293,1.4819773849967346,0.10681202252431847,4.662069341687669e-19,3.822570151527222e-06,-0.02624730069687907,2.085492995201894e-07
0.405,2/3 raise_arm_pose,0.45476397242733896,-0.3522956158599883,0.6173915617897672,0.07339840276935777,4.662069341687669e-19,4.662069341687669e-19,0,0.05537957672529231,-4.662069341687669e-18,2,254.5,-0.09237493832859824,1.48156305321776,0.10928607434659492,4.662069341687669e-19,5.625660824825512e-06,-0.026854819023895,1.9832316665936405e-07
0.41000000000000003,2/3 raise_arm_pose,0.456020721795153,-0.352578021458524,0.6175385933871076,0.07246276960244596,4.662069341687669e-19,4.662069341687669e-19,0,0.05666224199007942,-4.662069341687669e-18,2,274.1,-0.0945218626267432,1.4811448082432999,0.11178483351213332,4.662069341687669e-19,7.54154048108498e-06,-0.027468380264789625,1.8600665084620993e-07
0.41500000000000004,2/3 raise_arm_pose,0.4572902289863025,-0.3528629327879619,0.6176900358132317,0.07151753607406247,4.662069341687669e-19,4.662069341687669e-19,0,0.057951200463479104,-4.662069341687669e-18,2,264.5,-0.09669093491054939,1.4807228066845128,0.1143074427512332,4.662069341687669e-19,9.573753192028217e-06,-0.028087772860454295,1.7143246476008272e-07
0.42,2/3 raise_arm_pose,0.45857209656403625,-0.35315024628269853,0.6178459300961178,0.07056299379235226,4.662069341687669e-19,4.662069341687669e-19,0,0.059246184942602906,-4.662069341687669e-18,2,266.1,-0.09888149976076908,1.4802972002631969,0.11685307490848171,4.662069341687669e-19,1.1725829009605487e-05,-0.028712792656389992,1.5442601696735577e-07
0.425,2/3 raise_arm_pose,0.4598659404747644,-0.3534398615831628,0.6180063162105126,0.06959942446327161,4.662069341687669e-19,4.662069341687669e-19,0,0.06054699047566427,-4.662069341687669e-18,2,1370.4,-0.101092925048932,1.4798681359853285,0.11942093188775861,4.662069341687669e-19,1.4001283447724632e-05,-0.029343242643564693,1.3480534316763054e-07
0.43,2/3 raise_arm_pose,0.46117138955935516,-0.3537316814230215,0.6181712330884899,0.06862710025826885,4.662069341687669e-19,4.662069341687669e-19,0,0.061853463216816756,-4.662069341687669e-18,2,285.4,-0.1033246010906594,1.4794357563082663,0.12201024363413822,4.662069341687669e-19,1.640361701474271e-05,-0.029978932708339692,1.1238104219153609e-07
0.435,2/3 raise_arm_pose,0.46248877369103925,-0.3540257678397542,0.6183408083664362,0.06764577136756894,4.662069341687669e-19,4.662069341687669e-19,0,0.06317826723297082,-4.662069341687669e-18,2,288.4,-0.10557711729839489,1.4789999674672962,0.12462164783413118,4.662069341687669e-19,1.893693817268775e-05,-0.030620018524435872,8.695190389270524e-08
0.44,2/3 raise_arm_pose,0.4638191004838805,-0.354322336053358,0.6185152637514181,0.06665468306955569,4.662069341687669e-19,4.662069341687669e-19,0,0.0645343681736716,-4.662069341687669e-18,2,274.6,-0.10785222354365466,1.4785604483869013,0.12725714004310018,4.662069341687669e-19,2.1606168397526978e-05,-0.03126698924493508,5.8301159891629624e-08
0.445,2/3 raise_arm_pose,0.4651619669374108,-0.3546212803011359,0.6186946410523001,0.06565413095564149,4.662069341687669e-19,4.662069341687669e-19,0,0.06589663032908728,-4.662069341687669e-18,2,268.7,-0.11014925904130958,1.4781173539629044,0.1299158858022669,4.662069341687669e-19,2.4415178084686398e-05,-0.03191963883728796,2.6209569036062526e-08
0.45,2/3 raise_arm_pose,0.4665169835045393,-0.3549224980521,0.6188789810170848,0.06464440068712007,4.662069341687669e-19,4.662069341687669e-19,0,0.06726477637122998,-4.662069341687669e-18,2,257.1,-0.1124675864417789,1.4776708343400873,0.1325970799773915,4.662069341687669e-19,2.7367820848102032e-05,-0.032577768480197014,-9.550680694442319e-09
0.455,2/3 raise_arm_pose,0.4678837736003658,-0.35522588989358533,0.6190683233432209,0.06362576836588701,4.662069341687669e-19,4.662069341687669e-19,0,0.06863858527399105,-4.662069341687669e-18,2,255.0,-0.11480659097908744,1.4772210350802886,0.1352999457312548,4.662069341687669e-19,3.0467932971300146e-05,-0.03324118631124022,-4.921603655056336e-08
0.46,2/3 raise_arm_pose,0.46926197312929957,-0.3555313594219747,0.6192627066901965,0.06259850089162433,4.662069341687669e-19,4.662069341687669e-19,0,0.07001788290204868,-4.662069341687669e-18,2,243.5,-0.11716567965029388,1.4767680973243658,0.13802373353211012,4.662069341687669e-19,3.371933286915044e-05,-0.03390970718332684,-9.303164027283688e-08
0.465,2/3 raise_arm_pose,0.4706512300297771,-0.35583881313738003,0.6194621686941061,0.061562856305975584,4.662069341687669e-19,4.662069341687669e-19,0,0.07140253397190004,-4.662069341687669e-18,2,256.2,-0.11954428042511944,1.4763121579482463,0.14076772019685357,4.662069341687669e-19,3.712582055159581e-05,-0.03458315242967629,-1.4125138239431026e-07
0.47000000000000003,2/3 raise_arm_pose,0.4720524977590739,-0.356148452382624,0.6196669373827448,0.06051811981678707,4.662069341687669e-19,4.662069341687669e-19,0,0.07281673057408061,-4.662069341687669e-18,2,259.8,-0.12194405757480518,1.4758529160710951,0.1435337973833676,4.662069341687669e-19,4.069281514027071e-05,-0.03526198554890743,-1.9415742366096957e-07
0.47500000000000003,2/3 raise_arm_pose,0.47346605143987386,-0.35646032422727236,0.6198771494539409,0.05946408187101488,4.662069341687669e-19,4.662069341687669e-19,0,0.07424877113040661,-4.662069341687669e-18,2,253.6,-0.12436551599704071,1.4753902996935278,0.1463224967146966,4.662069341687669e-19,4.4425220321946474e-05,-0.03594633595369571,-2.5203791007739807e-07
0.48,2/3 raise_arm_pose,0.4748915096256564,-0.35677432725330516,0.6200928449357314,0.058401022235116624,4.662069341687669e-19,4.662069341687669e-19,0,0.07568656111257716,-4.662069341687669e-18,2,239.9,-0.12680803707761426,1.4749244572903075,0.14913303637192554,4.662069341687669e-19,4.8327210367475765e-05,-0.036636010474987275,-3.1518291838135445e-07
0.485,2/3 raise_arm_pose,0.47632850339642374,-0.35709036307145364,0.6203140628210102,0.057329211481018556,4.662069341687669e-19,4.662069341687669e-19,0,0.07712987058289202,-4.662069341687669e-18,2,240.2,-0.12927102404787602,1.4744555328888678,0.15196466202453535,4.662069341687669e-19,5.240293841948683e-05,-0.037330822704847916,-3.8389249304140633e-07
0.49,2/3 raise_arm_pose,0.47777667590226425,-0.35740833621554835,0.6205408410814998,0.05624891133270749,4.662069341687669e-19,4.662069341687669e-19,0,0.07857851233282176,-4.662069341687669e-18,2,260.8,-0.1317539011915608,1.4739836662258587,0.15481664586696572,4.662069341687669e-19,5.665653592244281e-05,-0.03803059275983887,-4.584766970266925e-07
0.495,2/3 raise_arm_pose,0.47923568192386723,-0.3577281540406873,0.6207732166834478,0.05516037500034022,-8.89045781438114e-20,4.662069341687669e-19,0,0.0800323350309631,1.0636023312082798e-16,2,232.2,-0.13425611308078664,1.4735089928979885,0.15768828568891505,-8.89045781438114e-20,6.109211204731957e-05,-0.038735147052673516,-5.392556572485378e-07
0.5,2/3 raise_arm_pose,0.48070518744933777,-0.3580497266250841,0.6210112256047942,0.05406384750236241,-8.89045781438114e-20,-8.89045781438114e-20,0,0.0814912173296093,8.89045781438114e-19,2,239.2,-0.1367771238401407,1.4730316445073683,0.1605789039781675,-8.89045781438114e-20,6.571375314003875e-05,-0.03944431807186524,-6.265596047446257e-07
0.505,2/3 raise_arm_pose,0.48218667105968405,-0.3583733708205178,0.6212552032110408,0.05295822207389087,-8.89045781438114e-20,-8.89045781438114e-20,0,0.08298944957560023,8.89045781438114e-19,2,231.0,-0.13931950878445973,1.472551147852771,0.16349144703935667,-8.89045781438114e-20,7.052852389095495e-05,-0.04015882807396374,-7.20777912470558e-07
0.51,2/3 raise_arm_pose,0.483679760171851,-0.3586989865539424,0.6215051883412016,0.05184377231625013,-8.89045781438114e-20,-8.89045781438114e-20,0,0.08449328879712406,8.89045781438114e-19,2,238.7,-0.141882669568802,1.4720676494236415,0.16642515873666025,-8.89045781438114e-20,7.554090527536467e-05,-0.0408784901277314,-8.222722260377461e-07
0.515,2/3 raise_arm_pose,0.4851840942616851,-0.3590264766855756,0.6217612188259564,0.050720763039067036,4.662069341687669e-19,-8.89045781438114e-20,0,0.08600250231269334,-1.1013325668107754e-16,2,237.8,-0.1444660288946562,1.4715812914063067,0.16937930952956098,4.662069341687669e-19,8.075535231283237e-05,-0.041603123844800076,-9.314155279725989e-07
0.52,2/3 raise_arm_pose,0.48669932442519137,-0.3593557469071064,0.6220233315024947,0.04958945059583159,-8.89045781438114e-20,4.662069341687669e-19,0,0.0875168960317767,1.0636023312082798e-16,2,245.0,-0.14706902974652114,1.4710922118347474,0.17235319554049136,-8.89045781438114e-20,8.617629343321524e-05,-0.04233255515068391,-1.0485921754041286e-06
0.525,2/3 raise_arm_pose,0.4882251129560451,-0.3596867056435755,0.6222915622308481,0.04845008320756481,-6.440160904563897e-19,-8.89045781438114e-20,0,0.08903630863410222,1.1191134824395377e-16,2,245.8,-0.14969113465654216,1.4706005447358816,0.17534613765510074,-6.440160904563897e-19,9.18081298611961e-05,-0.04306661606380584,-1.1741979319708704e-06
0.53,2/3 raise_arm_pose,0.48976113293873264,-0.3600192639587886,0.622565945911482,0.04730290127506629,-6.440160904563897e-19,-6.440160904563897e-19,0,0.09056060652732151,6.440160904563897e-18,2,273.2,-0.1523318249961577,1.4701064202695646,0.17835748065398502,-6.440160904563897e-19,9.7655235036928e-05,-0.04380514448225728,-1.3086399940687504e-06
0.535,2/3 raise_arm_pose,0.4913076280697935,-0.3603534604075684,0.622846619427074,0.04614771953220124,-6.440160904563897e-19,-6.440160904563897e-19,0,0.09210045346181386,6.440160904563897e-18,2,272.3,-0.15499156388514654,1.469609778819745,0.18138771047513472,-6.440160904563897e-19,0.00010372309782430039,-0.04454825845186827,-1.4523598641122396e-06
0.54,2/3 raise_arm_pose,0.49286539354598374,-0.36068945587548734,0.6231338263053009,0.04498394104629736,-6.440160904563897e-19,-6.440160904563897e-19,0,0.09366672438414755,6.440160904563897e-18,2,268.2,-0.15767176526313703,1.4691103784774175,0.18443841386427626,-6.440160904563897e-19,0.00011001854453586332,-0.045296346194491584,-1.6058406166401372e-06
0.545,2/3 raise_arm_pose,0.49443407734654016,-0.3610271545530835,0.6234276028202412,0.043811825202413425,-6.440160904563897e-19,-6.440160904563897e-19,0,0.09523822694805505,6.440160904563897e-18,2,273.3,-0.16037187167007408,1.4686083594966692,0.1875088869381005,-6.440160904563897e-19,0.0001165463131116482,-0.046049233559298505,-1.7695376674957865e-06
0.55,2/3 raise_arm_pose,0.4960133386133907,-0.3613664633704925,0.6237279842887601,0.04263162334586599,-6.440160904563897e-19,-6.440160904563897e-19,0,0.09681476467616446,6.440160904563897e-18,2,262.2,-0.16309134514118329,1.4681038581177788,0.19059845058208483,-6.440160904563897e-19,0.0001233111088879899,-0.04680675249109889,-1.943919174018301e-06
0.555,2/3 raise_arm_pose,0.49760284724599385,-0.3617072919030569,0.6240350050869599,0.04144357909593253,-1.199127602768968e-18,-6.440160904563897e-19,0,0.0983961708358195,1.1746246336707956e-16,2,269.6,-0.16582966650100525,1.4675970067069068,0.1937064495818076,-1.199127602768968e-18,0.00013031760397338426,-0.047568740817004254,-2.1294660481747846e-06
0.56,2/3 raise_arm_pose,0.49920228351112583,-0.3620495522803254,0.6243486986677088,0.04024792864875077,-1.199127602768968e-18,-1.199127602768968e-18,0,0.09998230412937201,1.199127602768968e-17,2,267.9,-0.16858633468332876,1.46708793389072,0.19683225178468103,-1.199127602768968e-18,0.0001375704366139203,-0.0483350420405569,-2.3266719637419955e-06
0.5650000000000001,2/3 raise_arm_pose,0.5008113376670464,-0.3623931590983152,0.6246690975790492,0.03904490106985679,-1.754239115081546e-18,-1.199127602768968e-18,1,0.10157304494077442,1.2301357849020532e-16,2,276.7,-0.17136086607605777,1.466576764686135,0.19997524729097552,-1.754239115081546e-18,0.00014507421061104697,-0.04910550514306372,-2.5360433575863865e-06
0.5700000000000001,2/3 raise_arm_pose,0.5024307450548069,-0.3627382586467155,0.624996445393781,0.03783394506914701,-1.754239115081546e-18,-1.754239115081546e-18,1,0.10318842180217411,1.7542391150815463e-17,2,275.0,-0.17415458046404705,1.4660632785458658,0.20313691254715677,-1.754239115081546e-18,0.0001528361039449817,-0.049880491156385556,-2.7581626023761303e-06
0.5750000000000001,2/3 raise_arm_pose,0.5040606983381091,-0.3630848758315429,0.6253308828530846,0.03661491474888099,-1.754239115081546e-18,-1.754239115081546e-18,1,0.1048186883153644,1.7542391150815463e-17,2,283.1,-0.17696786457159788,1.4655474357954055,0.20631764075246498,-1.754239115081546e-18,0.00016086229540123993,-0.05066009516753948,-2.9936052858114534e-06
0.58,2/3 raise_arm_pose,0.5057008650966429,-0.3634329189890493,0.6256724433653659,0.03538805673907825,-1.754239115081546e-18,-1.754239115081546e-18,1,0.10645384271718523,1.7542391150815463e-17,2,289.6,-0.17980020025596652,1.4650293706640878,0.20951677889098794,-1.754239115081546e-18,0.00016915773654147152,-0.0514441554765626,-3.2429326435913326e-06
0.585,2/3 raise_arm_pose,0.5073509232121957,-0.3637822990102284,0.6260211594414149,0.03415361038707505,-1.754239115081546e-18,-1.754239115081546e-18,1,0.10809371641307682,1.7542391150815463e-17,2,292.7,-0.18265108737375424,1.4645092136431215,0.21273369693488361,-1.754239115081546e-18,0.00017772733851303355,-0.05223251604342533,-3.5067199775395953e-06
0.59,2/3 raise_arm_pose,0.5090105604956907,-0.3641329292534781,0.626377062711478,0.03291180805166747,-1.754239115081546e-18,-1.754239115081546e-18,2,0.10973816396887076,1.7542391150815463e-17,2,282.3,-0.1855200431303389,1.4639870916147173,0.21596778703773908,-1.754239115081546e-18,0.00018657597144316614,-0.05302502628994131,-3.785556637662503e-06
0.595,2/3 raise_arm_pose,0.5106794743279266,-0.36448472546038213,0.6267401839430605,0.03166287538756749,-1.754239115081546e-18,-1.754239115081546e-18,2,0.11138705989148591,1.7542391150815463e-17,2,288.4,-0.1884066014531217,1.4634631279765529,0.21921846275617593,-1.754239115081546e-18,0.00019570846381928084,-0.053821540908609654,-4.080045998130302e-06
0.6,2/3 raise_arm_pose,0.512357371313498,-0.3648376056744931,0.6271105530593138,0.030407031620581927,-1.754239115081546e-18,-1.754239115081546e-18,2,0.11304029581153795,1.7542391150815463e-17,2,289.5,-0.19131031238770238,1.4629374427617483,0.22248515829869595,-1.754239115081546e-18,0.00020512960187367408,-0.054621919678147154,-4.390805427221215e-06
0.605,2/3 raise_arm_pose,0.5140453764599306,-0.36519179998210916,0.6274885187631924,0.029143436106879174,-1.754239115081546e-18,-1.754239115081546e-18,2,0.11472574388631161,1.7542391150815463e-17,2,278.2,-0.19423318263692183,1.4624096896055474,0.22577013773392515,-1.754239115081546e-18,0.00021484841762423146,-0.05542671671751181,-4.718588440544653e-06
0.61,2/3 raise_arm_pose,0.5157431668122,-0.3655472184720704,0.627874112152008,0.027872330770391425,-1.754239115081546e-18,-1.754239115081546e-18,2,0.11641591705122661,1.7542391150815463e-17,2,284.0,-0.19717471562313188,1.4618800002474373,0.22907277667883272,-1.754239115081546e-18,0.00022487006304439428,-0.05623577731616325,-5.064057909211276e-06
0.615,2/3 raise_arm_pose,0.5174504292276502,-0.36590377369024135,0.6282673634744897,0.026593950754268687,-2.3093506273941245e-18,-1.754239115081546e-18,3,0.11811064827649213,1.285646936133311e-16,2,301.0,-0.20013443191334884,1.4613485028349833,0.23239247273504643,-2.3093506273941245e-18,0.0002351996414892955,-0.057048952178923015,-5.427891983463074e-06
0.62,2/3 raise_arm_pose,0.5191668600215659,-0.3662613805560726,0.6286683021471292,0.02530852470672918,-2.3093506273941245e-18,-2.3093506273941245e-18,3,0.1198097913908114,2.3093506273941244e-17,2,288.5,-0.20311186860056787,1.4608153220471096,0.23572864471707225,-2.3093506273941245e-18,0.00024584220708504195,-0.057866097236442135,-5.810784043236641e-06
0.625,2/3 raise_arm_pose,0.5208578115705338,-0.3666244292722548,0.6290703353932097,0.02404346838891961,-2.864462139706703e-18,-2.3093506273941245e-18,3,0.12152394137950866,2.6734725544486082e-12,15,1057.8,-0.2060458561228854,1.4602760403433153,0.23908145217328441,-2.864462139706703e-18,0.0002571140155015823,-0.058716221535722334,5.269480129825984e-05
0.63,2/3 raise_arm_pose,0.5224692433663268,-0.3670001056807381,0.6294627067823269,0.022841679117960874,-3.4195736520192813e-18,-2.864462139706703e-18,3,0.12327076196256775,6.153438869560546e-12,15,1051.1,-0.20884069894299676,1.4597233450674945,0.2424516072407271,-3.4195736520192813e-18,0.0002696309678768148,-0.059646177742657874,0.0002623937635482462
0.635,2/3 raise_arm_pose,0.5240054211065777,-0.3673882623073603,0.62984566442734,0.021699992073707493,-4.529796676644438e-18,-3.4195736520192813e-18,3,0.12505981702433522,2.640138108134238e-12,16,1110.1,-0.21150359771329705,1.459157296477112,0.2458395627735647,-4.529796676644438e-18,0.00028356453253039666,-0.060654539792403345,0.0006164492757419151
0.64,2/3 raise_arm_pose,0.5254704161568066,-0.3677889062674583,0.6302195147087123,0.02061540109130578,-7.305354238207328e-18,-4.529796676644438e-18,3,0.12690227128916734,4.591771407547185e-12,16,1119.1,-0.214041418470243,1.4585777601517826,0.24924665343923544,-7.305354238207328e-18,0.0002991189445620649,-0.06174057103842702,0.0011090528782368922
0.645,2/3 raise_arm_pose,0.5268680431021346,-0.3682017486217989,0.6305845386908966,0.01958505010704293,-9.525800287457642e-18,-7.305354238207328e-18,3,0.12878368421835654,7.544243008084095e-12,16,1115.3,-0.21646062280451234,1.4579850023371796,0.2526724701325097,-9.525800287457642e-18,0.000316510313981504,-0.06290250617247832,0.0017333014091207703
0.65,2/3 raise_arm_pose,0.5282019198640009,-0.3686265099419137,0.6309410388009026,0.018606226030905372,-1.1746246336707955e-17,-9.525800287457642e-18,3,0.13070697894384334,2.883443483980841e-12,17,1172.6,-0.21876734442036166,1.457379284672874,0.256116646791568,-1.1746246336707955e-17,0.0003359752578942614,-0.06413869673430496,0.00248261602730963
0.655,2/3 raise_arm_pose,0.52947547832876,-0.3690629201464229,0.6312893345654397,0.017676351576948864,-1.1746246336707955e-17,-1.1746246336707955e-17,4,0.13267540562734736,4.522326957356881e-12,17,1210.3,-0.22096740636028517,1.4567608636432758,0.2595788574799797,-1.1746246336707955e-17,0.00035776881112655314,-0.0654476037145799,0.003350724962023249
0.66,2/3 raise_arm_pose,0.5306919743863001,-0.3695107183209225,0.631629758889866,0.016792978454921233,-8.415577262832486e-18,-1.1746246336707955e-17,4,0.13469241116434408,6.944445019030354e-12,17,1178.6,-0.22306633727339858,1.4561299901230325,0.26305881372570605,-8.415577262832486e-18,0.000382162562472016,-0.06682779080561409,0.004331647134001407
0.665,2/3 raise_arm_pose,0.5318544974125102,-0.3699696525243219,0.6319626548185711,0.01595378090442879,-8.415577262832486e-18,-8.415577262832486e-18,4,0.1367615305683171,1.0485862178555294e-11,17,1207.4,-0.22506938678788038,1.4554869090045521,0.2665562620926355,-8.415577262832486e-18,0.0004094429932987862,-0.06827791822921798,0.005419676599317533
0.67,2/3 raise_arm_pose,0.5329660290641483,-0.37043975455773,0.632288424344,0.015156549920926667,-6.1951312135821724e-18,-8.415577262832486e-18,4,0.13890482432475326,4.055811242409391e-12,18,1283.4,-0.22698159979096091,1.454831495735909,0.27007254674725933,-6.1951312135821724e-18,0.00043992947671492083,-0.06979780370008201,0.0066106097976230856
0.675,2/3 raise_arm_pose,0.5340293783313373,-0.3709209207506107,0.6326074495788118,0.014399186850227542,-1.1746246336707955e-17,-6.1951312135821724e-18,4,0.14111820881634377,5.721756402010669e-12,18,1271.5,-0.2288077419397012,1.4541638100795256,0.273608211365162,-1.1746246336707955e-17,0.00047394868627539423,-0.07138680817710479,0.007899823288067515
0.68,2/3 raise_arm_pose,0.5350471882318588,-0.37141291441910773,0.6329200895719257,0.013679697861537311,-1.6187138435208582e-17,-1.1746246336707955e-17,4,0.14339636426005622,7.777584132284687e-12,18,1263.1,-0.2305523111346889,1.4534840920621157,0.27716302267643667,-1.6187138435208582e-17,0.0005118303733184061,-0.07304383154702947,0.009282284647028757
0.685,2/3 raise_arm_pose,0.5360219683320844,-0.37191550750496044,0.6332267044847721,0.012996188884796096,-7.30535423820733e-18,-1.6187138435208582e-17,5,0.14574248259554076,1.0614675804987428e-11,18,1364.3,-0.23221957982371808,1.452792574211641,0.2807367780996038,-7.30535423820733e-18,0.0005539148531008541,-0.07476785312155657,0.010753183219868795
0.6900000000000001,2/3 raise_arm_pose,0.5369561018857346,-0.37242848031914527,0.6335276540532544,0.012346860614387896,-3.9746851643318604e-18,-7.30535423820733e-18,5,0.14815952673985006,4.044015122772748e-12,19,1331.3,-0.23381360665057913,1.452089481472575,0.28432930405437573,-3.9746851643318604e-18,0.0006005520483996227,-0.07655792729109094,0.01230791795618587
0.6950000000000001,2/3 raise_arm_pose,0.5378518525827165,-0.3729516212839648,0.6338232962834427,0.011730003763495402,-7.30535423820733e-18,-3.9746851643318604e-18,5,0.15065020407052201,5.646677569970393e-12,19,1297.2,-0.23533824748465687,1.4513750311564118,0.28794045441326505,-7.30535423820733e-18,0.0006521006450002459,-0.07841317950711606,0.01394208582980319
0.7000000000000001,2/3 raise_arm_pose,0.5387113709297772,-0.3734847266747521,0.6341139863536235,0.01114399455691232,-1.06360233120828e-17,-7.30535423820733e-18,5,0.15321694834743949,4.990105550994883e-12,19,1281.7,-0.23679716586602373,1.450649432922023,0.2915701090801078,-1.06360233120828e-17,0.0007089273481983372,-0.0803328025612575,0.01565147081256483
0.705,2/3 raise_arm_pose,0.5395367745307762,-0.3740279713677532,0.6344001517597043,0.01058729095474046,-1.6187138435208582e-17,-1.06360233120828e-17,5,0.15589161776667443,1.0606127087697814e-11,18,1198.8,-0.2381939312889101,1.4499123994240304,0.29522024082249054,-1.6187138435208582e-17,0.0007714483385449192,-0.08231752957723351,0.01743364783023922
0.71,2/3 raise_arm_pose,0.5403300066766512,-0.3745811570847488,0.6346821404813533,0.01005842754279477,-1.06360233120828e-17,-1.6187138435208582e-17,5,0.15864869238068605,-9.483516402730707e-16,16,1069.5,-0.23953185284490291,1.4491641384222587,0.2988907146152396,-1.06360233120828e-17,0.0008400521892744535,-0.08436666393482142,0.019284683390933262
0.715,2/3 raise_arm_pose,0.5410929146939464,-0.3751440930912764,0.6349602954893075,0.009556012210277166,-1.729736145983374e-17,-1.06360233120828e-17,5,0.16148972852682086,1.4386278626710158e-15,19,1262.7,-0.24081407547089081,1.4484048494744721,0.3025814208715605,-1.729736145983374e-17,0.0009151343082025641,-0.08647956898365237,0.02120080218804307
0.72,2/3 raise_arm_pose,0.5418272550501476,-0.3757165959194467,0.6352349542528155,0.009078722481205621,-1.0636023312082801e-17,-1.729736145983374e-17,5,0.1644159930849452,-1.1592940149518505e-15,19,1227.8,-0.24204358837561077,1.4476347240145884,0.3062922743190012,-1.0636023312082801e-17,0.0009970964844597256,-0.08865566505805433,0.02317837791400456
0.725,2/3 raise_arm_pose,0.5425346981858647,-0.3762984890947003,0.6355064483562284,0.008625302029151495,-1.396669238595827e-17,-1.0636023312082801e-17,5,0.16742847290070695,7.724940478959219e-16,20,1254.2,-0.24322323303042326,1.4468539454423288,0.31002321296385904,-1.396669238595827e-17,0.0010863464991035013,-0.09089442668836796,0.02521392449064599
0.73,2/3 raise_arm_pose,0.5432168330882184,-0.3768896028670747,0.6357751032108464,0.008194557366951523,-1.0636023312082801e-17,-1.396669238595827e-17,5,0.17052788723013823,-5.264668909155112e-16,21,1448.4,-0.2443557107464526,1.4460626892214108,0.31377419713704846,-1.0636023312082801e-17,0.0011832977938227734,-0.09319537999117918,0.027304087695253665
0.735,2/3 raise_arm_pose,0.5438751958739427,-0.3774898852221417,0.6360412625121211,0.007785354857753397,-9.525800287457645e-18,-1.0636023312082801e-17,5,0.1737248124769142,-1.156843718042033e-16,22,1381.1,-0.2454436184401137,1.445260976280839,0.3175458202786367,-9.525800287457645e-18,0.001288386837710131,-0.09555855392997054,0.02944610585634733
0.74,2/3 raise_arm_pose,0.5445112752106964,-0.37809939956598027,0.6363052893053059,0.0073966177207681685,-1.2856469361333114e-17,-9.525800287457645e-18,5,0.17703059914873262,7.613918176496704e-16,22,1418.0,-0.2464894566552762,1.4444486760682054,0.3213392917392947,-1.2856469361333114e-17,0.0014020776476279884,-0.0979844815434918,0.03163778181773347
0.745,2/3 raise_arm_pose,0.5451264422268677,-0.3787179864963432,0.6365674907226877,0.007027322712634294,2.6866529834190786e-18,-1.2856469361333114e-17,5,0.18042609646448363,-2.9800597753371073e-15,23,1528.4,-0.24749554881822572,1.4436259524484274,0.32515458092774724,2.6866529834190786e-18,0.0015248078788463054,-0.1004728203766319,0.03387605546510423
0.75,2/3 raise_arm_pose,0.54572200265786,-0.37934549269467793,0.6368281673962637,0.006676497767378005,9.347991131170018e-18,2.6866529834190786e-18,5,0.18391106592876885,-1.3591341593843786e-15,23,1553.7,-0.24846410484516396,1.442792961215929,0.32899167903033505,9.347991131170018e-18,0.001657020419153578,-0.10302327227392417,0.03615796949838282
0.755,2/3 raise_arm_pose,0.5462992003293157,-0.3799817706616473,0.6370876134878576,0.006343219435867971,3.7968760080442346e-18,9.347991131170018e-18,5,0.18748508587629048,1.0167431133134563e-15,24,1595.3,-0.2493972269736136,1.4419498502244066,0.3328505982907884,3.7968760080442346e-18,0.0017991632620668477,-0.10563558130931622,0.038480662645255036
0.76,2/3 raise_arm_pose,0.5468592204572581,-0.3806266784594082,0.6373461167594319,0.006026610453929805,-5.084908188957018e-18,3.7968760080442346e-18,5,0.19114757055945256,1.738388079319808e-15,24,1710.7,-0.25029691529772863,1.441096759513158,0.33673137134578773,-5.084908188957018e-18,0.0019516894146360618,-0.10830953182414452,0.040841363156969415
0.765,2/3 raise_arm_pose,0.5474031927763838,-0.3812800794604914,0.6376039586779101,0.005725837431795923,-2.0628030533709213e-17,-5.084908188957018e-18,5,0.19489778887936082,3.1594735508400085e-15,25,1779.3,-0.2511650730254609,1.4402338214288515,0.34063405061248336,-2.0628030533709213e-17,0.002115056836602559,-0.1110449465609139,0.04323738256879189
0.77,2/3 raise_arm_pose,0.5479322414946348,-0.3819420372299852,0.6378614620232042,0.005440108943362644,-2.506892263220984e-17,-2.0628030533709213e-17,5,0.1987550766807651,1.0944587250372173e-15,25,1784.9,-0.2520035660322436,1.4393609033227364,0.3445597671976477,-2.506892263220984e-17,0.002289771363899475,-0.11384250516512462,0.04566689962417003
0.775,2/3 raise_arm_pose,0.5484474189629479,-0.3826125181373866,0.6381189210497729,0.005168672999615716,-2.2848476582959528e-17,-2.506892263220984e-17,5,0.20270963311017673,-1.933999835279642e-16,26,1818.5,-0.2528141467421914,1.4384779999393378,0.34850911262451756,-2.2848476582959528e-17,0.0024763291415654124,-0.1167025109960648,0.048127735877447266
0.78,2/3 raise_arm_pose,0.5489497070885355,-0.3832913930392229,0.6383766005137912,0.004910815075502374,-1.754239115081553e-18,-2.2848476582959528e-17,5,0.20675072417297138,-3.9903627277459995e-15,26,1809.7,-0.2535984575337114,1.4375852308374686,0.3524821524227458,-1.754239115081553e-18,0.0026752119894056484,-0.11962488593964321,0.050617368710586676
0.785,2/3 raise_arm_pose,0.5494400433342229,-0.38397853747372807,0.6386347596298843,0.0046658563809317335,-1.754239115081553e-18,-1.754239115081553e-18,5,0.21087715466636547,1.754239115081553e-17,27,1866.2,-0.2543580624715693,1.4366827078047026,0.35647897205980594,-1.754239115081553e-18,0.002886907031176383,-0.12260958481127954,0.05313333680901569
0.79,2/3 raise_arm_pose,0.5499193231166319,-0.3846738314259628,0.6388936522796996,0.0044331520738332755,3.79687600804423e-18,-1.754239115081553e-18,5,0.2150876666969531,-1.092680633474341e-15,27,1852.4,-0.2550944513804286,1.4357705349554877,0.36049967646957953,3.79687600804423e-18,0.0031119067466597967,-0.12565659374237073,0.055673234963772716
0.795,2/3 raise_arm_pose,0.5503884020823948,-0.3853771591004631,0.6391535272316612,0.00421208956216871,3.0442228599047984e-17,3.79687600804423e-18,5,0.21938095298708096,-5.3670392782811934e-15,28,1933.7,-0.25580904371966284,1.4348488088174753,0.3645443896187288,3.0442228599047984e-17,0.0033507090431131193,-0.12876592861569083,0.05823470905985676
0.8,2/3 raise_arm_pose,0.550848098267885,-0.38608840870162914,0.6394146283691887,0.004002086891395813,4.2654681869924705e-17,3.0442228599047984e-17,5,0.2237556690138169,-2.7469129401658242e-15,28,1933.4,-0.2565031922681795,1.4339176184049576,0.36861325410882756,4.2654681869924705e-17,0.0036038173443481676,-0.13193763354336943,0.060815451241998386
0.805,2/3 raise_arm_pose,0.5512992584266897,-0.3868077137730262,0.6396772595858317,0.003802591580552468,7.152048051017877e-17,4.2654681869924705e-17,5,0.22823922305690694,-6.199706546750061e-15,29,2001.6,-0.25717826007743416,1.4329767258383965,0.37270773190073836,7.152048051017877e-17,0.00387181098387175,-0.13517282858460505,0.06341413232891518
0.81,2/3 raise_arm_pose,0.5517426327104734,-0.387534964023422,0.6399416568942016,0.003613078408598487,7.59613726086794e-17,7.152048051017877e-17,5,0.23280277628231524,-1.603383224801913e-15,29,1978.8,-0.2578354776647956,1.4320262131492596,0.37682796714940126,7.59613726086794e-17,0.004155213165770356,-0.13847160588083404,0.06602848090289515
0.8150000000000001,2/3 raise_arm_pose,0.552178939565577,-0.3882700527927597,0.6402080522139179,0.003433048423261288,8.262271075643034e-17,7.59613726086794e-17,5,0.23744488383240905,-2.0918813556369816e-15,30,2058.0,-0.25847601894296957,1.431066154571222,0.3809741234119506,8.262271075643034e-17,0.004454553232115861,-0.14183408230793867,0.06865625864417496
0.8200000000000001,2/3 raise_arm_pose,0.5526088674890622,-0.38901287684889546,0.6404766736150811,0.003262027627851778,9.150449495343159e-17,8.262271075643034e-17,5,0.24216410293166593,-2.602583946964554e-15,30,2056.2,-0.2591010042504596,1.4300966165671312,0.38514638331548007,9.150449495343159e-17,0.0047703668049962275,-0.14526039798242096,0.07129525603698553
0.8250000000000001,2/3 raise_arm_pose,0.5530330766977277,-0.3897633361926207,0.6407477455623111,0.003099565733416694,1.0038627915043284e-16,9.150449495343159e-17,5,0.24695899965386106,-2.6914017889345664e-15,30,2049.2,-0.2597115032412837,1.429117657838299,0.3893449482533161,1.0038627915043284e-16,0.0051031959402514804,-0.14875071477735574,0.0739432882059138
0.8300000000000001,2/3 raise_arm_pose,0.5534522007141964,-0.3905213338711209,0.6410214891581526,0.0029452349734555364,1.0260672519968316e-16,1.0038627915043284e-16,5,0.2518281547717288,-1.447952001354391e-15,31,2114.7,-0.26030853764095113,1.428129329315217,0.3935700381081622,1.0260672519968316e-16,0.005453589291826842,-0.15230521484218695,0.07659819087611898
0.835,2/3 raise_arm_pose,0.5538668669372708,-0.39128684154587196,0.64129814151905,0.0027986290834017893,8.59533798303058e-17,1.0260672519968316e-16,5,0.2567789014230711,2.304601821878638e-15,31,2114.8,-0.26089310535733146,1.4271315868380854,0.397822243946151,8.59533798303058e-17,0.00582212589945888,-0.15592439329931826,0.07925806153956384
0.84,2/3 raise_arm_pose,0.5542776991076902,-0.39205989805136865,0.64157795702351,0.0026593622270518827,7.152048051017877e-17,8.59533798303058e-17,5,0.26181898145290544,2.027046065722349e-15,32,2220.1,-0.26146618384694786,1.426124292594969,0.4021025203315436,7.152048051017877e-17,0.0062094196402683165,-0.15960906034225575,0.08192124135890036
0.845,2/3 raise_arm_pose,0.5546852606210142,-0.3928404098522568,0.641861149291705,0.002527067655304839,8.484315680568065e-17,7.152048051017877e-17,5,0.26693017983770667,-3.3797400642021634e-15,32,2208.9,-0.26202866708318046,1.4251074799583676,0.40641111491252024,8.484315680568065e-17,0.006616047923755387,-0.16335944786106082,0.08458556856301432
0.85,2/3 raise_arm_pose,0.5550900938332859,-0.39362828598002375,0.6421479295981309,0.0024013969660202986,4.26546818699247e-17,8.484315680568065e-17,5,0.2721111393775218,7.589263419094384e-15,33,2256.6,-0.26258141100683347,1.424081173945432,0.4107482943585127,4.26546818699247e-17,0.007042595710391712,-0.16717580258884968,0.0872488870739031
0.855,2/3 raise_arm_pose,0.5554927212958318,-0.39442343787944933,0.6424385071005376,0.0022820191874626874,4.6620693416874965e-19,4.26546818699247e-17,5,0.2773605372631079,8.011148168451943e-15,33,2375.2,-0.263125235727144,1.4230453911121623,0.4151143441513308,4.6620693416874965e-19,0.007489655713367367,-0.17105838449319677,0.08990904293091644
0.86,2/3 raise_arm_pose,0.5558936469317693,-0.3952257792645186,0.6427330890647187,0.002168619906948728,4.154445884529954e-17,4.6620693416874965e-19,5,0.2826770867306128,-8.220312451567846e-15,34,2346.9,-0.26366092763325066,1.4220001394235962,0.41950956839573394,4.154445884529954e-17,0.007957828605281068,-0.1750074651337697,0.09256388080289538
0.865,2/3 raise_arm_pose,0.556293357155684,-0.3960352259843932,0.6430318810844328,0.002060900443860071,-7.305354238207347e-18,4.154445884529954e-17,5,0.288059538243847,9.354518028248382e-15,34,2221.1,-0.2641892414189716,1.4209454180987244,0.42393428964809504,-7.305354238207347e-18,0.008447723229243562,-0.17902332598265797,0.09521124058712022
0.87,2/3 raise_arm_pose,0.5566923537033108,-0.396851794943297,0.6433351191407426,0.0019585772320934516,-3.7281375903086575e-17,-7.305354238207347e-18,5,0.2935221522476164,6.068257875357919e-15,35,2205.9,-0.26471093727163963,1.4198810849462822,0.4283893806766998,-3.7281375903086575e-17,0.008960001175791191,-0.18310671635953304,0.09784930460248875
0.875,2/3 raise_arm_pose,0.5570911079426839,-0.3976754531767137,0.6436430229779992,0.0018613808127429313,-7.058806664184127e-17,-3.7281375903086575e-17,5,0.2990564848552167,7.034151906781805e-15,35,2337.2,-0.2652267305641257,1.4188070575132905,0.4328754545686048,-7.058806664184127e-17,0.009495315568728353,-0.18725816312184002,0.10047604834960945
0.88,2/3 raise_arm_pose,0.5574900610024636,-0.39850611876356357,0.6439557954763134,0.0017690551276051195,-9.612319620821987e-17,-7.058806664184127e-17,5,0.3046538649874448,5.812906579694133e-15,36,2194.7,-0.2657372929649451,1.4177233117308257,0.43739287008600547,-9.612319620821987e-17,0.010054307781899256,-0.1914779658520247,0.10308924877825201
0.885,2/3 raise_arm_pose,0.5578896405261478,-0.39934371160819554,0.6442736387243014,0.0016813569362365346,-5.1714275223213605e-17,-9.612319620821987e-17,5,0.310313166773,-7.920552234919053e-15,36,2193.0,-0.26624327187081387,1.4166298136281064,0.44194200494037456,-5.1714275223213605e-17,0.010637628383477139,-0.1957664271276369,0.10568666522470108
0.89,2/3 raise_arm_pose,0.558290261556561,-0.4001881533524857,0.6445967542127138,0.0015980551756500719,-6.059605942021485e-17,-5.1714275223213605e-17,5,0.3160333034466985,2.2934995916323867e-15,37,2298.6,-0.2667452920957073,1.4155265190440731,0.44652325565912254,-6.059605942021485e-17,0.011245937353078246,-0.20012385051856274,0.10826603634733645
0.895,2/3 raise_arm_pose,0.5586923273796925,-0.401039367300278,0.6449253430222143,0.0015189303529100986,-7.946985083884252e-17,-6.059605942021485e-17,5,0.32181322655252537,4.380718877927681e-15,37,2323.2,-0.2672439575059224,1.4144133733080733,0.4511370374627696,-7.946985083884252e-17,0.011879904297059672,-0.20455053851288615,0.11082507713680047
0.9,2/3 raise_arm_pose,0.5590962303321436,-0.40189727835407796,0.645259606005701,0.0014437739673539077,-5.837561337096454e-17,-7.946985083884252e-17,5,0.3276519249562625,-3.4241489851871695e-15,38,2426.2,-0.26773985260977295,1.4132903108894843,0.45578378415049753,-5.837561337096454e-17,0.01254020866037033,-0.2090467903627815,0.11336147599747494
0.905,2/3 raise_arm_pose,0.5595023844683508,-0.4027619027969562,0.6455997759471627,0.0013723881273457264,-7.280851269109157e-17,-5.837561337096454e-17,5,0.33356803466592455,3.4703359977350524e-15,38,2532.3,-0.2682335790134373,1.4121571334825802,0.4604644330520469,-7.280851269109157e-17,0.013227589121091366,-0.21361333313523465,0.11587319126678382
0.91,2/3 raise_arm_pose,0.5599111631907934,-0.4036331664390667,0.6459460544632416,0.0013045846914665551,-3.284048380458594e-17,-7.280851269109157e-17,5,0.33954136063739787,-7.265520650390212e-15,39,2535.5,-0.2687256875849295,1.4110137550575699,0.4651794440301193,-3.284048380458594e-17,0.013942749902431717,-0.21825045214222893,0.11835783080973575
0.915,2/3 raise_arm_pose,0.5603229311977471,-0.40451099665132906,0.646298643487962,0.001240184947705593,3.044222859904799e-17,-3.284048380458594e-17,5,0.345570974784668,-1.2328137642680925e-14,40,2632.0,-0.2692167144070036,1.4098600773032242,0.4699292958477841,3.044222859904799e-17,0.014686405767118979,-0.22295842260150714,0.1208129675232686
0.92,2/3 raise_arm_pose,0.560738045161607,-0.4053953223532546,0.6466577454321416,0.0011790191435057731,8.262271075643034e-17,3.044222859904799e-17,5,0.3516559820160244,-1.0740518717466952e-14,40,2611.9,-0.269707182226516,1.4086959891454678,0.47471448605310096,8.262271075643034e-17,0.015459282203652216,-0.22773750709412016,0.12323613669304354
0.925,2/3 raise_arm_pose,0.5611568543797525,-0.4062860740160302,0.6470235633372121,0.0011209260393344814,7.818181865792971e-17,8.262271075643034e-17,5,0.3577955185808444,6.195131213582178e-17,41,2673.8,-0.27019760187987674,1.4075213662312076,0.4795355308638684,7.818181865792971e-17,0.016262115602072167,-0.23258795292011417,0.12562483343301434
0.93,2/3 raise_arm_pose,0.5615797013989436,-0.40718318368162415,0.6473963010233559,0.001065752485220596,2.0450221377421573e-17,7.818181865792971e-17,5,0.3639887503565362,1.076450126952233e-14,41,2663.3,-0.2706884736975551,1.406336070376835,0.4843929650504967,2.0450221377421573e-17,0.017095653417812638,-0.2375099893500085,0.12797651021300405
0.935,2/3 raise_arm_pose,0.5620069278334637,-0.40808659844736495,0.6477761684682615,0.0010133530444940766,7.485114958405424e-17,2.0450221377421573e-17,5,0.3702401734171131,-1.108468785510075e-14,42,2734.5,-0.2711802945518733,1.4051399305360515,0.48928741508924334,7.485114958405424e-17,0.01796066296506244,-0.24250389191368601,0.13028861666707048
0.9400000000000001,2/3 raise_arm_pose,0.5624388752241516,-0.40899628022207024,0.6481633822322312,0.0009635896114618195,1.3036230081531207e-16,7.485114958405424e-17,5,0.3765543044578318,-1.1850741742092108e-14,42,2693.4,-0.27167355949100797,1.4039327423644703,0.4942195979444356,1.3036230081531207e-16,0.018857932764110023,-0.24756998024552637,0.13255859340438936
0.9450000000000001,2/3 raise_arm_pose,0.5628758697326229,-0.4099121650775459,0.6485581496703536,0.0009163309661345057,1.0815784032280894e-16,1.3036230081531207e-16,5,0.3829198732335512,3.1372690903475054e-15,43,2759.2,-0.2721687459104322,1.4027143234573363,0.4991900988476905,1.0815784032280894e-16,0.019788246568437712,-0.252708411575443,0.1347837417685456
0.9500000000000001,2/3 raise_arm_pose,0.5633182330567733,-0.41083419093319606,0.6489606794713032,0.0008714524863780507,7.707159563330456e-17,1.0815784032280894e-16,5,0.38933613224331404,5.135670534672787e-15,43,2749.2,-0.27266632623433296,1.4014844749341768,0.5041995213287254,7.707159563330456e-17,0.02075239973652295,-0.25791931300175003,0.13696131147184426
0.9550000000000001,2/3 raise_arm_pose,0.5637662829506043,-0.41176229766206435,0.6493711817796254,0.0008288358204284821,7.929204168255487e-17,7.707159563330456e-17,5,0.3958023551621741,-1.2148051661831081e-15,44,2801.9,-0.2731667692873848,1.4002429807111056,0.5092484870454461,7.929204168255487e-17,0.02175119930493682,-0.2632027781638866,0.13908849863376857
0.96,2/3 raise_arm_pose,0.5642203337265377,-0.4126964272167614,0.6497898683131744,0.0007883685766380058,1.170396245198102e-16,7.929204168255487e-17,5,0.4023178349606244,-8.342436984276613e-15,44,2860.1,-0.27367054167016924,1.398989606738593,0.514337635597766,1.170396245198102e-16,0.022785464036539776,-0.2685588638005802,0.14116244394992727
0.965,2/3 raise_arm_pose,0.5646806967431571,-0.41363652377544374,0.6502169524762791,0.0007499440283129724,1.5478720735706553e-16,1.170396245198102e-16,5,0.40888188203871006,-8.719912812649167e-15,45,2920.5,-0.2741781091451602,1.3977241002061271,0.5194676243216544,1.5478720735706553e-16,0.023856024440705673,-0.2739875861912619,0.1431802309992759
0.97,2/3 raise_arm_pose,0.5651476771288664,-0.4145825252075134,0.6506526456996743,0.0007134608153217606,1.4035430803693849e-16,1.5478720735706553e-16,5,0.4155019833942746,1.3387077904547517e-15,45,2992.1,-0.27468993399570535,1.3964462009100738,0.5246390798932419,1.4035430803693849e-16,0.024963716091527133,-0.2794888721935548,0.14513885963292145
0.975,2/3 raise_arm_pose,0.5656215797522051,-0.41553437652141073,0.6510971630805111,0.0006788227070802857,1.8254278297269442e-16,1.4035430803693849e-16,5,0.4221732553891035,-9.841238067520574e-15,46,2978.2,-0.2752064823899361,1.3951556219546768,0.5298526711475101,1.8254278297269442e-16,0.02610938896484261,-0.28506262335701016,0.14703528455509976
0.98,2/3 raise_arm_pose,0.5661027097698266,-0.41649202997167695,0.6515507235859185,0.0006459383507065666,1.6477921457869193e-16,1.8254278297269442e-16,5,0.42889091898574394,1.7272858490735567e-15,46,2985.2,-0.2757282259091481,1.3938520489183528,0.5351091084576144,1.6477921457869193e-16,0.027293907785644656,-0.29070871231056616,0.1488664127452938
0.985,2/3 raise_arm_pose,0.5665913712017183,-0.4174554408266498,0.652013548278629,0.0006147210216065138,8.928404890418128e-17,1.6477921457869193e-16,5,0.4356543289360305,1.345124098911521e-14,46,3026.9,-0.27625564099348854,1.3925351451626888,0.5404091187623369,8.928404890418128e-17,0.028518148755687027,-0.29642695590586915,0.15062908896438643
0.99,2/3 raise_arm_pose,0.5670878673615389,-0.4184245676237003,0.6524858604130552,0.0005850883965542522,8.928404890418128e-17,8.928404890418128e-17,5,0.44246284896298943,-8.928404890418127e-16,47,3098.5,-0.2767892104298151,1.3912045508947302,0.5457534452165126,8.928404890418128e-17,0.029782999389533486,-0.3022171111319828,0.15232009494793605
0.995,2/3 raise_arm_pose,0.567592501279011,-0.41939937244742415,0.6529678855292675,0.0005569623388369874,1.71195523035461e-17,8.928404890418128e-17,5,0.4493158501399031,1.3540058831085222e-14,47,3039.2,-0.277329424870624,1.3898598822079482,0.5511428468012862,1.71195523035461e-17,0.031089358303921448,-0.30807887094081726,0.1539361488197697
1.0,2/3 raise_arm_pose,0.5681055761170707,-0.42037982123052964,0.6534598515457763,0.0005302686937024084,-7.305354238207344e-18,1.71195523035461e-17,5,0.4562127093419216,4.713785785315228e-15,48,3106.0,-0.2778767843903958,1.388500730105785,0.5565780978899738,-7.305354238207344e-18,0.03243813495575421,-0.3140118599885618,0.15547390474066228
1.0050000000000001,2/3 raise_arm_pose,0.5686273593953851,-0.42136580864044604,0.6539619524018283,0.0005049369111092342,4.26546818699247e-17,-7.305354238207344e-18,5,0.46316125609637665,-9.918953679244335e-15,48,3117.8,-0.2784317611149878,1.3871267683906492,0.5620595607974017,4.26546818699247e-17,0.03383018091416975,-0.32001522054989323,0.15692975760654201
1.01,2/3 raise_arm_pose,0.5691581549437875,-0.42235731116506203,0.6544744201908104,0.0004809002360980988,9.927605612580768e-17,4.26546818699247e-17,5,0.4701519152502659,-1.1750821669875844e-14,49,3158.8,-0.27899487785710186,1.3857375337583746,0.5675880464805905,9.927605612580768e-17,0.03526642103948987,-0.326088429493116,0.1583002549703358
1.0150000000000001,2/3 raise_arm_pose,0.5696982679174281,-0.423354310123499,0.6549974896315011,0.0004580953445116956,9.150449495343158e-17,9.927605612580768e-17,5,0.477184072312724,5.615516732171423e-16,49,3167.0,-0.2795666716692625,1.3843325350245939,0.5731643791572492,9.150449495343158e-17,0.03674778981797447,-0.3322308824508776,0.15958188122650227
1.02,2/3 raise_arm_pose,0.5702480052014295,-0.42435679205852267,0.6555313981631327,0.0004364621779276781,7.152048051017877e-17,9.150449495343158e-17,5,0.4842571135182165,3.081757939116248e-15,50,3240.9,-0.2801476955703232,1.3829112521245484,0.5787893956672717,7.152048051017877e-17,0.038275230855603776,-0.3384418893743635,0.16077105840731232
1.025,2/3 raise_arm_pose,0.5708076758151421,-0.4253647491505625,0.6560763860432107,0.0004159437881405617,1.5145653828319004e-16,7.152048051017877e-17,5,0.4913704247698206,-1.6702416359704043e-14,50,3323.8,-0.2807385203226654,1.3814731351196416,0.5844639447677547,1.5145653828319004e-16,0.039849696300348736,-0.3447206700677726,0.16186414731082843
1.03,2/3 raise_arm_pose,0.5713775913191941,-0.4263781796519458,0.6566326964495932,0.00039648618927213414,2.0030635136669692e-16,1.5145653828319004e-16,5,0.49852339070566076,-1.1284527999533277e-14,50,3267.8,-0.2813397362667513,1.3800176032180103,0.5901888863559744,2.0030635136669692e-16,0.04147214618727578,-0.35106634971497686,0.16285744897949872
1.035,2/3 raise_arm_pose,0.5719580440695008,-0.4273970462978215,0.6572005532338007,0.0003780381023527693,2.824628551889585e-16,2.0030635136669692e-16,5,0.5057170345006858,-1.8434364278119286e-14,51,3306.1,-0.2819519312039016,1.378544106495285,0.5959648468283586,2.824628551889585e-16,0.04314350391462898,-0.3574777175651992,0.16374710989536106
1.04,2/3 raise_arm_pose,0.572549306440131,-0.4284212778942399,0.6577801598163285,0.0003605508213183131,3.5462735178959367e-16,2.824628551889585e-16,5,0.5129520867389975,-1.725752787201662e-14,51,3264.6,-0.28257569083857387,1.3770521252258139,0.6017922201075909,3.5462735178959367e-16,0.044864650241888515,-0.3639532216872332,0.1645291419181527
1.045,2/3 raise_arm_pose,0.5731516984979299,-0.42945089681323284,0.6583717671887226,0.0003439784464486853,3.2687177617396475e-16,3.5462735178959367e-16,5,0.5202241570796767,2.004841605229846e-15,51,3279.7,-0.2832116736246026,1.3755409794253117,0.6076719049642137,3.2687177617396475e-16,0.04663655420993085,-0.3704916822009161,0.16519971966343966
1.05,2/3 raise_arm_pose,0.573765544463814,-0.43048593330963403,0.6589756296886021,0.00032827752387954573,3.6239891296196975e-16,3.2687177617396475e-16,5,0.5275326252706554,-1.037414511934065e-14,52,3306.6,-0.2838605653190482,1.3740099550232738,0.6136048065314978,3.6239891296196975e-16,0.04846018913369401,-0.377091807652641,0.16575496835157477
1.055,2/3 raise_arm_pose,0.5743911731501594,-0.4315264260356548,0.6595920051432962,0.0003134069345705273,4.167998411686024e-16,3.6239891296196975e-16,5,0.5348768673645126,-1.450417477094623e-14,52,3281.1,-0.2845230811226472,1.3724583030793245,0.6195918351218013,4.167998411686024e-16,0.05033653149197739,-0.38375219084779266,0.1661909673907125
1.06,2/3 raise_arm_pose,0.5750289184105664,-0.43257242256452294,0.6602211550269427,0.00029932778889635997,3.7128069715897096e-16,4.167998411686024e-16,6,0.5422562556616556,4.93583039024026e-15,52,3271.6,-0.28519996789441393,1.3708852390665391,0.6256339049392159,3.7128069715897096e-16,0.05226655970979926,-0.3904713047906798,0.1665037544399501
1.065,2/3 raise_arm_pose,0.5756791196026767,-0.4336239799206741,0.660863344632771,0.0002860033276030974,2.8246285518895845e-16,3.7128069715897096e-16,6,0.5496701588119984,1.4050761422412795e-14,53,3377.3,-0.2858920064407713,1.369289942232257,0.631731932683367,2.8246285518895845e-16,0.05425125282878695,-0.3972474987559279,0.16668932997620972
1.07,2/3 raise_arm_pose,0.576342051763533,-0.43468104586373196,0.6615187722231455,0.00027339844156038656,3.246513301247144e-16,2.8246285518895845e-16,6,0.5571190652875687,-1.1262323539040774e-14,53,3319.9,-0.2865999363337697,1.3676717414817654,0.6378861204764362,3.246513301247144e-16,0.05629144390104767,-0.40407829444463506,0.1667434345566732
1.075,2/3 raise_arm_pose,0.5770180293168815,-0.4357436413320438,0.6621876735687107,0.000261480163979734,3.1798999197696344e-16,3.246513301247144e-16,6,0.5646010552435673,-1.914245671696956e-15,53,3340.1,-0.2873245711270996,1.3660298357170864,0.644097035648675,3.1798999197696344e-16,0.05838802429298639,-0.41096143856854106,0.16666194211469376
1.08,2/3 raise_arm_pose,0.5777074084346951,-0.43681185925519195,0.662870324064833,0.0002502175933256426,3.379740064202163e-16,3.1798999197696344e-16,6,0.5721145893084595,-7.176702808420198e-15,54,3456.8,-0.2880668034059908,1.364363292825025,0.65036560649845,3.379740064202163e-16,0.06054195004484042,-0.41789489999780377,0.1664408384285328
1.085,2/3 raise_arm_pose,0.5784105527050885,-0.43788580395335247,0.6635670037361945,0.00023958161463483868,3.4685579061721754e-16,3.379740064202163e-16,6,0.5796590405749381,-5.156096903602413e-15,54,3480.5,-0.28882756918915986,1.3626711435614804,0.6566927558891291,3.4685579061721754e-16,0.06275417113674596,-0.4248765112198932,0.16607609646200786
1.09,2/3 raise_arm_pose,0.57912783368661,-0.43896559163898013,0.6642779975165827,0.00022954482663795767,3.1132865382921255e-16,3.4685579061721754e-16,6,0.5872337812377559,3.636869451428826e-15,54,3645.3,-0.28960785059413147,1.3609523814953006,0.663079399276762,3.1132865382921255e-16,0.06502562953080941,-0.43190396546610993,0.16556368373843308
1.095,2/3 raise_arm_pose,0.5798596314871608,-0.44005135089885405,0.6650035955569658,0.00022008147395603112,2.358334881547019e-16,3.1132865382921255e-16,6,0.5948381834868584,1.1985746596610003e-14,54,3960.8,-0.29040867858797104,1.3592059631080045,0.6695264425974319,2.358334881547019e-16,0.06735725707187094,-0.43897481409115285,0.16489957032717967
1.1,2/3 raise_arm_pose,0.5806063353702361,-0.44114322315051757,0.6657440935643267,0.000211167383671447,2.2917215000695094e-16,2.358334881547019e-16,6,0.6024716204780307,-1.0260672519968312e-15,54,3674.8,-0.29123113582615906,1.3574308080647535,0.6760347800096123,2.2917215000695094e-16,0.06974997324120621,-0.4460864642212429,0.16407973745788995
1.105,2/3 raise_arm_pose,0.5813681867657763,-0.44224112468373955,0.6664996337921459,0.0002027789611496536,2.4249482630245283e-16,2.2917215000695094e-16,6,0.6101320318829745,-4.956256759169885e-15,54,3645.5,-0.29207618019611553,1.3556261949166022,0.6826038023220569,2.4249482630245283e-16,0.07220434565531479,-0.45323472332059184,0.1630998391608206
1.11,2/3 raise_arm_pose,0.5821455912331448,-0.4433452297039209,0.667270520497377,0.0001948950226934934,1.6255876852944156e-16,2.4249482630245283e-16,6,0.6178188215237816,1.3562263291577726e-14,54,3406.2,-0.29294499853381534,1.353790973199655,0.6892343901521412,1.6255876852944156e-16,0.0747212386596534,-0.46041672818409984,0.1619560024014615
1.115,2/3 raise_arm_pose,0.5829389653128251,-0.44445572612881634,0.6680570646126387,0.00018749579590419257,6.485914236242779e-17,1.6255876852944156e-16,6,0.625531397193006,1.791433754810834e-14,54,3381.3,-0.29383883759572293,1.3519239585353993,0.6959274031820936,6.485914236242779e-17,0.0773014965105666,-0.46762946825203067,0.16064439562752017
1.12,2/3 raise_arm_pose,0.5837487372526943,-0.4455728158710531,0.6688595842274141,0.00018056287216667438,8.26227107564303e-17,6.485914236242779e-17,6,0.633269171573425,-4.201305102424779e-15,54,3484.5,-0.2947590072000839,1.3500239337445663,0.7026836773582109,8.26227107564303e-17,0.07994594053051643,-0.47486978456140183,0.1591612399234737
1.125,2/3 raise_arm_pose,0.5845753477711517,-0.44669671505962205,0.6696784051104876,0.00017407916273488172,2.1584947371144908e-16,8.26227107564303e-17,6,0.6410315630452339,-2.747157969856806e-14,54,3582.4,-0.2957068834574321,1.348089650210985,0.709504021926311,2.1584947371144908e-16,0.0826553660999165,-0.482134369013703,0.15750282082557057
1.1300000000000001,2/3 raise_arm_pose,0.5854192508589621,-0.4478276541920979,0.6705138612754803,0.00016802885826028985,1.6477921457869188e-16,2.1584947371144908e-16,6,0.6488179963269379,8.05555708943695e-15,54,3642.6,-0.29668391209021006,1.346119829512571,0.7163892163002203,1.6477921457869188e-16,0.085430539482554,-0.48941976396093956,0.15566550080071467
1.135,2/3 raise_arm_pose,0.586280845245125,-0.44896578330166365,0.6713662254780955,0.00016239693273002037,1.9364501321894595e-16,1.6477921457869188e-16,6,0.6566265230551176,-7.420951873837733e-15,54,3558.8,-0.29769152973351565,1.344113332297484,0.7233393906192711,1.9364501321894595e-16,0.08827204273112416,-0.49672176721274197,0.1536456359559133
1.1400000000000001,2/3 raise_arm_pose,0.5871604714830494,-0.4501111747384123,0.6722357062829879,0.00015716907214422676,2.846833012382088e-16,1.9364501321894595e-16,6,0.664454657377912,-2.0144107736042028e-14,54,3556.8,-0.2987311594162356,1.3420691648147822,0.7303540236301619,2.846833012382088e-16,0.09118025490062741,-0.504035443946028,0.15143964678953192
1.145,2/3 raise_arm_pose,0.5880586229893927,-0.4512641088797268,0.6731226613531313,0.00015233306952004005,2.802424091397082e-16,2.846833012382088e-16,6,0.6723034739673793,-1.958654592681963e-15,54,3580.5,-0.2998044624924604,1.3399859775804581,0.73743380292231,2.802424091397082e-16,0.09415580394927583,-0.5113569308220818,0.14904433374328532
1.1500000000000001,2/3 raise_arm_pose,0.5889758098018778,-0.45242487983615975,0.6740274591656827,0.00014787785743475973,1.6922010667719253e-16,2.802424091397082e-16,6,0.6801724600898107,1.940203640110605e-14,53,3409.7,-0.300913182711172,1.3378624019191256,0.7445793705303131,1.6922010667719253e-16,0.09719927450932059,-0.5186822194874026,0.14645663059324243
1.155,2/3 raise_arm_pose,0.5899125595789579,-0.453593795117641,0.6749504798017034,0.00014379348176391665,1.5145653828319004e-16,1.6922010667719253e-16,7,0.6880611072589922,1.8605126120285758e-15,53,3425.7,-0.3020591498699577,1.3356970531617547,0.7517913190596448,1.5145653828319004e-16,0.10031120391290087,-0.5260071577406091,0.14367361998293013
1.16,2/3 raise_arm_pose,0.5908694186431279,-0.4547711751751329,0.6758921157828366,0.0001400710786420914,2.313925960562013e-16,1.5145653828319004e-16,7,0.6959689093633982,-1.7501776937434154e-14,53,3420.5,-0.3032442835402561,1.3334885342087348,0.7590701876392806,2.313925960562013e-16,0.10349207804767789,-0.5333274509502001,0.14069254956297383
1.165,2/3 raise_arm_pose,0.5918469530692033,-0.4559573528069961,0.676852772954611,0.00013670285325415726,1.137089554459347e-16,2.313925960562013e-16,7,0.7038953600980092,2.1222802161491304e-14,53,3411.4,-0.3044705968621348,1.331235439476447,0.7664164576997485,1.137089554459347e-16,0.10674232704045947,-0.540638663696684,0.1375108487224626
1.17,2/3 raise_arm_pose,0.5928455682010669,-0.4571524519044809,0.6778326882942185,0.0001336806739842336,1.7366099877569316e-16,1.137089554459347e-16,7,0.711835731331628,-1.3127498220411038e-14,52,3329.5,-0.30573997190120067,1.3289367786778603,0.7738290463200995,1.7366099877569316e-16,0.1100619172868707,-0.5479348054758286,0.1341260490348558
1.175,2/3 raise_arm_pose,0.5938657758418477,-0.458356722653944,0.6788322000748557,0.00013099807107336964,1.0482717124893346e-16,1.7366099877569316e-16,7,0.7197903131223421,1.203015551759501e-14,52,3321.0,-0.3070544889536817,1.3265913606794808,0.7813075649831,1.0482717124893346e-16,0.11345092346749186,-0.555210500374735,0.13053606320122846
1.18,2/3 raise_arm_pose,0.594908200341314,-0.45957053703767353,0.6798517533958321,0.0001286502825501648,8.484315680568064e-17,1.0482717124893346e-16,7,0.7277600354263886,2.948531176161229e-15,51,3308.4,-0.30841644176138777,1.324197792569741,0.7888523138847292,8.484315680568064e-17,0.11690954313828328,-0.5624609709255507,0.1267391304530211
1.185,2/3 raise_arm_pose,0.5959734901459667,-0.4607942749874366,0.6808918104047849,0.00012663353619885714,9.59453870519322e-17,8.484315680568064e-17,7,0.7357443965462248,-3.0688776173071195e-15,51,3282.7,-0.3098282312075215,1.3217546939329454,0.7964635156960984,9.59453870519322e-17,0.12043789988681988,-0.5696813110070882,0.12273374235326509
1.19,2/3 raise_arm_pose,0.5970623190608596,-0.4620283229694389,0.6819528513650254,0.00012494503740954205,4.907099032669355e-18,9.59453870519322e-17,7,0.7437428669281517,1.7248203733333246e-14,50,3282.8,-0.3112923692088131,1.319260702864722,0.8041413106598345,4.907099032669355e-18,0.12403603827938149,-0.576866488197241,0.11851866175877081
1.195,2/3 raise_arm_pose,0.5981753875429234,-0.46327307237502807,0.6830353757523597,0.0001235829575738992,-3.284048380458597e-17,4.907099032669355e-18,7,0.751754880400024,7.500445577124371e-15,49,3164.0,-0.3128114826187565,1.3167144824559258,0.8118857515182774,-3.284048380458597e-17,0.1277039186449071,-0.5840113461344495,0.11409294220986077
1.2,2/3 raise_arm_pose,0.5993134240202185,-0.46452891770779153,0.6841399033762986,0.0001225464237549559,-3.284048380458597e-17,-3.284048380458597e-17,7,0.7597798240701837,3.284048380458597e-16,49,3173.8,-0.3143883171250542,1.3141147277585419,0.8196967982737768,-3.284048380458597e-17,0.13144141169659698,-0.5911106068486005,0.10945594772045068
1.205,2/3 raise_arm_pose,0.6004768309684039,-0.4657958728166951,0.6852666189471103,0.00012183229348392693,1.1568437180420294e-17,-3.284048380458597e-17,7,0.7678088502183016,-8.553379358955393e-15,48,3091.7,-0.3160252582252773,1.3114609635696384,0.827571578940646,1.1568437180420294e-17,0.1352475031170329,-0.5981563907667345,0.10460744513708604
1.21,2/3 raise_arm_pose,0.6016663859915785,-0.4670743403145669,0.6864160781260454,0.0001214414538695599,-2.3958699607584716e-17,1.1568437180420294e-17,7,0.7758470723266035,6.9897429857967985e-15,47,2997.9,-0.31772526551338,1.3087519861905896,0.8355098734710776,-2.3958699607584716e-17,0.13912182102665832,-0.6051432840944888,0.09954767694281538
1.215,2/3 raise_arm_pose,0.6028828980802059,-0.4683647186590699,0.6875888599759845,0.00012137569923510033,1.8229775328171233e-17,-2.3958699607584716e-17,7,0.7838937261143383,-8.198107991075343e-15,46,3299.4,-0.31949142579895085,1.3059866485306255,0.8435113516323466,1.8229775328171233e-17,0.1430638884806049,-0.6120657622223452,0.0942772529536833
1.22,2/3 raise_arm_pose,0.604127208926576,-0.46966739947186,0.6887855680807541,0.00012163772182772342,-7.05880666418413e-17,1.8229775328171233e-17,7,0.7919479434101182,1.7581270640720793e-14,46,3010.8,-0.3213269566222374,1.3031638689305334,0.8515755673495499,-7.05880666418413e-17,0.14707311761040665,-0.6189181914866121,0.08879717073110081
1.225,2/3 raise_arm_pose,0.6054001942258996,-0.4709827646192545,0.6900068316499924,0.00012223110276016885,-2.3958699607584722e-17,-7.05880666418413e-17,7,0.8000087342815071,-8.619992740432902e-15,45,2931.8,-0.3232352096514068,1.300282640503619,0.8597019528781666,-2.3958699607584722e-17,0.15114880360391322,-0.6256948306600181,0.08310883620062402
1.23,2/3 raise_arm_pose,0.6067027649529096,-0.4723111830479535,0.6912533065998433,0.00012316030194634703,3.821378977142405e-17,-2.3958699607584722e-17,7,0.8080749674546441,-1.2194910879725906e-14,44,2862.1,-0.32521967393433443,1.29734204100175,0.8678898127998735,3.821378977142405e-17,0.1552901185161138,-0.6323898321224599,0.077214084445128
1.235,2/3 raise_arm_pose,0.6080357234747087,-0.4736528674431921,0.6925255318154753,0.00012442910625238418,-4.394271405083753e-17,3.821378977142405e-17,7,0.8161421765750223,1.6049162866738075e-14,43,2805.5,-0.327283765879748,1.2943415553524749,0.8761372715930794,-4.394271405083753e-17,0.1594957869657514,-0.6389963336114807,0.07111530508512169
1.24,2/3 raise_arm_pose,0.6093997557829669,-0.47500787468553424,0.6938239229189809,0.00012604041757261625,-8.391074293734316e-17,-4.394271405083753e-17,7,0.824204957328967,8.433032917809502e-15,42,2730.2,-0.32943080295098237,1.2912810974035405,0.884441269579987,-8.391074293734316e-17,0.16376405576472317,-0.6455065149000696,0.0648155625738817
1.245,2/3 raise_arm_pose,0.6107958708882972,-0.47637652201552827,0.6951492113333089,0.00012800103851807326,-1.238787718238488e-16,-8.391074293734316e-17,7,0.832266173689781,8.83271320667456e-15,40,2601.9,-0.33166464962678327,1.28816008059204,0.8928007154263886,-1.238787718238488e-16,0.16809363763531449,-0.6519143547096098,0.05831832523675362
1.25,2/3 raise_arm_pose,0.6122251167395062,-0.4777590982057829,0.69650215843183,0.00013031857167559308,-4.8383606149338157e-17,-1.238787718238488e-16,7,0.8403239775189637,-1.3860245416663641e-14,39,2523.9,-0.3339893142993293,1.284978047376835,0.9012143648360766,-4.8383606149338157e-17,0.17248309886635613,-0.6582137304008454,0.05162756517251645
1.2550000000000001,2/3 raise_arm_pose,0.6136885811105541,-0.47915585921439946,0.6978835562744719,0.0001330014030607521,-1.0389475738059598e-16,-4.8383606149338157e-17,7,0.8483762534135798,1.1586066307744947e-14,38,2488.8,-0.336408951049767,1.2817346814021935,0.9096808138851529,-1.0389475738059598e-16,0.17693085240943623,-0.6643984168746022,0.04474777845518352
1.26,2/3 raise_arm_pose,0.6151873923692576,-0.48056702359422654,0.699294228242093,0.000136058683050784,-1.0167431133134567e-16,-1.0389475738059598e-16,7,0.8564205890867946,5.948583639558973e-16,37,2426.0,-0.3389278610333172,1.2784298201522581,0.9181984921187439,-1.0167431133134567e-16,0.18143515074852845,-0.6704620848820054,0.037684005266874904
1.2650000000000001,2/3 raise_arm_pose,0.6167227201075549,-0.48199276766216137,0.7007350295536577,0.0001395003050476476,-1.216583257745985e-16,-1.0167431133134567e-16,7,0.8644542441547263,5.01354600196402e-15,36,2508.7,-0.3415504934194193,1.2750634680846917,0.9267656553909169,-1.216583257745985e-16,0.18599407852349123,-0.6763982987054972,0.030441849924341464
1.27,2/3 raise_arm_pose,0.6182954165311861,-0.4834329176638484,0.7022064929042823,0.00014333225527250054,-1.1721743367609786e-16,-1.216583257745985e-16,7,0.8724674273780677,3.284048380458597e-16,34,2163.5,-0.3442808639242943,1.2716365455713177,0.9353779971369811,-1.1721743367609786e-16,0.19060478970730665,-0.6821985778809527,0.023027918513106198
1.2750000000000001,2/3 raise_arm_pose,0.619906539375417,-0.4848874060564871,0.7037093494359986,0.00014756319732806694,-1.0389475738059598e-16,-1.1721743367609786e-16,7,0.8804581877515665,-1.492360922339397e-15,33,1940.9,-0.3471233683680965,1.2681498132629438,0.9440322307388646,-1.0389475738059598e-16,0.19526459352942863,-0.6878554299461996,0.015449383449787489
1.28,2/3 raise_arm_pose,0.6215573630883647,-0.4863562611904086,0.7052445374341414,0.00015220472702798943,-1.1499698762684755e-16,-1.0389475738059598e-16,7,0.8884250077509639,3.259393623056273e-15,32,1861.3,-0.3500828201132861,1.2646038744655568,0.9527260785100741,-1.1499698762684755e-16,0.19997097350650248,-0.6933622709653021,0.007713887812947543
1.285,2/3 raise_arm_pose,0.6232492027983275,-0.48783944771824866,0.7068130266908779,0.00015726903093158523,-9.945386528209535e-17,-1.1499698762684755e-16,7,0.8963635946829005,-1.958654592681963e-15,30,1800.6,-0.35316417314428405,1.2609995538625707,0.9614570602842176,-9.945386528209535e-17,0.20472121868849066,-0.6987123982128151,-0.0001702999784539772
1.29,2/3 raise_arm_pose,0.6249834138804161,-0.48933686087050426,0.7084158181420415,0.0001627688487454773,-1.3276055602085004e-16,-9.945386528209535e-17,7,0.9042691506625712,7.655876800571892e-15,29,1704.4,-0.3563725197339863,1.2573379121639403,0.9702224850581903,-1.3276055602085004e-16,0.20951241503580656,-0.7038989841793923,-0.008194268544070387
1.295,2/3 raise_arm_pose,0.6267613912539031,-0.49084832057379296,0.7100539432855371,0.00016871743228797503,-1.1277654157759723e-16,-1.3276055602085004e-16,7,0.9121363347331708,-2.6691973284420634e-15,28,1655.3,-0.35971308729215284,1.2536202610437421,0.9790194422263432,-1.1277654157759723e-16,0.21434143640076161,-0.7089150697160007,-0.016348446356744782
1.3,2/3 raise_arm_pose,0.6285845683875947,-0.4923735654304863,0.71172846336304,0.0001751285003515693,-7.28085126910916e-17,-1.1277654157759723e-16,7,0.9199592242018692,-6.865840361525155e-15,27,1624.4,-0.36319123432222206,1.2498481783243272,0.9878447923705951,-7.28085126910916e-17,0.21920493507836578,-0.7137535562757462,-0.024622585065831922
1.305,2/3 raise_arm_pose,0.6304537451094065,-0.4939117593792373,0.7134398139014593,0.00018200575115263212,-1.0389475738059598e-16,-7.28085126910916e-17,7,0.9277213584138411,6.9453340648117924e-15,25,1540.3,-0.3668112414726705,1.2460248037502013,0.9966911138257243,-1.0389475738059598e-16,0.2240980216691818,-0.7184041829113068,-0.03300479524948367
1.31,2/3 raise_arm_pose,0.6323704003875668,-0.49546247341467575,0.7151890943831154,0.00018936318251442513,-1.0389475738059598e-16,-1.0389475738059598e-16,7,0.9354224383862368,1.03894757380596e-15,24,1512.7,-0.3705786055880805,1.2421523001811983,1.005554825719761,-1.0389475738059598e-16,0.22901682452061747,-0.7228597932734122,-0.04148318883648724
1.315,2/3 raise_arm_pose,0.6343360452929149,-0.4970251793381153,0.7169774288270696,0.00019721506023565732,-8.613118898659348e-17,-1.0389475738059598e-16,7,0.9430546960818667,-2.513766104994541e-15,23,1470.7,-0.37449893002938794,1.2382331378028377,1.01443209347423,-8.613118898659348e-17,0.2339572282543817,-0.7271130657061589,-0.0500451804825331
1.32,2/3 raise_arm_pose,0.6363522206044222,-0.4985992436793322,0.7188059638254986,0.00020557585924500105,-5.948583639558972e-17,-8.613118898659348e-17,7,0.9506096256952461,-4.4677586283348165e-15,22,1571.7,-0.37857791631500676,1.2342701089797143,1.0233188180423036,-5.948583639558972e-17,0.23891486270160198,-0.7311565016623971,-0.05867747521075713
1.325,2/3 raise_arm_pose,0.6384204940300174,-0.5001839216185947,0.720675866260982,0.00021446020179425457,-7.946985083884253e-17,-5.948583639558972e-17,7,0.9580779453877355,4.591661252606461e-15,20,1345.7,-0.3828213545289364,1.2302663430270786,1.0322106245604312,-7.946985083884253e-17,0.24388509126881064,-0.7349824129974787,-0.06736605713823297
1.33,2/3 raise_arm_pose,0.6405424570272272,-0.5017783509361323,0.7225883206873469,0.00022388279295180308,-6.614717454334065e-17,-7.946985083884253e-17,7,0.9654495593952636,-1.8698367507119503e-15,19,1234.7,-0.38723511242247943,1.2262253208285065,1.0411028503889967,-6.614717454334065e-17,0.24886299870992876,-0.7385829080915044,-0.07609617946286923
1.335,2/3 raise_arm_pose,0.64271945422361,-0.5033813790272451,0.7245442692895181,0.00023385352696212586,-7.280851269109159e-17,-6.614717454334065e-17,7,0.9727104509181125,1.9937393749835945e-15,18,1183.3,-0.39182460155174414,1.222151355775055,1.0499890681553574,-7.280851269109159e-17,0.2538429053960997,-0.7419488828312648,-0.08485196476559391
1.34,2/3 raise_arm_pose,0.6449525596622991,-0.5049915676923918,0.7265443945275002,0.0002443768246323044,-7.280851269109159e-17,-7.280851269109159e-17,7,0.9798449457693432,7.280851269109158e-16,17,1116.3,-0.3965946867974101,1.218049600690746,1.0588611000475998,-7.280851269109159e-17,0.2588183456847466,-0.7450701441821173,-0.09361631824343726
1.345,2/3 raise_arm_pose,0.6472433771159595,-0.5066076879878356,0.7285898919332274,0.0002554665786126467,-7.50289587403419e-17,-7.280851269109159e-17,7,0.9868442355695946,1.1721743367609784e-15,16,1058.7,-0.4015512463895893,1.2139246564903965,1.0677134144574105,-7.50289587403419e-17,0.2637834576507922,-0.7479384029204591,-0.10237206124076642
1.35,2/3 raise_arm_pose,0.6495829893193878,-0.5082373322931608,0.730684360926078,0.0002815096505318984,0.0064054886218104954,-7.50289587403419e-17,7,0.9989622327087483,-1.1055392712400192e-14,14,937.6,-0.4091014887540974,1.2083886090120455,1.077347685942822,0.0064054886218104954,0.2695314576428474,-0.7541904166059811,-0.11224132990780182
1.355,2/3 raise_arm_pose,0.6519898676176276,-0.5098738584607132,0.7328450961602766,0.0003198417123357958,0.017780488621810493,0.0002815096505318984,7,1.015052894467454,1.9526481126463935e-14,21,1383.1,-0.418810939912335,1.2018009051977403,1.0873521018645298,0.017780488621810493,0.27627404487177387,-0.7628732126033217,-0.12305320025021385
1.36,2/3 raise_arm_pose,0.6544872504685726,-0.5115091689021992,0.7350798944259392,0.00035788121398445255,0.029155488621810492,0.0003198417123357958,7,1.0310064656808569,5.601057811999155e-13,27,1782.6,-0.42887128034260025,1.1952501692522959,1.0970043874688342,0.029155488621810492,0.28356634233517986,-0.7710630168022743,-0.13395156992249763
1.365,2/3 raise_arm_pose,0.657079066655078,-0.5131398635493452,0.7373910344807667,0.0003957739912313421,0.040530488621810495,0.00035788121398445255,7,1.0467997642058082,1.5154856536359063e-12,36,2375.2,-0.4392929858157257,1.1887429263512508,1.1063149801316265,0.040530488621810495,0.2913631389292996,-0.7787412837536417,-0.14490291415023854
1.37,2/3 raise_arm_pose,0.65976859905466,-0.5147618432375354,0.7397801374984948,0.00043362797149332916,0.051905488621810464,0.0003957739912313421,7,1.062402881665922,6.461411267144612e-13,46,2938.7,-0.4500852979591018,1.1822877283252633,1.1152842424048204,0.051905488621810464,0.29962304365533937,-0.7858859224004994,-0.1558703903087422
1.375,2/3 raise_arm_pose,0.6625593949570013,-0.5163708152044278,0.7422490438691255,0.0004715532893403221,0.06328048862181046,0.00043362797149332916,7,1.0777889117721589,9.229483496908664e-13,57,3592.2,-0.461258070707682,1.1758937039013957,1.1239120004726098,0.06328048862181046,0.3083049499045257,-0.7924741672546769,-0.16681523577061486
1.3800000000000001,2/3 raise_arm_pose,0.6654552698940861,-0.5179622424243182,0.7447998040597238,0.0005096641264988114,0.07465548862181044,0.0004715532893403221,7,1.0929292384308815,6.0571929416664005e-12,72,4669.1,-0.4728217554686255,1.1695706653354843,1.132198084042604,0.07465548862181044,0.31736728385511087,-0.7984823436120547,-0.17769700412434436
1.385,2/3 raise_arm_pose,0.6684599646521444,-0.5195311259233386,0.7474343445860687,0.0005480678023069632,0.08603048862181042,0.0005096641264988114,7,1.1077914325147376,3.131682413393122e-12,94,5998.1,-0.48478656926700076,1.1633296613733748,1.1401409955031236,0.08603048862181042,0.32676714577905025,-0.8038848996092909,-0.18847339564684473
1.3900000000000001,2/3 raise_arm_pose,0.6715771076237834,-0.5210719625486521,0.7501544314300947,0.0005868646553720894,0.09740548862181043,0.0005480678023069632,7,1.1223404135325814,5.602057012721318e-12,131,8461.3,-0.4971623072084409,1.157183037270551,1.147738037002987,0.09740548862181043,0.3364600415946019,-0.8086544613413948,-0.19910049517412814
1.395,2/3 raise_arm_pose,0.674810168875986,-0.5225787027039356,0.7529616280785422,0.0006261478349698715,0.10878048862181044,0.0005868646553720894,7,1.1365384998061694,6.398740912127998e-12,222,14021.0,-0.509958129937533,1.1511444904713952,1.1549854392728662,0.10878048862181044,0.34639963159803555,-0.8127619285172295,-0.20953306287329282
1.4000000000000001,2/3 raise_arm_pose,0.6781155678254015,-0.5240140769024056,0.7558287365612977,0.0006640750155719535,0.12015548862181044,0.0006261478349698715,7,1.1504904221087413,1.8450917593261507e-08,1500,93808.7,-0.5230455840569542,1.1452909444259762,1.1617374517359005,0.12015548862181044,0.35645799103050846,-0.8164892573960691,-0.2196479048390014
1.405,2/3 raise_arm_pose,0.6813948972109413,-0.5253130714383303,0.7586942563175625,0.0006967498975864253,0.13153048862181044,0.0006640750155719535,7,1.1644510530075338,1.805347669969759e-09,1500,88748.0,-0.536133080000351,1.1397497231832023,1.1676956996728238,0.13153048862181044,0.3664404362336643,-0.8204514965455137,-0.2292614776247594
1.41,2/3 raise_arm_pose,0.6846808571074922,-0.5265019913986833,0.7615727263515122,0.0007254662838706363,0.14269773549404752,0.0006967498975864253,7,1.178104884256262,6.983353999234776e-12,30,1944.9,-0.549220580000351,1.134500135795677,1.1729612588996088,0.14269773549404752,0.37637280767024134,-0.824278530045115,-0.23841192728331895
1.415,2/3 raise_arm_pose,0.6880528140290578,-0.5276351316019392,0.7645028360581012,0.0007525488575025677,0.1531329228752537,0.0007254662838706363,7,1.190719249663543,1.3322676295501878e-15,30,1903.7,-0.562308080000351,1.1295356505191683,1.177718336896485,0.1531329228752537,0.3862745232293227,-0.8271728227737829,-0.24710860298091686
1.42,2/3 raise_arm_pose,0.6915085903432089,-0.5287097362330306,0.7674816208300311,0.0007782010466609382,0.16287134144216886,0.0007525488575025677,7,1.2022902044009596,-4.440892098500626e-16,31,1949.6,-0.5753955800003511,1.1248566884777218,1.1819869147141662,0.16287134144216886,0.39607539191922636,-0.8291594283823513,-0.25531716377753855
1.425,2/3 raise_arm_pose,0.6950457780129938,-0.5297229278687906,0.7705061963764991,0.0008026055657205725,0.17194808332358866,0.0007782010466609382,7,1.2128156067935505,-1.3322676295501878e-15,32,2029.4,-0.5884830800003511,1.1204643282692144,1.185786972045158,0.17194808332358866,0.4057106159453189,-0.830261620279293,-0.2630080222323835
1.43,2/3 raise_arm_pose,0.6986617635805438,-0.530671698651016,0.7735737425352119,0.0008259268044332815,0.18039805623094288,0.0008026055657205725,7,1.222295201023777,-2.220446049250313e-15,33,2107.5,-0.6015705800003511,1.1163602005198274,1.1891385171502997,0.18039805623094288,0.4151204604482178,-0.8305011655104274,-0.2701562385271782
1.435,2/3 raise_arm_pose,0.7023533062559615,-0.5315527342689331,0.7766811193223147,0.0008483032559440731,0.18825857327244438,0.0008259268044332815,7,1.2307323518350084,1.7763568394002505e-15,34,2134.2,-0.6146580800003512,1.1125462605924576,1.1920606979157984,0.18825857327244438,0.4242499639334831,-0.8298991638488302,-0.27674183012717696
1.44,2/3 raise_arm_pose,0.7061165518201619,-0.5323624317461136,0.7798248536075351,0.0008698494977214047,0.19556940204376097,0.0008483032559440731,6,1.2381345510967692,-1.7763568394002505e-15,35,2183.7,-0.6277455800003512,1.109024598514157,1.194571860199489,0.19556940204376097,0.4330488676173545,-0.8284763885355244,-0.28274973238365253
1.445,2/3 raise_arm_pose,0.7099484074191404,-0.5330973949352725,0.783002242431972,0.0008906877321461851,0.202364847593328,0.0008698494977214047,6,1.244507919174934,-2.220446049250313e-15,36,2282.6,-0.6408330800003512,1.1057977976044917,1.1966921281814982,0.202364847593328,0.4414712352253478,-0.8262516160227902,-0.28816819721997183
1.45,2/3 raise_arm_pose,0.7138456669579892,-0.5337540604477065,0.7862105904380798,0.0009109289692145819,0.2086789104747246,0.0008906877321461851,6,1.249860950130044,4.440892098500626e-16,37,2286.3,-0.6539205800003512,1.1028687064940512,1.1984417019072826,0.2086789104747246,0.4494749539824269,-0.8232429237355777,-0.29298956994034736
1.455,2/3 raise_arm_pose,0.7178050280592558,-0.5343286833268137,0.7894471967689317,0.0009306743532766851,0.2145452689832751,0.0009109289692145819,6,1.2542044012546787,-2.220446049250313e-15,37,2305.1,-0.6670080800003513,1.1002403966668326,1.1998408872981943,0.2145452689832751,0.4570214622563703,-0.8194678861161228,-0.2972101741925227
1.46,2/3 raise_arm_pose,0.7218231061914631,-0.534817320245099,0.7927093418133973,0.000950016327625848,0.2199972756016693,0.0009306743532766851,6,1.2575514219154384,2.691073058835869e-11,39,5528.4,-0.6800955800003513,1.0979161286659018,1.2009101401651063,0.2199972756016693,0.4640754949536065,-0.8149437844699772,-0.30083022296686734
1.465,2/3 raise_arm_pose,0.7258964451875927,-0.5352158101045198,0.7959942736256965,0.0009690396350230737,0.22506797465053552,0.000950016327625848,6,1.2599177198653309,4.2724197443777534e-11,42,5508.4,-0.6931830800003513,1.0958993251649745,1.2016701269253096,0.22506797465053552,0.4706048480406947,-0.8096878430471353,-0.3038537597111398
1.47,2/3 raise_arm_pose,0.7300205241709063,-0.5355194718484181,0.7992983800944244,0.000987799488791359,0.2297960034966525,0.0009690396350230737,6,1.26132734336938,4.825220778492678e-11,45,5901.6,-0.7062705800003514,1.0941929189334814,1.2021402046545464,0.2297960034966525,0.47658079475923293,-0.8037191931780822,-0.306290060707064
1.475,2/3 raise_arm_pose,0.7341912634248606,-0.5357235573940687,0.8026184023354082,0.0010063569585770996,0.23421687554211915,0.000987799488791359,6,1.2618039226098048,3.5109104859487594e-11,49,6360.4,-0.7193580800003514,1.092800093511275,1.2023408459325469,0.23421687554211915,0.481977332928285,-0.7970567702002552,-0.3081515391001486
1.48,2/3 raise_arm_pose,0.7384050227460822,-0.5358231903947678,0.8059514189483468,0.0010247792410149684,0.2383630595366957,0.0010063569585770996,6,1.2613721603185817,5.069138164781606e-11,52,6787.7,-0.7324455800003514,1.091724394126207,1.2022937781071512,0.2383630595366957,0.4867707372357644,-0.7897195917383477,-0.3094537217347541
1.485,2/3 raise_arm_pose,0.7426580810315125,-0.5358131820901499,0.8092944165979735,0.0010431278820597426,0.24226711181411476,0.0010247792410149684,6,1.260061164032357,4.857182191175813e-11,56,7300.1,-0.7455330800003515,1.0909694410059156,1.2020213854244552,0.24226711181411476,0.4909395931616248,-0.7817280654993939,-0.3102160514121206
1.49,2/3 raise_arm_pose,0.7469466133994607,-0.5356880059454902,0.8126442733930966,0.001061458706390829,0.2459619086067769,0.0010431278820597426,6,1.257904392470245,5.598640301363034e-11,60,7831.9,-0.7586205800003515,1.090538894264124,1.2015468672606513,0.2459619086067769,0.49446468964850393,-0.7731045697963554,-0.31046198220800864
1.495,2/3 raise_arm_pose,0.7512666582560542,-0.5354417750708899,0.8159977414255284,0.0010798214672521414,0.24948094205074,0.001061458706390829,6,1.2549403104564218,4.597833919151029e-11,65,8754.1,-0.7717080800003515,1.0904364042250014,1.2008944112204194,0.24948094205074,0.49732894847807624,-0.7638741473324501,-0.31021909538580705
1.5,2/3 raise_arm_pose,0.7556140731101388,-0.5350682250427053,0.8193514285974622,0.0010982591913999487,0.2528586857117788,0.0010798214672521414,6,1.2512131650907055,4.871751613233499e-11,70,9197.8,-0.7847955800003515,1.0906655415239188,1.2000893772553514,0.2528586857117788,0.4995173947641756,-0.754065325871442,-0.30951922667729315
1.5050000000000001,2/3 raise_arm_pose,0.7599828275409417,-0.5345604371452979,0.8227004374537275,0.001116767594101238,0.25614072565860063,0.0010982591913999487,6,1.2467854102577562,6.904845965827189e-11,75,9624.3,-0.7978830800003516,1.0912280683991253,1.19915599932405,0.25614072565860063,0.5010190874504014,-0.7437142507412748,-0.30840118626309476
1.51,2/3 raise_arm_pose,0.7643682693671852,-0.5339114818171176,0.8260410573208239,0.001135374970475951,0.259364689117983,0.001116767594101238,6,1.2417129247011653,6.420273687690603e-11,82,10750.3,-0.8109705800003516,1.0921268192856732,1.19812235484855,0.259364689117983,0.5018238302594061,-0.7328593852616585,-0.3069055748635023
1.5150000000000001,2/3 raise_arm_pose,0.7687653615870489,-0.5331140762072759,0.8293693829524896,0.0011540989762096401,0.2625706703180513,0.001135374970475951,5,1.2360633305711837,8.2618259455991e-11,90,11875.5,-0.8240580800003516,1.093364166556426,1.197018271911091,0.2625706703180513,0.5019236727333005,-0.7215459049239604,-0.30507752221473505
1.52,2/3 raise_arm_pose,0.7731536340831583,-0.5321535324258349,0.8326822331906426,0.0011724474299760826,0.265919960901851,0.0011540989762096401,5,1.2301997334540966,7.07530561916414e-11,98,10279.0,-0.8371455799999242,1.094921708730968,1.1958891334946222,0.265919960901851,0.5013252159351476,-0.7101709049239604,-0.30300676247459807
1.5250000000000001,2/3 raise_arm_pose,0.7775267755027881,-0.5310236371479949,0.8359749764810863,0.001190422506919371,0.2694598165245616,0.0011724474299760826,5,1.224214298449955,6.433583873977078e-11,122,15446.8,-0.8502330799996977,1.0967969225821048,1.194772236369102,0.2694598165245616,0.5000367695751657,-0.6987959049239604,-0.30075562849272297
1.53,2/3 raise_arm_pose,0.7818810072526995,-0.5297195717228103,0.839242737393981,0.0012081159398150201,0.2732165169719693,0.001190422506919371,5,1.2181499388798238,7.861002473963374e-11,178,22527.3,-0.863320579999551,1.098990683779257,1.1937029161585893,0.2732165169719693,0.4980651899682926,-0.6874209049239604,-0.29837925920836733
1.5350000000000001,2/3 raise_arm_pose,0.7862267825060152,-0.5282369467241138,0.8424925647288318,0.0012260441363093968,0.277112116642119,0.0012081159398150201,5,1.2120004656214556,6.013588453434443e-07,1500,186975.7,-0.8764080789253594,1.1015420774430624,1.1929488666771273,0.277112116642119,0.4953147611904564,-0.6760459049239603,-0.29597554148150085
1.54,2/3 raise_arm_pose,0.7906336893310636,-0.5265718500318652,0.8457815343378214,0.0012464195570415296,0.28064833318532534,0.0012260441363093968,5,1.2055243652856056,1.0105512693314722e-07,1500,188828.2,-0.8894955794306351,1.104646438917855,1.1936388799318403,0.28064833318532534,0.4912959179646839,-0.6646709049239603,-0.29377948476403604
1.545,2/3 raise_arm_pose,0.7950805307903819,-0.5247192826397298,0.8490937563084886,0.0012723819892668034,0.28398009590248563,0.0012464195570415296,5,1.1987963928640175,-4.440892098500626e-16,361,50231.9,-0.9025830794296291,1.108259002805656,1.1954221724533098,0.28398009590248563,0.48617668076474346,-0.6532959049239603,-0.2917280906276788
1.55,2/3 raise_arm_pose,0.79947593615934,-0.5226924548241361,0.8523629143357239,0.0013197742926031389,0.287709866183998,0.0012723819892668034,5,1.1922024971143477,4.440892098500626e-16,134,17234.1,-0.9156705794289057,1.1121274825363943,1.197072242789465,0.287709866183998,0.4805904825480253,-0.6419209049239603,-0.28963352823839045
1.555,2/3 raise_arm_pose,0.8038127658524513,-0.5204884614830833,0.8555820419303987,0.0013891333641589468,0.29187609725868835,0.0013197742926031389,5,1.1858062776551375,4.440892098500626e-16,90,11735.0,-0.9287580794279253,1.1162461361738865,1.1986179394107432,0.29187609725868835,0.4745471576076817,-0.6305459049239602,-0.28754578489394755
1.56,2/3 raise_arm_pose,0.808083499736651,-0.5181049343639149,0.8587442021807417,0.0014810874693938283,0.296517362757001,0.0013891333641589468,5,1.1796738351756235,4.440892098500626e-16,72,9893.3,-0.9418455794272115,1.1206083534638944,1.2000890159121425,0.296517362757001,0.4680567315723014,-0.6191709049239602,-0.2855127190465784
1.565,2/3 raise_arm_pose,0.8122802130380781,-0.5155401013857188,0.8618425300233753,0.0015963444324600465,0.30167216324676294,0.0014810874693938283,5,1.1738736015052702,-4.440892098500626e-16,62,8918.2,-0.954933079426411,1.1252066736403425,1.2015163037858905,0.30167216324676294,0.46112938020188865,-0.6077959049239602,-0.2835796991237236
1.57,2/3 raise_arm_pose,0.8163938553309861,-0.512815181667626,0.864863708772145,0.0017221099455795655,0.30694096728513404,0.0015963444324600465,5,1.168110871067958,0.0,28,4063.0,-0.9678019290167189,1.130074156670493,1.2028410609518578,0.30694096728513404,0.4537485822176978,-0.5964209049239602,-0.28165763940238164
1.575,2/3 raise_arm_pose,0.8204220038584873,-0.5100605286646757,0.8677702715991796,0.0017802097739894954,0.309858196976839,0.0017221099455795655,5,1.1603097022758466,0.0,26,3728.4,-0.9792269406408654,1.1354327980967254,1.2035985488620276,0.309858196976839,0.4457863117600363,-0.5850459049239601,-0.2790434695219407
1.58,2/3 raise_arm_pose,0.8243611867579582,-0.507282643666237,0.870560050676319,0.0017743130683980438,0.31066517217522593,0.0017802097739894954,5,1.150651550590274,0.0,43,4193.5,-0.9893238064841273,1.14121884102474,1.203865824937741,0.31066517217522593,0.4373175716172144,-0.5736709049239601,-0.2758402451889399
1.585,2/3 raise_arm_pose,0.8281854014753511,-0.5044211006008428,0.8732345752918141,0.001755025806494205,0.3110502703223603,0.0017743130683980438,5,1.140571652052391,0.0,247,29046.4,-0.9988608770953843,1.1471978056439547,1.2037877746484231,0.3110502703223603,0.42859034803566015,-0.5622959049239601,-0.27251617431172703
1.59,2/3 raise_arm_pose,0.8318843572627591,-0.5014682963149424,0.8757905196089878,0.0017341869889160658,0.311415831567545,0.001755025806494205,5,1.1304383170083814,0.0,234,29336.0,-1.008015350690838,1.1532991649734425,1.2034186073749698,0.311415831567545,0.4196849835049799,-0.5509209049239601,-0.26919709096247374
1.595,2/3 raise_arm_pose,0.8354332344912744,-0.4984536743925972,0.8782417172962445,0.0017107139259119677,0.31182461538838185,0.0017341869889160658,5,1.120737394832139,3.677613769070831e-16,85,11285.3,-1.0167331388090994,1.1594494481339273,1.202877763139999,0.31182461538838185,0.4106617546175094,-0.5403278421607216,-0.26592153095197796
1.6,2/3 raise_arm_pose,0.8388717051136884,-0.4954616955974374,0.8806059619750368,0.0016839419668168779,0.31111946378153404,0.0017107139259119677,5,1.1102563481886822,6.279698983036042e-16,5,1478.0,-1.024618732144774,1.1657322540541746,1.2021310786053223,0.31111946378153404,0.4014835928740378,-0.5299729705674039,-0.26239089989534004
1.605,2/3 raise_arm_pose,0.8422266468483428,-0.4925352242826635,0.8828918675823446,0.0016540445507537208,0.30871811707748276,0.0016839419668168779,5,1.0982923009040764,4.0245584642661925e-16,4,780.8,-1.0315047491079279,1.1721891977853192,1.201159066883674,0.30871811707748276,0.3921452034356161,-0.519400151730437,-0.2584633084631604
1.61,2/3 raise_arm_pose,0.8454938530371902,-0.4896707456882246,0.8851027581163949,0.0016215549674653343,0.3048537119008026,0.0016540445507537208,5,1.0850825025767508,1.700029006457271e-16,4,792.8,-1.0374951568264843,1.178779116975403,1.200008740856698,0.3048537119008026,0.3826942670362661,-0.5087202281515435,-0.25421371477619364
1.615,2/3 raise_arm_pose,0.8486702872961546,-0.4868658095824631,0.8872423318506419,0.0015869345576339303,0.2997192133168353,0.0016215549674653343,5,1.0708303260622354,-1.6653345369377348e-16,4,777.5,-1.042679017870818,1.1854673757612986,1.1987189324786895,0.2997192133168353,0.37317322995835334,-0.49801799577072003,-0.2497039147101386
1.62,2/3 raise_arm_pose,0.8517539356408405,-0.4841187525891261,0.8893144952228332,0.0015505859892823229,0.2934753608878997,0.0015869345576339303,5,1.0557039082157005,-2.7755575615628914e-17,4,777.4,-1.0471332918807623,1.1922247511517845,1.1973218517022044,0.2934753608878997,0.36361968060235716,-0.4873575841404598,-0.24498511457062544
1.625,2/3 raise_arm_pose,0.8547436670628253,-0.4814284864801976,0.8913232532922996,0.001512862867662064,0.2862565735317387,0.0015505859892823229,5,1.03984227677158,1.1275702593849246e-16,4,778.0,-1.0509249165361692,1.1990265901904595,1.1958443136455823,0.2862565735317387,0.35406671651351235,-0.4767864738336172,-0.2400999075887799
1.6300000000000001,2/3 raise_arm_pose,0.8576391055582143,-0.47879433576809044,0.8932726379881991,0.0014740768848509125,0.27817540838653076,0.001512862867662064,4,1.0233600611137905,-4.388850394221322e-16,4,780.6,-1.0541123813427673,1.2058521561171802,1.194308711382596,0.27817540838653076,0.34454330201907263,-0.466338540643105,-0.23508381551795568
1.635,2/3 raise_arm_pose,0.8604398674425908,-0.476215803381977,0.895166134068974,0.0014344991064025106,0.26933478544693257,0.0014740768848509125,4,1.0063635112006521,-5.204170427930421e-18,4,784.2,-1.0567491345450788,1.2126824483732683,1.192732970249263,0.26933478544693257,0.33507585721617406,-0.45603927846972797,-0.229967999917501
1.6400000000000001,2/3 raise_arm_pose,0.863145506231525,-0.4736925017218853,0.8970066329330931,0.0013943658014788987,0.2598310967300472,0.0014344991064025106,4,0.9889504812481212,-7.979727989493313e-17,4,780.8,-1.0588847298536628,1.2194997187794991,1.191131182228548,0.2598310967300472,0.32568848470640155,-0.44590792777702604,-0.224780168784599
1.645,2/3 raise_arm_pose,0.8657573965949116,-0.4712244284502059,0.8987980255567446,0.001353893971978111,0.24972894038752153,0.0013943658014788987,4,0.9711746673612327,-2.671474153004283e-16,4,771.7,-1.0605586975867283,1.2262922450919371,1.1895166013515617,0.24972894038752153,0.31639955487624133,-0.4359497103184035,-0.21954081026333944
1.6500000000000001,2/3 raise_arm_pose,0.8682772621379181,-0.4688116270378436,0.9005441240308003,0.0013132746890417782,0.23908120707454242,0.001353893971978111,4,0.953083416404906,3.2959746043559335e-16,4,785.9,-1.0618057287534306,1.2330506115484647,1.1879004025606439,0.23908120707454242,0.30722461652072924,-0.4261632099831723,-0.21426703699305144
1.655,2/3 raise_arm_pose,0.870707099883207,-0.46645414356433995,0.9022486630203267,0.001272675637617994,0.2279304201835598,0.0013132746890417782,4,0.9347122887718028,4.2674197509029455e-16,4,774.2,-1.0626561741574927,1.2397674595324408,1.186292015271352,0.2279304201835598,0.29817668422825905,-0.4165412494725127,-0.20897311626058956
1.6600000000000001,2/3 raise_arm_pose,0.8730396304249798,-0.4641438183409351,0.903910916566198,0.0012322553445020881,0.2165554201835598,0.001272675637617994,4,0.9163908829422925,-4.440892098500626e-16,56,7787.0,-1.0632100151286192,1.246405766007898,1.1847191029793762,0.2165554201835598,0.2892816155632656,-0.4072693431430047,-0.2037188814455446
1.665,2/3 raise_arm_pose,0.8752498791717397,-0.4618575688776063,0.9055201087953708,0.0011921826177602526,0.2057276491743818,0.0012322553445020881,4,0.8990632316939288,0.0,63,8449.5,-1.063712486127149,1.2528644766259516,1.183243841848716,0.2057276491743818,0.2805939295689819,-0.3989369967021561,-0.19865207371709515
1.67,2/3 raise_arm_pose,0.877343845747115,-0.4595995841376005,0.9070773341883509,0.001152568855243348,0.1954412667156627,0.0011921826177602526,4,0.8827153863722421,-4.440892098500626e-16,69,8822.8,-1.064173767674779,1.2591412667817745,1.1818608150285324,0.1954412667156627,0.27212028071009253,-0.39150184799426807,-0.19376379206750902
1.675,2/3 raise_arm_pose,0.8793335254092441,-0.45738087762142426,0.9085941485556253,0.0011273951250240014,0.18566920337987958,0.001152568855243348,4,0.8672741360968486,0.0,12,1787.4,-1.0646269931773151,1.2652244780419852,1.180570017065093,0.18566920337987958,0.26387434656331166,-0.3848236639870175,-0.1890357083667376
1.68,2/3 raise_arm_pose,0.8812459614596535,-0.45523053579543615,0.9101100341521018,0.0011701088341351598,0.1763857432108856,0.0011273951250240014,4,0.8525979462951082,-2.220446049250313e-16,6,998.4,-1.0651893490520388,1.2710666741369687,1.1793877842141678,0.1763857432108856,0.2558949792650935,-0.3785216830299832,-0.18443422595173972
1.685,2/3 raise_arm_pose,0.883086053354706,-0.45314711186610485,0.9116243660975375,0.0012764250480323328,0.16756645605034132,0.0011701088341351598,4,0.8386532066050137,0.0,5,862.1,-1.0658548844358429,1.2766778794173876,1.1783108900393398,0.16756645605034132,0.24817309275324512,-0.3725771874884273,-0.1799545219561665
1.69,2/3 raise_arm_pose,0.8848583476784365,-0.4511290817067031,0.9131366243365996,0.0014423128220205986,0.15918813324782424,0.0012764250480323328,4,0.8254078355845182,0.0,4,718.2,-1.0666179888980547,1.2820676922349872,1.177336219094429,0.15918813324782424,0.24070000208541684,-0.3669723277402984,-0.1755920915784313
1.695,2/3 raise_arm_pose,0.88656706438099,-0.4491748621924571,0.914646380696891,0.0016639840240005935,0.15122872658543304,0.0014423128220205986,5,0.812831194723969,-2.220446049250313e-16,4,717.0,-1.0674733712532836,1.2872453045241992,1.1764607599788772,0.15122872658543304,0.2334673936605696,-0.36169008936780317,-0.17134271958948252
1.7,2/3 raise_arm_pose,0.8882161211788123,-0.447282826979199,0.9161532874517008,0.0019378820020941115,0.1436672902561614,0.0016639840240005935,5,0.8008940084869774,-2.220446049250313e-16,3,589.3,-1.0684160399054452,1.2922195203071651,1.1756815993577114,0.1436672902561614,0.22646729861430154,-0.3567142605083665,-0.16720245471017334
1.705,2/3 raise_arm_pose,0.8898075889304139,-0.44545100202333665,0.9176541375760786,0.0022583565234429795,0.13648392574335333,0.0019378820020941115,5,0.7895747665229474,0.0,3,588.1,-1.0694354373999784,1.2969992005662387,1.1749898670661192,0.13648392574335333,0.219691871706588,-0.35202806244822493,-0.16316727503030914
1.71,2/3 raise_arm_pose,0.8913449052866119,-0.44367776528953473,0.9191487785889793,0.002622323695818586,0.12965972945618567,0.0022583565234429795,5,0.7788365725271755,-2.220446049250313e-16,3,583.0,-1.0705273095167078,1.3015923761322679,1.1743830466138954,0.12965972945618567,0.213133777464587,-0.34761682930871496,-0.15923371825037555
1.715,2/3 raise_arm_pose,0.8928312685471229,-0.44196148243627914,0.9206371117994697,0.0030268993075873787,0.12317674298337639,0.002622323695818586,5,0.7686539092303049,2.220446049250313e-16,3,585.2,-1.0716876438100578,1.306006741621331,1.1738586979610488,0.12317674298337639,0.206785960126794,-0.3434666020111568,-0.15539852154831071
1.72,2/3 raise_arm_pose,0.8942696554449049,-0.44030051554471084,0.9221190850929558,0.0034693875794829035,0.11701790583420757,0.0030268993075873787,5,0.7590023559778479,-4.440892098500626e-16,3,587.7,-1.0729126551277846,1.310249670337895,1.173414454201746,0.11701790583420757,0.2006416266126416,-0.33956409786902064,-0.15165860473721882
1.725,2/3 raise_arm_pose,0.8956628376049278,-0.43869323053940124,0.9235946865576307,0.00394727024487946,0.1111670105424972,0.0034693875794829035,5,0.7498585336052235,0.0,3,561.5,-1.0741987720906476,1.3143282284196185,1.1730480185792518,0.1111670105424972,0.1946942312085332,-0.335896681011132,-0.1480110550383408
1.73,2/3 raise_arm_pose,0.8970133967653129,-0.4371380034692077,0.9250639388545494,0.004458196003257399,0.10560866001537234,0.00394727024487946,5,0.7412000532537044,0.0,3,647.5,-1.075542624457385,1.318249188274547,1.1727571617737904,0.10560866001537234,0.1889374617659529,-0.3324523336892958,-0.14445311330105723
1.735,2/3 raise_arm_pose,0.8983232040685232,-0.43563312983157193,0.926525855225406,0.0049991435413454036,0.10032822701460371,0.004458196003257399,5,0.7330072389831789,0.0,2,515.9,-1.076939003111248,1.3220191878667695,1.1725376260344638,0.10032822701460371,0.18336516839999117,-0.32921915342471497,-0.1409820719160918
1.74,2/3 raise_arm_pose,0.8995934581794647,-0.43417684924167815,0.9279784541050835,0.005566425062241594,0.09531181566387353,0.0049991435413454036,5,0.7252598458821051,0.0,2,515.4,-1.0783809168822556,1.3256447245383425,1.1723832003764196,0.09531181566387353,0.1779713581349583,-0.32618533797587446,-0.13759527689764026
1.745,2/3 raise_arm_pose,0.9008263145936682,-0.43276764284554026,0.9294219090196728,0.006158189876473909,0.09054622488067986,0.005566425062241594,5,0.7179323101060395,-1.1102230246251565e-16,2,521.8,-1.0798657262306472,1.3291317117089192,1.172292062489668,0.09054622488067986,0.17275035833996763,-0.3233406042128557,-0.13429038221320913
1.75,2/3 raise_arm_pose,0.9020237879577383,-0.43140401482601093,0.9308564107692819,0.0067727168223236725,0.08601891363664586,0.006158189876473909,5,0.7110058703579293,1.1102230246251565e-16,2,522.9,-1.0813909432326627,1.3324858189009379,1.1722624408993692,0.08601891363664586,0.16769668603893595,-0.32067518067490913,-0.13106515061095889
1.7550000000000001,2/3 raise_arm_pose,0.9031877622034042,-0.43008449511395064,0.9322821642880599,0.007408405652774515,0.08171796795481356,0.0067727168223236725,5,0.7044625485803263,0.0,2,550.7,-1.082954222724277,1.3357124822046544,1.1722926133635505,0.08171796795481356,0.16280503938605337,-0.3181797836301573,-0.12791744523286885
1.76,2/3 raise_arm_pose,0.9043199999125866,-0.42880764159189994,0.9336993858837328,0.008063768900771297,0.07763206955707289,0.007408405652774515,5,0.6982851163491521,2.220446049250313e-16,2,529.0,-1.0845533539923988,1.3388169142540298,1.1723809053607694,0.07763206955707289,0.15807028983680452,-0.3158455940862386,-0.12484522199311678
1.7650000000000001,2/3 raise_arm_pose,0.9054221509711392,-0.42757204185735076,0.9351083008138733,0.008737424213069563,0.07375046607921924,0.008063768900771297,5,0.6924570633595997,2.220446049250313e-16,2,540.5,-1.0861862529756623,1.3418041137412102,1.1725256886560274,0.07375046607921924,0.1534874749314679,-0.31366423573703606,-0.12184652264799918
1.77,2/3 raise_arm_pose,0.9064946748294456,-0.42637614137678914,0.9365069339433998,0.009426323945921113,0.07006294277525828,0.008737424213069563,5,0.6869648963895411,-4.440892098500626e-16,2,565.0,-1.0878467333851334,1.3446791744302753,1.1727210328261808,0.07006294277525828,0.14905168611788855,-0.31162674636872073,-0.11891931778851186
1.7750000000000001,2/3 raise_arm_pose,0.9075385232783219,-0.42521853582243496,0.9378944721380916,0.010128437447025886,0.06655979563649536,0.009426323945921113,5,0.6817895410586089,1.1102230246251565e-16,2,584.3,-1.089530967954812,1.3474468060395746,1.1729633772930705,0.06655979563649536,0.14475822643758113,-0.3097250998361766,-0.11606174225405096
1.78,2/3 raise_arm_pose,0.9085551198044904,-0.42409795138774675,0.9392712399300567,0.010842726572953827,0.06323180585467059,0.010128437447025886,5,0.6769141680743581,2.220446049250313e-16,2,496.4,-1.0912374102078026,1.350111363699563,1.1732514480785239,0.06323180585467059,0.14060260016078638,-0.3079521720871237,-0.11327207800484497
1.7850000000000001,2/3 raise_arm_pose,0.9095458020628069,-0.42301314465614487,0.9406375624294327,0.011568231384180762,0.060070215561937056,0.010842726572953827,5,0.6723249824352306,0.0,2,491.2,-1.0929646070256647,1.3526770251399087,1.1735840046509072,0.060070215561937056,0.13658045333676955,-0.30630120109487957,-0.11054866963954862
1.79,2/3 raise_arm_pose,0.9105118276901378,-0.4219629031215686,0.9419937640247319,0.012304064445961778,0.057066704783840204,0.011568231384180762,4,0.6680087738804882,2.220446049250313e-16,2,466.5,-1.0947111931620555,1.3551477981628588,1.1739598390386188,0.057066704783840204,0.13268756873920934,-0.30476576919403237,-0.10788992012194093
1.795,2/3 raise_arm_pose,0.9114543796898391,-0.4209460455133397,0.9433401672600695,0.013049405517161695,0.05421336954464819,0.012304064445961778,3,0.663952894153681,-1.1102230246251565e-16,2,467.6,-1.0964758860837607,1.3575275277820422,1.1743777749753272,0.05421336954464819,0.12891986110443432,-0.3033397862099648,-0.10529428688759694
1.8,2/3 raise_arm_pose,0.9123745714197349,-0.4199614219526473,0.9446770918693065,0.013803496605469846,0.05150270106741578,0.013049405517161695,3,0.6601452353041142,0.0,2,473.2,-1.0982574811181798,1.3598199030436582,1.1748366670743724,0.05150270106741578,0.12527337263129987,-0.3020174733545298,-0.10276027829547969
1.805,2/3 raise_arm_pose,0.913271798981334,-0.4190076741218602,0.9460013417298588,0.014562830858207872,0.04892756601404499,0.013803496605469846,3,0.6565756589573484,1.1102230246251565e-16,2,462.7,-1.100048236672172,1.3620289244418629,1.175328606562273,0.04892756601404499,0.12174412256380486,-0.3007917510593469,-0.10028625857104077
1.81,2/3 raise_arm_pose,0.9141471196525279,-0.41808375769456746,0.9473133230730194,0.015326842245916523,0.046481187713342746,0.014562830858207872,3,0.6532275632024297,5.551115123125783e-17,2,262.0,-1.1018473028501745,1.364157928483713,1.1758527446549638,0.046481187713342746,0.11832840062816401,-0.2996574706062601,-0.09787084440536352
1.815,2/3 raise_arm_pose,0.9150015319081466,-0.4171886564816241,0.9486134353459375,0.01609501274120379,0.04415712832767561,0.015326842245916523,3,0.6500904725146607,-1.6653345369377348e-16,2,211.5,-1.1036538878735522,1.3662101174141155,1.1764082529978648,0.04415712832767561,0.11502261174580415,-0.29860974900097104,-0.09551269352483313
1.82,2/3 raise_arm_pose,0.9158359791247429,-0.41632138231817445,0.9499020706789885,0.01686686855396858,0.04194927191129183,0.01609501274120379,3,0.6471543720136033,-1.1102230246251565e-16,2,496.5,-1.1054672545064579,1.3681885648083592,1.1769943232138647,0.04194927191129183,0.11182327234569374,-0.2976439557069739,-0.09321050228828327
1.825,2/3 raise_arm_pose,0.9166513530254004,-0.41548097486288205,0.9511796134479381,0.01764197664799822,0.03985180831572724,0.01686686855396858,3,0.6444096895688542,2.220446049250313e-16,2,476.9,-1.1072867166945457,1.3700962209182774,1.1776101664628618,0.03985180831572724,0.10872700683318683,-0.2967557000071583,-0.0909630034949297
1.83,2/3 raise_arm_pose,0.9174484968840431,-0.41466650132250865,0.9524464399199,0.018419941519497225,0.03785921789994088,0.01764197664799822,3,0.6418472785436239,-5.551115123125783e-17,2,469.7,-1.1091116364034899,1.3719359177839965,1.1782550130121914,0.03785921789994088,0.10573054420218271,-0.2959408189669544,-0.08876896438370789
1.835,2/3 raise_arm_pose,0.9182276517826021,-0.41387698047339305,0.9537016895979562,0.01919942207782569,0.03596625700494383,0.018419941519497225,3,0.6394582875652388,1.1102230246251565e-16,2,476.7,-1.1109391346478645,1.3737105307799944,1.178925765872625,0.03596625700494383,0.1028306684527892,-0.2951948098492158,-0.0866271289691119
1.84,2/3 raise_arm_pose,0.9189884883032551,-0.41311139845131006,0.9549432957362158,0.01997815642021248,0.034167944154696636,0.01919942207782569,3,0.6372326845625276,1.6653345369377348e-16,2,469.6,-1.112764163443703,1.375422961330478,1.1796170845891252,0.034167944154696636,0.10002421806188111,-0.2945128371676711,-0.08453622400323356
1.845,2/3 raise_arm_pose,0.9197317915174222,-0.4123689436531348,0.9561717109131225,0.020755933108426584,0.032459546946961806,0.01997815642021248,3,0.6351602438068467,2.220446049250313e-16,2,573.6,-1.1145864293304037,1.3770756535564432,1.1803284964703866,0.032459546946961806,0.09730822073247293,-0.2938914102872552,-0.08249512259079372
1.85,2/3 raise_arm_pose,0.9204583065152985,-0.41164882767820016,0.9573873765327159,0.021532565553861967,0.030836569599613714,0.020755933108426584,3,0.633233495628036,2.220446049250313e-16,2,472.9,-1.1164056690740134,1.3786709549197709,1.181059538054713,0.030836569599613714,0.09467979646493438,-0.2933272218942434,-0.08050272504055747
1.855,2/3 raise_arm_pose,0.9211687407066167,-0.410950284994419,0.9585907227611167,0.022307889836574314,0.02929474111963303,0.021532565553861967,3,0.6314453157804397,2.220446049250313e-16,2,465.7,-1.118221647563361,1.3802111201912375,1.1818097550036275,0.02929474111963303,0.0921361547323279,-0.2928171386597756,-0.078557957631944
1.86,2/3 raise_arm_pose,0.9218637659718626,-0.41027257257020383,0.959782168507891,0.023081762700136794,0.02783000406365138,0.022307889836574314,3,0.629788911206855,-5.551115123125783e-16,2,503.6,-1.1200341558358156,1.3816983152460331,1.1825787019946277,0.02783000406365138,0.08967459174891232,-0.29235819236096294,-0.07665977148651046
1.865,2/3 raise_arm_pose,0.9225440206745814,-0.4096149694780766,0.9609621214466143,0.02385405970871369,0.026438503860468813,0.023081762700136794,3,0.62825780627739,-3.3306690738754696e-16,2,476.1,-1.1218430092248863,1.383134620694973,1.1833659426130987,0.026438503860468813,0.08729248782670622,-0.29194757143871447,-0.07480714153441541
1.87,2/3 raise_arm_pose,0.9232089919386279,-0.40897663372148557,0.9621284021495365,0.024622623947802076,0.02511657866744537,0.02385405970871369,3,0.6268442123204251,5.551115123125783e-17,2,474.7,-1.1236433036308706,1.3845223535853965,1.1841661901346936,0.02511657866744537,0.08498721650703694,-0.29158145289242793,-0.072998970180003
1.875,2/3 raise_arm_pose,0.923858746733274,-0.40835684430977315,0.9632801796010899,0.025386401632104323,0.0238607497340731,0.024622623947802076,3,0.6255402108828405,1.6653345369377348e-16,2,468.6,-1.1254326781735065,1.3858635491549842,1.184976764674219,0.0238607497340731,0.08275627712914538,-0.2912567737272089,-0.07123423813495891
1.8800000000000001,2/3 raise_arm_pose,0.9244939033469638,-0.407754983447524,0.9644179372376741,0.026145409676411165,0.022667712247369447,0.0238607497340731,3,0.6243398203381885,-1.6653345369377348e-16,2,480.4,-1.127211234380326,1.387159989108231,1.185797503478002,0.022667712247369447,0.08059729048223098,-0.29097120376719127,-0.06951199683374468
1.885,2/3 raise_arm_pose,0.9251150509599456,-0.40717045110388317,0.9655421449556039,0.02689967528202173,0.021534326635000975,0.022667712247369447,3,0.6232378417434532,-1.6653345369377348e-16,2,478.8,-1.128979084708035,1.3884133863578252,1.1866282438411502,0.021534326635000975,0.07850795178854442,-0.29072253775504553,-0.06783131750361922
1.8900000000000001,2/3 raise_arm_pose,0.9257227511738813,-0.4066026646916122,0.9666532592862564,0.02764923476369547,0.020457610303250925,0.021534326635000975,3,0.62222932900878,1.3877787807814457e-16,2,482.9,-1.1307363514213649,1.3896253877963656,1.1874688232753232,0.020457610303250925,0.07648602842656615,-0.29050868887421083,-0.06619129052310227
1.895,2/3 raise_arm_pose,0.9263175394506311,-0.4060510587317484,0.9677517235912415,0.028394132480306374,0.01943472978808838,0.020457610303250925,2,0.6213095776150602,-1.942890293094024e-16,2,470.2,-1.1324831655488834,1.3907975769489753,1.1883190796667955,0.01943472978808838,0.07452935772228882,-0.29032768259624875,-0.06459102483059292
1.9000000000000001,2/3 raise_arm_pose,0.9268999264661926,-0.40551508450677143,0.9688379682745167,0.029134419860614415,0.01846299329868396,0.01943472978808838,2,0.620474113749448,1.942890293094024e-16,2,481.5,-1.1342196659110542,1.3919314765124307,1.1891788514251365,0.01846299329868396,0.07263584480619321,-0.2901776508377753,-0.06302964737815427
1.905,2/3 raise_arm_pose,0.9274687070414185,-0.40499400484265846,0.9699083598440237,0.02986694203173563,0.017539843633749764,0.01846299329868396,2,0.6197142708353047,-1.1102230246251565e-16,2,482.0,-1.1359386066942374,1.3930290364373987,1.1900404132792197,0.017539843633749764,0.07080333215091995,-0.2900550114722365,-0.06150617915828057
1.9100000000000001,2/3 raise_arm_pose,0.9280244174049624,-0.4044873446533604,0.9709634222548881,0.03059186467539874,0.016662851452062272,0.017539843633749764,2,0.6190262670768024,4.440892098500626e-16,2,490.3,-1.1376403767110974,1.394091596368206,1.1909038676541353,0.016662851452062272,0.06902985687521965,-0.2899581553022434,-0.06001979074718206
1.915,2/3 raise_arm_pose,0.9285675699785448,-0.4039946418918186,0.9720036641604874,0.03130935514742967,0.01582970887945916,0.016662851452062272,2,0.6184063947011441,5.551115123125783e-17,2,467.8,-1.139325362606882,1.3951204459078408,1.1917693089838732,0.01582970887945916,0.06731351802796728,-0.2898855616273981,-0.058569668753487986
1.92,2/3 raise_arm_pose,0.9290986545401655,-0.40351544732881606,0.9730295792085948,0.03201958187028612,0.015038223435486203,0.01582970887945916,2,0.617851134861092,-2.220446049250313e-16,2,476.1,-1.1409939483649993,1.396116826586564,1.192636824119943,0.015038223435486203,0.06565247466664081,-0.2898357935711999,-0.057155015443611214
1.925,2/3 raise_arm_pose,0.9296181393238034,-0.4030493243219513,0.9740416463465571,0.03272271378902623,0.014286312263711892,0.015038223435486203,2,0.6173571485876285,1.6653345369377348e-16,2,464.6,-1.1426465148580995,1.3970819337466784,1.1935064927225953,0.014286312263711892,0.06404494399327822,-0.28980749364666625,-0.055775048392013124
1.93,2/3 raise_arm_pose,0.9301264720594351,-0.4025958485765715,0.9750403301335417,0.033418919885087085,0.013571996650526297,0.014286312263711892,1,0.6169212681214645,-5.551115123125783e-17,2,533.0,-1.1442834394416437,1.3980169183474476,1.194378387635194,0.013571996650526297,0.062489199546280384,-0.2897993795489527,-0.05442900015369824
1.935,2/3 raise_arm_pose,0.9306235121864058,-0.4021545415632028,0.9760246754115108,0.03410725749684338,0.012893396817999983,0.013571996650526297,1,0.6165384836638643,-1.1102230246251565e-16,2,470.7,-1.1459025472714068,1.3989230531765533,1.1952499698380952,0.012893396817999983,0.060983527360468866,-0.28980961310567643,-0.05311608138891889
1.94,2/3 raise_arm_pose,0.9311085604618684,-0.4017248853996132,0.9769923475615814,0.03478570750533628,0.012248726977099987,0.012893396817999983,1,0.6162024019708038,-5.828670879282072e-16,2,467.3,-1.147499194090573,1.3998017097859763,1.1961161812781702,0.012248726977099987,0.05952622565599495,-0.2898358181192138,-0.05183548493072854
1.945,2/3 raise_arm_pose,0.9315820785754984,-0.40130653175316255,0.9779438948336927,0.035454543683628,0.011636290628244988,0.012248726977099987,1,0.6159117484476497,-9.71445146547012e-17,2,477.8,-1.1490739874217437,1.4006538463931717,1.1969773443452536,0.011636290628244988,0.05811572886614551,-0.2898769789540108,-0.05058649385189041
1.95,2/3 raise_arm_pose,0.9320445086681644,-0.4008991410472914,0.9788798490229885,0.03611403511838333,0.011054476096832737,0.011636290628244988,1,0.6156640909207857,1.6653345369377348e-16,2,519.7,-1.1506275224187876,1.4014803872947632,1.1978337668686478,0.011054476096832737,0.0567505212731258,-0.28993213816729624,-0.049368404612598504
1.955,2/3 raise_arm_pose,0.9324962742319338,-0.4005023823451214,0.9798007258520889,0.036764446026401366,0.0105017522919911,0.011054476096832737,1,0.6154571283253868,6.938893903907228e-17,2,472.7,-1.1521603818649928,1.402282224144342,1.198685742714371,0.0105017522919911,0.05542913543346004,-0.290000393356313,-0.04818052683917692
1.96,2/3 raise_arm_pose,0.9329377809644371,-0.4001159332248369,0.9807070253544488,0.03740603560369963,0.009976664677391544,0.0105017522919911,1,0.6152886839414289,6.938893903907228e-17,2,469.5,-1.153673136192295,1.4030602171769309,1.1995335523588204,0.009976664677391544,0.05415015065254804,-0.2900808941699206,-0.04702218311245134
1.965,2/3 raise_arm_pose,0.9333694175801158,-0.3997394796480682,0.9815992322576074,0.03803905790389834,0.009477831443521966,0.009976664677391544,1,0.6151566989499103,1.249000902703301e-16,2,472.4,-1.15516634351982,1.4038151963826657,1.2003774634395696,0.009477831443521966,0.05291219150706351,-0.2901728394763078,-0.045892708764607916
1.97,2/3 raise_arm_pose,0.9337904132614869,-0.3993725872547421,0.9824748920218466,0.038661457911244264,0.00900393987134587,0.009477831443521966,1,0.6150540828222354,-2.220446049250313e-16,2,462.3,-1.156635281140953,1.4045482960201254,1.2012123498533889,0.00900393987134587,0.05171384366997415,-0.29027417607998907,-0.04479138775945147
1.975,2/3 raise_arm_pose,0.9342006019182938,-0.3990149223688132,0.9833330848050558,0.039272401958257326,0.008553742877778579,0.00900393987134587,1,0.6149787096192848,-4.718447854656915e-16,2,466.5,-1.1580780168378462,1.4052604063099638,1.202035950323672,0.008553742877778579,0.05055377811975725,-0.2903835887795006,-0.04371755330326463
1.98,2/3 raise_arm_pose,0.9346003935933525,-0.3986662350962161,0.9841743825140166,0.03987223915062336,0.00812605573388965,0.008553742877778579,1,0.6149301649256346,-8.326672684688674e-17,2,465.2,-1.1594953208704464,1.4059522025504279,1.2028487704943787,0.00812605573388965,0.04943074882955791,-0.29050047458080325,-0.04267058379732605
1.985,2/3 raise_arm_pose,0.9349901815169298,-0.398326280784583,0.9849993396392436,0.040461309714865314,0.007719752947195167,0.00812605573388965,0,0.6149069282225957,1.942890293094024e-16,2,462.4,-1.1608879437219555,1.40662433814943,1.203651295889803,0.007719752947195167,0.048343549825918236,-0.29062426750287884,-0.04164986927604836
1.99,2/3 raise_arm_pose,0.9353703428529153,-0.39799482000893277,0.9858084936953001,0.04103994508323642,0.007333765299835409,0.007719752947195167,0,0.614907567388123,-9.71445146547012e-17,2,467.8,-1.1622566164457495,1.4072774453855972,1.2044439926664883,0.007333765299835409,0.04729101390630999,-0.29075443649533306,-0.04065481125486799
1.995,2/3 raise_arm_pose,0.9357412394088522,-0.3976716185484027,0.9866023656574809,0.04160846799202351,0.006967077034843637,0.007333765299835409,0,0.6149307337661617,3.885780586188048e-16,2,580.8,-1.16360205101661,1.407912136138707,1.2052273083363594,0.006967077034843637,0.04627201139921494,-0.2908904834673106,-0.039684822580728765
2.0,2/3 raise_arm_pose,0.9361032183116926,-0.39735644735497294,0.9873814603940901,0.04216719259148278,0.006618723183101454,0.006967077034843637,0,0.6149751574953348,1.249000902703301e-16,2,480.7,-1.1649249406853253,1.4085290025910127,1.2060016724619602,0.006618723183101454,0.04528544896554571,-0.29103194142200656,-0.038739327284734976
2.005,2/3 raise_arm_pose,0.9364548829645463,-0.39704889379981806,0.988141704412563,0.042712841536844494,0.006287787023946381,0.006618723183101454,0,0.615030368300941,5.551115123125783e-17,2,522.2,-1.1662177821542867,1.4091291260476673,1.206759150641957,0.006287787023946381,0.04433014543790218,-0.2911763547378042,-0.037817675615665305
2.0100000000000002,2/3 raise_arm_pose,0.9367966214343301,-0.396748781169847,0.9888837121805371,0.04324583050030712,0.005973397672749064,0.006287787023946381,0,0.6151002916110279,-3.608224830031759e-16,2,562.8,-1.167481495443071,1.4097129856183124,1.2075004276222403,0.005973397672749064,0.043405078305992516,-0.29132338360106813,-0.03691931870493377
2.015,2/3 raise_arm_pose,0.9371288061406029,-0.39645593507788823,0.9896080793664969,0.043766563160686285,0.005674727789111612,0.005973397672749064,0,0.6151839898770427,-1.5959455978986625e-16,2,734.9,-1.1687169746919739,1.4102810471326725,1.2082261623343118,0.005674727789111612,0.0425092583139164,-0.2914727118364087,-0.03604371811796286
2.02,2/3 raise_arm_pose,0.9374517945411976,-0.3961701835511465,0.9903153833308402,0.044275431459749194,0.005390991399656032,0.005674727789111612,0,0.6152805870042429,-1.249000902703301e-16,2,616.8,-1.169925088767895,1.4108337635269852,1.208936988809843,0.005390991399656032,0.04164172838614274,-0.291624045497393,-0.03519034573193364
2.025,2/3 raise_arm_pose,0.9377659297850881,-0.3958913571081508,0.9910061836107822,0.044772815860913646,0.005121441829673233,0.005390991399656032,0,0.6153892645906349,-5.620504062164855e-16,2,505.0,-1.1711066818632148,1.4113715752161184,1.2096335170613572,0.005121441829673233,0.040801562591098225,-0.2917771115351116,-0.03435868361329285
2.0300000000000002,2/3 raise_arm_pose,0.9380715413341418,-0.3956192888251098,0.9916810223985425,0.04525908560936213,0.004865369738189574,0.005121441829673233,0,0.6155092583833915,-5.412337245047638e-16,2,573.4,-1.1722625740872266,1.411894910452141,1.2103163339300476,0.004865369738189574,0.03998786514125953,-0.2919316565405113,-0.03354822389493257
2.035,2/3 raise_arm_pose,0.9383683624179964,-0.3953537521172079,0.9923388505981144,0.04573336561651623,0.004622101251280098,0.004865369738189574,0,0.6156363436358794,-5.620504062164855e-16,2,530.9,-1.1733907502512906,1.412404357961781,1.210983135794762,0.004622101251280098,0.039199728505241664,-0.2920867513177634,-0.032758442924862984
2.04,2/3 raise_arm_pose,0.9386555568104772,-0.3950944758100021,0.992977076484479,0.04619357788490636,0.0043909961887160925,0.004622101251280098,0,0.6157648259715063,1.0408340855860843e-16,2,496.4,-1.1744864525378098,1.412900640542044,1.2116288306809195,0.0043909961887160925,0.03843623340670097,-0.2922408142091972,-0.03198880363698209
2.045,2/3 raise_arm_pose,0.9389334820939123,-0.3948413425899363,0.9935963389841523,0.04664018103873838,0.004171446379280288,0.0043909961887160925,0,0.615898398527555,-1.3877787807814457e-16,2,489.9,-1.1755507012049526,1.4133840758881824,1.2122542351737973,0.004171446379280288,0.03769657037661821,-0.2923937155931606,-0.031238831818951315
2.05,2/3 raise_arm_pose,0.9392024816016142,-0.39459423515214576,0.994197257323749,0.04707361957121412,0.003962874060316273,0.004171446379280288,0,0.6160365988381696,1.942890293094024e-16,2,489.7,-1.1765844862821049,1.4138549754481538,1.2128601357949491,0.003962874060316273,0.03697995671969711,-0.2925453386212708,-0.030508062575370212
2.055,2/3 raise_arm_pose,0.9394628850408605,-0.39435303636898256,0.9947804315613925,0.047494324224844654,0.0037647303573004587,0.003962874060316273,0,0.6161790032155353,6.938893903907228e-17,2,483.4,-1.177588768370026,1.4143136445014564,1.2134472900309934,0.0037647303573004587,0.03628563564857284,-0.2926955783626628,-0.029796040219182002
2.06,2/3 raise_arm_pose,0.9397150090859269,-0.3941176294451806,0.995346443109565,0.04790271236586933,0.003576493839435433,0.0037647303573004587,0,0.6163252240351853,5.759281940243e-16,2,521.1,-1.178564479425194,1.4147603822372024,1.214016427325714,0.003576493839435433,0.035612875449497414,-0.2928443409982901,-0.029102318161729823
2.065,2/3 raise_arm_pose,0.9399591579427008,-0.39388789806052593,0.9958958552490019,0.048299188352438606,0.0033976691474636627,0.003576493839435433,0,0.6164749071957064,-2.0122792321330962e-16,2,483.7,-1.1795125235282955,1.4151954818315724,1.2145682500367752,0.0033976691474636627,0.0349609686783074,-0.29299154306255715,-0.028426458801558772
2.07,2/3 raise_arm_pose,0.9401944451620329,-0.3936636031114467,0.9964259570898251,0.048681598821862855,0.0032277856900904795,0.0033976691474636627,0,0.616619839261005,4.163336342344337e-17,2,486.4,-1.1804279814872243,1.4156195808094583,1.2150975252526965,0.0032277856900904795,0.034329149899922376,-0.2931356789413037,-0.02776798708656749
2.075,2/3 raise_arm_pose,0.9404206068131052,-0.39344459691966954,0.9969357503874485,0.049049134835741866,0.0030663964055859566,0.0032277856900904795,0,0.6167607513355912,-2.2898349882893854e-16,2,496.9,-1.1813089918863453,1.4160330824088456,1.2156021531105883,0.0030663964055859566,0.033716718230771464,-0.2932760175717646,-0.027126462702666363
2.08,2/3 raise_arm_pose,0.940637975703799,-0.3932308064830367,0.9974258982452041,0.04940228825227259,0.002913076585306656,0.0030663964055859566,0,0.6168999986396225,5.724587470723463e-16,2,486.8,-1.1821566543589175,1.4164361859415413,1.2160830600241932,0.002913076585306656,0.03312303602251437,-0.293412575647351,-0.0265014777513596
2.085,2/3 raise_arm_pose,0.9408468714639617,-0.39302215699124493,0.9978970431831792,0.049741535238804015,0.002767422756041323,0.002913076585306656,0,0.6170374515484677,5.898059818321144e-17,2,478.3,-1.1829720349417323,1.4168290897312947,1.216541138655893,0.002767422756041323,0.03254748724790389,-0.2935453750510434,-0.02589263266372232
2.09,2/3 raise_arm_pose,0.9410476011259311,-0.39281857206195353,0.9983498077062023,0.05006733673729805,0.002629051618239256,0.002767422756041323,0,0.6171730034569329,1.457167719820518e-16,2,481.9,-1.1837561670216854,1.4172119909588274,1.2169772490519009,0.002629051618239256,0.03198947679820439,-0.2936744423870203,-0.025299536098055873
2.095,2/3 raise_arm_pose,0.9412404596765895,-0.3926199739615993,0.9987847948613727,0.05038013891849861,0.0024975990373272924,0.002629051618239256,0,0.6173065687977382,1.942890293094024e-16,2,482.8,-1.1845100522601166,1.4175850855165122,1.217392219739452,0.0024975990373272924,0.03144842980568734,-0.29379980854281074,-0.024721804836035862
2.1,2/3 raise_arm_pose,0.9414257305824594,-0.392426283811793,0.9992025887848659,0.05068037362486017,0.0023727190854609267,0.0024975990373272924,0,0.6174380812030541,2.1510571102112408e-16,2,477.5,-1.1852346614951554,1.4179485678723793,1.2177868487875456,0.0023727190854609267,0.030923790989946538,-0.29392150828021624,-0.024159063677505352
2.105,2/3 raise_arm_pose,0.941601891420345,-0.3922372366158563,0.9995987056144638,0.05096451958810203,0.002254083131187879,0.0023727190854609267,0,0.6175544462365632,2.3592239273284576e-16,2,476.9,-1.1859219715470364,1.418303166922532,1.2181527696280101,0.002254083131187879,0.030414901925347564,-0.29403736475327136,-0.023610882012723322
2.11,2/3 raise_arm_pose,0.9417692667714079,-0.39205279532830584,0.999973854359947,0.051233112776287205,0.0021413789746284858,0.002254083131187879,0,0.6176642920324201,-1.1796119636642288e-16,2,478.3,-1.1865731839187963,1.418648992572825,1.2184910386016634,0.0021413789746284858,0.02992124585612119,-0.29414749672251667,-0.023076903330487494
2.115,2/3 raise_arm_pose,0.9419281683346545,-0.39187291937594404,1.0003287219616586,0.05148667174031119,0.0020343100258970624,0.0021413789746284858,0,0.6177677088733771,-1.3877787807814457e-16,2,501.3,-1.1871894627478694,1.4189861580238574,1.2188026738590967,0.0020343100258970624,0.029442324104575233,-0.294252023049876,-0.02255677864296266
2.12,2/3 raise_arm_pose,0.9420788955057133,-0.391697564968182,1.0006639739049996,0.05172569815540665,0.0019325945246022101,0.0020343100258970624,0,0.6178648008387484,-1.6653345369377348e-16,2,484.2,-1.1877719358938539,1.419314779419186,1.2190886566433956,0.0019325945246022101,0.02897765546642912,-0.29435106248361637,-0.02205016638860531
2.125,2/3 raise_arm_pose,0.9422217359263402,-0.3915266853892398,1.0009802548230928,0.051950677347441555,0.0018359647983720972,0.0019325945246022101,0,0.6179556841914045,4.996003610813204e-16,2,481.8,-1.188321695998826,1.419634975512026,1.2193499325324804,0.0018359647983720972,0.028526775626504536,-0.2944447334612605,-0.02155673233355551
2.13,2/3 raise_arm_pose,0.9423569660062451,-0.39136023127317027,1.0012781890873794,0.05216207880428781,0.0017441665584534936,0.0018359647983720972,0,0.6180404858958867,-2.7755575615628914e-16,2,478.6,-1.1888398015206245,1.4199468673497462,1.2195874126427337,0.0017441665584534936,0.028089236593572365,-0.2945331539293195,-0.021076149471661424
2.1350000000000002,2/3 raise_arm_pose,0.9424842417039531,-0.3911980884667205,1.0015566464822563,0.05235900473832756,0.0016569582305308193,0.0017441665584534936,0,0.6181146547287516,-7.632783294297951e-17,2,478.4,-1.1893242030124394,1.4202507606656825,1.2197988420915886,0.0016569582305308193,0.02766456531062058,-0.29461568121327597,-0.02060807820638216
2.14,2/3 raise_arm_pose,0.9426026211744639,-0.39104009327755346,1.0018127988633418,0.05253923631243019,0.0015741103190042792,0.0016569582305308193,0,0.6181721011415016,-1.6653345369377348e-16,2,491.9,-1.1897698453838088,1.4205471175369493,1.2199789115432402,0.0015741103190042792,0.027252263856691928,-0.29469093881860253,-0.020152167706412177
2.145,2/3 raise_arm_pose,0.9427124094281628,-0.390886232856076,1.0020473793224527,0.05270333249038157,0.0014954048030540645,0.0015741103190042792,0,0.6182194763363524,1.6653345369377348e-16,2,486.2,-1.190177985776434,1.4208359830220616,1.2201287570445718,0.0014954048030540645,0.026851931235478223,-0.29475912103286595,-0.019708114478573378
2.15,2/3 raise_arm_pose,0.9428138993799975,-0.39073648969842745,1.0022610979968785,0.0528518338423461,0.0014206345629013627,0.0014954048030540645,0,0.6182570433260773,-3.0010716134398763e-16,2,476.4,-1.1905498416898705,1.4211174085479217,1.220249473742366,0.0014206345629013627,0.026463180999834808,-0.2948204183273568,-0.01927562171028046
2.1550000000000002,2/3 raise_arm_pose,0.9429073724030907,-0.39059084200423205,1.0024546427188488,0.05298526313425473,0.0013496028347562972,0.0014206345629013627,0,0.6182850711822834,-4.996003610813204e-16,2,478.6,-1.1908865921641474,1.4213914514154806,1.2203421172742588,0.0013496028347562972,0.026085640732941645,-0.2948750173424036,-0.018854399175045528
2.16,2/3 raise_arm_pose,0.9429930988534835,-0.39044926401443103,1.0026286796516353,0.05310412589926201,0.0012821226930184826,0.0013496028347562972,0,0.6183038337691927,-5.551115123125783e-17,2,481.7,-1.1911893789310815,1.4216581743306194,1.2204077051178615,0.0012821226930184826,0.025718951545452295,-0.29492310088052043,-0.01844416313665111
2.165,2/3 raise_arm_pose,0.9430713385676469,-0.39031172633017025,1.0027838539121512,0.05320891099175291,0.0012180165583675596,0.0012821226930184826,0,0.6183136085942554,-2.1163626406917047e-16,2,479.9,-1.1914593075348638,1.4219176449592508,1.2204472178993457,0.0012180165583675596,0.025362767587956622,-0.29496484790675753,-0.018044636252149318
2.17,2/3 raise_arm_pose,0.9431423218562581,-0.3901781942284186,1.0029207343105901,0.05330004761696728,0.0011571157304491797,0.0012180165583675596,0,0.6183075324579995,3.660266534311063e-16,2,487.5,-1.1916973495315129,1.4221699413599076,1.220461499922886,0.0011571157304491797,0.0250167542995101,-0.29500040910742154,-0.017655546901595667
2.1750000000000003,2/3 raise_arm_pose,0.9432062797786818,-0.390048631387245,1.0030398995549246,0.05337797256001534,0.0010992599439267191,0.0011571157304491797,0,0.6182892394933658,3.0010716134398763e-16,2,496.7,-1.1919044950753717,1.4224151419231796,1.2204514149836374,0.0010992599439267191,0.024680589879102738,-0.29502994442629005,-0.01727662997339694
2.18,2/3 raise_arm_pose,0.9432634442289471,-0.3899229998885365,1.0031419378945623,0.05344312993070655,0.001044296946730384,0.0010992599439267191,0,0.6182624779322012,-1.8735013540549517e-16,2,492.2,-1.1920817522776468,1.4226533254900735,1.2204178457307944,0.001044296946730384,0.024353964833367204,-0.2950536226341035,-0.01690762674441337
2.185,2/3 raise_arm_pose,0.9433140382898318,-0.38980125923242936,1.0032274188057473,0.05349594913952883,0.0009920820993938638,0.001044296946730384,0,0.6182274772865101,2.1163626406917047e-16,2,488.2,-1.1922300970993764,1.422884574386882,1.2203616426438344,0.0009920820993938638,0.02403658090268732,-0.29507160868251525,-0.016548284486203862
2.19,2/3 raise_arm_pose,0.9433582766177067,-0.38968336657703484,1.00329689354807,0.053536845373585336,0.00094247799442417,0.0009920820993938638,0,0.6181844689407896,1.231653667943533e-16,2,484.7,-1.1923504743317515,1.423108974083305,1.2202836251628086,0.00094247799442417,0.02372815064007209,-0.29508406373384005,-0.016198356364374986
2.195,2/3 raise_arm_pose,0.9433963658080068,-0.3895692769640647,1.003350895707437,0.05356622005768547,0.0008953540947029636,0.00094247799442417,0,0.6181336854143574,-4.0939474033052647e-16,2,487.1,-1.192443798549165,1.4233266128695792,1.2201845827846327,0.0008953540947029636,0.02342839700221072,-0.2950911451949204,-0.015857601337530218
2.2,2/3 raise_arm_pose,0.9434285047424176,-0.3894589435310552,1.0033899417255974,0.05358446130101447,0.0008505863899678144,0.0008953540947029636,0,0.6180753596951337,1.8908485888147197e-16,2,496.0,-1.1925109550355915,1.423537581551811,1.2200652761263657,0.0008505863899678144,0.02313705295228453,-0.2950930067547133,-0.015525784055930547
2.205,2/3 raise_arm_pose,0.9434575676685347,-0.38935259146006557,1.0034222497970473,0.05359795423630818,0.0008080570704694244,0.0008505863899678144,0,0.618010508285547,-1.4224732503009818e-16,2,481.9,-1.1925664535361509,1.423741164934335,1.2199403453997453,0.0008080570704694244,0.022854033264391584,-0.2950931745236988,-0.015202746791736905
2.21,2/3 raise_arm_pose,0.9434836593732117,-0.3892501076049192,1.0034480508037484,0.053606860392092094,0.0007676542169459532,0.0008080570704694244,0,0.6179446737734507,1.214306433183765e-17,2,480.8,-1.1926106807757257,1.4239375785305037,1.2198100153521985,0.0007676542169459532,0.022579088504695283,-0.2950916767906856,-0.014888262801489747
2.215,2/3 raise_arm_pose,0.9435068808740513,-0.3891513817256257,1.0034675678723777,0.05361133594305476,0.0007292715060986554,0.0007676542169459532,0,0.6178778372201994,3.469446951953614e-17,2,478.9,-1.1926440109431786,1.4241270319359964,1.2196745011731487,0.0007292715060986554,0.022311977665086163,-0.2950885423882031,-0.014582110863387421
2.22,2/3 raise_arm_pose,0.9435273295640427,-0.38905630643191086,1.0034810166256571,0.05361153187893975,0.0006928079307937228,0.0007292715060986554,0,0.6178099839170547,-5.4643789493269423e-17,2,484.2,-1.1926668060809091,1.424309728971133,1.219534008891852,0.0006928079307937228,0.022052467859585246,-0.29508380059693523,-0.014284075164661809
2.225,2/3 raise_arm_pose,0.9435450993500759,-0.3889647771267497,1.0034886054261194,0.053607594168638785,0.000658167534254036,0.0006928079307937228,0,0.6177411030306265,1.457167719820518e-16,2,483.2,-1.1926794164631742,1.4244858678207206,1.2193887357630886,0.000658167534254036,0.021800334028305463,-0.2950774810573306,-0.01399394519007866
2.23,2/3 raise_arm_pose,0.9435602807856424,-0.38887669194997126,1.0034905356124917,0.05359966391958305,0.0006252591575413367,0.000658167534254036,0,0.6176711872728232,-5.204170427930421e-16,2,490.9,-1.1926821809634607,1.4246556411714582,1.2192388706407162,0.0006252591575413367,0.021555358649128706,-0.29506961368794693,-0.013711515611584967
2.235,3/3 curl_four_fingers_thumb_up,0.9435735603387029,-0.388792013053252,1.0034887263911476,0.05358922059580835,0.0005939961996642693,0.0006252591575413367,0,0.6176016640867817,1.0148132334464322e-16,2,472.5,-1.1926784772358263,1.4248190555246119,1.219087701054886,0.0005939961996642693,0.021317369209425483,-0.29506098291214156,-0.013436601163741055
2.24,3/3 curl_four_fingers_thumb_up,0.9435862026048186,-0.3887107525347831,1.003486757497953,0.05357903649384924,0.0005642963896810592,0.0005939961996642693,0,0.6175353407860689,-6.531233887052679e-16,2,475.8,-1.1926746212830701,1.4249759582159724,1.2189415041728207,0.0005642963896810592,0.02108623746246186,-0.29505310077117813,-0.0131690357332794
2.245,3/3 curl_four_fingers_thumb_up,0.943598236636066,-0.3886327751883183,1.003484642563767,0.053569105547683994,0.0005360815701970055,0.0005642963896810592,0,0.6174720639516388,1.457167719820518e-16,2,480.1,-1.1926706264703364,1.4251266052122917,1.2188001270538926,0.0005360815701970055,0.020861766071140646,-0.2950459193563016,-0.012908627575657215
2.25,3/3 curl_four_fingers_thumb_up,0.9436096901921348,-0.3885579510257083,1.0034823944698468,0.05355942186549651,0.0005092774916871577,0.0005360815701970055,0,0.6174116877713148,-4.978656376053436e-16,2,474.1,-1.1926665055368029,1.4252712425937708,1.2186634205498459,0.0005092774916871577,0.020643763869076043,-0.2950393935062487,-0.012655189777054432
2.255,3/3 curl_four_fingers_thumb_up,0.9436205897975928,-0.3884861550831717,1.0034800253818532,0.053549979719412506,0.00048381361710280054,0.0005092774916871577,0,0.6173540736524892,-1.4311468676808659e-16,2,482.8,-1.1926622706150614,1.4254101069247709,1.2185312392589172,0.00048381361710280054,0.02043204564200319,-0.29503348065769247,-0.012408540143699878
2.2600000000000002,3/3 curl_four_fingers_thumb_up,0.9436309607965315,-0.38841726723437003,1.0034775467825277,0.05354077353613893,0.0004596229362476599,0.00048381361710280054,0,0.617299089854917,1.231653667943533e-16,2,476.6,-1.19265793325034,1.4255434256111879,1.2184034414797997,0.0004596229362476599,0.02022643191548711,-0.29502814070360306,-0.012168501093039148
2.265,3/3 curl_four_fingers_thumb_up,0.9436408274047259,-0.3883511720100516,1.0034749695030867,0.05353179788843724,0.0004366417894352779,0.0004596229362476599,0,0.6172466111425563,-2.0903417885520525e-16,2,491.9,-1.1926535044195414,1.425671417244965,1.2182798891654478,0.0004366417894352779,0.02002674874882876,-0.29502333585911433,-0.011934899546734734
2.27,3/3 curl_four_fingers_thumb_up,0.9436502127594324,-0.38828775842404456,1.0034723037533804,0.0535230474873511,0.00041480969996351297,0.0004366417894352779,0,0.6171965184534564,2.1250362580715887e-16,2,489.4,-1.192648994550074,1.4257942919361957,1.218160447876244,0.00041480969996351297,0.019832827535538087,-0.29501903053450396,-0.011707566825488572
2.275,3/3 curl_four_fingers_thumb_up,0.9436591389669436,-0.3882269198053885,1.0034695591508567,0.05351451717512954,0.0003940692149653367,0.00041480969996351297,0,0.617148698586749,1.240327285323417e-16,2,474.9,-1.1926444135384533,1.425912251633256,1.2180449867325316,0.0003940692149653367,0.019644504810268918,-0.2950151912149168,-0.01148633854568167
2.2800000000000002,3/3 curl_four_fingers_thumb_up,0.9436676271480064,-0.38816855363639335,1.0034667447483714,0.05350620191877934,0.00037436575421707067,0.0003940692149653367,0,0.617103043905847,-1.6479873021779667e-16,2,481.1,-1.1926397707686514,1.4260254904313816,1.2179333783661985,0.00037436575421707067,0.01946162206242481,-0.29501178634647945,-0.011271054517824813
2.285,3/3 curl_four_fingers_thumb_up,0.9436756974812142,-0.3881125613964324,1.0034638690608868,0.05349809680419416,0.00035564746650621794,0.00037436575421707067,0,0.6170594520570015,-1.6479873021779667e-16,2,480.9,-1.192635075130178,1.4261341948700945,1.2178254988712933,0.00035564746650621794,0.019284025556351326,-0.29500878622847215,-0.011061558646817002
2.29,3/3 curl_four_fingers_thumb_up,0.9436833692444618,-0.388058848411277,1.0034609400910957,0.0534901970308073,0.0003378650931809078,0.00035564746650621794,0,0.6170178257024131,-1.4224732503009818e-16,2,479.2,-1.1926303350358713,1.4262385442198655,1.2177212277534808,0.0003378650931809078,0.01911156615820442,-0.2950061629112422,-0.010857698834007945
2.295,3/3 curl_four_fingers_thumb_up,0.943690660854566,-0.38800732370778906,1.003457965354008,0.05348249790672372,0.00032097183852186276,0.0003378650931809078,0,0.6169780722671326,-7.589415207398531e-17,2,477.0,-1.1926255584393854,1.4263387107583851,1.217620447878363,0.00032097183852186276,0.018944099169368747,-0.2950038900995577,-0.010659326881062104
2.3000000000000003,3/3 curl_four_fingers_thumb_up,0.9436975899051276,-0.38795789987379387,1.0034549519005367,0.053474994844278596,0.00030492324659577057,0.00032097183852186276,0,0.6169401036990316,-1.8691645453650096e-16,2,480.5,-1.192620752852357,1.4264348600368009,1.2175230454185144,0.00030492324659577057,0.01878148416647478,-0.29500194306111766,-0.010466298395621012
2.305,3/3 curl_four_fingers_thumb_up,0.9437041732027278,-0.387910492922963,1.003451906340115,0.05346768335599617,0.0002896770842659811,0.00030492324659577057,0,0.6169038362411543,1.9038590148845458e-16,2,473.4,-1.1926159253612374,1.4265271511362663,1.2174289097993483,0.0002896770842659811,0.01862358484779784,-0.29500029853994864,-0.010278472698761459
2.31,3/3 curl_four_fingers_thumb_up,0.9437104268015286,-0.38786502216454155,1.003448834862384,0.05346055905089681,0.00027519323005268254,0.0002896770842659811,0,0.616869190215805,-9.80118763926896e-17,2,476.1,-1.1926110826437808,1.4266157369151353,1.2173379336436083,0.00027519323005268254,0.018470268886145388,-0.2949989346744312,-0.010095712734245234
2.315,3/3 curl_four_fingers_thumb_up,0.9437163660363546,-0.38782141007775833,1.0034457432579753,0.05345361763113022,0.0002614335685500478,0.00027519323005268254,0,0.6168360898197536,1.235990476633475e-16,2,471.6,-1.1926062309851728,1.4267007642471212,1.2172500127148356,0.0002614335685500478,0.01832140778778577,-0.29499783091971427,-0.009917884979557767
2.32,3/3 curl_four_fingers_thumb_up,0.9437220055543258,-0.3877795821907678,1.0034426369384277,0.05344685488889626,0.0002483618901225447,0.0002614335685500478,0,0.6168044629299783,1.457167719820518e-16,2,467.8,-1.1926013762937944,1.4267823742507302,1.217165045859577,0.0002483618901225447,0.018176876757550475,-0.2949969679742861,-0.009744859358728689
2.325,3/3 curl_four_fingers_thumb_up,0.9437273593451048,-0.38773946696396944,1.003439520955264,0.0534402667036299,0.00023594379561641662,0.0002483618901225447,0,0.6167742409193925,1.682681771697503e-16,2,467.8,-1.1925965241166099,1.4268607025102706,1.2170829349485348,0.00023594379561641662,0.018036554569819483,-0.2949963277104852,-0.009576509156929352
2.33,3/3 curl_four_fingers_thumb_up,0.9437324407698245,-0.387700995677566,1.0034364000182567,0.05343384903941787,0.0002241466058355966,0.00023594379561641662,0,0.616745358482034,-1.6523241108679088e-16,2,469.8,-1.192591679654174,1.4269358792887235,1.217003584816706,0.0002241466058355966,0.01790032344523776,-0.29499589310874264,-0.009412710936839664
2.335,3/3 curl_four_fingers_thumb_up,0.943737262588751,-0.3876641023232127,1.0034332785129148,0.053427597942630946,0.00021293927554381627,0.0002241466058355966,0,0.6167177534672204,1.0148132334464322e-16,2,472.1,-1.1925868477752515,1.4270080297327545,1.216926903202676,0.00021293927554381627,0.017768068932911215,-0.2949956481953605,-0.00925334445677574
2.34,3/3 curl_four_fingers_thumb_up,0.9437418369877434,-0.3876287234996293,1.0034301605172162,0.05342150953974204,0.0002022923117666285,0.00021293927554381627,0,0.6166913667222014,-6.088879400678593e-16,2,478.7,-1.1925820330310442,1.427077274070139,1.2168528006871049,0.0002022923117666285,0.017639679797941985,-0.29499557798364034,-0.00909829259056778
2.345,3/3 curl_four_fingers_thumb_up,0.9437461756035569,-0.38759479831203647,1.0034270498176139,0.05341558003531561,0.00019217769617829603,0.0002022923117666285,0,0.6166661419428651,2.1250362580715887e-16,2,468.7,-1.192577239669025,1.4271437277998582,1.2167811906305175,0.00019217769617829603,0.017515047914105485,-0.29499566841818486,-0.008947441249176857
2.35,3/3 curl_four_fingers_thumb_up,0.9437502895480501,-0.38756226827529316,1.0034239499243431,0.05340980571015042,0.00018256881136938228,0.00019217769617829603,0,0.6166420255320763,-2.0946785972419946e-16,2,472.8,-1.1925724716463744,1.4272075018751218,1.2167119891105707,0.00018256881136938228,0.017394068161397564,-0.29499590632220607,-0.00880067930403779
2.355,3/3 curl_four_fingers_thumb_up,0.9437541894313328,-0.3875310772206094,1.0034208640860538,0.05340418291955435,0.00017344037080091343,0.00018256881136938228,0,0.6166189664652482,-5.421010862427522e-17,2,465.7,-1.1925677326430182,1.4272687028795594,1.2166451148588877,0.00017344037080091343,0.017276638328274408,-0.2949962793476814,-0.008657898512113366
2.36,3/3 curl_four_fingers_thumb_up,0.9437578853839109,-0.38750117120571276,1.0034177953037897,0.05339870809173878,0.0001647683522608677,0.00017344037080091343,0,0.6165969161627702,1.2576745200831851e-17,2,470.1,-1.19256302607427,1.427327433196819,1.2165804891976233,0.0001647683522608677,0.01716265901833031,-0.2949967759282073,-0.008518993442643992
2.365,3/3 curl_four_fingers_thumb_up,0.9437613870778652,-0.38747249842835335,1.0034147463443466,0.05339337772632353,0.00015652993464782537,0.0001647683522608677,0,0.6165758283689349,-2.0946785972419946e-16,2,466.4,-1.1925583551030738,1.4273837911738019,1.216518035975837,0.00015652993464782537,0.01705203356124484,-0.2949973852344077,-0.008383861405575167
2.37,3/3 curl_four_fingers_thumb_up,0.9437647037471107,-0.3874450091430346,1.003411719753023,0.05338818839293153,0.0001487034379154327,0.00015652993464782537,0,0.6165556590370241,2.7885679876327174e-16,2,477.0,-1.1925537226518568,1.427437871277754,1.2164576815058386,0.0001487034379154327,0.016944667927748132,-0.29499809713176356,-0.008252402381644127
2.375,3/3 curl_four_fingers_thumb_up,0.943767844206773,-0.387418655580857,1.0034087178657947,0.05338313672986814,0.00014126826601965946,0.0001487034379154327,0,0.6165363662202362,3.233090878351774e-16,2,466.5,-1.1925491314139853,1.427489764247433,1.2163993544996197,0.00014126826601965946,0.016840470648404392,-0.2949989021407333,-0.008124518954105445
2.38,3/3 curl_four_fingers_thumb_up,0.9437708168717208,-0.38739339187237,1.003405742820928,0.05337821944287444,0.00013420485271867664,0.00014126826601965946,0,0.616517909968147,-3.209238430557093e-17,2,722.3,-1.1925445838648372,1.4275395572385543,1.2163429860054904,0.00013420485271867664,0.016739352736004486,-0.29499979139904536,-0.008000116242074187
2.3850000000000002,3/3 curl_four_fingers_thumb_up,0.9437736297742944,-0.38736917397332765,1.0034027965700583,0.05337343330394418,0.0001274946100827422,0.00013420485271867664,0,0.6165002522284203,1.233822072288504e-16,2,480.8,-1.1925400822724876,1.427587333963724,1.2162885093450266,0.0001274946100827422,0.01664122761138094,-0.2950007566260458,-0.007879101835463993
2.39,3/3 curl_four_fingers_thumb_up,0.9437762905812573,-0.3873459595932488,1.0033998808887516,0.05336877515019598,0.00012111987957860712,0.0001274946100827422,0,0.6164833567534935,-4.0939474033052647e-16,2,468.3,-1.192535628708018,1.4276331748270485,1.2162358600504604,0.00012111987957860712,0.01654601103242591,-0.2950017900889936,-0.007761385731496591
2.395,3/3 curl_four_fingers_thumb_up,0.9437788066100132,-0.38732370812667877,1.003396997386571,0.053364241882794296,0.00011506388559967648,0.00012111987957860712,0,0.6164671890119817,5.681219383824043e-17,2,463.1,-1.1925312250554516,1.4276771570536155,1.2161849758026109,0.00011506388559967648,0.01645362102613234,-0.29500288457119883,-0.007646880272757997
2.4,3/3 curl_four_fingers_thumb_up,0.9437811848441126,-0.38730238058706545,1.003394147516666,0.053359830465915394,0.00010931069131969159,0.00011506388559967648,0,0.6164517161045548,2.1228678537266177e-16,2,472.5,-1.1925268730213219,1.4277193548140268,1.2161357963694261,0.00010931069131969159,0.016363977823507174,-0.2950040333419076,-0.007535500086775755
2.4050000000000002,3/3 curl_four_fingers_thumb_up,0.9437834319480838,-0.3872819395431515,1.0033913325849033,0.05335553792574641,0.0001038451567537045,0.00010931069131969159,0,0.6164369066840565,5.00901403688303e-16,2,469.6,-1.1925225741438814,1.4277598393441615,1.2160882635452526,0.0001038451567537045,0.016277003797157293,-0.29500523012783925,-0.00742716202709122
2.41,3/3 curl_four_fingers_thumb_up,0.9437855542816176,-0.38726234905779583,1.0033885537585643,0.05335136134951974,9.865289891601944e-05,0.0001038451567537045,0,0.6164227308796469,-3.187554387107383e-17,2,463.6,-1.1925183298019575,1.4277986790603445,1.2160423210909368,9.865289891601944e-05,0.01619262340136468,-0.2950064690862891,-0.007321785115799813
2.415,3/3 curl_four_fingers_thumb_up,0.9437875579131295,-0.3872435746291372,1.0033858120746117,0.05334729788457163,9.372025397021852e-05,9.865289891601944e-05,0,0.6164091602247601,-9.540979117872439e-18,2,464.6,-1.192514141223463,1.4278359396700822,1.215997914674782,9.372025397021852e-05,0.016110763114551008,-0.2950077447797128,-0.007219290487531403
2.42,3/3 curl_four_fingers_thumb_up,0.9437894486327294,-0.38722558313401717,1.0033831084475635,0.053343344737427696,8.903424127170697e-05,9.372025397021852e-05,0,0.6163961675886802,1.235990476633475e-16,2,460.7,-1.1925100094935681,1.4278716842785317,1.2159549918144095,8.903424127170697e-05,0.01603135138400248,-0.2950090521517139,-0.007119601334843031
2.4250000000000003,3/3 curl_four_fingers_thumb_up,0.9437912319646268,-0.38720834277357763,1.0033804436769709,0.05333949917290599,8.458252920812246e-05,8.903424127170697e-05,0,0.6163837271115498,-1.6512399086954233e-16,2,508.3,-1.1925059355625438,1.427905973490858,1.2159135018197083,8.458252920812246e-05,0.015954318572597586,-0.2950103865043589,-0.007022642854996055
2.43,3/3 curl_four_fingers_thumb_up,0.9437929131789872,-0.387191823020959,1.0033778184545286,0.05333575851323575,8.035340274771583e-05,8.458252920812246e-05,0,0.6163718141426343,1.0126448291014611e-16,2,494.5,-1.1925019202532834,1.4279388655106282,1.2158733957368273,8.035340274771583e-05,0.015879596907506736,-0.2950117434767499,-0.00692834219808814
2.435,3/3 curl_four_fingers_thumb_up,0.9437944973032729,-0.38717599457101853,1.0033752333708326,0.05333212013719605,7.633573261032964e-05,8.035340274771583e-05,0,0.616360405181676,7.903833837419327e-17,2,478.8,-1.1924979642685112,1.4279704162343938,1.2158346262932398,7.633573261032964e-05,0.01580712043076278,-0.2950131190247872,-0.006836628416511417
2.44,3/3 curl_four_fingers_thumb_up,0.9437959891330855,-0.38716082929199463,1.0033726889217922,0.05332858147926029,7.251894597981243e-05,7.633573261032964e-05,0,0.6163494778231756,1.457167719820518e-16,2,472.2,-1.1924940681976866,1.4280006793425988,1.2157971478439444,7.251894597981243e-05,0.015736824951564105,-0.29501450940205787,-0.006747432415708155
2.445,3/3 curl_four_fingers_thumb_up,0.9437973932425293,-0.3871463001790512,1.0033701855147226,0.05332514002875672,6.889299868082164e-05,7.251894597981243e-05,0,0.6163390107034571,3.469446951953614e-17,2,468.4,-1.192490232523613,1.428029706386951,1.2157609163189353,6.889299868082164e-05,0.015668648000108927,-0.2950159111417905,-0.006660686906194983
2.45,3/3 curl_four_fingers_thumb_up,0.9437987139941261,-0.38713238130962374,1.0033677234741194,0.05332179332903406,6.544834874677816e-05,6.889299868082164e-05,0,0.6163289834503679,4.787836793695988e-16,2,465.3,-1.19248645762876,1.428057546874391,1.215725889171788,6.544834874677816e-05,0.01560252878304206,-0.2950173210398188,-0.00657632635682576
2.455,3/3 curl_four_fingers_thumb_up,0.9437999555482852,-0.38711904780050804,1.003365303047143,0.05331853897663486,6.21759313094393e-05,6.544834874677816e-05,0,0.6163193766354844,-9.75781955236954e-18,2,464.4,-1.1924827438013061,1.4280842483477836,1.2156920253294998,6.21759313094393e-05,0.015538408140308593,-0.29501873613849994,-0.006494286949265113
2.46,3/3 curl_four_fingers_thumb_up,0.9438011218723641,-0.3871062757666224,1.0033629244088111,0.053315374620477786,5.906713474396738e-05,6.21759313094393e-05,0,0.6163101717286904,-9.75781955236954e-18,2,478.0,-1.1924790912409144,1.4281098564634576,1.2156592851436476,5.906713474396738e-05,0.015476228503286355,-0.29502015371153595,-0.006414506533643602
2.465,3/3 curl_four_fingers_thumb_up,0.943802216749327,-0.3870940422813811,1.0033605876669252,0.05331229796104384,5.611377800676873e-05,5.906713474396738e-05,0,0.6163013510550114,5.692061405548898e-17,2,464.2,-1.1924755000642453,1.4281344150657118,1.2156276303426778,5.611377800676873e-05,0.015415933854312029,-0.29502157124964995,-0.006336924585365336
2.47,3/3 curl_four_fingers_thumb_up,0.9438032437860209,-0.3870823253386202,1.0033582928667326,0.053309306749565584,5.330808910643068e-05,5.611377800676873e-05,0,0.6162928977535885,-7.632783294297951e-17,2,466.9,-1.1924719703102187,1.4281579662584027,1.2155970239855585,5.330808910643068e-05,0.015357469687311297,-0.2950229864470714,-0.006261482163040905
2.475,3/3 curl_four_fingers_thumb_up,0.9438042064210882,-0.38707110381601606,1.003356039995346,0.053306398787224436,5.064268465110642e-05,5.330808910643068e-05,0,0.6162847957386819,5.453536927602087e-16,2,474.2,-1.1924685019450323,1.4281805504737253,1.2155674304166701,5.064268465110642e-05,0.015300782969590802,-0.295024397188786,-0.00618812186751685
2.48,3/3 curl_four_fingers_thumb_up,0.9438051079325311,-0.38706035743993766,1.0033538289859196,0.05330357192434782,4.81105504185507e-05,5.064268465110642e-05,0,0.6162770296626027,7.903833837419327e-17,2,471.8,-1.1924650948669453,1.4282022065382933,1.2155388152219628,4.81105504185507e-05,0.015245822104702711,-0.2950258015385093,-0.006116787801974218
2.485,3/3 curl_four_fingers_thumb_up,0.943805951444938,-0.38705006675168346,1.003351659721606,0.05330082405961268,4.570502289762288e-05,4.81105504185507e-05,0,0.6162695848804751,5.681219383824043e-17,2,476.8,-1.192461748910836,1.4282229717366246,1.215511145186327,4.570502289762288e-05,0.01519253689637511,-0.29502719772734554,-0.006047425533069073
2.49,3/3 curl_four_fingers_thumb_up,0.9438067399363957,-0.38704021307504516,1.0033495320392938,0.05329815313925177,4.3419771752742786e-05,4.570502289762288e-05,0,0.6162624474167341,-2.09576279941448e-16,2,466.6,-1.1924584638525406,1.4282428818721278,1.21548438825227,4.3419771752742786e-05,0.015140878513355466,-0.29502858414309285,-0.005979982053088634
2.495,3/3 curl_four_fingers_thumb_up,0.9438074762450921,-0.3870307784851501,1.0033474457331404,0.05329555715626089,4.124878316510525e-05,4.3419771752742786e-05,0,0.6162556039332742,7.903833837419327e-17,2,463.6,-1.1924552394129815,1.4282619713256892,1.215458513479843,4.124878316510525e-05,0.015090799455164838,-0.29502995932016207,-0.0059144057430961855
2.5,3/3 curl_four_fingers_thumb_up,0.9438081630756276,-0.38702174577853204,1.0033454005579134,0.05329303414961376,3.9186344006850594e-05,4.124878316510525e-05,0,0.6162490416991631,-1.207801220148852e-16,2,474.4,-1.192452075262095,1.428280273111953,1.215433491007709,3.9186344006850594e-05,0.015042253518817907,-0.29503132193007353,-0.005850646337038788
2.505,3/3 curl_four_fingers_thumb_up,0.9438088030050492,-0.38701309844438325,1.003343396232139,0.05329058220347533,3.722702680650878e-05,3.9186344006850594e-05,0,0.6162427485618426,-1.4300626655083803e-16,2,468.9,-1.1924489710225636,1.428297818933381,1.2154092920155055,3.722702680650878e-05,0.01499519576629362,-0.29503267077250206,-0.0057886548867933565
2.5100000000000002,3/3 curl_four_fingers_thumb_up,0.9438093984886127,-0.38700482063694436,1.0033414324410779,0.05328819944642175,3.53656754661845e-05,3.722702680650878e-05,0,0.6162367129197416,-2.318566345860251e-16,2,472.3,-1.1924459262733609,1.4283146392321813,1.21538588868736,3.53656754661845e-05,0.014949582492852595,-0.29503400476683966,-0.005728383728125375
2.515,3/3 curl_four_fingers_thumb_up,0.9438099518652959,-0.386996897148983,1.003339508839531,0.05328588405066329,3.359739169287544e-05,3.53656754661845e-05,0,0.6162309236962293,-3.198396408832238e-17,2,467.5,-1.1924429405531187,1.4283307632401874,1.21536325417654,3.359739169287544e-05,0.014905371196158491,-0.29503532294424734,-0.0056697864475363895
2.52,3/3 curl_four_fingers_thumb_up,0.9438104653630616,-0.38698931338632525,1.0033376250544845,0.05328363423126973,3.191752210823227e-05,3.359739169287544e-05,0,0.616225370314843,-1.2083433212350947e-16,2,466.9,-1.192440013363321,1.4283462190267673,1.215341362571303,3.191752210823227e-05,0.014862520546090592,-0.2950366244401697,-0.005612817849976845
2.525,3/3 curl_four_fingers_thumb_up,0.9438109411038889,-0.3869820553433929,1.0033357806876038,0.053281448245402326,3.032164600282093e-05,3.191752210823227e-05,0,0.6162200426757247,-5.421010862427522e-17,2,471.2,-1.1924371441713335,1.42836103354484,1.2153201888618674,3.032164600282093e-05,0.0148209903552754,-0.2950379084872872,-0.0055574339274005605
2.5300000000000002,3/3 curl_four_fingers_thumb_up,0.9438113811085824,-0.3869751095797132,1.003333975317577,0.0532793243915466,2.8805563702679488e-05,3.032164600282093e-05,0,0.6162149311332058,7.8984128265569e-17,2,469.4,-1.1924343324132738,1.4283752326750738,1.2152997089084259,2.8805563702679488e-05,0.01478074155036555,-0.2950391744088812,-0.005503591828138257
2.535,3/3 curl_four_fingers_thumb_up,0.9438117873013672,-0.3869684631973572,1.0033322085023268,0.05327726100875244,2.736528551754534e-05,2.8805563702679488e-05,0,0.6162100264744855,3.458604930228759e-17,2,466.1,-1.1924315774967311,1.4283888412683363,1.2152798994103153,2.736528551754534e-05,0.01474173614390288,-0.29504042161259003,-0.00545124982706856
2.54,3/3 curl_four_fingers_thumb_up,0.9438121615142783,-0.3869621038192751,1.003330479781087,0.053275256475878226,2.599702124166701e-05,2.736528551754534e-05,0,0.6162053198993432,2.122325752640375e-16,2,462.1,-1.1924288788033406,1.4284018831864664,1.2152607378761022,2.599702124166701e-05,0.014703937206962359,-0.2950416495845338,-0.005400367296564184
2.545,3/3 curl_four_fingers_thumb_up,0.943812505491356,-0.38695601956849135,1.003328788676355,0.05327330921083901,2.469717017958271e-05,2.599702124166701e-05,0,0.6162008030008376,1.9006064083670893e-16,2,469.7,-1.1924262356912179,1.4284143813414325,1.2152422025948852,2.469717017958271e-05,0.014667308842225108,-0.29504285788378837,-0.005350904678193654
2.5500000000000003,3/3 curl_four_fingers_thumb_up,0.9438128208926545,-0.386950199048126,1.0033271346957289,0.053271417669862715,2.34623116706044e-05,2.469717017958271e-05,0,0.6161964677469401,-1.6523241108679088e-16,2,465.4,-1.1924236474972623,1.428426357732942,1.2152242726083746,2.34623116706044e-05,0.014631816157880378,-0.2950440461371879,-0.005302823455156071
2.555,3/3 curl_four_fingers_thumb_up,0.943813109298073,-0.386944631322209,1.0033255173336249,0.05326958034674751,2.2289196087074007e-05,2.34623116706044e-05,0,0.6161923064630596,3.458604930228759e-17,2,466.2,-1.1924211135393312,1.4284378334845618,1.2152069276841444,2.2289196087074007e-05,0.014597425241912926,-0.2950452140344395,-0.005256086125431378
2.56,3/3 curl_four_fingers_thumb_up,0.943813372211014,-0.38693930589725795,1.0033239360728987,0.053267795772132455,2.1174736282719578e-05,2.2289196087074007e-05,0,0.6161883118154085,1.4563545681911538e-16,2,461.8,-1.1924186331182942,1.4284488288784096,1.2151901482896226,2.1174736282719578e-05,0.01456410313716985,-0.2950463613235311,-0.005210656175624574
2.565,3/3 curl_four_fingers_thumb_up,0.9438136110618794,-0.386934212704589,1.0033223903863548,0.05326606251276445,2.011599946858276e-05,2.1174736282719578e-05,0,0.6161844767951759,1.6783449630075609e-16,2,466.1,-1.1924162055199712,1.428459363388471,1.2151739155671795,2.011599946858276e-05,0.014531817816805117,-0.2950474878064172,-0.005166498055487188
2.57,3/3 curl_four_fingers_thumb_up,0.9438138272114145,-0.38692934208332935,1.0033208797381676,0.05326437917078284,1.911019949515467e-05,2.011599946858276e-05,0,0.6161807947034594,-2.0963049005007228e-16,2,481.7,-1.1924138300169584,1.428469455712598,1.2151582113099548,1.911019949515467e-05,0.014500538160418701,-0.29504859333496614,-0.00512357715309579
2.575,3/3 curl_four_fingers_thumb_up,0.9438140219538939,-0.3869246847641072,1.0033194035852109,0.05326274438300208,1.815468952039643e-05,1.911019949515467e-05,0,0.6161772591369254,1.0121027280152184e-16,2,482.2,-1.1924115058703513,1.4284791238032408,1.2151430179386662,1.815468952039643e-05,0.014470233930610338,-0.29504967780715524,-0.005081859770671285
2.58,3/3 curl_four_fingers_thumb_up,0.9438141965201767,-0.3869202318533902,1.0033179613782925,0.0532611568202055,1.7246955044377546e-05,1.815468952039643e-05,0,0.6161738639741563,-1.8743145056843158e-16,2,472.1,-1.1924092323313633,1.4284883848969623,1.2151283184791333,1.7246955044377546e-05,0.01444087575017353,-0.2950507411634992,-0.005041313101020408
2.585,3/3 curl_four_fingers_thumb_up,0.943814352080616,-0.3869159748184472,1.003316552563322,0.05325961518644682,1.638460729215794e-05,1.7246955044377546e-05,0,0.6161706033626541,1.4563545681911538e-16,2,467.3,-1.192407008642852,1.4284972555427842,1.2151140965406844,1.638460729215794e-05,0.014412435079725625,-0.2950517833836988,-0.005001905204583883
2.59,3/3 curl_four_fingers_thumb_up,0.9438144897478433,-0.3869119054729088,1.0033151765823884,0.05325811821835872,1.556537692754976e-05,1.638460729215794e-05,0,0.6161674717064654,5.681219383824043e-17,2,461.2,-1.1924048340407503,1.4285057516294104,1.2151003362953412,1.556537692754976e-05,0.014384884195842053,-0.29505280448349774,-0.0049636049870740995
2.595,3/3 curl_four_fingers_thumb_up,0.9438146105794268,-0.38690801596290286,1.003313832874769,0.053256664684466666,1.478710808116999e-05,1.556537692754976e-05,0,0.6161644636543997,4.564762196707095e-16,2,460.7,-1.1924027077554127,1.4285138884113733,1.2150870224577008,1.478710808116999e-05,0.014358196169739018,-0.2950538045117355,-0.004926382177686468
2.6,3/3 curl_four_fingers_thumb_up,0.9438147155804109,-0.38690429875374166,1.0033125208778728,0.05325525338451582,1.4047752677111983e-05,1.478710808116999e-05,0,0.6161615740888097,-9.860818758755663e-17,2,466.8,-1.192400629012878,1.4285216805341436,1.215074140265625,1.4047752677111983e-05,0.014332344846360189,-0.29505478354758535,-0.004890207307869727
2.605,3/3 curl_four_fingers_thumb_up,0.9438148057057435,-0.3869007466171402,1.0033112400281117,0.053253883148802146,1.3345365043256767e-05,1.4047752677111983e-05,0,0.6161587981149061,-7.640914810591592e-17,2,460.0,-1.1923985970360513,1.428529142058248,1.215061675461555,1.3345365043256767e-05,0.014307304824015292,-0.29505574169796694,-0.004855051690639371
2.61,3/3 curl_four_fingers_thumb_up,0.9438148818625923,-0.386897352618942,1.0033099897617144,0.05325255283751352,1.26780967910932e-05,1.3345365043256767e-05,0,0.6161561310505824,1.4560835176480325e-16,2,461.7,-1.1923966110458137,1.42853628648243,1.2150496142745633,1.26780967910932e-05,0.014283051434426113,-0.2950566790951235,-0.004820887400420542
2.615,3/3 curl_four_fingers_thumb_up,0.9438149449125591,-0.3868941101073361,1.0033087695154805,0.05325126134008063,1.2044191951537812e-05,1.26780967910932e-05,0,0.6161535684167221,1.4563545681911538e-16,2,473.8,-1.1923946702620571,1.428543126765896,1.2150379434030438,1.2044191951537812e-05,0.014259560723245636,-0.2950575958943543,-0.004787687253405749
2.62,3/3 curl_four_fingers_thumb_up,0.9438149956737958,-0.38689101270154175,1.0033075787274792,0.05325000757453411,1.1441982353960082e-05,1.2044191951537812e-05,0,0.6161511059279665,1.6783449630075609e-16,2,471.6,-1.1923927739046531,1.428549675349679,1.2150266499980142,1.1441982353960082e-05,0.01423680943104691,-0.29505849227189335,-0.004755424788413854
2.625,3/3 curl_four_fingers_thumb_up,0.9438150349230221,-0.38688805428094436,1.003306416837694,0.05324879048687251,1.0869883236260683e-05,1.1441982353960082e-05,0,0.6161487394839201,2.7885679876327174e-16,2,463.5,-1.1923909211943564,1.4285559441771587,1.215015721647052,1.0869883236260683e-05,0.01421477497472605,-0.2950593684229259,-0.0047240742482373334
2.63,3/3 curl_four_fingers_thumb_up,0.9438150633974551,-0.3868852289746642,1.003305283288623,0.05324760905043922,1.0326389074447476e-05,1.0869883236260683e-05,0,0.6161464651607718,3.461315435659973e-17,2,465.7,-1.1923891113536471,1.4285619447137687,1.2150051463588516,1.0326389074447476e-05,0.014193435429307254,-0.29506022455973524,-0.004693610561464694
2.6350000000000002,3/3 curl_four_fingers_thumb_up,0.9438150817966539,-0.3868825311515411,1.003304177525825,0.05324646226530772,9.810069620724707e-06,1.0326389074447476e-05,0,0.6161442792033112,7.90247858470372e-17,2,463.8,-1.192387343607514,1.4285676879659246,1.2149949125482706,9.810069620724707e-06,0.014172769510247542,-0.29506106090997164,-0.004664009324765155
2.64,3/3 curl_four_fingers_thumb_up,0.9438150907842769,-0.386879955410518,1.0033030989984313,0.053245349157677514,9.319566139688188e-06,9.810069620724707e-06,0,0.6161421780173229,5.681219383824043e-17,2,461.2,-1.1923856171841838,1.4285731844992027,1.2149850090220122,9.319566139688188e-06,0.014152756556070793,-0.2950618777150366,-0.0046352467856243225
2.645,3/3 curl_four_fingers_thumb_up,0.9438150909897646,-0.38687749657140785,1.0033020471596066,0.05324426877927777,8.853587832703273e-06,9.319566139688188e-06,0,0.6161401581623369,1.0122382532867791e-16,2,459.6,-1.1923839313157958,1.428578444455801,1.2149754249647464,8.853587832703273e-06,0.014133376511497537,-0.29506267522857593,-0.004607299825518114
2.65,3/3 curl_four_fingers_thumb_up,0.9438150830099433,-0.3868751496660275,1.0033010214669764,0.05324322020678094,8.410908441070935e-06,8.853587832703273e-06,0,0.6161382163447209,-5.649235419735721e-16,2,466.5,-1.192382285239029,1.4285834775713082,1.214966149925817,8.410908441070935e-06,0.014114609910898333,-0.29506345371507475,-0.004580145943514416
2.6550000000000002,3/3 curl_four_fingers_thumb_up,0.943815067410559,-0.3868729099296866,1.0033000213830185,0.05324220254122792,7.990363019017991e-06,8.410908441070935e-06,0,0.6161363494110965,-1.2083433212350947e-16,2,462.9,-1.1923806781956798,1.4285882931908116,1.2149571738063962,7.990363019017991e-06,0.01409643786218255,-0.295064213448549,-0.004553763240290545
2.66,3/3 curl_four_fingers_thumb_up,0.9438150447277415,-0.3868707727930143,1.003299046375414,0.053241214907458735,7.590844868067141e-06,7.990363019017991e-06,0,0.6161345543420624,-9.812029660993815e-18,2,459.7,-1.192379109433197,1.4285929002843665,1.2149484868471176,7.590844868067141e-06,0.014078842031067434,-0.2950649547113274,-0.00452813040255611
2.665,3/3 curl_four_fingers_thumb_up,0.9438150154694008,-0.38686873387411236,1.003298095917373,0.05324025645355727,7.211302624664388e-06,7.590844868067141e-06,0,0.6161328282462135,-1.2083433212350947e-16,2,471.9,-1.1923775782051727,1.4285973074618552,1.2149400796161778,7.211302624664388e-06,0.014061804625710782,-0.2950656777929186,-0.004503226687870794
2.67,3/3 curl_four_fingers_thumb_up,0.943814980116564,-0.38686678897102006,1.0032971694879234,0.05323932635030174,6.850737493432217e-06,7.211302624664388e-06,0,0.6161311683544362,-2.0965759510438442e-16,2,464.4,-1.1923760837717938,1.4286015229872595,1.2149319429978716,6.850737493432217e-06,0.014045308381720516,-0.29506638298895854,-0.0044790319098466135
2.6750000000000003,3/3 curl_four_fingers_thumb_up,0.9438149391246479,-0.3868649340544805,1.0032962665721772,0.05323842379062802,6.508200618758768e-06,6.850737493432217e-06,0,0.6161295720144722,3.676665092169906e-16,2,459.5,-1.1923746254002563,1.4286055547923677,1.2149240681815063,6.508200618758768e-06,0.014029336547570624,-0.2950670706002331,-0.00445552642372489
2.68,3/3 curl_four_fingers_thumb_up,0.9438148929246781,-0.38686316526099485,1.003295386661562,0.05323754798909939,6.182790587821878e-06,6.508200618758768e-06,0,0.6161280366857328,-2.0965759510438442e-16,2,465.9,-1.1923732023651423,1.4286094104899414,1.2149164466507991,6.182790587821878e-06,0.014013872870297416,-0.29506774093177146,-0.004432691112318642
2.685,3/3 curl_four_fingers_thumb_up,0.9438148419244495,-0.38686147888615313,1.003294529254035,0.053236698181389465,5.873651058431055e-06,6.182790587821878e-06,0,0.616126559934355,-5.422366115143129e-17,2,460.6,-1.1923718139487638,1.428613097386362,1.2149090701735876,5.873651058431055e-06,0.013998901581624909,-0.2950683942920065,-0.004410507372310312
2.69,3/3 curl_four_fingers_thumb_up,0.9438147865096355,-0.38685987137823064,1.0032936938542674,0.053235873623770504,5.5799685055101065e-06,5.873651058431055e-06,0,0.6161251394284865,-1.2083433212350947e-16,2,459.0,-1.1923704594414744,1.4286166224937775,1.2149019307919753,5.5799685055101065e-06,0.013984407384374176,-0.29506903099199705,-0.004388957100896489
2.695,3/3 curl_four_fingers_thumb_up,0.9438147270448487,-0.38685833933204083,1.0032928799738088,0.053235073592615735,5.300970080234095e-06,5.5799685055101065e-06,0,0.6161237729337891,1.0121027280152184e-16,2,458.7,-1.1923691381419508,1.4286199925417706,1.2148950208127995,5.300970080234095e-06,0.013970375439250912,-0.2950696513447094,-0.004368022682770217
2.7,3/3 curl_four_fingers_thumb_up,0.9438146638746501,-0.38685687948303066,1.0032920871312319,0.05323429738390809,5.035921576222883e-06,5.300970080234095e-06,0,0.6161224583091484,-9.862851637829073e-17,2,457.8,-1.1923678493574457,1.4286232139885653,1.2148883327984648,5.035921576222883e-06,0.013956791351945833,-0.2950702556643538,-0.0043476869774326425
2.705,3/3 curl_four_fingers_thumb_up,0.9438145973245154,-0.3868554887016148,1.0032913148522542,0.05323354431275807,4.784125497413342e-06,5.035921576222883e-06,0,0.6161211935025825,-3.20666345039744e-16,2,461.1,-1.1923665924040137,1.4286262930317912,1.2148818595580975,4.784125497413342e-06,0.013943641160572234,-0.2950708442657725,-0.0043279333068255
2.71,3/3 curl_four_fingers_thumb_up,0.9438145277017569,-0.38685416398773215,1.003290562669844,0.05323281371293532,4.544919222543168e-06,4.784125497413342e-06,0,0.6161199765473386,-9.86217401147127e-17,2,462.2,-1.1923653666067118,1.4286292356188242,1.214875594139022,4.544919222543168e-06,0.013930911323424685,-0.29507141746387683,-0.004308745443276438
2.715,3/3 curl_four_fingers_thumb_up,0.9438144552964007,-0.3868529024656224,1.0032898301243103,0.053232104936403464,4.317673261416836e-06,4.544919222543168e-06,0,0.6161188055581682,-1.652391873503689e-16,2,474.2,-1.1923641712997761,1.428632047456717,1.214869529818612,4.317673261416836e-06,0.013918588706981453,-0.29507197557312914,-0.00429010759774929
2.72,3/3 curl_four_fingers_thumb_up,0.9438143803820288,-0.38685170137880837,1.0032891167633708,0.05323141735286866,4.101789598346265e-06,4.317673261416836e-06,0,0.6161176787277727,-5.422366115143129e-17,2,465.4,-1.1923630058267758,1.4286347340217402,1.2148636600962974,4.101789598346265e-06,0.013906660574357337,-0.29507251890706804,-0.004272004408390908
2.725,3/3 curl_four_fingers_thumb_up,0.943814303216578,-0.38685055808527985,1.003288422142213,0.053230750349335366,3.896700118429667e-06,4.101789598346265e-06,0,0.6161165943234128,-1.4303337160515017e-16,2,468.3,-1.1923618695407463,1.428637300568546,1.2148579786859777,3.896700118429667e-06,0.013895114573933437,-0.29507304777787324,-0.004254420929368563
2.73,3/3 curl_four_fingers_thumb_up,0.943814224043105,-0.3868494700528696,1.0032877458235356,0.05323010332967238,3.7018651125074555e-06,3.896700118429667e-06,0,0.6161155506836719,1.4562868055553735e-16,2,467.8,-1.1923607618043024,1.4286397521389695,1.2148524795087152,3.7018651125074555e-06,0.013883938728278384,-0.29507356249596806,-0.004237342619989411
2.735,3/3 curl_four_fingers_thumb_up,0.943814143090517,-0.38684843485481224,1.003287087377579,0.05322947571418735,3.5167718568805775e-06,3.7018651125074555e-06,0,0.6161145462153655,3.0105583824491244e-16,2,477.1,-1.192359681989732,1.4286420935704844,1.2148471566855996,3.5167718568805775e-06,0.013873121423448915,-0.29507406336965686,-0.004220755334094847
2.74,3/3 curl_four_fingers_thumb_up,0.9438140605742664,-0.38684745016548167,1.0032864463821434,0.05322886693920965,3.340933264036487e-06,3.5167718568805775e-06,0,0.616113579390595,1.2400562347802957e-17,2,472.5,-1.1923586294790738,1.428644329504325,1.2148420045309318,3.340933264036487e-06,0.01386265139850746,-0.2950745507047954,-0.00420464530972389
2.745,3/3 curl_four_fingers_thumb_up,0.9438139766970157,-0.3868465137562985,1.0032858224225947,0.053228276456681496,3.17388660083671e-06,3.340933264036487e-06,0,0.6161126487439296,-4.0948960802061896e-16,2,464.9,-1.192357603664177,1.4286464643932861,1.2148370175456744,3.17388660083671e-06,0.013852517735294317,-0.2950750248044918,-0.00418899915903821
2.75,3/3 curl_four_fingers_thumb_up,0.9438138916492719,-0.38684562349179996,1.0032852150918639,0.0532277037337621,3.015192270795368e-06,3.17388660083671e-06,0,0.6161117528697208,-9.862851637829073e-17,2,462.9,-1.1923566039467468,1.4286485025092188,1.214832190411064,3.015192270795368e-06,0.013842709848541988,-0.2950754859688365,-0.004173803858501972
2.755,3/3 curl_four_fingers_thumb_up,0.9438138056099894,-0.38684477732586625,1.0032846239904303,0.05322714825243414,2.8644326572556483e-06,3.015192270795368e-06,0,0.6161108904195357,-9.812029660993815e-18,2,463.9,-1.1923556297383746,1.428650447950227,1.21482751798251,2.8644326572556483e-06,0.013833217476193904,-0.29507593449465813,-0.004159046739311012
2.7600000000000002,3/3 curl_four_fingers_thumb_up,0.9438137187471484,-0.38684397329809966,1.0032840487263015,0.05322660950912348,2.721211024393359e-06,2.8644326572556483e-06,0,0.6161100600997057,-9.862851637829073e-17,2,465.4,-1.192354680460555,1.4286523046475832,1.2148229952837324,2.721211024393359e-06,0.013824030669961329,-0.2950763706753058,-0.004144715478064478
2.765,3/3 curl_four_fingers_thumb_up,0.9438136312183045,-0.3868432095303449,1.0032834889149835,0.053226087014325414,2.5851504731742953e-06,2.721211024393359e-06,0,0.6161092606689877,-1.2083433212350947e-16,2,471.6,-1.1923537555446904,1.4286540763723694,1.214818617500987,2.5851504731742953e-06,0.013815139786251165,-0.2950767948004535,-0.004130798087672697
2.77,3/3 curl_four_fingers_thumb_up,0.9438135431711134,-0.3868424842233524,1.00328294417944,0.05322558029223918,2.4558929495142974e-06,2.5851504731742953e-06,0,0.6161084909363278,2.5664420675447497e-16,2,462.1,-1.1923528544320838,1.4286557667418578,1.2148143799776536,2.4558929495142974e-06,0.01380653547718409,-0.2950772071559271,-0.004117282908496648
2.775,3/3 curl_four_fingers_thumb_up,0.9438134547438312,-0.38684179565356996,1.00328241415005,0.05322508888041123,2.3330983020396307e-06,2.4558929495142974e-06,0,0.6161077497587267,-2.0965081884080639e-16,2,463.0,-1.1923519765739201,1.4286573792256387,1.2148102782089316,2.3330983020396307e-06,0.013798208681936106,-0.29507760802355093,-0.0041041585997117205
2.7800000000000002,3/3 curl_four_fingers_thumb_up,0.9438133660657922,-0.3868411421700672,1.0032818984645557,0.05322461232938639,2.2164433869385863e-06,2.3330983020396307e-06,0,0.6161070360392003,-1.8744500309558765e-16,2,464.2,-1.1923511214312381,1.4286589171515085,1.2148063078366966,2.2164433869385863e-06,0.013790150618344018,-0.29507799768101395,-0.0040914141308910044
2.785,3/3 curl_four_fingers_thumb_up,0.9438132772578641,-0.38684052219157944,1.0032813967680039,0.05322415020236632,2.1056212175928163e-06,2.2164433869385863e-06,0,0.6161063487248308,-2.318532464542361e-16,2,465.1,-1.1923502884748922,1.4286603837111234,1.2148024646446343,2.1056212175928163e-06,0.013782352774642079,-0.2950783764017531,-0.004079038773802986
2.79,3/3 curl_four_fingers_thumb_up,0.9438131884328812,-0.38683993420367163,1.003280908712685,0.053223702074877706,2.0003401567124476e-06,2.1056212175928163e-06,0,0.6161056868049057,1.4562190429195931e-16,2,466.3,-1.1923494771855059,1.4286617819654321,1.214798744553407,2.0003401567124476e-06,0.0137748069015645,-0.2950787444548532,-0.004067022094417348
2.795,3/3 curl_four_fingers_thumb_up,0.943813099696059,-0.38683937675601465,1.003280433958063,0.053223267534444625,1.9003231488766522e-06,2.0003401567124476e-06,0,0.6161050493091378,3.459960182944366e-17,2,464.0,-1.1923486870534166,1.4286631148498932,1.214795143616184,1.9003231488766522e-06,0.013767505004469716,-0.2950791021049618,-0.0040553539451151765
2.8000000000000003,3/3 curl_four_fingers_thumb_up,0.9438130111453874,-0.3868388484597711,1.0032799721707062,0.053222846180273016,1.8053069914302042e-06,1.9003231488766522e-06,0,0.6161044353059658,5.230970550381547e-16,2,460.4,-1.1923479175786138,1.428664385179487,1.2147916580140885,1.8053069914302042e-06,0.013760439335922336,-0.2950794496122184,-0.004044024457096476
2.805,3/3 curl_four_fingers_thumb_up,0.9438129228720081,-0.386838347985085,1.0032795230242084,0.05322243762293844,1.7150416418619626e-06,1.8053069914302042e-06,0,0.6161038439009293,-6.53740028690869e-16,2,466.3,-1.192347168270669,1.4286655956535301,1.2147882840520468,1.7150416418619626e-06,0.01375360238823751,-0.29507978723219647,-0.004033024032982675
2.81,3/3 curl_four_fingers_thumb_up,0.9438128349605729,-0.38683787405867265,1.0032790861991094,0.053222041484084194,1.6292895597690245e-06,1.7150416418619626e-06,0,0.616103274235115,-3.2014457274423536e-17,2,458.2,-1.1923464386486602,1.4286667488603007,1.2147850181545843,1.6292895597690245e-06,0.013746986886429075,-0.295080115215858,-0.004022343339606704
2.815,3/3 curl_four_fingers_thumb_up,0.9438127474895832,-0.38683742546150823,1.0032786613828133,0.053221657396123924,1.5478250817811775e-06,1.6292895597690245e-06,0,0.6161027254836727,-1.2083433212350947e-16,2,464.0,-1.1923457282410903,1.4286678472814789,1.214781856861906,1.5478250817811775e-06,0.013740585781217557,-0.29508043380951865,-0.004011973300988132
2.82,3/3 curl_four_fingers_thumb_up,0.9438126605317186,-0.38683700102660534,1.0032782482695,0.05322128500195434,1.4704338276915015e-06,1.5478250817811775e-06,0,0.6161021968543954,1.2341608854674058e-16,2,465.1,-1.1923450365858002,1.4286688932964158,1.2147787968260146,1.4704338276915015e-06,0.013734392242330432,-0.2950807432548237,-0.00400190509148731
2.825,3/3 curl_four_fingers_thumb_up,0.9438125741541433,-0.3868365996368825,1.0032778465600376,0.05322092395467246,1.3969121363076416e-06,1.4704338276915015e-06,0,0.6161016875863617,-1.430367597369392e-16,2,461.1,-1.192344363229876,1.4286698891862302,1.2147758348070496,1.3969121363076416e-06,0.013728399651905728,-0.2950810437887335,-0.003992130129135199
2.83,3/3 curl_four_fingers_thumb_up,0.9438124884188045,-0.38683622022311936,1.003277455961892,0.053220573917300625,1.3270665294916425e-06,1.3969121363076416e-06,0,0.6161011969486392,1.2341608854674058e-16,2,459.2,-1.1923437077295536,1.428670837137747,1.2147729676696741,1.3270665294916425e-06,0.013722601598158825,-0.2950813356435176,-0.003982640069133578
2.835,3/3 curl_four_fingers_thumb_up,0.9438124033827123,-0.38683586176199064,1.0032770761890317,0.053220234562517406,1.2607132030161101e-06,1.3270665294916425e-06,0,0.6161007242390418,1.9003014765060777e-16,2,469.0,-1.1923430696501174,1.4286717392472779,1.2147701923796546,1.2607132030161101e-06,0.01371699186916,-0.2950816190467567,-0.003973426797522251
2.84,3/3 curl_four_fingers_thumb_up,0.943812319098208,-0.38683552327418175,1.003276706961835,0.053219905572397565,1.1976775428644656e-06,1.2607132030161101e-06,0,0.6161002687829433,1.6782602597128354e-16,2,463.5,-1.1923424485657959,1.4286725975242538,1.2147675060004761,1.1976775428644656e-06,0.01371156444687032,-0.295081894221353,-0.003964482425008477
2.845,3/3 curl_four_fingers_thumb_up,0.9438122356132188,-0.3868352038225769,1.0032763480069913,0.053219586638153966,1.1377936657207362e-06,1.1976775428644656e-06,0,0.6160998299321422,1.0121196686741635e-16,2,462.8,-1.1923418440596547,1.4286734138947141,1.2147649056901964,1.1377936657207362e-06,0.013706313501225859,-0.295082161385546,-0.003955799280955405
2.85,3/3 curl_four_fingers_thumb_up,0.9438121529715023,-0.38683490251052444,1.0032759990574047,0.05321927745989092,1.0809039824343044e-06,1.1377936657207362e-06,0,0.6160994070637749,7.900784518809212e-17,2,461.9,-1.1923412557234858,1.4286741902046574,1.2147623886982737,1.0809039824343044e-06,0.0137012333845218,-0.29508242075293567,-0.003947369907524369
2.855,3/3 curl_four_fingers_thumb_up,0.9438120712128756,-0.3868346184801665,1.0032756598520964,0.053218977746359815,1.0268587833138595e-06,1.0809039824343044e-06,0,0.6160989995792768,-2.5406075626534935e-16,2,473.7,-1.1923406831576937,1.4286749282232605,1.2147599523626165,1.0268587833138595e-06,0.013696318625846731,-0.2950826725325109,-0.003939187053968604
2.86,3/3 curl_four_fingers_thumb_up,0.9438119903734371,-0.3868343509108398,1.0032753301361017,0.053218687214722345,9.75515844149215e-07,1.0268587833138595e-06,0,0.6160986069033879,-2.0965081884080639e-16,2,464.6,-1.1923401259711808,1.4286756296459702,1.2147575941066462,9.75515844149215e-07,0.013691563925761359,-0.29508291692868294,-0.003931243671073461
2.865,3/3 curl_four_fingers_thumb_up,0.9438119104857761,-0.3868340990175387,1.003275009660373,0.05321840559031996,9.267400519440237e-07,9.75515844149215e-07,0,0.6160982284832012,-4.539012395110564e-16,2,462.8,-1.1923395837812292,1.428676296097473,1.2147553114364953,9.267400519440237e-07,0.013686964151097226,-0.2950831541413239,-0.003923532905740439
2.87,3/3 curl_four_fingers_thumb_up,0.9438118315791709,-0.3868338620494406,1.0032746981816774,0.053218132606448594,8.80403049349092e-07,9.267400519440237e-07,0,0.6160978637872518,-4.539012395110564e-16,2,465.8,-1.1923390562133815,1.428676929134547,1.2147531019383195,8.80403049349092e-07,0.01368251432988457,-0.2950833843658093,-0.003916048095711047
2.875,3/3 curl_four_fingers_thumb_up,0.9438117536797807,-0.38683363928849135,1.0032743954624952,0.0532178680041387,8.363828968836849e-07,8.80403049349092e-07,0,0.616097512304646,-4.0949299615240797e-16,2,460.5,-1.1923385429013202,1.4286775302488004,1.2147509632756832,8.363828968836849e-07,0.013678209646445992,-0.29508360779306453,-0.003908782764426908
2.88,3/3 curl_four_fingers_thumb_up,0.9438116768108233,-0.3868334300480454,1.0032741012709208,0.05321761153194258,7.945637520366631e-07,8.363828968836849e-07,0,0.6160971735442267,5.675036043309087e-16,2,459.9,-1.1923380434867448,1.4286781008693046,1.2147488931870458,7.945637520366631e-07,0.013674045436618787,-0.2950838246096149,-0.0039017306160229036
2.8850000000000002,3/3 curl_four_fingers_thumb_up,0.9438116009927491,-0.38683323367156264,1.0032738153805587,0.05321736294572391,7.548355644347679e-07,7.945637520366631e-07,0,0.6160968470337743,1.2392092018330414e-17,2,462.8,-1.1923375576192492,1.4286786423651194,1.2147468894832822,7.548355644347679e-07,0.013670017183167885,-0.2950840349976386,-0.003894885530449881
2.89,3/3 curl_four_fingers_thumb_up,0.943811526243404,-0.38683304953135855,1.0032735375704236,0.053217122008456415,7.170937862120794e-07,7.548355644347679e-07,0,0.6160965323192429,1.9002845358471326e-16,2,461.2,-1.1923370849561976,1.428679156047721,1.214744950045366,7.170937862120794e-07,0.013666120511252548,-0.29508423913502246,-0.003888241558724291
2.895,3/3 curl_four_fingers_thumb_up,0.9438114525781839,-0.38683287702740143,1.00327326762484,0.05321688849002588,6.812390969011914e-07,7.170937862120794e-07,0,0.6160962289640275,5.680202944287338e-17,2,475.0,-1.1923366251625998,1.4286796431733322,1.2147430728220827,6.812390969011914e-07,0.013662351184073324,-0.2950844371954204,-0.003881792918300777
2.9,3/3 curl_four_fingers_thumb_up,0.9438113800101824,-0.3868327155861608,1.0032730053333416,0.053216662167036556,6.471771420578462e-07,6.812390969011914e-07,0,0.6160959365482631,-3.428780900155935e-16,2,496.3,-1.1923361779109856,1.4286801049451616,1.2147412558278128,6.471771420578462e-07,0.013658705098654363,-0.2950846293483136,-0.003875533988565136
2.9050000000000002,3/3 curl_four_fingers_thumb_up,0.9438113085503316,-0.3868325646595024,1.00327275049057,0.053216442822623285,6.14818284955114e-07,6.471771420578462e-07,0,0.6160956546681537,-3.2016151340318044e-17,2,464.8,-1.1923357428812804,1.4286805425155533,1.2147394971404093,6.14818284955114e-07,0.01365517828172721,-0.2950848157590731,-0.0038694593064447277
2.91,3/3 curl_four_fingers_thumb_up,0.9438112382075343,-0.38683242372362575,1.003272502896176,0.0532162302462691,5.840773707076294e-07,6.14818284955114e-07,0,0.6160953829353284,-5.4220273019642273e-17,2,464.5,-1.1923353197606785,1.4286809569880514,1.2147377948991374,5.840773707076294e-07,0.013651766885746775,-0.2950849965890235,-0.0038635635621332475
2.915,3/3 curl_four_fingers_thumb_up,0.9438111689887915,-0.3868322922780471,1.0032722623547217,0.0532160242336279,5.548735021730742e-07,5.840773707076294e-07,0,0.6160951209762258,-1.6524342251510518e-16,2,459.2,-1.1923349082435184,1.428681349419383,1.2147361473027267,5.548735021730742e-07,0.013648467184979076,-0.29508517199550843,-0.003857841594927036
2.92,3/3 curl_four_fingers_thumb_up,0.9438111008993231,-0.3868321698446216,1.0032720286755792,0.05321582458634914,5.271298270646916e-07,5.548735021730742e-07,0,0.616094868431504,-5.422196708553678e-17,2,468.6,-1.1923345080311571,1.4286817208213627,1.2147345526074014,5.271298270646916e-07,0.01364527557179319,-0.2950853421319571,-0.003852288389169785
2.9250000000000003,3/3 curl_four_fingers_thumb_up,0.9438110339426802,-0.38683205596660525,1.0032718016728381,0.053215631111910223,5.007733357086195e-07,5.271298270646916e-07,0,0.6160946249554748,5.675036043309087e-16,2,460.1,-1.1923341188318455,1.4286820721627207,1.2147330091250352,5.007733357086195e-07,0.013642188553001772,-0.2950855071479516,-0.0038468990703037073
2.93,3/3 curl_four_fingers_thumb_up,0.9438109681208553,-0.38683195020775724,1.0032715811652042,0.05321544362345163,4.757346689220163e-07,5.007733357086195e-07,0,0.6160943902155626,2.344366969433617e-16,2,458.6,-1.1923337403606034,1.4286824043708592,1.2147315152213427,4.757346689220163e-07,0.013639202746337049,-0.2950856671892955,-0.003841668901024032
2.935,3/3 curl_four_fingers_thumb_up,0.9438109034343846,-0.3868318521514748,1.0032713669759068,0.0532152619396166,4.5194793547685276e-07,4.757346689220163e-07,0,0.6160941638917845,-1.874475441944294e-16,2,463.7,-1.1923333723390956,1.4286827183335382,1.2147300693141994,4.5194793547685276e-07,0.013636314876960513,-0.29508582239808234,-0.003836593277534409
2.94,3/3 curl_four_fingers_thumb_up,0.9438108398824447,-0.3868317613999664,1.0032711589326035,0.053215085884396086,4.2935053870305917e-07,4.5194793547685276e-07,0,0.6160939456762529,-9.812029660993815e-18,2,460.3,-1.192333014495509,1.4286830149004952,1.2147286698719082,4.2935053870305917e-07,0.013633521774187779,-0.29508597291276534,-0.0038316677258999937
2.945,3/3 curl_four_fingers_thumb_up,0.9438107774629466,-0.386831677573457,1.0032709568672868,0.05321491528697656,4.078830117669561e-07,4.2935053870305917e-07,0,0.6160937352726992,1.9002845358471326e-16,2,470.5,-1.1923326665644296,1.428683294885,1.2147273154115725,4.078830117669561e-07,0.013630820368261215,-0.2950861188682267,-0.00382688789849696
2.95,3/3 curl_four_fingers_thumb_up,0.9438107161726221,-0.38683160030942576,1.0032707606161915,0.05321474998159124,3.8748886117865734e-07,4.078830117669561e-07,0,0.616093532396016,-9.812029660993815e-18,2,465.4,-1.1923323282867204,1.4286835590653468,1.214726004497595,3.8748886117865734e-07,0.013628207687146105,-0.2950862603958478,-0.003822249570555431
2.955,3/3 curl_four_fingers_thumb_up,0.9438106560071089,-0.3868315292618746,1.0032705700197029,0.05321458980737904,3.6811441811988456e-07,3.8748886117865734e-07,0,0.6160933367718193,-3.20169983732653e-17,2,472.5,-1.192331999409401,1.4286838081862896,1.2147247357400555,3.6811441811988456e-07,0.013625680853593902,-0.2950863976235786,-0.003817748636792775
2.96,3/3 curl_four_fingers_thumb_up,0.9438105969610268,-0.38683146410062763,1.0032703849222673,0.05321443460824144,3.4970869721471656e-07,3.6811441811988456e-07,0,0.6160931481360279,-1.6524342251510518e-16,2,466.4,-1.1923316796855281,1.4286840429604166,1.2147235077933103,3.4970869721471656e-07,0.013623237082125808,-0.2950865306760077,-0.003813381108136717
2.965,3/3 curl_four_fingers_thumb_up,0.943810539028055,-0.3868314045106584,1.0032702051723035,0.05321428423270897,3.3222326235691636e-07,3.4970869721471656e-07,0,0.6160929662344611,-5.871285106858436e-16,2,469.9,-1.1923313688740758,1.4286842640694728,1.2147223193545928,3.3222326235691636e-07,0.013620873676151198,-0.2950866596744318,-0.003809143108534383
2.97,3/3 curl_four_fingers_thumb_up,0.9438104822010012,-0.3868313501914432,1.0032700306221145,0.05321413853380753,3.156120992385645e-07,3.3222326235691636e-07,0,0.6160927908224518,1.0121027280152184e-16,2,468.3,-1.1923310667398188,1.4286844721656287,1.214721169162597,3.156120992385645e-07,0.013618588025235691,-0.2950867847369251,-0.003805030871845408
2.975,3/3 curl_four_fingers_thumb_up,0.943810426471869,-0.3868313008563433,1.003269861127802,0.053213997368930906,2.998314942757972e-07,3.156120992385645e-07,0,0.6160926216644769,1.6782348487244178e-16,2,479.6,-1.1923307730532158,1.428684667872698,1.21472005599615,2.998314942757972e-07,0.013616377602408783,-0.2950869059784081,-0.0038010407388177395
2.98,3/3 curl_four_fingers_thumb_up,0.9438103718319222,-0.386831256232011,1.0032696965491783,0.053213860599713066,2.848399195630556e-07,2.998314942757972e-07,0,0.6160924585338008,-2.096525129067009e-16,2,467.5,-1.1923304875902943,1.4286848517873088,1.2147189786729347,2.848399195630556e-07,0.013614239961547495,-0.2950870235107159,-0.0037971691541435937
2.985,3/3 curl_four_fingers_thumb_up,0.9438103182717437,-0.38683121605782006,1.0032695367496867,0.053213728091907976,2.705979235849519e-07,2.848399195630556e-07,0,0.6160923012121351,-9.81287669394107e-18,2,477.6,-1.1923302101325362,1.428685024480024,1.2147179360482658,2.705979235849519e-07,0.013612172734825881,-0.29508713744266657,-0.0037934126635934483
2.99,3/3 curl_four_fingers_thumb_up,0.9438102657812922,-0.3868311800853194,1.0032693815963167,0.05321359971527163,2.5706802740375493e-07,2.705979235849519e-07,0,0.6160921494893118,3.8986766628099946e-16,2,471.1,-1.192329940466766,1.428685186496421,1.2147169270138698,2.5706802740375493e-07,0.013610173630278792,-0.29508724788012797,-0.003789767911225982
2.995,3/3 curl_four_fingers_thumb_up,0.9438102143499572,-0.3868311480777105,1.0032692309595215,0.0532134753434444,2.4421462603383826e-07,2.5706802740375493e-07,0,0.6160920031629692,-5.4221543569063155e-17,2,461.0,-1.1923296783850394,1.4286853383581255,1.2147159504967135,2.4421462603383826e-07,0.013608240429430025,-0.2950873549260849,-0.003786231636672392
3.0,3/3 curl_four_fingers_thumb_up,0.9438101639666073,-0.3868311198093434,1.0032690847131411,0.05321335485384119,2.320038947321954e-07,2.4421462603383826e-07,0,0.6160918620382513,-9.812029660993815e-18,2,462.2,-1.1923294236845337,1.4286854805638058,1.2147150054578746,2.320038947321954e-07,0.013606370984989217,-0.29508745868070474,-0.0037828006724931382
3.005,3/3 curl_four_fingers_thumb_up,0.9438101146196411,-0.3868310950652369,1.003268942734322,0.05321323812754076,2.204036999963008e-07,2.320038947321954e-07,0,0.6160917259275182,-1.4303887731930733e-16,2,463.3,-1.1923291761674386,1.428685613590125,1.2147140908915037,2.204036999963008e-07,0.013604563218564217,-0.2950875592414026,-0.003779471941605196
3.0100000000000002,3/3 curl_four_fingers_thumb_up,0.94381006629703,-0.38683107364061536,1.0032688049034397,0.05321312504918072,2.0938351499620178e-07,2.204036999963008e-07,0,0.61609159465007,5.680118240992613e-17,2,455.4,-1.192328935640851,1.4286857378926567,1.2147132058237256,2.0938351499620178e-07,0.01360281511853714,-0.29508765670290615,-0.003776242454777472
3.015,3/3 curl_four_fingers_thumb_up,0.943810018986361,-0.38683105534046713,1.0032686711040235,0.05321301550685279,1.989143392432211e-07,2.0938351499620178e-07,0,0.6160914680318796,6.341172399183023e-16,2,471.2,-1.1923287019166684,1.4286858539067646,1.2147123493116125,1.989143392432211e-07,0.013601124737969022,-0.29508775115731856,-0.0037731093081936444
3.02,3/3 curl_four_fingers_thumb_up,0.9438099726748784,-0.3868310399791196,1.0032685412226832,0.05321290939200505,1.8896862228432875e-07,1.989143392432211e-07,0,0.6160913459053384,-6.537417227567635e-16,2,459.7,-1.1923284748114855,1.428685962048444,1.2147115204422256,1.8896862228432875e-07,0.013599490192534255,-0.29508784269418165,-0.003770069681080273
3.025,3/3 curl_four_fingers_thumb_up,0.9438099273495202,-0.3868310273798318,1.0032684151490319,0.053212806599341196,1.7952019117127158e-07,1.8896862228432875e-07,0,0.6160912281090098,-2.318566345860251e-16,2,460.9,-1.192328254146492,1.428686062715132,1.2147107183316532,1.7952019117127158e-07,0.013597909658551548,-0.2950879314005374,-0.0037671208333982012
3.0300000000000002,3/3 curl_four_fingers_thumb_up,0.9438098829969552,-0.3868310173744053,1.0032682927756205,0.05321270702672918,1.705441816134232e-07,1.7952019117127158e-07,0,0.6160911144873956,-1.430386655610705e-16,2,460.3,-1.1923280397473714,1.4286861562864845,1.2147099421240695,1.705441816134232e-07,0.013596381371086314,-0.29508801736098883,-0.0037642601035959406
3.035,3/3 curl_four_fingers_thumb_up,0.9438098396036149,-0.38683100980280916,1.003268173997861,0.05321261057510588,1.6201697253235702e-07,1.705441816134232e-07,0,0.6160910048907083,7.900572760572398e-17,2,459.4,-1.1923278314442034,1.4286862431251204,1.2147091909908627,1.6201697253235702e-07,0.013594903622072134,-0.2950881006577599,-0.0037614849064235884
3.04,3/3 curl_four_fingers_thumb_up,0.9438097971557269,-0.386831004512822,1.0032680587139613,0.053212517148389545,1.5391612390490005e-07,1.6201697253235702e-07,0,0.6160908991746553,1.6782348487244178e-16,2,457.5,-1.192327629071364,1.4286863235773382,1.2147084641297594,1.5391612390490005e-07,0.013593474758522706,-0.2950881813707543,-0.003758792730805314
3.045,3/3 curl_four_fingers_thumb_up,0.9438097556393426,-0.38683100135968845,1.0032679468248569,0.053212426653391855,1.4622031771037025e-07,1.5391612390490005e-07,0,0.6160907972002302,-1.4303887731930733e-16,2,518.9,-1.1923274324674316,1.4286863979738018,1.214707760763992,1.4622031771037025e-07,0.013592093180782073,-0.2950882595776134,-0.0037561811377692144
3.0500000000000003,3/3 curl_four_fingers_thumb_up,0.9438097150403678,-0.38683100020579014,1.0032678382341418,0.053212338999733606,1.389093018243457e-07,1.4622031771037025e-07,0,0.6160906988335123,1.0121027280152184e-16,2,495.8,-1.192327241475091,1.4286864666301997,1.2147070801414837,1.389093018243457e-07,0.013590757340840514,-0.295088335353773,-0.003753647758432927
3.055,3/3 curl_four_fingers_thumb_up,0.9438096753445857,-0.3868310009203289,1.0032677328480075,0.05321225409976164,1.3196383673462076e-07,1.389093018243457e-07,0,0.6160906039454751,-2.984702701734187e-16,2,463.4,-1.1923270559410417,1.4286865298478766,1.2147064215340622,1.3196383673462076e-07,0.013589465740697769,-0.29508840877251924,-0.003751190292043669
3.06,3/3 curl_four_fingers_thumb_up,0.9438096365376851,-0.38683100337902554,1.003267630575175,0.05321217186846983,1.2536564489727266e-07,1.3196383673462076e-07,0,0.616090512411801,1.2341460623908288e-16,2,459.7,-1.192326875715906,1.42868658791444,1.2147057842367217,1.2536564489727266e-07,0.013588216930754656,-0.29508847990504367,-0.003748806504071244
3.065,3/3 curl_four_fingers_thumb_up,0.9438095986052799,-0.38683100746382976,1.0032675313268364,0.05321209222342125,1.1909736265290218e-07,1.2536564489727266e-07,0,0.616090424112705,-9.863021044418524e-17,2,458.8,-1.1923267006541398,1.4286866411043424,1.2147051675668448,1.1909736265290218e-07,0.013587009508318806,-0.2950885488204966,-0.003746494224352407
3.0700000000000003,3/3 curl_four_fingers_thumb_up,0.9438095615329339,-0.3868310130626419,1.0032674350165895,0.05321201508467258,1.1314249452097227e-07,1.1909736265290218e-07,0,0.6160903389327627,-1.4303908907754414e-16,2,460.1,-1.1923265306139443,1.4286866896794395,1.2147045708635353,1.1314249452097227e-07,0.013585842116069677,-0.2950886155860402,-0.003744251345285956
3.075,3/3 curl_four_fingers_thumb_up,0.9438095253061777,-0.38683102006904707,1.0032673415603812,0.053211940374699486,1.0748536979452863e-07,1.1314249452097227e-07,0,0.6160902567607479,7.900551584748717e-17,2,460.3,-1.1923263654571792,1.428686733889526,1.2147039934868908,1.0748536979452863e-07,0.013584713440653231,-0.2950886802669,-0.0037420758200762782
3.08,3/3 curl_four_fingers_thumb_up,0.9438094899105312,-0.3868310283820612,1.003267250876447,0.053211868018327564,1.0211110130429615e-07,1.0748536979452863e-07,0,0.616090177489475,1.0120984928504821e-16,2,458.8,-1.192326205049278,1.4286867739728486,1.2147034348173968,1.0211110130429615e-07,0.013583622211222349,-0.2950887429264157,-0.00373996566102503
3.085,3/3 curl_four_fingers_thumb_up,0.9438094553315176,-0.386831037905885,1.003267162885254,0.05321179794266124,9.700554623890837e-08,1.0211110130429615e-07,0,0.6160901010156477,3.4596425455891457e-17,2,458.0,-1.1923260492591652,1.4286868101566006,1.2147028942551952,9.700554623890837e-08,0.013582567198166789,-0.29508880362609063,-0.0037379189378685534
3.09,3/3 curl_four_fingers_thumb_up,0.9438094215546835,-0.38683104854967193,1.0032670775094439,0.05321173007701702,9.215526892579076e-08,9.700554623890837e-08,0,0.6160900272397136,2.344366969433617e-16,2,494.2,-1.1923258979591733,1.428686842657393,1.214702371219527,9.215526892579076e-08,0.013581547211732907,-0.29508886242564064,-0.003735933776161503
3.095,3/3 curl_four_fingers_thumb_up,0.9438093885656113,-0.3868310602273026,1.0032669946737784,0.0532116643528578,8.754750547943926e-08,9.215526892579076e-08,0,0.6160899560657249,1.2392092018330414e-17,2,510.1,-1.1923257510249639,1.4286868716817096,1.2147018651481025,8.754750547943926e-08,0.013580561100775842,-0.2950889193830414,-0.0037340083557037243
3.1,3/3 curl_four_fingers_thumb_up,0.9438093563499336,-0.386831072857171,1.0032669143050876,0.05321160070373102,8.317013020607147e-08,8.754750547943926e-08,0,0.6160898874012043,-1.208346497608647e-16,2,487.7,-1.1923256083354474,1.4286868974263407,1.214701375496545,8.317013020607147e-08,0.0135796077514976,-0.295088974554575,-0.0037321409090103853
3.105,3/3 curl_four_fingers_thumb_up,0.9438093248933491,-0.3868310863619785,1.0032668363322121,0.053211539065203546,7.901162369581696e-08,8.317013020607147e-08,0,0.616089821157015,-9.812453177467442e-18,2,470.7,-1.1923254697727073,1.4286869200788013,1.2147009017377595,7.901162369581696e-08,0.01357868608631661,-0.29508902799487563,-0.003730329719823513
3.11,3/3 curl_four_fingers_thumb_up,0.9438092941816323,-0.3868311006685377,1.003266760685957,0.05321147937480606,7.506104251140824e-08,7.901162369581696e-08,0,0.6160897572472384,-7.642577112750579e-17,2,471.0,-1.1923253352219234,1.428686939817731,1.2147004433614466,7.506104251140824e-08,0.013577795062648742,-0.295089079756974,-0.0037285731216649015
3.115,3/3 curl_four_fingers_thumb_up,0.9438092642006448,-0.3868311157075829,1.003266687299038,0.05321142157197024,7.130799038677508e-08,7.506104251140824e-08,0,0.6160896955890528,-1.8744817946913985e-16,2,463.6,-1.1923252045712982,1.4286869568132778,1.2146999998735424,7.130799038677508e-08,0.013576933671815476,-0.2950891298923408,-0.003726869496427987
3.12,3/3 curl_four_fingers_thumb_up,0.9438092349363476,-0.3868311314135909,1.0032666161060324,0.05321136559797549,6.774259086670823e-08,7.130799038677508e-08,0,0.6160896361026207,1.456187279184071e-16,2,471.4,-1.192325077711984,1.4286869712274657,1.2146995707957027,6.774259086670823e-08,0.013576100937958762,-0.29508917845092947,-0.003725217273008599
3.125,3/3 curl_four_fingers_thumb_up,0.9438092063748094,-0.38683114772460675,1.0032665470433346,0.05321131139589353,6.435546132319983e-08,6.774259086670823e-08,0,0.6160895787109774,3.4596425455891457e-17,2,465.5,-1.1923249545380115,1.4286869832145483,1.2146991556648326,6.435546132319983e-08,0.013575295916962332,-0.2950892254812174,-0.0037236149259732712
3.13,3/3 curl_four_fingers_thumb_up,0.943809178502216,-0.3868311645820793,1.0032664800491036,0.053211258910533556,6.113768825964242e-08,6.435546132319983e-08,0,0.616089523339925,-5.205150868566868e-16,2,470.0,-1.1923248349462199,1.4286869929213468,1.214698754032567,6.113768825964242e-08,0.013574517695470143,-0.29508927103024696,-0.003722060974263859
3.1350000000000002,3/3 curl_four_fingers_thumb_up,0.9438091513048782,-0.38683118193070326,1.0032664150632211,0.05321120808839192,5.8080803847375495e-08,6.113768825964242e-08,0,0.6160894699179309,-1.4303930083578095e-16,2,469.2,-1.1923247188361887,1.4286870004875742,1.214698365464808,5.8080803847375495e-08,0.013573765389896053,-0.29508931514366465,-0.0037205539799381035
3.14,3/3 curl_four_fingers_thumb_up,0.9438091247692392,-0.3868311997182665,1.0032663520272438,0.05321115887760001,5.517676365683214e-08,5.8080803847375495e-08,0,0.6160894183760297,-3.6508390576081226e-16,2,476.1,-1.1923246061101707,1.4286870060461467,1.2146979895413086,5.517676365683214e-08,0.013573038145431598,-0.29508935786576035,-0.0037190925469448607
3.145,3/3 curl_four_fingers_thumb_up,0.9438090988818819,-0.3868312178955058,1.003266290884363,0.053211111227878645,5.241792547448368e-08,5.517676365683214e-08,0,0.6160893686477283,-9.863031632330365e-17,2,476.4,-1.1923244966730262,1.4286870097234816,1.2146976258552018,5.241792547448368e-08,0.013572335135153657,-0.2950893992395046,-0.0037176753199326907
3.15,3/3 curl_four_fingers_thumb_up,0.943809073629535,-0.38683123641596784,1.003266231579358,0.05321106509048663,4.979702920114163e-08,5.241792547448368e-08,0,0.6160893206689159,-7.64258770066242e-17,2,462.9,-1.1923243904321592,1.4286870116397832,1.2146972740125803,4.979702920114163e-08,0.013571655559125513,-0.2950894393065859,-0.003716300983091619
3.1550000000000002,3/3 curl_four_fingers_thumb_up,0.9438090489990777,-0.3868312552358764,1.003266174058557,0.053211020418177636,4.73071777405785e-08,4.979702920114163e-08,0,0.616089274377776,1.0120984928504821e-16,2,464.0,-1.1923242872974542,1.428687011909317,1.2146969336321056,4.73071777405785e-08,0.013570998643508317,-0.2950894781074462,-0.0037149682590268984
3.16,3/3 curl_four_fingers_thumb_up,0.9438090249775465,-0.3868312743140051,1.003266118269794,0.05321097716515406,4.494181885404273e-08,4.73071777405785e-08,0,0.6160892297147034,-9.863036926286285e-17,2,468.9,-1.1923241871812145,1.4286870106406717,1.2146966043445786,4.494181885404273e-08,0.013570363639753022,-0.2950895156813164,-0.00371367590766363
3.165,3/3 curl_four_fingers_thumb_up,0.9438090015521375,-0.3868312936115561,1.0032660641623712,0.053210935287023704,4.269472791183374e-08,4.494181885404273e-08,0,0.6160891866222219,-9.863036926286285e-17,2,473.2,-1.1923240899981025,1.428687007937012,1.214696285792593,4.269472791183374e-08,0.013569749823747064,-0.29508955206625037,-0.00371242272518209
3.17,3/3 curl_four_fingers_thumb_up,0.9438089787102129,-0.386831313092044,1.0032660116870187,0.05321089474075819,4.055999151529192e-08,4.269472791183374e-08,0,0.6160891450449083,1.9002765949132521e-16,2,465.4,-1.1923239956650806,1.4286870038963184,1.2146959776301103,4.055999151529192e-08,0.013569156495079398,-0.29508958729915824,-0.003711207542982114
3.1750000000000003,3/3 curl_four_fingers_thumb_up,0.9438089564393022,-0.3868313327211839,1.0032659607958576,0.053210855484651605,3.85319919381331e-08,4.055999151529192e-08,0,0.6160891049293161,2.788454696976022e-16,2,460.7,-1.1923239041013536,1.428686998611619,1.214695679522178,3.85319919381331e-08,0.01356858297619784,-0.29508962141583905,-0.003710029226676728
3.18,3/3 curl_four_fingers_thumb_up,0.9438089347271081,-0.38683135246678574,1.0032659114423599,0.05321081747828086,3.660539234049835e-08,3.85319919381331e-08,0,0.6160890662239042,1.456186749788479e-16,2,462.2,-1.192323815228312,1.4286869921712118,1.2146953911444889,3.660539234049835e-08,0.013568028611760282,-0.29508965445101243,-0.0037088866751129363
3.185,3/3 curl_four_fingers_thumb_up,0.9438089135615064,-0.3868313722986519,1.003265863581316,0.05321078068246588,3.477512272463272e-08,3.660539234049835e-08,0,0.6160890288789677,-2.3185716398161716e-16,2,467.8,-1.1923237289694775,1.428686984658875,1.214695112183113,3.477512272463272e-08,0.013567492767849205,-0.2950896864383493,-0.003707778819420655
3.19,3/3 curl_four_fingers_thumb_up,0.9438088929305496,-0.3868313921884809,1.003265817168799,0.053210745059235044,3.303636658778401e-08,3.477512272463272e-08,0,0.6160889928465709,1.2341418272260925e-16,2,507.2,-1.1923236452504489,1.4286869761540724,1.2146948423341273,3.303636658778401e-08,0.013566974831321792,-0.2950897174105022,-0.0037067046220873243
3.1950000000000003,3/3 curl_four_fingers_thumb_up,0.9438088728224705,-0.38683141210977307,1.0032657721621272,0.0532107105717857,3.1384548258998986e-08,3.303636658778401e-08,0,0.6160889580804833,-1.208348615191015e-16,2,533.6,-1.1923235639988492,1.4286869667321465,1.2146945813033159,3.1384548258998986e-08,0.0135664742091197,-0.2950897473991344,-0.003705663076058789
3.2,3/3 curl_four_fingers_thumb_up,0.9438088532256803,-0.38683143203774323,1.0032657285198334,0.053210677184450834,2.981532084432174e-08,3.1384548258998986e-08,0,0.6160889245361173,3.4545878764764056e-16,2,474.6,-1.1923234851442743,1.428686956464506,1.214694328805877,2.981532084432174e-08,0.013565990327606296,-0.2950897764349485,-0.0037046532038650425
3.205,3/3 curl_four_fingers_thumb_up,0.9438088341287733,-0.3868314519492343,1.0032656862016307,0.05321064486266364,2.8324554802598807e-08,2.981532084432174e-08,0,0.6160888921704698,-9.863042220242205e-17,2,479.9,-1.192323408618243,1.428686945418804,1.2146940845661067,2.8324554802598807e-08,0.01356552263195549,-0.29508980454771416,-0.0037036740567702245
3.21,3/3 curl_four_fingers_thumb_up,0.943808815520526,-0.3868314718226368,1.0032656451683826,0.0532106135729254,2.690832706529349e-08,2.8324554802598807e-08,0,0.6160888609420638,-5.649240713691641e-16,2,481.7,-1.192323334354147,1.4286869336591101,1.214693848317094,2.690832706529349e-08,0.01356507058556021,-0.2950898317662954,-0.0037027247139465006
3.215,3/3 curl_four_fingers_thumb_up,0.9438087973898986,-0.3868314916378113,1.003265605382068,0.05321058328277168,2.5562910711411742e-08,2.690832706529349e-08,0,0.6160888308108938,1.2341418272260925e-16,2,474.4,-1.1923232622872035,1.4286869212460733,1.214693619800469,2.5562910711411742e-08,0.013564633669414282,-0.29508985811867655,-0.0037018042816712874
3.22,3/3 curl_four_fingers_thumb_up,0.943808779726036,-0.3868315113760136,1.0032655668057557,0.05321055396074293,2.4284765177555553e-08,2.5562910711411742e-08,0,0.6160888017383727,-3.428794664441328e-16,2,474.1,-1.1923231923544082,1.428686908237079,1.214693398766123,2.4284765177555553e-08,0.013564211381552393,-0.29508988363198835,-0.0037009118925466137
3.225,3/3 curl_four_fingers_thumb_up,0.9438087625182662,-0.38683153101982504,1.00326552940357,0.05321052557635234,2.3070526920947285e-08,2.4284765177555553e-08,0,0.6160887736872802,-4.539017689066485e-16,2,472.7,-1.1923231244944892,1.4286868946864,1.2146931849719587,2.3070526920947285e-08,0.013563803236484649,-0.29508990833253246,-0.003700046704740483
3.23,3/3 curl_four_fingers_thumb_up,0.9438087457561025,-0.38683155055308405,1.0032654931406655,0.053210498100057214,2.191700057539307e-08,2.3070526920947285e-08,0,0.6160887466217146,-9.863042220242205e-17,2,462.7,-1.1923230586478624,1.4286868806453399,1.2146929781836275,2.191700057539307e-08,0.013563408764670475,-0.29508993224580604,-0.0036992079012493568
3.235,3/3 curl_four_fingers_thumb_up,0.9438087294292421,-0.38683156996082135,1.0032654579831957,0.053210471503229696,2.0821150546894525e-08,2.191700057539307e-08,0,0.6160887205070444,-5.422149062950395e-17,2,473.7,-1.1923229947565874,1.428686866162371,1.2146927781742567,2.0821150546894525e-08,0.013563027512029042,-0.2950899553965252,-0.0036983946891814665
3.24,3/3 curl_four_fingers_thumb_up,0.943808713527566,-0.38683158922919897,1.0032654238982903,0.053210445758130616,1.978009302004295e-08,2.0821150546894525e-08,0,0.616088695309863,-9.863039573264245e-17,2,469.8,-1.1923229327643254,1.4286868512832667,1.2146925847242724,1.978009302004295e-08,0.013562659039376082,-0.29508997780864815,-0.00369760629906051
3.245,3/3 curl_four_fingers_thumb_up,0.9438086980411379,-0.3868316083454508,1.003265390854023,0.05321042083787981,1.8791088368534752e-08,1.978009302004295e-08,0,0.6160886709979446,1.0120976987570941e-16,2,466.7,-1.1923228726162967,1.4286868360512264,1.2146923976211061,1.8791088368534752e-08,0.013562302922002667,-0.2950899995053973,-0.0036968419841483594
3.25,3/3 curl_four_fingers_thumb_up,0.9438086829602047,-0.38683162729782666,1.003265358819389,0.0532103967164325,1.785153394982401e-08,1.8791088368534752e-08,0,0.6160886475402023,5.68008647725709e-17,2,462.8,-1.1923228142592406,1.4286868205069978,1.2146922166590017,1.785153394982401e-08,0.01356195874917436,-0.29509002050928135,-0.0036961010197874167
3.255,3/3 curl_four_fingers_thumb_up,0.9438086682751943,-0.3868316460755378,1.0032653277642785,0.05321037336855237,1.695895725282596e-08,1.785153394982401e-08,0,0.6160886249066467,-9.863036926286285e-17,2,461.0,-1.192322757641375,1.4286868046889918,1.2146920416388154,1.695895725282596e-08,0.013561626123661312,-0.29509004084211604,-0.0036953827027612607
3.2600000000000002,3/3 curl_four_fingers_thumb_up,0.9438086539767152,-0.3868316646687073,1.0032652976594516,0.05321035076978759,1.6111009389789634e-08,1.695895725282596e-08,0,0.616088603068347,7.900533055902996e-17,2,461.6,-1.1923227027123586,1.4286867886333932,1.2146918723677662,1.6111009389789634e-08,0.013561304661338378,-0.29509006052504505,-0.003694686350673127
3.265,3/3 curl_four_fingers_thumb_up,0.9438086400555551,-0.3868316830683197,1.0032652684765153,0.053210328896446175,1.5305458921237392e-08,1.6111009389789634e-08,0,0.6160885819973928,-1.8744817946913985e-16,2,455.5,-1.1923226494232517,1.4286867723742664,1.2146917086592643,1.5305458921237392e-08,0.0135609939907278,-0.29509007957855976,-0.003694011301342359
3.27,3/3 curl_four_fingers_thumb_up,0.9438086265026802,-0.38683170126617467,1.0032652401878999,0.05321030772557487,1.4540185976223785e-08,1.5305458921237392e-08,0,0.6160885616668583,-2.096526187858193e-16,2,467.4,-1.1923225977264804,1.4286867559436571,1.214691550332715,1.4540185976223785e-08,0.013560693752587206,-0.29509009802251884,-0.003693356912217615
3.275,3/3 curl_four_fingers_thumb_up,0.9438086133092318,-0.3868317192548433,1.003265212766834,0.05321028723493305,1.3813176674575078e-08,1.4540185976223785e-08,0,0.6160885420507662,5.675034984517903e-16,2,460.5,-1.1923225475757995,1.4286867393716887,1.2146913972133122,1.3813176674575078e-08,0.013560403599526073,-0.295090115876167,-0.0036927225598066536
3.2800000000000002,3/3 curl_four_fingers_thumb_up,0.9438086004665283,-0.3868317370276251,1.0032651861873256,0.053210267402974694,1.3122517840007209e-08,1.3813176674575078e-08,0,0.6160885231240546,1.6782319370486616e-16,2,460.0,-1.1923224989262582,1.4286867226866555,1.2146912491318667,1.3122517840007209e-08,0.013560123195608174,-0.29509013315815347,-0.003692107639122448
3.285,3/3 curl_four_fingers_thumb_up,0.9438085879660594,-0.3868317545785068,1.0032651604241376,0.053210248208824286,1.2466391948611022e-08,1.3122517840007209e-08,0,0.6160885048625441,-1.208347821097627e-16,2,653.6,-1.192322451734165,1.4286867059151112,1.2146911059245977,1.2466391948611022e-08,0.013559852216006908,-0.29509014988654964,-0.0036915115631448426
3.29,3/3 curl_four_fingers_thumb_up,0.943808575799487,-0.3868317719021251,1.0032651354527686,0.05321022963225811,1.1843072350452376e-08,1.2466391948611022e-08,0,0.6160884872429063,1.456187279184071e-16,2,507.9,-1.192322405957055,1.4286866890819532,1.2146909674330169,1.1843072350452376e-08,0.013559590346588189,-0.2950901660788666,-0.00369093376229783
3.295,3/3 curl_four_fingers_thumb_up,0.9438085639586442,-0.3868317889937297,1.0032651112494302,0.053210211653683344,1.1250918733200864e-08,1.1843072350452376e-08,0,0.6160884702426338,-5.4221397985275345e-17,2,481.2,-1.192322361553656,1.4286866722105038,1.2146908335037174,1.1250918733200864e-08,0.013559337283602653,-0.29509018175207197,-0.003690373683941066
3.3000000000000003,3/3 curl_four_fingers_thumb_up,0.9438085524355295,-0.38683180584914745,1.0032650877910305,0.05321019425411886,1.0688372796700905e-08,1.1250918733200864e-08,0,0.6160884538400104,-3.2016932198816294e-17,2,476.8,-1.1923223184838578,1.4286866553225883,1.2146907039882204,1.0688372796700905e-08,0.013559092733339113,-0.29509019692260613,-0.0036898307918763174
3.305,3/3 curl_four_fingers_thumb_up,0.9438085412223092,-0.3868318224647496,1.0032650650551498,0.0532101774151769,1.0153954156248788e-08,1.0688372796700905e-08,0,0.6160884380140839,1.2341428860172766e-16,2,476.7,-1.1923222767086805,1.428686638438608,1.2146905787428284,1.0153954156248788e-08,0.0135588564117863,-0.29509021160639826,-0.0036893045658678
3.31,3/3 curl_four_fingers_thumb_up,0.9438085303113126,-0.3868318388374196,1.0032650430200272,0.053210161119045064,9.646256447930299e-09,1.0153954156248788e-08,0,0.6160884227446382,1.0120984928504821e-16,2,471.4,-1.1923222361902446,1.4286866215776124,1.2146904576284672,9.646256447930299e-09,0.013558628044321532,-0.29509022581888156,-0.0036887945011761267
3.315,3/3 curl_four_fingers_thumb_up,0.9438085196950314,-0.3868318549645243,1.0032650216645362,0.05321014534846708,9.16394362713716e-09,9.646256447930299e-09,0,0.6160884080121672,-3.2067490801344515e-16,2,482.8,-1.1923221968917406,1.428686604757365,1.2146903405105187,9.16394362713716e-09,0.013558407365423669,-0.2950902395750086,-0.0036883001081055755
3.3200000000000003,3/3 curl_four_fingers_thumb_up,0.943808509366116,-0.38683187084388243,1.003265000968172,0.053210130086727404,8.705746444719141e-09,9.16394362713716e-09,0,0.6160883937978504,2.1223213851267406e-16,2,469.6,-1.1923221587774009,1.4286865879944093,1.2146902272587405,8.705746444719141e-09,0.01355819411831457,-0.29509025288926555,-0.003687820911564486
3.325,3/3 curl_four_fingers_thumb_up,0.9438084993173762,-0.38683188647373973,1.0032649809110306,0.053210115317634595,8.270459122976336e-09,8.705746444719141e-09,0,0.6160883800835278,-9.863031632330365e-17,2,469.7,-1.1923221218124715,1.4286865713041306,1.2146901177470366,8.270459122976336e-09,0.0135579880547617,-0.29509026577568664,-0.0036873564506375413
3.33,3/3 curl_four_fingers_thumb_up,0.9438084895417751,-0.3868319018527414,1.0032649614737927,0.05321010102550323,7.856936169319072e-09,8.270459122976336e-09,0,0.6160883668516768,-4.98310607835338e-16,2,474.8,-1.1923220859631847,1.428686554700814,1.2146900118534012,7.856936169319072e-09,0.013557788934722995,-0.2950902782478675,-0.003686906278171266
3.335,3/3 curl_four_fingers_thumb_up,0.9438084800324298,-0.38683191697990804,1.0032649426377083,0.05321008719514065,7.46408936090218e-09,7.856936169319072e-09,0,0.6160883540853894,-9.812479647247044e-18,2,477.4,-1.1923220511967318,1.428686538197702,1.214689909459762,7.46408936090218e-09,0.013557596526104788,-0.2950902903189789,-0.0036864699603705244
3.34,3/3 curl_four_fingers_thumb_up,0.9438084707826087,-0.38683193185461123,1.0032649243845777,0.053210073811830495,7.090884891351821e-09,7.46408936090218e-09,0,0.6160883417683511,3.0104997518873067e-16,2,472.2,-1.1923220174812381,1.428686521807047,1.2146898104518444,7.090884891351821e-09,0.013557410604512323,-0.2950903020017794,-0.003686047076406866
3.345,3/3 curl_four_fingers_thumb_up,0.9438084617857279,-0.38683194647655156,1.0032649066967407,0.053210060861319054,6.73634064627818e-09,7.090884891351821e-09,0,0.6160883298848193,1.0120983605015841e-16,2,473.5,-1.1923219847857365,1.4286865055401639,1.2146897147190558,6.73634064627818e-09,0.013557230952990763,-0.29509031330862806,-0.00368563721803823
3.35,3/3 curl_four_fingers_thumb_up,0.9438084530353501,-0.38683196084573757,1.0032648895570557,0.05321004832979904,6.3995236142353786e-09,6.73634064627818e-09,0,0.6160883184196035,-5.4221384750385545e-17,2,473.8,-1.1923219530801432,1.428686489407478,1.214689622154392,6.3995236142353786e-09,0.013557057361758244,-0.2950903242514968,-0.00368523998923945
3.355,3/3 curl_four_fingers_thumb_up,0.943808444525182,-0.3868319749624644,1.0032648729488884,0.05321003620389839,6.0795474309081365e-09,6.3995236142353786e-09,0,0.6160883073580453,5.230945933486518e-16,2,467.2,-1.1923219223352337,1.4286864734185734,1.214689532654278,6.0795474309081365e-09,0.013556889628014622,-0.2950903348419818,-0.003684855005843133
3.36,3/3 curl_four_fingers_thumb_up,0.9438084362490722,-0.3868319888272962,1.003264856856096,0.05321002447066401,5.775570056525212e-09,6.0795474309081365e-09,0,0.6160882966860001,5.675035116866801e-16,2,480.3,-1.1923218925226189,1.4286864575822356,1.2146894461184918,5.775570056525212e-09,0.013556727555679222,-0.2950903450913156,-0.0036844818951913276
3.365,3/3 curl_four_fingers_thumb_up,0.9438084282010082,-0.3868320024410459,1.0032648412630143,0.053210013117551976,5.486791553192902e-09,5.775570056525212e-09,0,0.6160882863898189,1.0120984266760331e-16,2,471.8,-1.1923218636147228,1.4286864419064962,1.2146893624500736,5.486791553192902e-09,0.013556570955154354,-0.2950903550103776,-0.003684120295796861
3.37,3/3 curl_four_fingers_thumb_up,0.9438084203751144,-0.38683201580475896,1.0032648261544421,0.05321000213241118,5.212451973250851e-09,5.486791553192902e-09,0,0.6160882764563309,4.564812158416093e-16,2,470.4,-1.1923218355847598,1.4286864263986725,1.2146892815551495,5.212451973250851e-09,0.013556419643183763,-0.29509036460970556,-0.0036837698570142143
3.375,3/3 curl_four_fingers_thumb_up,0.9438084127656498,-0.38683202891969704,1.0032648115156313,0.05320999150347578,4.951829371972835e-09,5.212451973250851e-09,0,0.616088266872826,5.230945933486518e-16,2,495.7,-1.192321808406713,1.428686411065406,1.2146892033429182,4.951829371972835e-09,0.013556273442559085,-0.2950903738995055,-0.003683430238720666
3.38,3/3 curl_four_fingers_thumb_up,0.9438084053670059,-0.38683204178732133,1.0032647973322681,0.05320998121934823,4.704237900203609e-09,4.951829371972835e-09,0,0.6160882576270399,6.341168958111674e-16,2,517.5,-1.1923217820553131,1.4286863959127007,1.214689127725486,4.704237900203609e-09,0.013556132181987582,-0.29509038288966233,-0.0036831011110057153
3.3850000000000002,3/3 curl_four_fingers_thumb_up,0.9438083981737039,-0.3868320544092791,1.0032647835904671,0.0532099712689913,4.469026005797602e-09,4.704237900203609e-09,0,0.6160882487071371,-1.208347556399831e-16,2,507.2,-1.1923217565060178,1.4286863809459571,1.2146890546178464,4.469026005797602e-09,0.013555995695826406,-0.29509039158974965,-0.0036827821538701552
3.39,3/3 curl_four_fingers_thumb_up,0.9438083911803925,-0.3868320667873876,1.0032647702767554,0.05320996164171638,4.24557470389145e-09,4.469026005797602e-09,0,0.616088240101696,3.232544475926346e-16,2,507.3,-1.1923217317349915,1.4286863661700069,1.214688983937694,4.24557470389145e-09,0.013555863823987786,-0.2950904000090392,-0.0036824730569331
3.395,3/3 curl_four_fingers_thumb_up,0.943808384381846,-0.38683207892362276,1.0032647573780604,0.05320995232717194,4.033295971521497e-09,4.24557470389145e-09,0,0.6160882317996957,-5.649239721074906e-16,2,509.0,-1.192321707719086,1.4286863515891441,1.2146889156054363,4.033295971521497e-09,0.01355573641166051,-0.2950904081565103,-0.0036821735191484182
3.4,3/3 curl_four_fingers_thumb_up,0.9438083777729612,-0.38683209082010556,1.003264744881699,0.05320994331533253,3.831631173327551e-09,4.033295971521497e-09,0,0.6160882237905001,-7.64258373019548e-17,2,521.7,-1.1923216844358218,1.4286863372071565,1.2146888495440378,3.831631173327551e-09,0.013555613309204122,-0.2950904160408589,-0.00368188324852837
3.4050000000000002,3/3 curl_four_fingers_thumb_up,0.9438083713487564,-0.38683210247909,1.0032647327753679,0.05320993459649107,3.6400496138220573e-09,3.831631173327551e-09,0,0.6160882160638455,1.6782323340953556e-16,2,541.8,-1.1923216618633685,1.4286863230273543,1.214688785678938,3.6400496138220573e-09,0.013555494371978434,-0.29509042367050636,-0.0036816019618759266
3.41,3/3 curl_four_fingers_thumb_up,0.9438083651043667,-0.38683211390295175,1.0032647210471302,0.05320992616124557,3.458047134068195e-09,3.6400496138220573e-09,0,0.6160882086098269,-1.8744813314702555e-16,2,508.2,-1.192321639980528,1.428686309052598,1.2146887239380215,3.458047134068195e-09,0.01355537946012947,-0.2950904310536078,-0.003681329384524893
3.415,3/3 curl_four_fingers_thumb_up,0.9438083590350448,-0.38683212509417775,1.0032647096854055,0.05320991800049261,3.2851447771918028e-09,3.458047134068195e-09,0,0.616088201418886,3.459647177800576e-17,2,488.6,-1.192321618766716,1.428686295285325,1.2146886642514934,3.2851447771918028e-09,0.013555268438478943,-0.2950904381980606,-0.0036810652500869723
3.42,3/3 curl_four_fingers_thumb_up,0.9438083531361565,-0.38683213605535594,1.0032646986789595,0.05320991010541563,3.1208875382702526e-09,3.2851447771918028e-09,0,0.6160881944817987,1.2392012608991609e-17,2,493.4,-1.1923215982019448,1.428686281727574,1.2146886065518472,3.1208875382702526e-09,0.013555161176326486,-0.29509044511151206,-0.0036808093002067108
3.4250000000000003,3/3 curl_four_fingers_thumb_up,0.9438083474031793,-0.3868321467891656,1.0032646880168967,0.05320990246747948,2.9648431586302446e-09,3.1208875382702526e-09,0,0.6160881877896638,5.452990657525557e-16,2,476.3,-1.1923215782668077,1.4286862683810104,1.214688550773744,2.9648431586302446e-09,0.013555057547350154,-0.2950904518013676,-0.0036805612843231164
3.43,3/3 curl_four_fingers_thumb_up,0.9438083418317004,-0.38683215729836806,1.003264677688645,0.05320989507841665,2.816601000081661e-09,2.9648431586302446e-09,0,0.6160881813338905,1.2341431507150726e-16,2,479.6,-1.1923215589424616,1.4286862552469477,1.2146884968539833,2.816601000081661e-09,0.01355495742942072,-0.29509045827479796,-0.003680320959438618
3.435,3/3 curl_four_fingers_thumb_up,0.9438083364174136,-0.38683216758579864,1.003264667683951,0.05320988793022358,2.6757709524581083e-09,2.816601000081661e-09,0,0.6160881751061893,-4.761061188878218e-16,2,482.0,-1.1923215402106118,1.42868624232637,1.214688444731405,2.6757709524581083e-09,0.013554860704493982,-0.2950904645387466,-0.003680088089894425
3.44,3/3 curl_four_fingers_thumb_up,0.9438083311561183,-0.3868321776543579,1.0032646579928697,0.053209881015149764,2.5419824033299527e-09,2.6757709524581083e-09,0,0.6160881690985596,3.010499983497878e-16,2,474.3,-1.1923215220534962,1.4286862296199523,1.2146883943468418,2.5419824033299527e-09,0.013554767258456571,-0.2950904705999368,-0.003679862447152651
3.4450000000000003,3/3 curl_four_fingers_thumb_up,0.9438083260437161,-0.38683218750700465,1.0032646486057535,0.05320987432569061,2.414883283212517e-09,2.5419824033299527e-09,0,0.6160881633032811,-9.812446560022542e-18,2,475.6,-1.192321504453871,1.4286862171280805,1.2146883456430597,2.414883283212517e-09,0.013554676980992466,-0.29509047646487846,-0.0036796438095846235
3.45,3/3 curl_four_fingers_thumb_up,0.9438083210762105,-0.38683219714674866,1.0032646395132458,0.053209867854579825,2.2941391196560652e-09,2.414883283212517e-09,0,0.6160881577129033,-1.208347490225382e-16,2,477.9,-1.192321487394996,1.4286862048508697,1.214688298564676,2.2941391196560652e-09,0.013554589765476882,-0.2950904821398749,-0.003679431962265303
3.455,3/3 curl_four_fingers_thumb_up,0.9438083162497025,-0.38683220657664313,1.003264630706272,0.05320986159478217,2.179432164610503e-09,2.2941391196560652e-09,0,0.6160881523202355,-1.874481298383031e-16,2,482.2,-1.1923214708606196,1.428686192788182,1.2146882530581042,2.179432164610503e-09,0.013554505508850288,-0.29509048763102896,-0.003679226696773928
3.46,3/3 curl_four_fingers_thumb_up,0.9438083115603899,-0.38683221579977956,1.00326462217603,0.053209855539485214,2.0704605595376643e-09,2.179432164610503e-09,0,0.6160881471183394,-6.315373429970882e-16,2,485.1,-1.1923214548349657,1.4286861809396434,1.214688209071515,2.0704605595376643e-09,0.013554424111481313,-0.2950904929442498,-0.0036790278110003824
3.465,3/3 curl_four_fingers_thumb_up,0.9438083070045663,-0.38683222481928076,1.003264613913983,0.053209849682094114,1.9669375316098434e-09,2.0704605595376643e-09,0,0.616088142100518,-9.812446560022542e-18,2,488.9,-1.1923214393027202,1.4286861693046602,1.2146881665547713,1.9669375316098434e-09,0.013554345477061842,-0.29509049808525867,-0.0036788351089570813
3.47,3/3 curl_four_fingers_thumb_up,0.943808302578616,-0.38683223363829533,1.0032646059118528,0.053209844016222814,1.8685906565217036e-09,1.9669375316098434e-09,0,0.6160881372603094,-2.984704356095412e-16,2,257.6,-1.1923214242490179,1.4286861578824337,1.214688125459337,1.8685906565217036e-09,0.01355426951253418,-0.2950905030595945,-0.0036786484005963834
3.475,3/3 curl_four_fingers_thumb_up,0.9438082982790146,-0.38683224225999324,1.0032645981616113,0.05320983853568876,1.775161125743082e-09,1.8685906565217036e-09,0,0.6160881325914771,-4.0949273807205686e-16,2,248.6,-1.19232140965943,1.4286861466719745,1.2146880857382882,1.775161125743082e-09,0.013554196127919882,-0.29509050787262026,-0.003678467501633759
3.48,3/3 curl_four_fingers_thumb_up,0.9438082941023269,-0.3868322506875597,1.0032645906554714,0.05320983323450674,1.6864030692829456e-09,1.775161125743082e-09,0,0.6160881280880023,3.459647177800576e-17,2,243.7,-1.1923213955199508,1.4286861356721166,1.2146880473462232,1.6864030692829456e-09,0.013554125236257349,-0.29509051252952784,-0.0036782922333754554
3.485,3/3 curl_four_fingers_thumb_up,0.9438082900452034,-0.38683225892419104,1.0032645833858835,0.05320982810688211,1.6020829162009275e-09,1.6864030692829456e-09,0,0.616088123744077,-7.64258306845099e-17,2,198.8,-1.1923213818169869,1.4286861248815306,1.2146880102392275,1.6020829162009275e-09,0.01355405675348591,-0.2950905170353439,-0.003678122422551664
3.49,3/3 curl_four_fingers_thumb_up,0.9438082861043798,-0.3868322669730906,1.003264576345526,0.05320982314720427,1.521978770661988e-09,1.6020829162009275e-09,0,0.6160881195540959,-5.4221371515495744e-17,2,203.4,-1.192321368537345,1.4286861142987355,1.2146879743748193,1.521978770661988e-09,0.013553990598357556,-0.2950905213949348,-0.0036779579011543433
3.495,3/3 curl_four_fingers_thumb_up,0.9438082822766748,-0.3868322748374637,1.0032645695272984,0.05320981835004172,1.4458798323999953e-09,1.521978770661988e-09,0,0.6160881155126499,-5.4221371515495744e-17,2,197.2,-1.1923213556682202,1.4286861039221106,1.2146879397118757,1.4458798323999953e-09,0.013553926692371246,-0.29509052561301174,-0.003677798506279923
3.5,3/3 curl_four_fingers_thumb_up,0.9438082785589879,-0.38683228252051544,1.0032645629243155,0.0532098137101362,1.3735858416062138e-09,1.4458798323999953e-09,0,0.6160881116145185,-1.6524367232365017e-16,2,189.4,-1.192321343197185,1.4286860937499066,1.2146879062106704,1.3735858416062138e-09,0.013553864959599931,-0.2950905296941355,-0.0036776440799768974
3.505,3/3 curl_four_fingers_thumb_up,0.9438082749482974,-0.38683229002544517,1.0032645565299028,0.05320980922239802,1.3049065526835897e-09,1.3735858416062138e-09,0,0.6160881078546642,-6.315373413427269e-16,2,193.0,-1.1923213311121794,1.4286860837802564,1.2146878738327198,1.3049065526835897e-09,0.01355380532671336,-0.29509053364272136,-0.003677494469097047
3.5100000000000002,3/3 curl_four_fingers_thumb_up,0.9438082714416602,-0.3868322973554447,1.0032645503375874,0.05320980488189956,1.2396612279850523e-09,1.3049065526835897e-09,0,0.6160881042282255,-5.871284196959762e-16,2,194.4,-1.192321319401499,1.4286860740111842,1.2146878425408394,1.2396612279850523e-09,0.013553747722796898,-0.29509053746304353,-0.0036773495251521435
3.515,3/3 curl_four_fingers_thumb_up,0.9438082680362081,-0.3868323045136946,1.003264544341093,0.05320980068387041,1.1776781670789512e-09,1.2396612279850523e-09,0,0.6160881007305102,-9.863028819916282e-17,2,203.2,-1.1923213080537858,1.4286860644406156,1.2146878122990443,1.1776781670789512e-09,0.013553692079327544,-0.29509054115923966,-0.0036772091041739163
3.52,3/3 curl_four_fingers_thumb_up,0.9438082647291466,-0.3868323115033612,1.003264538534334,0.053209796623692525,1.1187942559985084e-09,1.1776781670789512e-09,0,0.616088097356991,5.452990657525557e-16,2,194.6,-1.192321297058018,1.4286860550663867,1.2146877830725267,1.1187942559985084e-09,0.0135536383300791,-0.2950905447353152,-0.0036770730665786795
3.525,3/3 curl_four_fingers_thumb_up,0.9438082615177539,-0.38683231832759424,1.0032645329114105,0.05320979269689569,1.0628545431366228e-09,1.1187942559985084e-09,0,0.6160880941032985,1.2392012608991609e-17,2,200.5,-1.1923212864035,1.4286860458862516,1.2146877548276056,1.0628545431366228e-09,0.013553586411057365,-0.2950905481951475,-0.003676941277035791
3.5300000000000002,3/3 curl_four_fingers_thumb_up,0.9438082583993784,-0.3868323249895242,1.003264527466603,0.05320978889915318,1.0097118129202294e-09,1.0628545431366228e-09,0,0.6160880909652158,6.119124465683206e-16,2,193.6,-1.192321276079854,1.4286860368978909,1.2146877275317187,1.0097118129202294e-09,0.013553536260398605,-0.29509055154248987,-0.003676813604340135
3.535,3/3 curl_four_fingers_thumb_up,0.943808255371438,-0.38683233149225976,1.0032645221943655,0.05320978522627646,9.592262216571465e-10,1.0097118129202294e-09,0,0.6160880879386741,1.2341431507150726e-16,2,241.3,-1.1923212660770097,1.4286860280989193,1.2146877011533839,9.592262216571465e-10,0.013553487818300099,-0.29509055478097546,-0.003676689921288064
3.54,3/3 curl_four_fingers_thumb_up,0.9438082524314173,-0.38683233783888654,1.0032645170893217,0.05320978167421112,9.112649111784629e-10,9.592262216571465e-10,0,0.6160880850197463,-1.2083475067689942e-16,2,201.7,-1.1923212563851964,1.4286860194868927,1.214687675662133,9.112649111784629e-10,0.013553441026983214,-0.29509055791412114,-0.0036765701045570072
3.545,3/3 curl_four_fingers_thumb_up,0.9438082495768676,-0.3868323440324641,1.0032645121462596,0.05320977823903259,8.657016646694012e-10,9.112649111784629e-10,0,0.6160880822046427,1.9002769588727217e-16,2,197.9,-1.1923212469949334,1.4286860110593143,1.2146876510284856,8.657016646694012e-10,0.013553395830619843,-0.29509056094533115,-0.003676454034588976
3.5500000000000003,3/3 curl_four_fingers_thumb_up,0.9438082468054032,-0.3868323500760245,1.0032645073601254,0.05320977491694188,8.224165824841941e-10,8.657016646694012e-10,0,0.6160880794897068,-2.096525923160397e-16,2,197.2,-1.1923212378970227,1.4286860028136419,1.2146876272239504,8.224165824841941e-10,0.013553352175233945,-0.29509056387790056,-0.0036763415954774435
3.555,3/3 curl_four_fingers_thumb_up,0.9438082441147019,-0.38683235597257143,1.0032645027260212,0.053209771704262145,7.812957535200689e-10,8.224165824841941e-10,0,0.6160880768714092,-3.201690738339792e-17,2,211.0,-1.1923212290825402,1.4286859947472927,1.2146876042209698,7.812957535200689e-10,0.013553310008662731,-0.2950905667150189,-0.003676232674857194
3.56,3/3 curl_four_fingers_thumb_up,0.9438082415025022,-0.3868323617250772,1.003264498239199,0.05320976859743493,7.422309665592615e-10,7.812957535200689e-10,0,0.616088074346344,-1.4303920984591357e-16,2,226.7,-1.1923212205428277,1.42868598685765,1.2146875819928724,7.422309665592615e-10,0.013553269280514067,-0.29509056945977336,-0.0036761271637977084
3.565,3/3 curl_four_fingers_thumb_up,0.943808238966603,-0.3868323673364831,1.003264493895055,0.053209765593014886,7.051194171701376e-10,7.422309665592615e-10,0,0.6160880719112254,2.1223215836500877e-16,2,228.5,-1.1923212122694855,1.4286859791420674,1.214687560513875,7.051194171701376e-10,0.013553229942076885,-0.29509057211515216,-0.0036760249566998543
3.5700000000000003,3/3 curl_four_fingers_thumb_up,0.9438082365048608,-0.3868323728096964,1.003264489689128,0.05320976268766867,6.698634456945592e-10,7.051194171701376e-10,0,0.6160880695628815,1.234143167258685e-16,2,233.7,-1.1923212042543647,1.4286859715978746,1.2146875397590446,6.698634456945592e-10,0.013553191946273562,-0.2950905746840476,-0.0036759259511953447
3.575,3/3 curl_four_fingers_thumb_up,0.9438082341151899,-0.3868323781475907,1.003264485617092,0.05320975987816876,6.363702730148043e-10,6.698634456945592e-10,0,0.6160880672982519,7.900539507911774e-17,2,228.5,-1.1923211964895604,1.4286859642223817,1.2146875197042644,6.363702730148043e-10,0.013553155247613436,-0.29509057716925907,-0.0036758300480492535
3.58,3/3 curl_four_fingers_thumb_up,0.9438082317955588,-0.3868323833530038,1.0032644816747558,0.053209757161392764,6.045517585249479e-10,6.363702730148043e-10,0,0.6160880651143835,1.6782323671825801e-16,2,218.9,-1.1923211889674037,1.4286859570128834,1.2146875003262132,6.045517585249479e-10,0.013553119802132339,-0.2950905795734961,-0.0036757371510654927
3.585,3/3 curl_four_fingers_thumb_up,0.943808229543991,-0.38683238842873796,1.0032644778580557,0.05320975453431743,5.743241692044728e-10,6.045517585249479e-10,0,0.6160880630084262,2.7884553918077367e-16,2,238.5,-1.1923211816804555,1.4286859499666635,1.2146874816023292,5.743241692044728e-10,0.013553085567352775,-0.2950905818993812,-0.003675647166995038
3.59,3/3 curl_four_fingers_thumb_up,0.943808227358563,-0.3868323933775581,1.0032644741630525,0.05320975199401735,5.456079597941107e-10,5.743241692044728e-10,0,0.61608806097763,1.900276975416334e-16,2,227.1,-1.1923211746215,1.4286859430809984,1.214687463510795,5.456079597941107e-10,0.013553052502224704,-0.29509058414945255,-0.003675560005446966
3.595,3/3 curl_four_fingers_thumb_up,0.9438082252374028,-0.3868323982021911,1.003264470585929,0.05320974953766137,5.183275618534673e-10,5.456079597941107e-10,0,0.6160880590193407,-9.812447387203154e-18,2,222.4,-1.1923211677835373,1.4286859363531608,1.214687446030512,5.183275618534673e-10,0.013553020567079256,-0.29509058632616675,-0.00367547557880206
3.6,3/3 curl_four_fingers_thumb_up,0.9438082231786878,-0.38683240290532617,1.003264467122986,0.053209747162509265,4.924111839208784e-10,5.183275618534673e-10,0,0.6160880571309978,-3.201690738339792e-17,2,215.8,-1.192321161159778,1.4286859297804229,1.2146874291410976,4.924111839208784e-10,0.013552989723561924,-0.29509058843190145,-0.0036753938021290085
3.605,3/3 curl_four_fingers_thumb_up,0.9438082211806458,-0.3868324074896134,1.003264463770637,0.053209744865909354,4.677906249959413e-10,4.924111839208784e-10,0,0.6160880553101298,-5.422136737959268e-17,2,221.0,-1.1923211547436368,1.4286859233600602,1.2146874128228016,4.677906249959413e-10,0.013552959934649318,-0.2950905904689577,-0.003675314593102822
3.61,3/3 curl_four_fingers_thumb_up,0.9438082192415513,-0.38683241195766327,1.0032644605254066,0.053209742645295356,4.444010946833849e-10,4.677906249959413e-10,0,0.6160880535543526,-1.874481298383031e-16,2,239.8,-1.1923211485287262,1.4286859170893533,1.214687397056568,4.444010946833849e-10,0.013552931164521853,-0.29509059243956254,-0.0036752378719263875
3.615,3/3 curl_four_fingers_thumb_up,0.9438082173597261,-0.3868324163120469,1.003264457383927,0.05320974049818376,4.221810377778318e-10,4.444010946833849e-10,0,0.6160880518613648,4.342767641172207e-16,2,245.3,-1.1923211425088511,1.428685910965592,1.2146873818239277,4.221810377778318e-10,0.01355290337860836,-0.29509059434587137,-0.0036751635612534313
3.62,3/3 curl_four_fingers_thumb_up,0.9438082155335371,-0.38683242055529554,1.0032644543429339,0.05320973842217087,4.0107198549391326e-10,4.221810377778318e-10,0,0.616088050228946,7.900539590629835e-17,2,234.6,-1.192321136678003,1.4286859049860763,1.2146873671070542,4.0107198549391326e-10,0.013552876543469886,-0.29509059618997013,-0.0036750915861147
3.625,3/3 curl_four_fingers_thumb_up,0.9438082137613955,-0.38683242468989953,1.003264451399264,0.05320973641493102,3.8101838671236906e-10,4.0107198549391326e-10,0,0.6160880486549539,-9.863028819916282e-17,2,229.0,-1.1923211310303545,1.4286858991481202,1.2146873528886908,3.8101838671236906e-10,0.013552850626813369,-0.2950905979738776,-0.0036750218738455655
3.63,3/3 curl_four_fingers_thumb_up,0.943808212041756,-0.3868324287183096,1.0032644485498514,0.053209734474213656,3.6196746809194666e-10,3.8101838671236906e-10,0,0.6160880471373209,-1.4303920901873296e-16,2,234.1,-1.192321125560254,1.4286858934490527,1.2146873391521784,3.6196746809194666e-10,0.013552825597406904,-0.29509059969954743,-0.0036749543540163013
3.6350000000000002,3/3 curl_four_fingers_thumb_up,0.9438082103731161,-0.38683243264293543,1.0032644457917264,0.05320973259784118,3.4386909418130003e-10,3.6196746809194666e-10,0,0.6160880456740523,1.0120985631608342e-16,2,231.4,-1.1923211202622206,1.428685887886221,1.214687325881362,3.4386909418130003e-10,0.013552801425118657,-0.2950906013688704,-0.0036748889583639688
3.64,3/3 curl_four_fingers_thumb_up,0.9438082087540122,-0.38683243646614596,1.003264443122009,0.05320973078370484,3.2667563863311885e-10,3.4386909418130003e-10,0,0.6160880442632231,1.6782323795902893e-16,2,241.8,-1.192321115130939,1.4286858824569912,1.2146873130606495,3.2667563863311885e-10,0.013552778080804176,-0.29509060298367623,-0.0036748256207271308
3.645,3/3 curl_four_fingers_thumb_up,0.9438082071830232,-0.38683244019027013,1.0032644405379103,0.05320972902976618,3.103418598591496e-10,3.2667563863311885e-10,0,0.6160880429029758,-6.315373396883657e-16,2,589.8,-1.1923211101612547,1.4286858771587507,1.2146873006749621,3.103418598591496e-10,0.0135527555363051,-0.2950906045457357,-0.0036747642769817024
3.65,3/3 curl_four_fingers_thumb_up,0.9438082056587653,-0.38683244381759585,1.003264438036727,0.053209727334051694,2.948247700238788e-10,3.103418598591496e-10,0,0.6160880415915183,-6.315373396883657e-16,2,539.4,-1.1923211053481693,1.4286858719889097,1.2146872887097184,2.948247700238788e-10,0.013552733764415114,-0.2950906060567625,-0.003674704864979051
3.6550000000000002,3/3 curl_four_fingers_thumb_up,0.9438082041798931,-0.3868324473503701,1.0032644356158404,0.053209725694651606,2.800835306835687e-10,2.948247700238788e-10,0,0.6160880403271214,1.6782323795902893e-16,2,535.1,-1.1923211006868355,1.4286858669449027,1.214687277150813,2.800835306835687e-10,0.013552712738853088,-0.2950906075184149,-0.003674647324485964
3.66,3/3 curl_four_fingers_thumb_up,0.9438082027450988,-0.38683245079079986,1.0032644332727119,0.053209724109718144,2.6607935508663093e-10,2.800835306835687e-10,0,0.6160880391081165,-1.874481302518934e-16,2,550.4,-1.1923210961725532,1.4286858620241896,1.2146872659846244,2.6607935508663093e-10,0.013552692434209061,-0.2950906089322977,-0.0036745915971264356
3.665,3/3 curl_four_fingers_thumb_up,0.9438082013531097,-0.3868324541410523,1.0032644310048822,0.053209722577463404,2.5277538826954004e-10,2.6607935508663093e-10,0,0.6160880379328935,-1.874481302518934e-16,2,618.1,-1.1923210918007647,1.428685857224257,1.2146872551979746,2.5277538826954004e-10,0.013552672825938682,-0.29509061029996386,-0.003674537626324983
3.67,3/3 curl_four_fingers_thumb_up,0.9438082000026898,-0.3868324574032536,1.0032644288099692,0.05320972109615791,2.401366160185454e-10,2.5277538826954004e-10,0,0.6160880367998991,5.675035265759311e-16,2,570.1,-1.1923210875670511,1.4286858525426194,1.214687244778112,2.401366160185454e-10,0.013552653890338039,-0.29509061162291617,-0.003674485357251886
3.6750000000000003,3/3 curl_four_fingers_thumb_up,0.9438081986926357,-0.38683246057949056,1.0032644266856636,0.05320971966412739,2.2812978715405952e-10,2.401366160185454e-10,0,0.6160880357076345,-3.8728827476713964e-16,2,499.9,-1.1923210834671274,1.4286858479768203,1.2146872347127164,2.2812978715405952e-10,0.013552635604495714,-0.2950906129026089,-0.003674434736770129
3.68,3/3 curl_four_fingers_thumb_up,0.9438081974217781,-0.3868324636718103,1.0032644246297293,0.05320971827975283,2.1672329806746338e-10,2.2812978715405952e-10,0,0.6160880346546536,-5.422136737959268e-17,2,496.7,-1.1923210794968389,1.428685843524433,1.2146872249898748,2.1672329806746338e-10,0.013552617946276189,-0.29509061414044935,-0.0036743857133837033
3.685,3/3 curl_four_fingers_thumb_up,0.9438081961889795,-0.3868324666822205,1.0032644226399987,0.05320971694146654,2.0588713276906324e-10,2.1672329806746338e-10,0,0.6160880336395608,7.900539549270804e-17,2,489.1,-1.1923210756521572,1.428685839183061,1.2146872155980886,2.0588713276906324e-10,0.013552600894273684,-0.29509061533779923,-0.003674338237187607
3.69,3/3 curl_four_fingers_thumb_up,0.9438081949931355,-0.3868324696126898,1.0032644207143722,0.053209715647753154,1.955927762906946e-10,2.0588713276906324e-10,0,0.6160880326610101,-3.201690696980761e-17,2,506.7,-1.1923210719291772,1.4286858349503395,1.2146872065261969,1.955927762906946e-10,0.013552584427850534,-0.29509061649597634,-0.0036742922598190795
3.6950000000000003,3/3 curl_four_fingers_thumb_up,0.9438081938331709,-0.3868324724651487,1.0032644188508155,0.05320971439714551,1.8581313919055665e-10,1.955927762906946e-10,0,0.6160880317177027,-3.428793539475695e-16,2,520.1,-1.1923210683241123,1.4286858308239354,1.214687197763443,1.8581313919055665e-10,0.013552568527034061,-0.29509061761625577,-0.003674247734411016
3.7,3/3 curl_four_fingers_thumb_up,0.9438081927080412,-0.38683247524148834,1.0032644170473586,0.05320971318822463,1.765224842784925e-10,1.8581313919055665e-10,0,0.6160880308083849,-4.0949273538371987e-16,2,516.2,-1.1923210648332914,1.428685826801548,1.2146871892994404,1.765224842784925e-10,0.013552553172515072,-0.29509061869987135,-0.0036742046155459384
3.705,3/3 curl_four_fingers_thumb_up,0.9438081916167316,-0.38683247794356274,1.0032644153020915,0.05320971201961756,1.676963600026078e-10,1.765224842784925e-10,0,0.6160880299318483,1.2392014056557681e-17,2,514.9,-1.1923210614531554,1.42868582288091,1.214687181124106,1.676963600026078e-10,0.013552538345679686,-0.29509061974801704,-0.0036741628592115855
3.71,3/3 curl_four_fingers_thumb_up,0.9438081905582547,-0.38683248057318803,1.003264413613165,0.05320971088999558,1.5931154271767347e-10,1.676963600026078e-10,0,0.6160880290869257,-1.4303920943232327e-16,2,478.3,-1.1923210581802544,1.428685819059787,1.2146871732277182,1.5931154271767347e-10,0.013552524028518378,-0.2950906207618481,-0.003674122422758387
3.715,3/3 curl_four_fingers_thumb_up,0.9438081895316518,-0.38683248313214297,1.0032644119787875,0.05320970979807411,1.5134596563085202e-10,1.5931154271767347e-10,0,0.6160880282724921,-9.812446560022542e-18,2,555.6,-1.1923210550112435,1.4286858153359787,1.214687165600889,1.5134596563085202e-10,0.013552510203621455,-0.29509062174248246,-0.0036740832648575455
3.72,3/3 curl_four_fingers_thumb_up,0.9438081885359899,-0.38683248562217004,1.0032644103972232,0.05320970874260992,1.4377866773143857e-10,1.5134596563085202e-10,0,0.6160880274874614,-7.64258279961729e-17,2,477.8,-1.1923210519428802,1.4286858117073187,1.2146871582344998,1.4377866773143857e-10,0.013552496854212434,-0.2950906226910018,-0.0036740453454604974
3.725,3/3 curl_four_fingers_thumb_up,0.9438081875703637,-0.3868324880449746,1.0032644088667904,0.05320970772239945,1.3658973383881737e-10,1.4377866773143857e-10,0,0.6160880267307863,1.0120985590249311e-16,2,480.2,-1.1923210489720213,1.4286858081716745,1.2146871511197954,1.3658973383881737e-10,0.013552483964023535,-0.2950906236084527,-0.003674008625760216
3.73,3/3 curl_four_fingers_thumb_up,0.943808186633892,-0.38683249040222734,1.0032644073858608,0.05320970673627957,1.2976024797309485e-10,1.3658973383881737e-10,0,0.6160880260014558,-1.6524367025569864e-16,2,482.3,-1.19232104609562,1.4286858047269484,1.2146871442482534,1.2976024797309485e-10,0.013552471517397479,-0.29509062449584783,-0.003673973068152552
3.735,3/3 curl_four_fingers_thumb_up,0.9438081857257198,-0.3868324926955627,1.0032644059528564,0.053209705783125096,1.2327223562350234e-10,1.2976024797309485e-10,0,0.6160880252984954,-9.812446766817695e-18,2,489.5,-1.1923210433107225,1.4286858013710773,1.2146871376116792,1.2327223562350234e-10,0.013552459499164064,-0.2950906253541672,-0.003673938636200004
3.74,3/3 curl_four_fingers_thumb_up,0.9438081848450155,-0.3868324949265803,1.0032644045662493,0.05320970486184657,1.1710862378036716e-10,1.2327223562350234e-10,0,0.6160880246209639,1.2392013849762528e-17,2,482.3,-1.192321040614466,1.4286857981020322,1.2146871312021474,1.1710862378036716e-10,0.013552447894671938,-0.2950906261843589,-0.0036739052945955167
3.745,3/3 curl_four_fingers_thumb_up,0.943808183990971,-0.3868324970968457,1.003264403224559,0.05320970397139083,1.1125319208529952e-10,1.1710862378036716e-10,0,0.6160880239679541,1.0120985569569796e-16,2,224.7,-1.1923210380040756,1.4286857949178198,1.2146871250119686,1.1125319208529952e-10,0.013552436689795194,-0.29509062698734034,-0.003673873009127884
3.75,3/3 curl_four_fingers_thumb_up,0.9438081831628018,-0.38683249920788987,1.0032644019263512,0.053209703110738756,1.0569053508360974e-10,1.1125319208529952e-10,0,0.6160880233385907,-5.205150380530307e-16,2,197.7,-1.1923210354768614,1.4286857918164804,1.2146871190337232,1.0569053508360974e-10,0.01355242587087395,-0.29509062776399914,-0.0036738417466483787
3.755,3/3 curl_four_fingers_thumb_up,0.943808182359744,-0.38683250126121077,1.0032644006702378,0.05320970227890429,1.00406008933603e-10,1.0569053508360974e-10,0,0.6160880227320291,-1.2083474922933335e-16,2,781.0,-1.1923210330302163,1.4286857887960893,1.214687113260261,1.00406008933603e-10,0.013552415424690375,-0.2950906285151942,-0.003673811475038075
3.7600000000000002,3/3 curl_four_fingers_thumb_up,0.9438081815810578,-0.3868325032582735,1.0032643994548733,0.053209701474934125,9.53857092021189e-11,1.00406008933603e-10,0,0.6160880221474543,-1.4303920963911842e-16,2,569.7,-1.1923210306616134,1.4286857858547564,1.2146871076846317,9.53857092021189e-11,0.013552405338514496,-0.2950906292417564,-0.0036737821631759567
3.765,3/3 curl_four_fingers_thumb_up,0.9438081808260234,-0.3868325052005105,1.0032643982789553,0.05320970069790646,9.061642201471834e-11,9.53857092021189e-11,0,0.6160880215840807,3.4545892103051434e-16,2,503.8,-1.1923210283686037,1.4286857829906259,1.2146871023001553,9.061642201471834e-11,0.013552395600010952,-0.29509062994448976,-0.00367375378090871
3.77,3/3 curl_four_fingers_thumb_up,0.9438081800939406,-0.3868325070893221,1.003264397141221,0.05320969994692818,8.608560185122308e-11,9.061642201471834e-11,0,0.6160880210411501,-1.874481306654837e-16,2,490.3,-1.1923210261488135,1.4286857802018762,1.214687097100354,8.608560185122308e-11,0.013552386197284055,-0.29509063062417223,-0.003673726299020581
3.775,3/3 curl_four_fingers_thumb_up,0.9438081793841303,-0.3868325089260773,1.003264396040449,0.05320969922113692,8.178132047545653e-11,8.608560185122308e-11,0,0.6160880205179311,2.566410791845789e-16,2,480.8,-1.1923210239999422,1.4286857774867199,1.214687092078958,8.178132047545653e-11,0.013552377118851168,-0.2950906312815565,-0.0036736996892047674
3.7800000000000002,3/3 curl_four_fingers_thumb_up,0.9438081786959325,-0.3868325107121142,1.0032643949754556,0.05320969851969768,7.769225139212146e-11,8.178132047545653e-11,0,0.6160880200137181,6.119124470853085e-16,2,479.2,-1.1923210219197604,1.4286857748434034,1.214687087229937,7.769225139212146e-11,0.013552368353590853,-0.29509063191737067,-0.00367367392403558
3.785,3/3 curl_four_fingers_thumb_up,0.9438081780287061,-0.38683251244874106,1.0032643939450945,0.053209697841803134,7.380763876055532e-11,7.769225139212146e-11,0,0.6160880195278305,1.2392013849762528e-17,2,500.5,-1.1923210199061074,1.4286857722702067,1.2146870825474463,7.380763876055532e-11,0.013552359890774981,-0.2950906325323193,-0.0036736489769410084
3.79,3/3 curl_four_fingers_thumb_up,0.9438081773818284,-0.3868325141372349,1.0032643929482548,0.05320969718667177,7.01172574267013e-11,7.380763876055532e-11,0,0.616088019059612,-1.2083474912593577e-16,2,531.1,-1.192321017956889,1.4286857697654431,1.2146870780258199,7.01172574267013e-11,0.013552351720058416,-0.2950906331270841,-0.0036736248221766236
3.795,3/3 curl_four_fingers_thumb_up,0.9438081767546946,-0.38683251577884464,1.0032643919838622,0.05320969655354869,6.661139737998603e-11,7.01172574267013e-11,0,0.6160880186084292,-5.649239589759984e-16,2,474.5,-1.1923210160700763,1.4286857673274593,1.2146870736595994,6.661139737998603e-11,0.013552343831429333,-0.2950906337023246,-0.00367360143480026
3.8000000000000003,3/3 curl_four_fingers_thumb_up,0.9438081761467176,-0.3868325173747899,1.0032643910508752,0.05320969594170311,6.328082822618278e-11,6.661139737998603e-11,0,0.6160880181736714,-1.4303920963911842e-16,2,469.8,-1.1923210142437026,1.4286857649546343,1.214687069443517,6.328082822618278e-11,0.013552336215209395,-0.2950906342586787,-0.0036735787906471322
3.805,3/3 curl_four_fingers_thumb_up,0.9438081755573269,-0.3868325189262618,1.0032643901482854,0.05320969535042872,6.01167836442891e-11,6.328082822618278e-11,0,0.6160880177547494,6.341169075984912e-16,2,467.6,-1.1923210124758623,1.42868576264538,1.2146870653724744,6.01167836442891e-11,0.01355232886205683,-0.2950906347967639,-0.0036735568663058063
3.81,3/3 curl_four_fingers_thumb_up,0.9438081749859678,-0.3868325204344236,1.0032643892751159,0.05320969477904087,5.7110943622958455e-11,6.01167836442891e-11,0,0.6160880173510948,1.6782323733864347e-16,2,481.3,-1.1923210107647089,1.4286857603981404,1.2146870614415404,5.7110943622958455e-11,0.013552321762951647,-0.29509063531717733,-0.003673535639095027
3.815,3/3 curl_four_fingers_thumb_up,0.9438081744321025,-0.38683252190041123,1.0032643884304229,0.05320969422688027,5.425539671291737e-11,5.7110943622958455e-11,0,0.6160880169621594,-5.4221367586387834e-17,2,493.5,-1.1923210091084528,1.4286857582113914,1.2146870576459512,5.425539671291737e-11,0.013552314909179245,-0.2950906358204969,-0.003673515087041255
3.8200000000000003,3/3 curl_four_fingers_thumb_up,0.9438081738952088,-0.38683252332533413,1.0032643876132885,0.053209693693306144,5.154262670428913e-11,5.425539671291737e-11,0,0.6160880165874146,3.4596474362945174e-17,2,473.5,-1.1923210075053605,1.4286857560836401,1.2146870539811043,5.154262670428913e-11,0.013552308292320342,-0.29509063630728155,-0.0036734951888568092
3.825,3/3 curl_four_fingers_thumb_up,0.9438081733747793,-0.3868325247102754,1.0032643868228275,0.05320969317770081,4.8965494863025395e-11,5.154262670428913e-11,0,0.6160880162263503,1.0120985579909554e-16,2,470.6,-1.1923210059537517,1.4286857540134248,1.214687050442539,4.8965494863025395e-11,0.01355230190425551,-0.2950906367780721,-0.0036734759239186693
3.83,3/3 curl_four_fingers_thumb_up,0.9438081728703209,-0.38683252605629176,1.003264386058181,0.053209692679466104,4.6517219946891757e-11,4.8965494863025395e-11,0,0.6160880158784748,3.4596474362945174e-17,2,474.7,-1.1923210044519985,1.4286857519993146,1.2146870470259796,4.6517219946891757e-11,0.013552295737107012,-0.2950906372333919,-0.0036734572722481105
3.835,3/3 curl_four_fingers_thumb_up,0.9438081723813554,-0.3868325273644151,1.0032643853185172,0.053209692198023496,4.4191358221453285e-11,4.6517219946891757e-11,0,0.6160880155433134,1.4561877677376204e-16,2,483.8,-1.1923210029985236,1.4286857500399086,1.2146870437272543,4.4191358221453285e-11,0.01355228978330516,-0.29509063767374705,-0.003673439214490421
3.84,3/3 curl_four_fingers_thumb_up,0.9438081719074188,-0.3868325286356524,1.003264384603032,0.05320969173281415,4.198179013739825e-11,4.4191358221453285e-11,0,0.6160880152204088,3.4596474311246386e-17,2,473.3,-1.1923210015917989,1.4286857481338364,1.2146870405423706,4.198179013739825e-11,0.01355228403549961,-0.29509063809962727,-0.003673421731896025
3.845,3/3 curl_four_fingers_thumb_up,0.9438081714480594,-0.3868325298709859,1.0032643839109454,0.053209691283296674,3.988270034652366e-11,4.198179013739825e-11,0,0.6160880149093195,5.680093482442903e-17,2,233.0,-1.1923210002303435,1.4286857462797569,1.214687037467428,3.988270034652366e-11,0.013552278486633082,-0.29509063851150635,-0.0036734048063013763
3.85,3/3 curl_four_fingers_thumb_up,0.9438081710028395,-0.38683253107137455,1.0032643832415027,0.05320969084894781,3.788856659950504e-11,3.988270034652366e-11,0,0.61608801460962,-2.5406151210163407e-16,2,216.9,-1.1923209989127228,1.4286857444763577,1.214687034498665,3.788856659950504e-11,0.013552273129880879,-0.2950906389098426,-0.0036733884201112644
3.855,3/3 curl_four_fingers_thumb_up,0.9438081705713341,-0.38683253223775393,1.0032643825939733,0.053209690429262164,3.5994137541435904e-11,3.788856659950504e-11,0,0.6160880143208997,1.4561877677376204e-16,2,201.6,-1.1923209976375468,1.4286857427223554,1.214687031632477,3.5994137541435904e-11,0.013552267958622244,-0.29509063929507945,-0.003673372556281161
3.86,3/3 curl_four_fingers_thumb_up,0.943808170153131,-0.3868325333710363,1.00326438196765,0.05320969002375076,3.4194430491381736e-11,3.5994137541435904e-11,0,0.6160880140427627,3.4596474311246386e-17,2,200.8,-1.1923209964034691,1.4286857410164946,1.2146870288653682,3.4194430491381736e-11,0.01355226296647352,-0.2950906396676458,-0.0036733571982998582
3.865,3/3 curl_four_fingers_thumb_up,0.9438081697478288,-0.3868325344721117,1.0032643813618478,0.053209689631939956,3.2484711458365534e-11,3.4194430491381736e-11,0,0.6160880137748271,-4.983105774881492e-16,2,199.0,-1.1923209952091849,1.4286857393575483,1.214687026193943,3.2484711458365534e-11,0.01355225814728747,-0.29509064002795676,-0.003673342330173079
3.87,3/3 curl_four_fingers_thumb_up,0.9438081693550389,-0.38683253554184815,1.0032643807759027,0.05320968925337203,3.086047515735337e-11,3.2484711458365534e-11,0,0.6160880135167249,1.4561877682546083e-16,2,203.2,-1.1923209940534303,1.428685737744316,1.2146870236149276,3.086047515735337e-11,0.013552253495119496,-0.29509064037641364,-0.003673327936407644
3.875,3/3 curl_four_fingers_thumb_up,0.9438081689743837,-0.3868325365810925,1.0032643802091736,0.0532096888876055,2.931745167059254e-11,3.086047515735337e-11,0,0.6160880132681008,-5.4221367586387834e-17,2,199.3,-1.192320992934981,1.4286857361756249,1.2146870211251795,2.931745167059254e-11,0.01355224900420702,-0.29509064071340485,-0.0036733140019958722
3.88,3/3 curl_four_fingers_thumb_up,0.9438081686054971,-0.38683253759067,1.003264379661039,0.05320968853421199,2.7851579802258963e-11,2.931745167059254e-11,0,0.6160880130286125,-1.4303920958741963e-16,2,206.8,-1.1923209918526507,1.4286857346503283,1.2146870187216425,2.7851579802258963e-11,0.013552244669004008,-0.2950906410393061,-0.0036733005124003266
3.8850000000000002,3/3 curl_four_fingers_thumb_up,0.943808168248023,-0.38683253857138566,1.0032643791308966,0.05320968819277808,2.645900041711904e-11,2.7851579802258963e-11,0,0.6160880127979295,7.900539533761168e-17,2,201.3,-1.1923209908052905,1.428685733167306,1.214687016401378,2.645900041711904e-11,0.013552240484139897,-0.2950906413544808,-0.0036732874535394195
3.89,3/3 curl_four_fingers_thumb_up,0.943808167901616,-0.38683253952402413,1.0032643786181632,0.05320968786290307,2.5136049779191507e-11,2.645900041711904e-11,0,0.6160880125757335,1.2341431631227818e-16,2,199.0,-1.1923209897917872,1.4286857317254629,1.2146870141615294,2.5136049779191507e-11,0.013552236444444914,-0.2950906416592806,-0.003673274811773119
3.895,3/3 curl_four_fingers_thumb_up,0.9438081675659419,-0.38683254044935034,1.003264378122276,0.053209687544201335,2.387924622907114e-11,2.5136049779191507e-11,0,0.6160880123617174,2.122321582616112e-16,2,197.1,-1.1923209888110624,1.4286857303237295,1.214687011999318,2.387924622907114e-11,0.013552232544944042,-0.2950906419540456,-0.0036732625738894295
3.9,3/3 curl_four_fingers_thumb_up,0.9438081672406746,-0.38683254134811007,1.003264377642688,0.05320968723629763,2.2685283522590605e-11,2.387924622907114e-11,0,0.616088012155585,7.900539533761168e-17,2,194.6,-1.1923209878620717,1.4286857289610608,1.2146870099121014,2.2685283522590605e-11,0.01355222878079133,-0.29509064223910475,-0.00367325072709128
3.9050000000000002,3/3 curl_four_fingers_thumb_up,0.943808166925499,-0.38683254222103036,1.0032643771788712,0.0532096869388315,2.1551017508144167e-11,2.2685283522590605e-11,0,0.6160880119570505,3.6766338172464274e-16,2,195.5,-1.1923209869438034,1.4286857276364362,1.2146870078973266,2.1551017508144167e-11,0.013552225147305547,-0.2950906425147764,-0.003673239258983212
3.91,3/3 curl_four_fingers_thumb_up,0.9438081666201082,-0.38683254306881953,1.0032643767303135,0.053209686651452405,2.047346612668768e-11,2.1551017508144167e-11,0,0.6160880117658388,1.0120985582494493e-16,2,206.5,-1.1923209860552773,1.4286857263488588,1.2146870059525012,2.047346612668768e-11,0.013552221639991818,-0.29509064278136843,-0.003673228157558912
3.915,3/3 curl_four_fingers_thumb_up,0.9438081663242057,-0.3868325438921677,1.0032643762965205,0.05320968637382301,1.94497960890623e-11,2.047346612668768e-11,0,0.6160880115816844,-6.537418009253314e-16,2,252.6,-1.1923209851955443,1.4286857250973555,1.2146870040752185,1.94497960890623e-11,0.01355221825450785,-0.29509064303917865,-0.003673217411189352
3.92,3/3 curl_four_fingers_thumb_up,0.9438081660375026,-0.3868325446917477,1.0032643758770121,0.05320968610561647,1.847730511242609e-11,1.94497960890623e-11,0,0.6160880114043309,2.3443661877479384e-16,2,243.0,-1.1923209843636848,1.4286857238809758,1.2146870022631693,1.847730511242609e-11,0.01355221498664397,-0.29509064328849516,-0.0036732070086110662
3.9250000000000003,3/3 curl_four_fingers_thumb_up,0.9438081657597188,-0.386832545468215,1.003264375471324,0.05320968584651573,1.7553439683822414e-11,1.847730511242609e-11,0,0.6160880112335316,3.4596474362945174e-17,2,255.3,-1.1923209835588084,1.4286857226987923,1.2146870005141064,1.7553439683822414e-11,0.013552211832350934,-0.2950906435295967,-0.003673196938914599
3.93,3/3 curl_four_fingers_thumb_up,0.9438081654905828,-0.3868325462222079,1.0032643750790071,0.0532096855962162,1.6675768414827343e-11,1.7553439683822414e-11,0,0.6160880110690486,-1.4303920958741963e-16,2,257.9,-1.1923209827800525,1.4286857215498991,1.2146869988258802,1.6675768414827343e-11,0.013552208787696597,-0.29509064376275285,-0.0036731871915336714
3.935,3/3 curl_four_fingers_thumb_up,0.9438081652298317,-0.38683254695434865,1.0032643746996261,0.05320968535442159,1.5841979821103603e-11,1.6675768414827343e-11,0,0.6160880109106521,3.459647433709578e-17,2,236.8,-1.1923209820265814,1.4286857204334127,1.2146869971963936,1.5841979821103603e-11,0.013552205848904172,-0.2950906439882244,-0.003673177756234262
3.94,3/3 curl_four_fingers_thumb_up,0.9438081649772088,-0.38683254766524344,1.0032643743327614,0.053209685120847346,1.504988232240059e-11,1.5841979821103603e-11,0,0.6160880107581209,-2.984704330504512e-16,2,260.4,-1.1923209812975863,1.42868571934847,1.2146869956236235,1.504988232240059e-11,0.013552203012323294,-0.2950906442062636,-0.0036731686231044744
3.9450000000000003,3/3 curl_four_fingers_thumb_up,0.9438081647324661,-0.3868325483554822,1.0032643739780045,0.05320968489521658,1.4297388699432003e-11,1.504988232240059e-11,0,0.6160880106112416,-9.863028861275313e-17,2,243.7,-1.1923209805922834,1.4286857182942299,1.2146869941056226,1.4297388699432003e-11,0.013552200274421704,-0.29509064441711447,-0.0036731597825444746
3.95,3/3 curl_four_fingers_thumb_up,0.9438081644953635,-0.38683254902563974,1.0032643736349611,0.0532096846772624,1.3582518314321915e-11,1.4297388699432003e-11,0,0.6160880104698085,1.9002769777427794e-16,2,240.6,-1.1923209799099137,1.4286857172698706,1.21468699264051,1.3582518314321915e-11,0.0135521976317883,-0.2950906446210131,-0.003673151225256687
3.955,3/3 curl_four_fingers_thumb_up,0.9438081642656667,-0.3868325496762765,1.0032643733032496,0.053209684466726616,1.2903392669712657e-11,1.3582518314321915e-11,0,0.616088010333623,-5.422136763808662e-17,2,232.3,-1.192320979249742,1.4286857162745912,1.2146869912264717,1.2903392669712657e-11,0.01355219508112532,-0.29509064481818775,-0.0036731429422363904
3.96,3/3 curl_four_fingers_thumb_up,0.9438081640431494,-0.386832550307937,1.003264372982501,0.05320968426335996,1.2258222086088534e-11,1.2903392669712657e-11,0,0.6160880102024942,1.9002769777427794e-16,2,228.8,-1.1923209786110567,1.42868571530761,1.2146869898617378,1.2258222086088534e-11,0.013552192619265971,-0.29509064500885934,-0.0036731349247625168
3.9650000000000003,3/3 curl_four_fingers_thumb_up,0.9438081638275919,-0.38683255092115265,1.003264372672357,0.05320968406692076,1.1645307922221872e-11,1.2258222086088534e-11,0,0.6160880100762375,6.119124471370073e-16,2,235.3,-1.1923209779931683,1.4286857143681648,1.2146869885446114,1.1645307922221872e-11,0.013552190243139682,-0.29509064519324146,-0.0036731271643890024
3.97,3/3 curl_four_fingers_thumb_up,0.9438081636187803,-0.38683255151644025,1.0032643723724723,0.05320968387717626,1.1063042575173011e-11,1.1645307922221872e-11,0,0.6160880099546752,-9.812446637570724e-18,2,230.6,-1.1923209773954093,1.428685713455512,1.2146869872734596,1.1063042575173011e-11,0.01355218794977443,-0.29509064537154084,-0.0036731196529360788
3.975,3/3 curl_four_fingers_thumb_up,0.9438081634165084,-0.38683255209430284,1.0032643720825116,0.05320968369390076,1.0509889496275872e-11,1.1063042575173011e-11,0,0.6160880098376359,1.9002769778720263e-16,2,244.2,-1.192320976817133,1.4286857125689265,1.2146869860467011,1.0509889496275872e-11,0.013552185736304515,-0.29509064554395725,-0.0036731123824818896
3.98,3/3 curl_four_fingers_thumb_up,0.9438081632205748,-0.3868325526552307,1.0032643718021512,0.0532096835168765,9.984392072922145e-12,1.0509889496275872e-11,0,0.6160880097249543,5.8970798664967405e-16,2,232.1,-1.1923209762577136,1.4286857117077016,1.2146869848627755,9.984392072922145e-12,0.013552183599995413,-0.2950906457106841,-0.003673105345354453
3.985,3/3 curl_four_fingers_thumb_up,0.9438081630307855,-0.38683255319970083,1.0032643715310767,0.053209683345892246,9.485171408115247e-12,9.984392072922145e-12,0,0.6160880096164714,2.1223215827453589e-16,2,253.4,-1.1923209757165447,1.4286857108711477,1.214686983720237,9.485171408115247e-12,0.013552181538145448,-0.2950906458719084,-0.003673098534124228
3.99,3/3 curl_four_fingers_thumb_up,0.9438081628469511,-0.38683255372817754,1.003264371268985,0.053209683180744795,9.01091299779402e-12,9.485171408115247e-12,0,0.6160880095120334,-3.2016907137828673e-17,2,234.2,-1.1923209751930393,1.4286857100585928,1.2146869826176436,9.01091299779402e-12,0.013552179548190647,-0.2950906460278111,-0.003673091941595883
3.995,3/3 curl_four_fingers_thumb_up,0.9438081626688886,-0.3868325542411125,1.003264371015582,0.05320968302123686,8.560368951278786e-12,9.01091299779402e-12,0,0.6160880094114923,-3.2067489353778443e-16,2,232.6,-1.1923209746866286,1.4286857092693817,1.21468698155362,8.560368951278786e-12,0.013552177627638232,-0.2950906461785671,-0.0036730855608014456
4.0,3/3 curl_four_fingers_thumb_up,0.9438081624964204,-0.3868325547389456,1.0032643707705835,0.05320968286717876,8.132351329933197e-12,8.560368951278786e-12,0,0.6160880093147055,-1.6524367008767758e-16,2,543.1,-1.1923209741967624,1.428685708502876,1.2146869805268374,8.132351329933197e-12,0.013552175774081191,-0.2950906463243457,-0.003673079384993021
4.005,3/3 curl_four_fingers_thumb_up,0.9438081623293739,-0.3868325552221051,1.0032643705337143,0.0532096827183857,7.725734367610283e-12,8.132351329933197e-12,0,0.6160880092215356,-1.2083474910008638e-16,2,530.4,-1.192320973722908,1.4286857077584532,1.214686979536004,7.725734367610283e-12,0.013552173985203647,-0.2950906464653105,-0.003673073407635902
4.01,3/3 curl_four_fingers_thumb_up,0.943808162167582,-0.3868325556910075,1.0032643703047086,0.05320968257468026,7.339447809314304e-12,7.725734367610283e-12,0,0.6160880091318498,-3.2016907137828673e-17,2,524.9,-1.1923209732645488,1.428685707035507,1.2146869785798717,7.339447809314304e-12,0.013552172258769686,-0.29509064660162,-0.0036730676224019762
4.015,3/3 curl_four_fingers_thumb_up,0.9438081620108831,-0.3868325561460581,1.0032643700833082,0.053209682435890616,6.972474690754705e-12,7.339447809314304e-12,0,0.6160880090455203,1.4561877679961143e-16,2,489.7,-1.1923209728211854,1.4286857063334462,1.214686977657238,6.972474690754705e-12,0.01355217059261767,-0.2950906467334272,-0.0036730620231632607
4.0200000000000005,3/3 curl_four_fingers_thumb_up,0.9438081618591189,-0.38683255658765137,1.003264369869264,0.05320968230185064,6.62385355879216e-12,6.972474690754705e-12,0,0.6160880089624239,-5.205150379625578e-16,2,498.0,-1.1923209723923338,1.4286857056516948,1.2146869767669632,6.62385355879216e-12,0.01355216898463813,-0.2950906468608804,-0.0036730566039856315
4.025,3/3 curl_four_fingers_thumb_up,0.9438081617121377,-0.38683255701617086,1.0032643696623347,0.05320968217239919,6.29266070787018e-12,6.62385355879216e-12,0,0.6160880088824421,3.459647433709578e-17,2,499.1,-1.1923209719775256,1.428685704989692,1.2146869759079153,6.29266070787018e-12,0.013552167432825925,-0.29509064698412274,-0.0036730513591224823
4.03,3/3 curl_four_fingers_thumb_up,0.9438081615697915,-0.3868325574319905,1.0032643694622867,0.0532096820473817,5.978027943583509e-12,6.29266070787018e-12,0,0.6160880088054602,-5.4221367625161925e-17,2,479.5,-1.1923209715763075,1.4286857043468908,1.2146869750790075,5.978027943583509e-12,0.013552165935238265,-0.29509064710329286,-0.00367304628300921
4.035,3/3 curl_four_fingers_thumb_up,0.9438081614319367,-0.38683255783547316,1.003264369268894,0.05320968192664755,5.679124819109727e-12,5.978027943583509e-12,0,0.616088008731368,3.454589212373095e-16,2,479.4,-1.19232097118824,1.4286857037227587,1.2146869742792024,5.679124819109727e-12,0.013552164489986886,-0.2950906472185248,-0.0036730413702574126
4.04,3/3 curl_four_fingers_thumb_up,0.9438081612984344,-0.38683255822697205,1.0032643690819387,0.05320968181005215,5.395167516993449e-12,5.679124819109727e-12,0,0.6160880086600592,2.1223215828746058e-16,2,468.6,-1.1923209708128983,1.428685703116777,1.2146869735074821,5.395167516993449e-12,0.013552163095264943,-0.2950906473299482,-0.0036730366156492505
4.045,3/3 curl_four_fingers_thumb_up,0.9438081611691493,-0.3868325586068312,1.0032643689012088,0.053209681697455,5.125412187808177e-12,5.395167516993449e-12,0,0.6160880085914313,-6.093328799377402e-16,2,475.4,-1.1923209704498705,1.4286857025284405,1.214686972762892,5.125412187808177e-12,0.013552161749299196,-0.2950906474376885,-0.003673032014132266
4.05,3/3 curl_four_fingers_thumb_up,0.9438081610439512,-0.3868325589753847,1.003264368726499,0.053209681588720505,4.86914384792605e-12,5.125412187808177e-12,0,0.6160880085253855,-4.539016564876333e-16,2,470.0,-1.192320970098758,1.4286857019572572,1.214686972044462,4.86914384792605e-12,0.013552160450425461,-0.295090647541867,-0.0036730275608138747
4.055,3/3 curl_four_fingers_thumb_up,0.9438081609227131,-0.3868325593329577,1.0032643685576126,0.05320968148371797,4.625687481748098e-12,4.86914384792605e-12,0,0.6160880084618265,-1.6524367008767758e-16,2,474.2,-1.1923209697591755,1.4286857014027479,1.2146869713513042,4.625687481748098e-12,0.013552159196988161,-0.2950906476426009,-0.003673023250956865
4.0600000000000005,3/3 curl_four_fingers_thumb_up,0.9438081608053116,-0.38683255967986674,1.003264368394357,0.05320968138232091,4.394403600812136e-12,4.625687481748098e-12,0,0.6160880084006628,-9.863028860629078e-17,2,540.1,-1.192320969430749,1.4286857008644458,1.214686970682535,4.394403600812136e-12,0.01355215798741541,-0.29509064774000376,-0.0036730190799740166
4.065,3/3 curl_four_fingers_thumb_up,0.9438081606916282,-0.38683256001641914,1.0032643682365472,0.05320968128440665,4.17468380290067e-12,4.394403600812136e-12,0,0.6160880083418058,-7.642582811249518e-17,2,493.9,-1.1923209691131171,1.4286857003418967,1.2146869700373064,4.17468380290067e-12,0.013552156820183344,-0.2950906478341853,-0.003673015043423633
4.07,3/3 curl_four_fingers_thumb_up,0.943808160581547,-0.3868325603429143,1.0032643680840039,0.053209681189857506,3.965948551594845e-12,4.17468380290067e-12,0,0.6160880082851704,2.1223215828746058e-16,2,496.5,-1.19232096880593,1.428685699834658,1.2146869694147997,3.965948551594845e-12,0.013552155693821361,-0.2950906479252517,-0.0036730111370049416
4.075,3/3 curl_four_fingers_thumb_up,0.9438081604749555,-0.3868325606596428,1.0032643679365534,0.05320968109855848,3.767651617166546e-12,3.965948551594845e-12,0,0.6160880082306744,-9.863028860629078e-17,2,522.2,-1.1923209685088485,1.4286856993422992,1.214686968814223,3.767651617166546e-12,0.013552154606910206,-0.2950906480133055,-0.0036730073565536497
4.08,3/3 curl_four_fingers_thumb_up,0.9438081603717454,-0.3868325609668876,1.0032643677940278,0.05320968101039961,3.579268974348149e-12,3.767651617166546e-12,0,0.6160880081782388,1.2392013856224876e-17,2,528.9,-1.192320968221545,1.4286856988644008,1.2146869682348274,3.579268974348149e-12,0.013552153558064313,-0.29509064809844604,-0.0036730036980376583
4.085,3/3 curl_four_fingers_thumb_up,0.9438081602718116,-0.3868325612649235,1.0032643676562651,0.053209680925274096,3.4003054636706725e-12,3.579268974348149e-12,0,0.6160880081277872,1.2392013856224876e-17,2,534.4,-1.1923209679437017,1.428685698400555,1.2146869676758627,3.4003054636706725e-12,0.013552152545972635,-0.29509064818076935,-0.003673000157552753
4.09,3/3 curl_four_fingers_thumb_up,0.9438081601750513,-0.38683256155401796,1.0032643675231077,0.05320968084307907,3.2302903505716745e-12,3.4003054636706725e-12,0,0.6160880080792462,-3.2016907131366325e-17,2,535.4,-1.1923209676750113,1.4286856979503642,1.214686967136612,3.2302903505716745e-12,0.013552151569362193,-0.29509064826036835,-0.003672996731318855
4.095,3/3 curl_four_fingers_thumb_up,0.9438081600813661,-0.38683256183443104,1.0032643673944037,0.053209680763714386,3.068777325395256e-12,3.2302903505716745e-12,0,0.6160880080325449,-2.984704330375265e-16,2,507.3,-1.1923209674151765,1.4286856975134419,1.2146869666164064,3.068777325395256e-12,0.01355215062698036,-0.2950906483373328,-0.003672993415676044
4.1,3/3 curl_four_fingers_thumb_up,0.9438081599906598,-0.38683256210641503,1.003264367270006,0.053209680687083795,2.9153378420539115e-12,3.068777325395256e-12,0,0.6160880079876154,1.2341431631874053e-16,2,535.0,-1.192320967163909,1.4286856970894117,1.2146869661145774,2.9153378420539115e-12,0.013552149717640443,-0.2950906484117496,-0.0036729902070805087
4.105,3/3 curl_four_fingers_thumb_up,0.943808159902839,-0.3868325623702158,1.0032643671497727,0.053209680613094786,2.769569999812727e-12,2.9153378420539115e-12,0,0.6160880079443917,1.9002769779366498e-16,2,539.7,-1.1923209669209305,1.4286856966779078,1.2146869656304708,2.769569999812727e-12,0.013552148840205667,-0.29509064848370276,-0.0036729871021011448
4.11,3/3 curl_four_fingers_thumb_up,0.9438081598178137,-0.38683256262607224,1.003264367033566,0.05320968054165679,2.6310918819512314e-12,2.769569999812727e-12,0,0.6160880079028103,-7.642582811572635e-17,2,519.6,-1.1923209666859709,1.4286856962785734,1.214686965163477,2.6310918819512314e-12,0.013552147993556302,-0.29509064855327355,-0.003672984097416098
4.115,3/3 curl_four_fingers_thumb_up,0.9438081597354967,-0.3868325628742161,1.003264366921252,0.05320968047268305,2.4995371148712982e-12,2.6310918819512314e-12,0,0.6160880078628104,3.45964743467893e-17,2,644.4,-1.192320966458769,1.428685695891062,1.2146869647129934,2.4995371148712982e-12,0.013552147176625468,-0.2950906486205406,-0.003672981189809074
4.12,3/3 curl_four_fingers_thumb_up,0.9438081596558032,-0.38683256311487324,1.0032643668127028,0.05320968040608954,2.3745593089892443e-12,2.4995371148712982e-12,0,0.6160880078243329,1.9002769779366498e-16,2,521.5,-1.1923209662390721,1.4286856955150362,1.2146869642784541,2.3745593089892443e-12,0.013552146388367083,-0.29509064868557977,-0.003672978376166153
4.125,3/3 curl_four_fingers_thumb_up,0.9438081595786504,-0.3868325633482627,1.0032643667077934,0.05320968034179511,2.25583205873583e-12,2.3745593089892443e-12,0,0.6160880077873216,-1.4303920959388198e-16,2,507.2,-1.1923209660266356,1.4286856951501676,1.2146869638592939,2.25583205873583e-12,0.013552145627790196,-0.29509064874846475,-0.003672975653472428
4.13,3/3 curl_four_fingers_thumb_up,0.9438081595039597,-0.3868325635745976,1.0032643666064036,0.05320968027972182,2.1430378403260126e-12,2.25583205873583e-12,0,0.6160880077517216,5.230946051812119e-16,2,508.2,-1.1923209658212228,1.428685694796137,1.2146869634549853,2.1430378403260126e-12,0.013552144893919735,-0.29509064880926655,-0.003672973018809044
4.135,3/3 curl_four_fingers_thumb_up,0.943808159431653,-0.3868325637940852,1.0032643665084162,0.05320968021979298,2.035883554881291e-12,2.1430378403260126e-12,0,0.6160880077174804,4.786856841968519e-16,2,497.8,-1.1923209656226044,1.4286856944526338,1.2146869630649924,2.035883554881291e-12,0.013552144185841442,-0.2950906488680539,-0.0036729704693499745
4.14,3/3 curl_four_fingers_thumb_up,0.9438081593616557,-0.3868325640069266,1.003264366413719,0.05320968016193615,1.9340894261994595e-12,2.035883554881291e-12,0,0.6160880076845471,-9.812446637570724e-18,2,483.1,-1.1923209654305587,1.4286856941193558,1.2146869626888261,1.9340894261994595e-12,0.01355214350264368,-0.29509064892489334,-0.003672968002359407
4.1450000000000005,3/3 curl_four_fingers_thumb_up,0.9438081592938957,-0.38683256421331713,1.0032643663222032,0.05320968010608027,1.8373845598625098e-12,1.9340894261994595e-12,0,0.6160880076528732,7.900539533114933e-17,2,485.5,-1.192320965244871,1.4286856937960088,1.214686962326007,1.8373845598625098e-12,0.013552142843454476,-0.29509064897984916,-0.0036729656151885566
4.15,3/3 curl_four_fingers_thumb_up,0.943808159228302,-0.38683256441344704,1.0032643662337621,0.053209680052156656,1.7455158250208274e-12,1.8373845598625098e-12,0,0.6160880076224114,-9.863028860629078e-17,2,480.8,-1.1923209650653335,1.4286856934823073,1.2146869619760585,1.7455158250208274e-12,0.013552142207445087,-0.29509064903298354,-0.0036729633052730182
4.155,3/3 curl_four_fingers_thumb_up,0.9438081591648069,-0.386832564607501,1.0032643661482947,0.053209680000099825,1.6582389726089945e-12,1.7455158250208274e-12,0,0.6160880075931167,2.1223215828746058e-16,2,488.5,-1.1923209648917452,1.4286856931779732,1.2146869616385332,1.6582389726089945e-12,0.013552141593803187,-0.29509064908435667,-0.0036729610701302386
4.16,3/3 curl_four_fingers_thumb_up,0.9438081591033444,-0.3868325647956579,1.003264366065702,0.05320967994984536,1.5753275171299879e-12,1.6582389726089945e-12,0,0.6160880075649451,-9.863028860629078e-17,2,476.5,-1.1923209647239115,1.428685692882736,1.2146869613129965,1.5753275171299879e-12,0.013552141001747158,-0.2950906491340267,-0.0036729589073567735
4.165,3/3 curl_four_fingers_thumb_up,0.9438081590438506,-0.3868325649780927,1.003264365985888,0.05320967990133208,1.4965616344249314e-12,1.5753275171299879e-12,0,0.6160880075378548,-9.863028860629078e-17,2,469.9,-1.1923209645616442,1.428685692596333,1.2146869609990152,1.4965616344249314e-12,0.01355214043053584,-0.2950906491820499,-0.003672956814625855
4.17,3/3 curl_four_fingers_thumb_up,0.943808158986263,-0.3868325651549739,1.0032643659087614,0.05320967985450054,1.4217326025651959e-12,1.4965616344249314e-12,0,0.6160880075118051,1.9002769779689616e-16,2,482.6,-1.192320964404761,1.428685692318508,1.21468696069621,1.4217326025651959e-12,0.013552139879415224,-0.29509064922848066,-0.0036729547896850747
4.175,3/3 curl_four_fingers_thumb_up,0.943808158930522,-0.38683256532646676,1.003264365834232,0.05320967980929243,1.3506472427444963e-12,1.4217326025651959e-12,0,0.6160880074867572,-2.5406151205316646e-16,2,468.4,-1.1923209642530854,1.428685692049013,1.2146869604041597,1.3506472427444963e-12,0.013552139347712632,-0.29509064927337153,-0.0036729528303536397
4.18,3/3 curl_four_fingers_thumb_up,0.9438081588765691,-0.38683256549273043,1.0032643657622136,0.053209679765652475,1.2831145966025972e-12,1.3506472427444963e-12,0,0.6160880074626733,5.680093484220049e-17,2,471.7,-1.1923209641064472,1.4286856917876058,1.2146869601225063,1.2831145966025972e-12,0.013552138834729492,-0.2950906493167735,-0.0036729509345206825
4.1850000000000005,3/3 curl_four_fingers_thumb_up,0.943808158824348,-0.38683256565392043,1.0032643656926228,0.05320967972352723,1.2189592489016078e-12,1.2831145966025972e-12,0,0.6160880074395175,-7.642582811249518e-17,2,474.8,-1.1923209639646808,1.4286856915340516,1.2146869598508945,1.2189592489016078e-12,0.013552138339801822,-0.29509064935873575,-0.0036729491001425358
4.19,3/3 curl_four_fingers_thumb_up,0.9438081587738039,-0.38683256581018743,1.0032643656253786,0.053209679682864365,1.158010225295736e-12,1.2189592489016078e-12,0,0.6160880074172546,2.1223215829069176e-16,2,506.5,-1.1923209638276266,1.4286856912881218,1.21468695958895,1.158010225295736e-12,0.013552137862319472,-0.29509064939930585,-0.003672947325240705
4.195,3/3 curl_four_fingers_thumb_up,0.9438081587248839,-0.3868325659616777,1.0032643655604034,0.05320967964361426,1.100112094561534e-12,1.158010225295736e-12,0,0.6160880073958511,-4.761061169781978e-16,2,480.5,-1.1923209636951302,1.4286856910495946,1.2146869593363323,1.100112094561534e-12,0.013552137401673056,-0.2950906494385298,-0.0036729456079001347
4.2,3/3 curl_four_fingers_thumb_up,0.9438081586775368,-0.38683256610853384,1.0032643654976208,0.053209679605727735,1.0451072050295053e-12,1.100112094561534e-12,0,0.6160880073752748,-1.430392095906508e-16,2,472.8,-1.1923209635670418,1.4286856908182537,1.2146869590927214,1.0451072050295053e-12,0.013552136957265672,-0.29509064947645214,-0.003672943946266969
4.205,3/3 curl_four_fingers_thumb_up,0.9438081586317123,-0.3868325662508935,1.003264365436958,0.053209679569158265,9.928512277064484e-13,1.0451072050295053e-12,0,0.6160880073554945,1.2341431632035612e-16,2,467.5,-1.1923209634432166,1.4286856905938894,1.2146869588578135,9.928512277064484e-13,0.013552136528515862,-0.29509064951311587,-0.0036729423385465513
4.21,3/3 curl_four_fingers_thumb_up,0.9438081585873629,-0.3868325663888912,1.0032643653783444,0.05320967953386072,9.432109358294083e-13,9.928512277064484e-13,0,0.6160880073364802,-4.539016564844022e-16,2,472.7,-1.1923209633235146,1.4286856903762977,1.2146869586312727,9.432109358294083e-13,0.013552136114904842,-0.2950906495485626,-0.003672940783001449
4.215,3/3 curl_four_fingers_thumb_up,0.9438081585444412,-0.3868325665226572,1.0032643653217117,0.053209679499791364,8.960486617433316e-13,9.432109358294083e-13,0,0.6160880073182028,3.45458921247003e-16,2,472.9,-1.1923209632078,1.42868569016528,1.2146869584128261,8.960486617433316e-13,0.013552135715881077,-0.29509064958283265,-0.0036729392779501265
4.22,3/3 curl_four_fingers_thumb_up,0.9438081585029029,-0.38683256665231774,1.0032643652669937,0.05320967946690797,8.512467218076081e-13,8.960486617433316e-13,0,0.6160880073006345,-9.86302886030596e-17,2,477.8,-1.192320963095942,1.428685689960644,1.2146869582021702,8.512467218076081e-13,0.013552135330951882,-0.2950906496159649,-0.003672937821764605
4.225,3/3 curl_four_fingers_thumb_up,0.943808158462703,-0.38683256677799577,1.0032643652141264,0.053209679435169834,8.086852119355781e-13,8.512467218076081e-13,0,0.6160880072837489,-1.6524367008121523e-16,2,477.7,-1.1923209629878135,1.428685689762202,1.2146869579990478,8.086852119355781e-13,0.013552134959606187,-0.29509064964799697,-0.003672936412869197
4.23,3/3 curl_four_fingers_thumb_up,0.9438081584238,-0.3868325668998108,1.0032643651630477,0.05320967940453745,7.682508893787299e-13,8.086852119355781e-13,0,0.6160880072675198,1.239201385945605e-17,2,469.1,-1.1923209628832918,1.4286856895697722,1.214686957803189,7.682508893787299e-13,0.013552134601372267,-0.2950906496789653,-0.003672935049738476
4.235,hold_final_pose,0.9438081583861516,-0.38683256701787855,1.0032643651136988,0.0532096793749729,7.298393931727488e-13,7.682508893787299e-13,0,0.6160880072519224,-2.0965259106557526e-16,2,478.7,-1.1923209627822582,1.4286856893831776,1.2146869576143453,7.298393931727488e-13,0.01355213425578241,-0.2950906497089051,-0.0036729337308959065
4.24,hold_final_pose,0.9438081583497193,-0.38683256713231134,1.0032643650660211,0.053209679346439394,6.933463623533199e-13,7.298393931727488e-13,0,0.6160880072369329,2.1223215829069176e-16,2,470.7,-1.1923209626845976,1.4286856892022468,1.2146869574322436,6.933463623533199e-13,0.013552133922419208,-0.2950906497378504,-0.00367293245491215
4.245,hold_final_pose,0.9438081583144636,-0.38683256724321824,1.0032643650199584,0.05320967931890092,6.586763177403256e-13,6.933463623533199e-13,0,0.6160880072225281,5.452990656782387e-16,2,462.7,-1.192320962590199,1.4286856890268123,1.21468695725667,6.586763177403256e-13,0.013552133600829594,-0.29509064976583405,-0.0036729312204039255
4.25,hold_final_pose,0.9438081582803471,-0.386832567350706,1.0032643649754571,0.05320967929232385,6.257426619378449e-13,6.586763177403256e-13,0,0.616088007208686,-3.2016907126519563e-17,2,475.7,-1.1923209624989546,1.4286856888567119,1.214686957087381,6.257426619378449e-13,0.01355213329061332,-0.29509064979288796,-0.003672930026032035
4.255,hold_final_pose,0.9438081582473337,-0.38683256745487665,1.0032643649324653,0.05320967926667503,5.94456577103908e-13,6.257426619378449e-13,0,0.6160880071953849,-2.0965259106638305e-16,2,474.5,-1.1923209624107605,1.428685688691788,1.2146869569241607,5.94456577103908e-13,0.013552132991365297,-0.29509064981904287,-0.003672928870500322
4.26,hold_final_pose,0.9438081582153881,-0.38683256755583056,1.0032643648909318,0.053209679241921944,5.647336862886432e-13,5.94456577103908e-13,0,0.6160880071826047,1.2392013858648257e-17,2,472.7,-1.192320962325516,1.4286856885318875,1.2146869567668093,5.647336862886432e-13,0.013552132702685507,-0.2950906498443286,-0.003672927752554144
4.265,hold_final_pose,0.943808158184477,-0.3868325676536648,1.003264364850808,0.05320967921803416,5.36496273880327e-13,5.647336862886432e-13,0,0.6160880071703252,1.4561877681415172e-16,2,470.1,-1.1923209622431237,1.4286856883768617,1.21468695661509,5.36496273880327e-13,0.013552132424232127,-0.29509064986877387,-0.0036729266709789304
4.2700000000000005,hold_final_pose,0.9438081581545666,-0.3868325677484731,1.0032643648120467,0.05320967919498141,5.09671065159334e-13,5.36496273880327e-13,0,0.6160880071585276,7.900539533680388e-17,2,473.7,-1.1923209621634894,1.428685688226566,1.2146869564688152,5.09671065159334e-13,0.013552132155634476,-0.2950906498924065,-0.0036729256245993658
4.275,hold_final_pose,0.9438081581256255,-0.3868325678403476,1.0032643647746022,0.05320967917273565,4.841892262981373e-13,5.09671065159334e-13,0,0.6160880071471933,-3.428793540210787e-16,2,472.3,-1.1923209620865218,1.4286856880808596,1.2146869563277973,4.841892262981373e-13,0.01355213189654097,-0.2950906499152535,-0.003672924612277732
4.28,hold_final_pose,0.9438081580976224,-0.38683256792937637,1.00326436473843,0.05320967915126796,4.599819234692104e-13,4.841892262981373e-13,0,0.6160880071363047,-4.3169719599060657e-16,2,470.7,-1.192320962012133,1.4286856879396066,1.2146869561918423,4.599819234692104e-13,0.013552131646625791,-0.29509064993734085,-0.003672923632912771
4.285,hold_final_pose,0.9438081580705272,-0.3868325680156457,1.0032643647034876,0.053209679130551725,4.3698032284502644e-13,4.599819234692104e-13,0,0.6160880071258448,5.008901446946865e-16,2,481.5,-1.192320961940237,1.4286856878026744,1.2146869560607778,4.3698032284502644e-13,0.013552131405559057,-0.2950906499586937,-0.0036729226854386615
4.29,hold_final_pose,0.9438081580443116,-0.3868325680992393,1.0032643646697332,0.0532096791105608,4.151289132743541e-13,4.3698032284502644e-13,0,0.6160880071157971,4.786856842016987e-16,2,466.3,-1.192320961870752,1.428685687669934,1.214686955934431,4.151289132743541e-13,0.013552131173028906,-0.29509064997933643,-0.0036729217688237295
4.295,hold_final_pose,0.9438081580189468,-0.3868325681802382,1.003264364637128,0.05320967909127109,3.943699631599129e-13,4.151289132743541e-13,0,0.6160880071061462,5.008901446946865e-16,2,469.2,-1.192320961803598,1.428685687541261,1.214686955812625,3.943699631599129e-13,0.013552130948745139,-0.2950906499992925,-0.0036729208820694267
4.3,hold_final_pose,0.9438081579944062,-0.38683256825872114,1.0032643646056327,0.053209679072657536,3.746501817965209e-13,3.943699631599129e-13,0,0.6160880070968766,2.5664107927666737e-16,2,476.2,-1.1923209617386976,1.4286856874165337,1.214686955695213,3.746501817965209e-13,0.013552130732403073,-0.29509065001858475,-0.003672920024209406
4.305,hold_final_pose,0.9438081579706629,-0.3868325683347647,1.0032643645752104,0.05320967905469718,3.559184989250453e-13,3.746501817965209e-13,0,0.6160880070879737,-1.6524367008040744e-16,2,477.1,-1.1923209616759765,1.4286856872956342,1.2146869555820288,3.559184989250453e-13,0.013552130523733417,-0.2950906500372351,-0.0036729191943081995
4.3100000000000005,hold_final_pose,0.9438081579476914,-0.3868325684084426,1.0032643645458241,0.0532096790373666,3.38121623840304e-13,3.559184989250453e-13,0,0.6160880070794236,1.9002769779931954e-16,2,465.3,-1.192320961615362,1.4286856871784481,1.2146869554729283,3.38121623840304e-13,0.013552130322460231,-0.29509065005526497,-0.0036729183914605357
4.315,hold_final_pose,0.9438081579254677,-0.38683256847982717,1.00326436451744,0.05320967902064478,3.2121292717526284e-13,3.38121623840304e-13,0,0.6160880070712124,5.230946051868665e-16,2,466.5,-1.1923209615567845,1.4286856870648643,1.2146869553677657,3.2121292717526284e-13,0.013552130128323467,-0.2950906500726948,-0.0036729176147901796
4.32,hold_final_pose,0.9438081579039665,-0.3868325685489882,1.0032643644900232,0.053209679004510076,3.051546613470846e-13,3.2121292717526284e-13,0,0.6160880070633274,-4.761061169757744e-16,2,462.9,-1.1923209615001762,1.4286856869547748,1.214686955266404,3.051546613470846e-13,0.013552129941069222,-0.29509065008954455,-0.003672916863449085
4.325,hold_final_pose,0.9438081578831659,-0.38683256861599324,1.0032643644635422,0.053209678988942445,2.898979765426857e-13,3.051546613470846e-13,0,0.616088007055756,-2.0965259106557526e-16,2,481.9,-1.192320961445472,1.4286856868480748,1.2146869551686872,2.898979765426857e-13,0.013552129760475443,-0.2950906501058334,-0.00367291613661645
4.33,hold_final_pose,0.9438081578630428,-0.3868325686809084,1.003264364437965,0.053209678973922044,2.7540290473317964e-13,2.898979765426857e-13,0,0.6160880070484861,3.459647435203996e-17,2,474.7,-1.1923209613926085,1.4286856867446627,1.2146869550744948,2.7540290473317964e-13,0.013552129586298759,-0.29509065012158003,-0.003672915433498099
4.335,hold_final_pose,0.9438081578435756,-0.38683256874379707,1.003264364413261,0.05320967895943,2.616316983357292e-13,2.7540290473317964e-13,0,0.6160880070415061,2.1223215829190345e-16,2,225.6,-1.1923209613415244,1.4286856866444393,1.214686954983712,2.616316983357292e-13,0.013552129418301868,-0.2950906501368024,-0.0036729147533253225
4.34,hold_final_pose,0.9438081578247434,-0.38683256880472155,1.0032643643894015,0.05320967894544821,2.485510506595956e-13,2.616316983357292e-13,0,0.6160880070348047,-1.8744813057339524e-16,2,204.9,-1.1923209612921608,1.428685686547309,1.2146869548962176,2.485510506595956e-13,0.013552129256267025,-0.2950906501515179,-0.003672914095354042
4.345,hold_final_pose,0.9438081578065255,-0.3868325688637416,1.0032643643663568,0.05320967893195864,2.3612099367589234e-13,2.485510506595956e-13,0,0.6160880070283712,5.008901446946865e-16,2,193.3,-1.1923209612444603,1.4286856864531785,1.2146869548118855,2.3612099367589234e-13,0.013552129099992713,-0.2950906501657434,-0.0036729134588641497
4.3500000000000005,hold_final_pose,0.9438081577889018,-0.3868325689209157,1.0032643643441002,0.053209678918943744,2.2431488203202843e-13,2.3612099367589234e-13,0,0.6160880070221952,1.239201385945605e-17,2,204.3,-1.1923209611983676,1.4286856863619575,1.2146869547306007,2.2431488203202843e-13,0.013552128949277806,-0.29509065017949504,-0.003672912843158813
4.355,hold_final_pose,0.9438081577718545,-0.3868325689763003,1.003264364322605,0.05320967890638776,2.130994090372651e-13,2.2431488203202843e-13,0,0.616088007016267,-5.4221367617891783e-17,2,198.1,-1.1923209611538292,1.4286856862735582,1.2146869546522632,2.130994090372651e-13,0.013552128803917868,-0.29509065019278863,-0.003672912247563666
4.36,hold_final_pose,0.9438081577553636,-0.38683256902995017,1.0032643643018453,0.053209678894274394,2.0244348844691285e-13,2.130994090372651e-13,0,0.6160880070105765,1.9002769779931954e-16,2,189.6,-1.1923209611107934,1.4286856861878954,1.2146869545767665,2.0244348844691285e-13,0.013552128663724934,-0.29509065020563935,-0.003672911671426
4.365,hold_final_pose,0.943808157739412,-0.3868325690819187,1.0032643642817964,0.05320967888258852,1.923226953544299e-13,2.0244348844691285e-13,0,0.616088007005115,-2.762659725429231e-16,2,198.1,-1.19232096106921,1.4286856861048862,1.2146869545040064,1.923226953544299e-13,0.013552128528519253,-0.2950906502180619,-0.003672911114114151
4.37,hold_final_pose,0.9438081577239817,-0.3868325691322574,1.0032643642624337,0.0532096788713144,1.8270594351512682e-13,1.923226953544299e-13,0,0.6160880069998734,1.234143163219717e-16,2,193.2,-1.1923209610290306,1.4286856860244506,1.2146869544338872,1.8270594351512682e-13,0.013552128398123144,-0.29509065023007053,-0.0036729105750168494
4.375,hold_final_pose,0.9438081577090564,-0.38683256918101633,1.0032643642437353,0.05320967886043918,1.7357102846851103e-13,1.8270594351512682e-13,0,0.616088006994843,-7.642582811047569e-17,2,203.5,-1.1923209609902086,1.4286856859465105,1.2146869543663177,1.7357102846851103e-13,0.013552128272363215,-0.2950906502416789,-0.003672910053542525
4.38,hold_final_pose,0.9438081576946199,-0.386832569228244,1.0032643642256776,0.053209678849947796,1.648935253080408e-13,1.7357102846851103e-13,0,0.6160880069900158,-2.0965259106557526e-16,2,193.0,-1.1923209609526983,1.4286856858709904,1.214686954301195,1.648935253080408e-13,0.013552128151087146,-0.29509065025290043,-0.003672909549118644
4.385,hold_final_pose,0.943808157680656,-0.3868325692739877,1.0032643642082386,0.05320967883982659,1.566490091271744e-13,1.648935253080408e-13,0,0.6160880069853837,-3.201690712550982e-17,2,200.2,-1.1923209609164562,1.4286856857978167,1.2146869542384473,1.566490091271744e-13,0.01355212803412141,-0.29509065026374787,-0.0036729090611912706
4.39,hold_final_pose,0.9438081576671498,-0.3868325693182931,1.0032643641913987,0.05320967883006384,1.4881749591146854e-13,1.566490091271744e-13,0,0.6160880069809392,-1.8744813057299135e-16,2,194.0,-1.19232096088144,1.4286856857269183,1.2146869541779686,1.4881749591146854e-13,0.013552127921334096,-0.2950906502742337,-0.0036729085892241893
4.3950000000000005,hold_final_pose,0.9438081576540862,-0.3868325693612043,1.0032643641751364,0.053209678820646374,1.4137678120043074e-13,1.4881749591146854e-13,0,0.616088006976675,-3.201690712550982e-17,2,187.3,-1.1923209608476086,1.4286856856582262,1.2146869541196932,1.4137678120043074e-13,0.01355212781256196,-0.29509065028436987,-0.0036729081326987052
4.4,hold_final_pose,0.9438081576414512,-0.3868325694027645,1.0032643641594328,0.053209678811561724,1.3430688097961774e-13,1.4137678120043074e-13,0,0.6160880069725841,2.1223215829190345e-16,2,201.5,-1.1923209608149226,1.428685685591673,1.214686954063534,1.3430688097961774e-13,0.013552127707671066,-0.2950906502941681,-0.0036729076911127083
4.405,hold_final_pose,0.9438081576292309,-0.38683256944301564,1.0032643641442682,0.05320967880279901,1.2759447257273404e-13,1.3430688097961774e-13,0,0.6160880069686595,-5.871284194380881e-16,2,190.2,-1.1923209607833434,1.4286856855271934,1.2146869540094252,1.2759447257273404e-13,0.013552127606514563,-0.2950906503036395,-0.003672907263980385
4.41,hold_final_pose,0.9438081576174112,-0.3868325694819977,1.0032643641296255,0.05320967879434691,1.2121513107323788e-13,1.2759447257273404e-13,0,0.616088006964895,-7.642582811047569e-17,2,201.7,-1.1923209607528342,1.4286856854647247,1.214686953957287,1.2121513107323788e-13,0.013552127508965813,-0.295090650312795,-0.0036729068508315203
4.415,hold_final_pose,0.9438081576059805,-0.3868325695197502,1.003264364115486,0.0532096787861941,1.151510929127353e-13,1.2121513107323788e-13,0,0.6160880069612841,6.56321368142168e-16,2,566.7,-1.1923209607233591,1.4286856854042054,1.214686953907045,1.151510929127353e-13,0.013552127414901399,-0.29509065032164516,-0.00367290645121115
4.42,hold_final_pose,0.943808157594925,-0.3868325695563112,1.0032643641018326,0.05320967877833042,1.0939125586097998e-13,1.151510929127353e-13,0,0.6160880069578206,4.564812237095187e-16,2,492.5,-1.1923209606948835,1.4286856853455758,1.2146869538586365,1.0939125586097998e-13,0.013552127324192465,-0.2950906503302,-0.003672906064679062
4.425,hold_final_pose,0.9438081575842329,-0.38683256959171725,1.0032643640886494,0.05320967877074568,1.0392229724167646e-13,1.0939125586097998e-13,0,0.6160880069544991,-1.2083474909564351e-16,2,505.9,-1.192320960667374,1.4286856852887784,1.2146869538119947,1.0392229724167646e-13,0.013552127236721037,-0.29509065033846943,-0.003672905690809213
4.43,hold_final_pose,0.9438081575738924,-0.38683256962600465,1.0032643640759202,0.05320967876343025,9.872645348643073e-14,1.0392229724167646e-13,0,0.6160880069513138,-5.422136761809373e-17,2,496.6,-1.192320960640798,1.428685685233757,1.2146869537670486,9.872645348643073e-14,0.013552127152379804,-0.29509065034646287,-0.0036729053291893366
4.4350000000000005,hold_final_pose,0.9438081575638921,-0.3868325696592076,1.003264364063629,0.053209678756374175,9.378818147289803e-14,9.872645348643073e-14,0,0.6160880069482596,3.898678422319689e-16,2,485.1,-1.1923209606151246,1.4286856851804575,1.2146869537237488,9.378818147289803e-14,0.013552127071046336,-0.2950906503541896,-0.0036729049794205913
4.44,hold_final_pose,0.9438081575542214,-0.38683256969136004,1.003264364051762,0.053209678749569535,8.909859941688137e-14,9.378818147289803e-14,0,0.6160880069453308,3.459647435183801e-17,2,481.2,-1.192320960590323,1.4286856851288268,1.214686953682025,8.909859941688137e-14,0.013552126992625204,-0.2950906503616584,-0.003672904641116909
4.445,hold_final_pose,0.9438081575448689,-0.3868325697224944,1.0032643640403038,0.05320967874300631,8.464438464208524e-14,8.909859941688137e-14,0,0.6160880069425229,-1.4303920958812645e-16,2,473.1,-1.1923209605663645,1.4286856850788139,1.214686953641824,8.464438464208524e-14,0.013552126917009496,-0.2950906503688779,-0.0036729043139048286
4.45,hold_final_pose,0.9438081575358246,-0.3868325697526428,1.0032643640292407,0.05320967873667646,8.041221447221415e-14,8.464438464208524e-14,0,0.6160880069398309,-9.81244663312786e-18,2,470.9,-1.1923209605432203,1.428685685030369,1.2146869536031029,8.041221447221415e-14,0.013552126844088052,-0.2950906503758563,-0.003672903997422942
4.455,hold_final_pose,0.9438081575270786,-0.38683256978183533,1.003264364018559,0.05320967873057148,7.639320712307107e-14,8.041221447221415e-14,0,0.6160880069372503,-3.206748935280909e-16,2,489.2,-1.1923209605208633,1.4286856849834444,1.214686953565792,7.639320712307107e-14,0.013552126773781354,-0.29509065038260174,-0.003672903691321424
4.46,hold_final_pose,0.9438081575186208,-0.3868325698101021,1.0032643640082461,0.05320967872468408,7.257181947231129e-14,7.639320712307107e-14,0,0.6160880069347767,3.45458921247003e-16,2,505.1,-1.192320960499267,1.428685684937993,1.2146869535298472,7.257181947231129e-14,0.013552126705990078,-0.2950906503891219,-0.003672903395261933
4.465,hold_final_pose,0.9438081575104422,-0.38683256983747183,1.00326436399829,0.053209678719006566,6.894583107388553e-14,7.257181947231129e-14,0,0.6160880069324057,-5.205150379606393e-16,2,510.1,-1.192320960478406,1.4286856848939695,1.2146869534952138,6.894583107388553e-14,0.01355212664063026,-0.2950906503954243,-0.0036729031089170203
4.47,hold_final_pose,0.9438081575025334,-0.3868325698639722,1.0032643639886776,0.05320967871353114,6.549747835939979e-14,6.894583107388553e-14,0,0.6160880069301334,2.1223215829190345e-16,2,498.1,-1.1923209604582552,1.42868568485133,1.2146869534618752,6.549747835939979e-14,0.013552126577584988,-0.2950906504015162,-0.0036729028319699175
4.4750000000000005,hold_final_pose,0.9438081574948862,-0.38683256988963055,1.0032643639793972,0.053209678708251,6.222232043675558e-14,6.549747835939979e-14,0,0.6160880069279558,5.680093484442192e-17,2,497.7,-1.192320960438791,1.4286856848100322,1.214686953429753,6.222232043675558e-14,0.013552126516803409,-0.2950906504074046,-0.003672902564113786
4.48,hold_final_pose,0.9438081574874911,-0.38683256991447335,1.0032643639704382,0.05320967870315913,5.911147552175589e-14,6.222232043675558e-14,0,0.6160880069258692,-5.422136761809373e-17,2,496.3,-1.1923209604199903,1.4286856847700344,1.2146869533987956,5.911147552175589e-14,0.013552126458213071,-0.2950906504130963,-0.0036729023050520704
4.485,hold_final_pose,0.9438081574803407,-0.38683256993852555,1.0032643639617889,0.05320967869824895,5.615606183020372e-14,5.911147552175589e-14,0,0.6160880069238699,-3.201690712550982e-17,2,490.9,-1.1923209604018306,1.4286856847312968,1.2146869533689861,5.615606183020372e-14,0.013552126401710616,-0.2950906504185978,-0.0036729020544978962
4.49,hold_final_pose,0.943808157473427,-0.38683256996181237,1.003264363953439,0.05320967869351421,5.3347197577902076e-14,5.615606183020372e-14,0,0.6160880069219543,2.1223215829200442e-16,2,485.3,-1.1923209603842904,1.42868568469378,1.2146869533402744,5.3347197577902076e-14,0.013552126347230692,-0.2950906504239154,-0.0036729018121734354
4.495,hold_final_pose,0.9438081574667421,-0.3868325699843572,1.0032643639453778,0.05320967868894836,5.068044187275245e-14,5.3347197577902076e-14,0,0.6160880069201192,-1.2083474909554254e-16,2,493.2,-1.1923209603673488,1.428685684657447,1.2146869533126194,5.068044187275245e-14,0.013552126294702583,-0.2950906504290553,-0.003672901577809973
4.5,hold_final_pose,0.9438081574602784,-0.38683257000618404,1.0032643639375964,0.05320967868454591,4.8146912930557845e-14,5.068044187275245e-14,0,0.6160880069183615,-9.86302886030596e-17,2,499.5,-1.192320960350986,1.4286856846222604,1.21468695328598,4.8146912930557845e-14,0.01355212624405979,-0.2950906504340234,-0.0036729013511475053
4.505,hold_final_pose,0.9438081574540285,-0.3868325700273148,1.0032643639300847,0.05320967868030078,4.5739949413170505e-14,4.8146912930557845e-14,0,0.6160880069166779,-7.642582811057667e-17,2,501.6,-1.1923209603351819,1.4286856845881852,1.2146869532603188,4.5739949413170505e-14,0.013552126195235981,-0.2950906504388254,-0.0036729011319345138
4.51,hold_final_pose,0.9438081574479856,-0.3868325700477712,1.0032643639228331,0.053209678676207496,4.345066953639343e-14,4.5739949413170505e-14,0,0.6160880069150654,4.564812237095187e-16,2,498.6,-1.1923209603199179,1.428685684555187,1.2146869532356015,4.345066953639343e-14,0.013552126148165249,-0.29509065044346683,-0.0036729009199276364
4.515,hold_final_pose,0.9438081574421434,-0.3868325700675746,1.0032643639158334,0.05320967867226079,4.1279073300226625e-14,4.345066953639343e-14,0,0.6160880069135212,-1.8744813057309232e-16,2,515.6,-1.1923209603051756,1.4286856845232323,1.2146869532117957,4.1279073300226625e-14,0.013552126102783248,-0.29509065044795313,-0.0036729007148914097
4.5200000000000005,hold_final_pose,0.9438081574364947,-0.38683257008674543,1.0032643639090766,0.05320967866845553,3.921405847442383e-14,4.1279073300226625e-14,0,0.6160880069120425,2.1223215829200442e-16,2,513.4,-1.1923209602909377,1.4286856844922886,1.2146869531888607,3.921405847442383e-14,0.013552126059037573,-0.2950906504522894,-0.0036729005165979755
4.525,hold_final_pose,0.9438081574310334,-0.3868325701053038,1.003264363902554,0.0532096786647863,3.72534046129358e-14,3.921405847442383e-14,0,0.6160880069106268,-9.812446633026885e-18,2,498.8,-1.192320960277187,1.4286856844623248,1.2146869531667757,3.72534046129358e-14,0.013552126016859201,-0.2950906504564806,-0.0036729003248269754
4.53,hold_final_pose,0.9438081574257531,-0.3868325701232685,1.0032643638962588,0.05320967866124902,3.5390450377614787e-14,3.72534046129358e-14,0,0.6160880069092713,5.68009348445229e-17,2,483.7,-1.1923209602639069,1.4286856844333102,1.2146869531455067,3.5390450377614787e-14,0.01355212597619521,-0.29509065046053157,-0.0036729001393650917
4.535,hold_final_pose,0.9438081574206485,-0.3868325701406585,1.003264363890182,0.05320967865783855,3.362075487636229e-14,3.5390450377614787e-14,0,0.6160880069079739,3.459647435203996e-17,2,481.0,-1.1923209602510816,1.4286856844052154,1.2146869531250233,3.362075487636229e-14,0.013552125936992739,-0.29509065046444705,-0.003672899960005974
4.54,hold_final_pose,0.9438081574157133,-0.38683257015749195,1.0032643638843162,0.05320967865455024,3.19398772170798e-14,3.362075487636229e-14,0,0.616088006906732,-3.2016907125459334e-17,2,459.9,-1.1923209602386957,1.4286856843780118,1.2146869531053033,3.19398772170798e-14,0.013552125899193085,-0.2950906504682315,-0.0036728997865499804
4.545,hold_final_pose,0.9438081574109423,-0.3868325701737862,1.0032643638786545,0.05320967865138005,3.034337650766883e-14,3.19398772170798e-14,0,0.6160880069055433,-9.863028860300912e-17,2,458.3,-1.1923209602267344,1.4286856843516718,1.2146869530863087,3.034337650766883e-14,0.01355212586275631,-0.29509065047188937,-0.0036728996188039043
4.55,hold_final_pose,0.9438081574063297,-0.3868325701895583,1.0032643638731895,0.053209678648323856,2.882681185603086e-14,3.034337650766883e-14,0,0.616088006904406,-1.2083474909549205e-16,2,467.4,-1.1923209602151832,1.4286856843261682,1.2146869530680209,2.882681185603086e-14,0.013552125827626289,-0.2950906504754248,-0.0036728994565809092
4.555,hold_final_pose,0.9438081574018707,-0.3868325702048244,1.003264363867915,0.0532096786453773,2.7383521924018157e-14,2.882681185603086e-14,0,0.6160880069033177,3.8986784223206986e-16,2,466.3,-1.1923209602040283,1.4286856843014752,1.214686953050409,2.7383521924018157e-14,0.013552125793761461,-0.2950906504788419,-0.0036728992997001743
4.5600000000000005,hold_final_pose,0.94380815739756,-0.3868325702196008,1.0032643638628242,0.053209678642536735,2.6013506711630713e-14,2.7383521924018157e-14,0,0.6160880069022763,1.6782323730703855e-16,2,456.2,-1.1923209601932563,1.4286856842775675,1.2146869530334448,2.6013506711630713e-14,0.013552125761120241,-0.29509065048214467,-0.0036728991479867946
4.565,hold_final_pose,0.943808157393393,-0.3868325702339028,1.0032643638579115,0.0532096786397989,2.471232532677003e-14,2.6013506711630713e-14,0,0.6160880069012802,1.0120985582953926e-16,2,481.2,-1.1923209601828542,1.4286856842544204,1.21468695301711,2.471232532677003e-14,0.013552125729653742,-0.29509065048533684,-0.003672899001271606
4.57,hold_final_pose,0.9438081573893647,-0.38683257024774576,1.0032643638531695,0.05320967863715923,2.3477757323386856e-14,2.471232532677003e-14,0,0.6160880069003273,-2.0965259106547428e-16,2,487.2,-1.1923209601728093,1.4286856842320101,1.2146869530013946,2.3477757323386856e-14,0.013552125699307062,-0.29509065048842215,-0.0036728988593909004
4.575,hold_final_pose,0.9438081573854706,-0.38683257026114354,1.0032643638485925,0.05320967863461449,2.230314136333344e-14,2.3477757323386856e-14,0,0.616088006899416,1.4561877681455561e-16,2,484.3,-1.1923209601631097,1.428685684210314,1.2146869529862574,2.230314136333344e-14,0.013552125670058592,-0.29509065049140415,-0.003672898722186158
4.58,hold_final_pose,0.9438081573817062,-0.3868325702741105,1.0032643638441758,0.05320967863216181,2.1188477446609782e-14,2.230314136333344e-14,0,0.6160880068985445,-9.863028860295863e-17,2,469.2,-1.1923209601537434,1.4286856841893092,1.2146869529716735,2.1188477446609782e-14,0.013552125641872921,-0.2950906504942863,-0.0036728985895042063
4.585,hold_final_pose,0.9438081573780678,-0.3868325702866607,1.003264363839913,0.05320967862979715,2.0129324681117384e-14,2.1188477446609782e-14,0,0.616088006897711,-5.422136761794227e-17,2,476.0,-1.1923209601446993,1.4286856841689743,1.2146869529576372,2.0129324681117384e-14,0.013552125614697654,-0.2950906504970719,-0.003672898461196901
4.59,hold_final_pose,0.94380815737455,-0.3868325702988065,1.003264363835799,0.05320967862751811,1.9123462620806992e-14,2.0129324681117384e-14,0,0.6160880068969143,-1.208347490954668e-16,2,473.8,-1.1923209601359666,1.4286856841492885,1.2146869529441282,1.9123462620806992e-14,0.013552125588497076,-0.29509065049976413,-0.0036728983371207896
4.595,hold_final_pose,0.9438081573711503,-0.38683257031056134,1.003264363831829,0.053209678625321256,1.8166450373580106e-14,1.9123462620806992e-14,0,0.6160880068961528,1.678232373070638e-16,2,473.1,-1.1923209601275344,1.4286856841302313,1.2146869529311288,1.8166450373580106e-14,0.013552125563234521,-0.2950906505023662,-0.00367289821713708
4.6000000000000005,hold_final_pose,0.943808157367864,-0.3868325703219374,1.0032643638279979,0.053209678623203895,1.7258287939436727e-14,1.8166450373580106e-14,0,0.6160880068954248,-3.2016907125459334e-17,2,466.0,-1.1923209601193927,1.428685684111783,1.214686952918603,1.7258287939436727e-14,0.013552125538893898,-0.2950906505048811,-0.003672898101111501
4.605,hold_final_pose,0.9438081573646875,-0.3868325703329466,1.0032643638243004,0.05320967862116303,1.6394534426278356e-14,1.7258287939436727e-14,0,0.616088006894729,1.6782323730708904e-16,2,469.5,-1.1923209601115314,1.4286856840939244,1.2146869529065465,1.6394534426278356e-14,0.013552125515429296,-0.29509065050731176,-0.0036728979889143246
4.61,hold_final_pose,0.9438081573616168,-0.3868325703436008,1.0032643638207321,0.05320967861919549,1.557518983410499e-14,1.6394534426278356e-14,0,0.6160880068940641,-7.642582811045045e-17,2,471.7,-1.192320960103941,1.428685684076637,1.2146869528949333,1.557518983410499e-14,0.013552125492817738,-0.29509065050966093,-0.0036728978804199167
4.615,hold_final_pose,0.9438081573586494,-0.38683257035391105,1.0032643638172891,0.05320967861729948,1.479581327081813e-14,1.557518983410499e-14,0,0.6160880068934289,1.2341431632207268e-16,2,475.3,-1.1923209600966125,1.4286856840599031,1.2146869528837507,1.479581327081813e-14,0.013552125471025526,-0.2950906505119314,-0.003672897775506835
4.62,hold_final_pose,0.9438081573557808,-0.38683257036388846,1.0032643638139669,0.05320967861547236,1.4054184290368524e-14,1.479581327081813e-14,0,0.6160880068928221,3.6766338173961217e-16,2,478.1,-1.1923209600895368,1.428685684043705,1.2146869528729851,1.4054184290368524e-14,0.01355212545002117,-0.2950906505141257,-0.0036728976740575538
4.625,hold_final_pose,0.9438081573530085,-0.38683257037354346,1.0032643638107603,0.05320967861371085,1.3352523338805426e-14,1.4054184290368524e-14,0,0.6160880068922423,-2.0965259106544904e-16,2,470.0,-1.1923209600827054,1.4286856840280258,1.2146869528626367,1.3352523338805426e-14,0.013552125429760689,-0.29509065051624644,-0.0036728975759583765
4.63,hold_final_pose,0.9438081573503287,-0.3868325703828864,1.003264363807667,0.05320967861201371,1.2684169077981082e-14,1.3352523338805426e-14,0,0.6160880068916889,1.4561877681458086e-16,2,470.4,-1.1923209600761098,1.4286856840128492,1.2146869528526818,1.2684169077981082e-14,0.013552125410225895,-0.2950906505182961,-0.003672897481099149
4.635,hold_final_pose,0.943808157347739,-0.3868325703919271,1.0032643638046816,0.053209678610377655,1.2049121507895493e-14,1.2684169077981082e-14,0,0.6160880068911603,1.6782323730708904e-16,2,482.4,-1.192320960069742,1.4286856839981597,1.2146869528430901,1.2049121507895493e-14,0.01355212539140673,-0.295090650520277,-0.0036728973893733964
4.64,hold_final_pose,0.9438081573452362,-0.3868325704006754,1.0032643638018008,0.05320967860880125,1.1449601074597908e-14,1.2049121507895493e-14,0,0.6160880068906556,-5.871284194380124e-16,2,468.2,-1.1923209600635942,1.4286856839839417,1.2146869528338515,1.1449601074597908e-14,0.013552125373274049,-0.2950906505221915,-0.0036728973006782874
4.6450000000000005,hold_final_pose,0.943808157342817,-0.3868325704091402,1.003264363799022,0.053209678607282214,1.0876725993891327e-14,1.1449601074597908e-14,0,0.6160880068901738,7.900539533708156e-17,2,478.3,-1.1923209600576592,1.4286856839701803,1.2146869528249622,1.0876725993891327e-14,0.01355212535579421,-0.2950906505240418,-0.0036728972149143112
4.65,hold_final_pose,0.9438081573404788,-0.386832570417331,1.00326436379634,0.05320967860581794,1.0332716711825e-14,1.0876725993891327e-14,0,0.6160880068897141,3.4596474352065204e-17,2,515.6,-1.1923209600519293,1.4286856839568611,1.2146869528164097,1.0332716711825e-14,0.013552125338943363,-0.29509065052583006,-0.003672897131985106
4.655,hold_final_pose,0.9438081573382195,-0.3868325704252563,1.0032643637937526,0.05320967860440729,9.813132336300427e-15,1.0332716711825e-14,0,0.6160880068892752,5.897079866646561e-16,2,469.3,-1.1923209600463978,1.42868568394397,1.214686952808179,9.813132336300427e-15,0.013552125322701775,-0.29509065052755823,-0.00367289705179747
4.66,hold_final_pose,0.9438081573360357,-0.38683257043292457,1.003264363791256,0.053209678603047574,9.322413759416108e-15,9.813132336300427e-15,0,0.6160880068888567,1.2392013859557025e-17,2,479.0,-1.1923209600410578,1.4286856839314939,1.2146869528002466,9.322413759416108e-15,0.013552125307058831,-0.29509065052922845,-0.0036728969742612647
4.665,hold_final_pose,0.9438081573339254,-0.386832570440344,1.0032643637888472,0.053209678601737594,8.856120089073542e-15,9.322413759416108e-15,0,0.6160880068884574,3.4596474352065204e-17,2,485.8,-1.1923209600359028,1.428685683919419,1.2146869527926127,8.856120089073542e-15,0.013552125291982006,-0.29509065053084266,-0.0036728968992893996
4.67,hold_final_pose,0.9438081573318858,-0.38683257044752284,1.0032643637865233,0.053209678600475215,8.41425132527273e-15,8.856120089073542e-15,0,0.6160880068880766,-1.874481305729661e-16,2,482.0,-1.1923209600309264,1.428685683907733,1.2146869527852808,8.41425132527273e-15,0.013552125277436702,-0.2950906505324027,-0.003672896826797545
4.675,hold_final_pose,0.9438081573299152,-0.3868325704544686,1.003264363784281,0.05320967859925888,7.99458702196442e-15,8.41425132527273e-15,0,0.6160880068877134,-2.0965259106546166e-16,2,470.9,-1.1923209600261224,1.4286856838964237,1.2146869527782302,7.99458702196442e-15,0.013552125263412897,-0.2950906505339103,-0.0036728967567039666
4.68,hold_final_pose,0.9438081573280108,-0.3868325704611884,1.003264363782118,0.05320967859808685,7.594906733099364e-15,7.99458702196442e-15,0,0.6160880068873671,-9.812446632925911e-18,2,469.1,-1.1923209600214852,1.4286856838854791,1.2146869527714403,7.594906733099364e-15,0.013552125249902465,-0.2950906505353673,-0.0036728966889297155
4.6850000000000005,hold_final_pose,0.9438081573261701,-0.3868325704676898,1.0032643637800311,0.053209678596957445,7.21521045867756e-15,7.594906733099364e-15,0,0.6160880068870371,-9.812446632938533e-18,2,469.4,-1.192320960017009,1.4286856838748876,1.2146869527648982,7.21521045867756e-15,0.01355212523688992,-0.29509065053677547,-0.0036728966233985066
4.69,hold_final_pose,0.9438081573243916,-0.3868325704739796,1.0032643637780172,0.05320967859586918,6.85327775264976e-15,7.21521045867756e-15,0,0.6160880068867226,2.3443661878460095e-16,2,469.2,-1.192320960012688,1.428685683864638,1.21468695275861,6.85327775264976e-15,0.013552125224342427,-0.2950906505381363,-0.0036728965600366006
4.695,hold_final_pose,0.943808157322673,-0.38683257048006503,1.0032643637760754,0.05320967859482118,6.511329061065212e-15,6.85327775264976e-15,0,0.6160880068864228,-1.4303920958794974e-16,2,478.7,-1.1923209600085172,1.4286856838547193,1.2146869527525577,6.511329061065212e-15,0.013552125212251529,-0.2950906505394515,-0.0036728964987725087
4.7,hold_final_pose,0.9438081573210123,-0.386832570485952,1.0032643637742014,0.05320967859381085,6.184923491825416e-15,6.511329061065212e-15,0,0.6160880068861374,1.6782323730708904e-16,2,502.3,-1.1923209600044913,1.4286856838451212,1.21468695274673,6.184923491825416e-15,0.013552125200603258,-0.2950906505407225,-0.003672896439537171
4.705,hold_final_pose,0.9438081573194075,-0.3868325704916474,1.0032643637723937,0.05320967859283777,5.876281490979622e-15,6.184923491825416e-15,0,0.6160880068858654,-1.2083474909545419e-16,2,471.4,-1.1923209600006053,1.4286856838358333,1.2146869527411288,5.876281490979622e-15,0.013552125189371886,-0.29509065054195077,-0.0036728963822638024
4.71,hold_final_pose,0.9438081573178568,-0.3868325704971572,1.0032643637706498,0.05320967859190016,5.583182612478581e-15,5.876281490979622e-15,0,0.6160880068856065,-1.4303920958796237e-16,2,485.3,-1.1923209599968545,1.4286856838268458,1.214686952735719,5.583182612478581e-15,0.013552125178568951,-0.2950906505431378,-0.0036728963268877076
4.715,hold_final_pose,0.9438081573163586,-0.3868325705024873,1.0032643637689673,0.053209678590996796,5.305626856322292e-15,5.583182612478581e-15,0,0.6160880068853599,-3.2067489352798363e-16,2,475.5,-1.192320959993234,1.4286856838181492,1.2146869527305189,5.305626856322292e-15,0.0135521251681534,-0.29509065054428496,-0.0036728962733465903
4.72,hold_final_pose,0.9438081573149106,-0.38683257050764364,1.0032643637673448,0.053209678590127076,5.041393776461504e-15,5.305626856322292e-15,0,0.6160880068851252,-2.0965259106546797e-16,2,493.2,-1.1923209599897397,1.4286856838097342,1.21468695272552,5.041393776461504e-15,0.013552125158112239,-0.2950906505453936,-0.0036728962215799277
4.7250000000000005,hold_final_pose,0.9438081573135118,-0.38683257051263154,1.0032643637657794,0.05320967858928872,4.7882629268469684e-15,5.041393776461504e-15,0,0.6160880068849022,2.1223215829209278e-16,2,473.0,-1.1923209599863671,1.4286856838015916,1.2146869527207094,4.7882629268469684e-15,0.013552125148437422,-0.29509065054646494,-0.0036728961715291877
4.73,hold_final_pose,0.9438081573121601,-0.38683257051745673,1.0032643637642695,0.053209678588481114,4.548454753527935e-15,4.7882629268469684e-15,0,0.6160880068846898,7.900539533708156e-17,2,471.2,-1.192320959983112,1.4286856837937127,1.2146869527160866,4.548454753527935e-15,0.013552125139109021,-0.2950906505475003,-0.00367289612313781
4.735,hold_final_pose,0.9438081573108543,-0.38683257052212444,1.003264363762813,0.05320967858770321,4.321969256504403e-15,4.548454753527935e-15,0,0.6160880068844878,-1.874481305729661e-16,2,473.4,-1.1923209599799702,1.4286856837860895,1.2146869527116344,4.321969256504403e-15,0.013552125130124966,-0.2950906505485008,-0.0036728960763510194
4.74,hold_final_pose,0.9438081573095921,-0.38683257052663933,1.0032643637614083,0.053209678586954114,4.106585989727123e-15,4.321969256504403e-15,0,0.6160880068842958,-1.4303920958795606e-16,2,467.0,-1.192320959976938,1.4286856837787136,1.2146869527073472,4.106585989727123e-15,0.013552125121471968,-0.2950906505494677,-0.0036728960311159533
4.745,hold_final_pose,0.9438081573083729,-0.38683257053100706,1.0032643637600527,0.053209678586232,3.9045253992453445e-15,4.106585989727123e-15,0,0.6160880068841132,-6.537418009155306e-16,2,479.8,-1.1923209599740114,1.4286856837715771,1.2146869527032373,3.9045253992453445e-15,0.013552125113119635,-0.2950906505504021,-0.0036728959873814676
4.75,hold_final_pose,0.9438081573071948,-0.3868325705352315,1.0032643637587457,0.05320967858553658,3.7069057008620665e-15,3.9045253992453445e-15,0,0.6160880068839398,4.786856842021278e-16,2,466.5,-1.192320959971187,1.4286856837646724,1.214686952699281,3.7069057008620665e-15,0.013552125105074449,-0.2950906505513051,-0.003672895945097904
4.755,hold_final_pose,0.9438081573060567,-0.38683257053931774,1.0032643637574854,0.05320967858486709,3.5226086787742905e-15,3.7069057008620665e-15,0,0.6160880068837751,-2.0965259106546797e-16,2,483.0,-1.1923209599684614,1.4286856837579922,1.2146869526954567,3.5226086787742905e-15,0.013552125097340889,-0.29509065055217776,-0.003672895904217405
4.76,hold_final_pose,0.9438081573049574,-0.3868325705432702,1.003264363756269,0.05320967858422202,3.3494138869327662e-15,3.5226086787742905e-15,0,0.6160880068836185,-5.871284194380187e-16,2,473.5,-1.1923209599658309,1.428685683751529,1.214686952691803,3.3494138869327662e-15,0.013552125089864349,-0.29509065055302103,-0.0036728958646938675
4.765,hold_final_pose,0.9438081573038948,-0.38683257054709325,1.0032643637550964,0.053209678583600685,3.1828804332389928e-15,3.3494138869327662e-15,0,0.61608800688347,-1.874481305729661e-16,2,474.4,-1.1923209599632922,1.4286856837452762,1.214686952688281,3.1828804332389928e-15,0.013552125082667885,-0.29509065055383593,-0.003672895826482234
4.7700000000000005,hold_final_pose,0.9438081573028686,-0.38683257055079073,1.0032643637539649,0.05320967858300222,3.0207878716437198e-15,3.1828804332389928e-15,0,0.616088006883329,5.897079866646435e-16,2,478.3,-1.1923209599608424,1.4286856837392268,1.2146869526849013,3.0207878716437198e-15,0.013552125075726174,-0.2950906505546234,-0.0036728957895392628
4.775,hold_final_pose,0.9438081573018773,-0.3868325705543673,1.0032643637528744,0.05320967858242618,2.8675770942454483e-15,3.0207878716437198e-15,0,0.6160880068831953,4.342767632171241e-16,2,481.4,-1.1923209599584783,1.4286856837333746,1.2146869526816466,2.8675770942454483e-15,0.013552125069041738,-0.2950906505553844,-0.003672895753822987
4.78,hold_final_pose,0.9438081573009193,-0.3868325705578261,1.0032643637518222,0.05320967858187093,2.725468547093428e-15,2.8675770942454483e-15,0,0.6160880068830685,-2.54061512050478e-16,2,465.0,-1.192320959956197,1.428685683727713,1.2146869526785111,2.725468547093428e-15,0.013552125062606375,-0.2950906505561198,-0.0036728957192929306
4.785,hold_final_pose,0.943808157299994,-0.3868325705611714,1.0032643637508076,0.05320967858133647,2.590021338089159e-15,2.725468547093428e-15,0,0.6160880068829482,-1.6524367008046108e-16,2,479.2,-1.1923209599539957,1.4286856837222361,1.2146869526754893,2.590021338089159e-15,0.013552125056412203,-0.2950906505568305,-0.0036728956859099515
4.79,hold_final_pose,0.9438081572991002,-0.38683257056440706,1.003264363749829,0.05320967858082177,2.461235467232641e-15,2.590021338089159e-15,0,0.6160880068828343,-1.430392095879592e-16,2,467.6,-1.1923209599518714,1.4286856837169377,1.2146869526725825,2.461235467232641e-15,0.013552125050444981,-0.2950906505575172,-0.0036728956536362088
4.795,hold_final_pose,0.9438081572982364,-0.38683257056753634,1.0032643637488852,0.05320967858032561,2.3391109345238736e-15,2.461235467232641e-15,0,0.6160880068827264,-1.874481305729661e-16,2,483.6,-1.1923209599498215,1.428685683711812,1.2146869526697999,2.3391109345238736e-15,0.013552125044682823,-0.29509065055818084,-0.0036728956224350534
4.8,hold_final_pose,0.9438081572974021,-0.38683257057056303,1.0032643637479752,0.05320967857984855,2.221427293913607e-15,2.3391109345238736e-15,0,0.6160880068826241,1.4561877681458086e-16,2,470.3,-1.1923209599478435,1.4286856837068538,1.2146869526671278,2.221427293913607e-15,0.013552125039127363,-0.2950906505588221,-0.0036728955922708997
4.805,hold_final_pose,0.9438081572965963,-0.3868325705734896,1.0032643637470977,0.053209678579388776,2.1104049914510915e-15,2.221427293913607e-15,0,0.6160880068825274,-9.812446632941688e-18,2,472.0,-1.1923209599459348,1.4286856837020576,1.2146869526645543,2.1104049914510915e-15,0.013552125033779143,-0.2950906505594418,-0.003672895563109422
4.8100000000000005,hold_final_pose,0.9438081572958176,-0.38683257057632014,1.003264363746251,0.053209678578945575,2.0038235810870764e-15,2.1104049914510915e-15,0,0.6160880068824357,2.1223215829208962e-16,2,499.2,-1.1923209599440932,1.4286856836974182,1.2146869526620667,2.0038235810870764e-15,0.013552125028639228,-0.2950906505600406,-0.0036728955349175
4.815,hold_final_pose,0.9438081572950658,-0.3868325705790577,1.0032643637454353,0.05320967857851961,1.9039035088708125e-15,2.0038235810870764e-15,0,0.6160880068823492,-5.4221367617945426e-17,2,474.9,-1.1923209599423161,1.4286856836929303,1.2146869526596764,1.9039035088708125e-15,0.013552125023685685,-0.2950906505606192,-0.0036728955076632042
4.82,hold_final_pose,0.9438081572943393,-0.386832570581705,1.0032643637446483,0.05320967857810933,1.808424328753049e-15,1.9039035088708125e-15,0,0.6160880068822674,5.680093484456707e-17,2,474.9,-1.1923209599406015,1.428685683688589,1.214686952657382,1.808424328753049e-15,0.013552125018909449,-0.2950906505611784,-0.003672895481315493
4.825,hold_final_pose,0.9438081572936374,-0.3868325705842651,1.0032643637438894,0.053209678577713866,1.7173860407337862e-15,1.808424328753049e-15,0,0.61608800688219,1.2341431632207583e-16,2,469.8,-1.192320959938947,1.42868568368439,1.2146869526551844,1.7173860407337862e-15,0.013552125014299778,-0.29509065056171874,-0.0036728954558443326
4.83,hold_final_pose,0.9438081572929599,-0.3868325705867409,1.0032643637431573,0.05320967857733328,1.630788644813024e-15,1.7173860407337862e-15,0,0.6160880068821172,1.4561877681458086e-16,2,466.2,-1.1923209599373508,1.4286856836803283,1.2146869526530748,1.630788644813024e-15,0.01355212500985548,-0.2950906505622409,-0.0036728954312206237
4.835,hold_final_pose,0.9438081572923053,-0.38683257058913506,1.0032643637424519,0.053209678576966936,1.5486321409907624e-15,1.630788644813024e-15,0,0.6160880068820482,1.2341431632207583e-16,2,474.8,-1.1923209599358107,1.4286856836764,1.2146869526510398,1.5486321409907624e-15,0.013552125005580834,-0.2950906505627454,-0.0036728954074162915
4.84,hold_final_pose,0.9438081572916726,-0.3868325705914498,1.0032643637417713,0.05320967857661386,1.4709165292670016e-15,1.5486321409907624e-15,0,0.6160880068819832,5.680093484456707e-17,2,466.5,-1.1923209599343247,1.4286856836726003,1.2146869526490855,1.4709165292670016e-15,0.013552125001460568,-0.29509065056323297,-0.0036728953844042764
4.845,hold_final_pose,0.9438081572910617,-0.38683257059368853,1.0032643637411156,0.05320967857627438,1.3998622556909915e-15,1.4709165292670016e-15,0,0.6160880068819221,-4.983105774680112e-16,2,482.5,-1.1923209599328912,1.4286856836689252,1.2146869526472104,1.3998622556909915e-15,0.013552124997487838,-0.2950906505637041,-0.0036728953621583305
4.8500000000000005,hold_final_pose,0.9438081572904718,-0.38683257059585313,1.003264363740483,0.05320967857594736,1.3288079821149814e-15,1.3998622556909915e-15,0,0.6160880068818643,2.1223215829208962e-16,2,501.3,-1.1923209599315083,1.4286856836653707,1.2146869526454078,1.3288079821149814e-15,0.013552124993660734,-0.29509065056415934,-0.0036728953406530416
4.855,hold_final_pose,0.943808157289902,-0.38683257059794623,1.0032643637398735,0.05320967857563278,1.2644150466867223e-15,1.3288079821149814e-15,0,0.6160880068818101,-4.094927354979974e-16,2,520.4,-1.192320959930174,1.428685683661933,1.214686952643676,1.2644150466867223e-15,0.013552124989972892,-0.29509065056459927,-0.0036728953198638787
4.86,hold_final_pose,0.9438081572893517,-0.38683257059997006,1.0032643637392855,0.05320967857532958,1.2022425573077135e-15,1.2644150466867223e-15,0,0.616088006881759,-2.0965259106546955e-16,2,464.3,-1.1923209599288869,1.4286856836586084,1.214686952642017,1.2022425573077135e-15,0.013552124986414957,-0.2950906505650243,-0.0036728952997671107
4.865,hold_final_pose,0.9438081572888206,-0.386832570601927,1.0032643637387184,0.0532096785750377,1.1422905139779551e-15,1.2022425573077135e-15,0,0.6160880068817111,-3.201690712544356e-17,2,466.1,-1.1923209599276452,1.428685683655393,1.2146869526404083,1.1422905139779551e-15,0.013552124983001408,-0.29509065056543504,-0.0036728952803397443
4.87,hold_final_pose,0.9438081572883068,-0.38683257060381915,1.0032643637381722,0.053209678574756926,1.084558916697447e-15,1.1422905139779551e-15,0,0.616088006881666,1.2341431632207583e-16,2,468.7,-1.1923209599264473,1.4286856836522832,1.2146869526388586,1.084558916697447e-15,0.013552124979716765,-0.29509065056583195,-0.003672895261559723
4.875,hold_final_pose,0.9438081572878111,-0.3868325706056484,1.0032643637376455,0.053209678574486836,1.0312682115154395e-15,1.084558916697447e-15,0,0.6160880068816237,-1.8744813057296768e-16,2,478.9,-1.1923209599252915,1.4286856836492758,1.2146869526373798,1.0312682115154395e-15,0.013552124976542155,-0.2950906505662155,-0.0036728952434056284
4.88,hold_final_pose,0.9438081572873323,-0.3868325706074173,1.0032643637371375,0.05320967857422657,9.801979523826822e-16,1.0312682115154395e-15,0,0.6160880068815839,-9.863028860295547e-17,2,468.4,-1.1923209599241766,1.4286856836463675,1.2146869526359492,9.801979523826822e-16,0.01355212497349348,-0.29509065056658607,-0.003672895225856597
4.885,hold_final_pose,0.94380815728687,-0.3868325706091276,1.0032643637366476,0.05320967857397597,9.313481392991754e-16,9.801979523826822e-16,0,0.6160880068815467,-3.201690712544356e-17,2,490.3,-1.1923209599231013,1.4286856836435549,1.2146869526345736,9.313481392991754e-16,0.013552124970557534,-0.2950906505669441,-0.0036728952088926634
4.89,hold_final_pose,0.9438081572864232,-0.3868325706107813,1.0032643637361758,0.05320967857373499,8.869392183141691e-16,9.313481392991754e-16,0,0.616088006881512,-4.3169719599050086e-16,2,483.4,-1.1923209599220639,1.4286856836408348,1.2146869526332595,8.869392183141691e-16,0.013552124967721658,-0.2950906505672901,-0.0036728951924944243
4.8950000000000005,hold_final_pose,0.9438081572859917,-0.38683257061238,1.0032643637357208,0.05320967857350276,8.425302973291628e-16,8.869392183141691e-16,0,0.6160880068814796,1.2392013859561758e-17,2,482.9,-1.1923209599210631,1.4286856836382043,1.214686952631989,8.425302973291628e-16,0.013552124964997712,-0.29509065056762446,-0.0036728951766430307
4.9,hold_final_pose,0.9438081572855752,-0.38683257061392584,1.0032643637352823,0.053209678573279635,7.981213763441565e-16,8.425302973291628e-16,0,0.6160880068814492,4.564812237096244e-16,2,477.2,-1.192320959920098,1.4286856836356605,1.2146869526307709,7.981213763441565e-16,0.01355212496237129,-0.29509065056794753,-0.003672895161320415
4.905,hold_final_pose,0.9438081572851731,-0.38683257061542015,1.0032643637348595,0.05320967857306478,7.559329014084005e-16,7.981213763441565e-16,0,0.616088006881421,4.56481223709626e-16,2,468.8,-1.1923209599191669,1.4286856836332007,1.2146869526295971,7.559329014084005e-16,0.013552124959844715,-0.29509065056825967,-0.0036728951465090027
4.91,hold_final_pose,0.9438081572847846,-0.386832570616865,1.0032643637344518,0.05320967857285778,7.181853185711452e-16,7.559329014084005e-16,0,0.6160880068813945,-9.81244663294011e-18,2,465.6,-1.1923209599182687,1.428685683630822,1.2146869526284805,7.181853185711452e-16,0.013552124957400016,-0.29509065056856126,-0.003672895132191862
4.915,hold_final_pose,0.9438081572844094,-0.38683257061826204,1.0032643637340586,0.05320967857265866,6.826581817831402e-16,7.181853185711452e-16,0,0.6160880068813701,-7.642582811045045e-17,2,469.3,-1.1923209599174025,1.4286856836285218,1.2146869526273936,6.826581817831402e-16,0.013552124955059234,-0.2950906505688527,-0.003672895118352458
4.92,hold_final_pose,0.9438081572840473,-0.3868325706196125,1.00326436373368,0.05320967857246731,6.471310449951351e-16,6.826581817831402e-16,0,0.6160880068813473,2.7884553976959996e-16,2,466.9,-1.192320959916567,1.4286856836262976,1.2146869526263573,6.471310449951351e-16,0.013552124952796663,-0.2950906505691343,-0.0036728951049750783
4.925,hold_final_pose,0.9438081572836972,-0.3868325706209178,1.0032643637333152,0.053209678572282766,6.138243542563805e-16,6.471310449951351e-16,0,0.6160880068813263,1.9002769779958775e-16,2,478.1,-1.192320959915761,1.4286856836241468,1.2146869526253594,6.138243542563805e-16,0.013552124950619875,-0.29509065056940637,-0.0036728950920442882
4.93,hold_final_pose,0.9438081572833596,-0.38683257062218,1.0032643637329632,0.053209678572105436,5.849585556161264e-16,6.138243542563805e-16,0,0.6160880068813067,-3.650838145129905e-16,2,471.0,-1.1923209599149835,1.4286856836220672,1.2146869526243975,5.849585556161264e-16,0.013552124948526614,-0.29509065056966927,-0.003672895079545282
4.9350000000000005,hold_final_pose,0.9438081572830331,-0.3868325706234003,1.0032643637326237,0.05320967857193421,5.560927569758724e-16,5.849585556161264e-16,0,0.6160880068812886,-7.642582811045045e-17,2,491.1,-1.1923209599142337,1.428685683620056,1.214686952623475,5.560927569758724e-16,0.01355212494650898,-0.2950906505699233,-0.0036728950674637497
4.94,hold_final_pose,0.9438081572827183,-0.38683257062457993,1.003264363732297,0.05320967857177037,5.272269583356183e-16,5.560927569758724e-16,0,0.6160880068812721,2.122321582920904e-16,2,489.6,-1.1923209599135105,1.4286856836181117,1.2146869526226016,5.272269583356183e-16,0.013552124944552836,-0.29509065057016876,-0.003672895055785799
4.945,hold_final_pose,0.943808157282414,-0.3868325706257202,1.0032643637319818,0.05320967857161197,5.028020517938649e-16,5.272269583356183e-16,0,0.6160880068812568,-3.8728827500549397e-16,2,490.3,-1.192320959912813,1.4286856836162316,1.2146869526217496,5.028020517938649e-16,0.013552124942681968,-0.2950906505704059,-0.003672895044497889
4.95,hold_final_pose,0.9438081572821202,-0.3868325706268223,1.0032643637316785,0.053209678571460174,4.783771452521115e-16,5.028020517938649e-16,0,0.6160880068812428,-1.4303920958796e-16,2,542.8,-1.1923209599121405,1.428685683614414,1.2146869526209387,4.783771452521115e-16,0.013552124940872743,-0.29509065057063505,-0.003672895033587185
4.955,hold_final_pose,0.9438081572818368,-0.3868325706278879,1.0032643637313856,0.053209678571313763,4.539522387103581e-16,4.783771452521115e-16,0,0.61608800688123,1.0120985582957397e-16,2,504.6,-1.192320959911492,1.4286856836126565,1.2146869526201525,4.539522387103581e-16,0.013552124939137713,-0.2950906505708565,-0.0036728950230410715
4.96,hold_final_pose,0.943808157281563,-0.38683257062891785,1.0032643637311036,0.05320967857117285,4.317477782178549e-16,4.539522387103581e-16,0,0.6160880068812183,-9.863028860295469e-17,2,491.0,-1.1923209599108664,1.4286856836109572,1.2146869526193986,4.317477782178549e-16,0.013552124937465465,-0.2950906505710704,-0.0036728950128474998
4.965,hold_final_pose,0.9438081572812985,-0.38683257062991344,1.0032643637308316,0.05320967857103751,4.0954331772535176e-16,4.317477782178549e-16,0,0.6160880068812077,1.234143163220774e-16,2,498.0,-1.192320959910263,1.4286856836093142,1.214686952618664,4.0954331772535176e-16,0.013552124935865538,-0.2950906505712771,-0.003672895002994723
4.97,hold_final_pose,0.9438081572810434,-0.38683257063087595,1.0032643637305696,0.05320967857090712,3.873388572328486e-16,4.0954331772535176e-16,0,0.6160880068811981,3.454589212471087e-16,2,496.5,-1.1923209599096813,1.4286856836077257,1.2146869526179755,3.873388572328486e-16,0.013552124934307993,-0.2950906505714768,-0.0036728949934715176
4.9750000000000005,hold_final_pose,0.9438081572807968,-0.3868325706318062,1.0032643637303174,0.05320967857078194,3.6513439674034546e-16,3.873388572328486e-16,0,0.6160880068811896,5.6750352617214e-16,2,482.6,-1.1923209599091202,1.42868568360619,1.2146869526173099,3.6513439674034546e-16,0.013552124932812534,-0.2950906505716698,-0.0036728949842667414
4.98,hold_final_pose,0.9438081572805587,-0.3868325706327053,1.0032643637300744,0.053209678570661424,3.4959127439559326e-16,3.6513439674034546e-16,0,0.6160880068811817,-5.427194984530165e-16,2,485.2,-1.1923209599085791,1.4286856836047055,1.214686952616666,3.4959127439559326e-16,0.013552124931377084,-0.2950906505718562,-0.0036728949753698456
4.985,hold_final_pose,0.9438081572803292,-0.38683257063357446,1.0032643637298397,0.05320967857054538,3.3182770600159074e-16,3.4959127439559326e-16,0,0.6160880068811749,5.680093484456826e-17,2,474.0,-1.1923209599080573,1.42868568360327,1.2146869526160446,3.3182770600159074e-16,0.01355212492999769,-0.2950906505720363,-0.0036728949667706274
4.99,hold_final_pose,0.9438081572801073,-0.3868325706344146,1.0032643637296137,0.05320967857043358,3.1628458365683853e-16,3.3182770600159074e-16,0,0.6160880068811689,-2.0965259106546916e-16,2,477.7,-1.1923209599075542,1.4286856836018822,1.2146869526154596,3.1628458365683853e-16,0.013552124928657847,-0.29509065057221034,-0.0036728949584592116
4.995,hold_final_pose,0.943808157279893,-0.3868325706352267,1.0032643637293963,0.0532096785703263,3.0074146131208633e-16,3.1628458365683853e-16,0,0.6160880068811636,-5.4221367617947003e-17,2,471.4,-1.192320959907069,1.4286856836005406,1.214686952614887,3.0074146131208633e-16,0.013552124927378714,-0.2950906505723785,-0.003672894950425889
5.0,hold_final_pose,0.9438081572796861,-0.3868325706360117,1.003264363729186,0.05320967857022258,2.851983389673341e-16,3.0074146131208633e-16,0,0.616088006881159,1.0120985582957515e-16,2,474.2,-1.1923209599066011,1.4286856835992436,1.214686952614348,2.851983389673341e-16,0.013552124926135976,-0.29509065057254097,-0.003672894942661517
5.005,hold_final_pose,0.9438081572794864,-0.38683257063676985,1.0032643637289842,0.05320967857012366,2.7409610872108255e-16,2.851983389673341e-16,0,0.6160880068811548,-6.315373404230279e-16,2,485.8,-1.19232095990615,1.42868568359799,1.2146869526138204,2.7409610872108255e-16,0.013552124924949446,-0.2950906505726979,-0.0036728949351570233
5.01,hold_final_pose,0.9438081572792938,-0.38683257063750326,1.0032643637287895,0.05320967857002807,2.6077343242558066e-16,2.7409610872108255e-16,0,0.6160880068811516,-7.642582811044966e-17,2,479.0,-1.192320959905715,1.4286856835967778,1.2146869526133277,2.6077343242558066e-16,0.013552124923793334,-0.29509065057284956,-0.0036728949279038582
5.015,hold_final_pose,0.9438081572791077,-0.38683257063821164,1.0032643637286016,0.05320967856993589,2.4745075613007877e-16,2.6077343242558066e-16,0,0.616088006881149,5.680093484456905e-17,2,476.3,-1.1923209599052955,1.4286856835956063,1.2146869526128443,2.4745075613007877e-16,0.01355212492269038,-0.2950906505729961,-0.003672894920893505
5.0200000000000005,hold_final_pose,0.9438081572789282,-0.3868325706388967,1.003264363728421,0.05320967856984788,2.3412807983457687e-16,2.4745075613007877e-16,0,0.6160880068811468,1.9002769779958815e-16,2,470.8,-1.1923209599048912,1.4286856835944737,1.2146869526123822,2.3412807983457687e-16,0.013552124921626428,-0.29509065057313766,-0.0036728949141179783
5.025,hold_final_pose,0.9438081572787547,-0.38683257063955856,1.003264363728247,0.05320967856976295,2.2080540353907498e-16,2.3412807983457687e-16,0,0.6160880068811452,3.2325446075460685e-16,2,466.2,-1.1923209599045013,1.4286856835933788,1.2146869526119288,2.2080540353907498e-16,0.01355212492061195,-0.29509065057327444,-0.0036728949075694297
5.03,hold_final_pose,0.9438081572785874,-0.3868325706401982,1.0032643637280787,0.05320967856968093,2.097031732928234e-16,2.2080540353907498e-16,0,0.6160880068811441,1.2392013859563336e-17,2,475.3,-1.1923209599041253,1.4286856835923203,1.2146869526114985,2.097031732928234e-16,0.01355212491963033,-0.29509065057340655,-0.003672894901240393
5.035,hold_final_pose,0.9438081572784258,-0.38683257064081655,1.003264363727917,0.0532096785696023,1.9638049699732152e-16,2.097031732928234e-16,0,0.6160880068811433,5.675035261721416e-16,2,464.5,-1.1923209599037627,1.428685683591297,1.214686952611085,1.9638049699732152e-16,0.013552124918685526,-0.29509065057353423,-0.003672894895123495
5.04,hold_final_pose,0.9438081572782694,-0.3868325706414142,1.0032643637277614,0.053209678569527054,1.8749871280032026e-16,1.9638049699732152e-16,0,0.6160880068811431,-1.8744813057296453e-16,2,458.1,-1.1923209599034132,1.4286856835903081,1.2146869526106854,1.8749871280032026e-16,0.013552124917778697,-0.2950906505736576,-0.0036728948892116565
5.045,hold_final_pose,0.9438081572781192,-0.38683257064199167,1.003264363727611,0.05320967856945414,1.78616928603319e-16,1.8749871280032026e-16,0,0.6160880068811432,-9.863028860295232e-17,2,471.8,-1.1923209599030762,1.4286856835893522,1.2146869526103092,1.78616928603319e-16,0.01355212491689817,-0.29509065057377676,-0.003672894883498076
5.05,hold_final_pose,0.9438081572779735,-0.38683257064254956,1.0032643637274665,0.05320967856938431,1.6973514440631774e-16,1.78616928603319e-16,0,0.6160880068811437,-9.812446632939322e-18,2,467.6,-1.1923209599027513,1.4286856835884283,1.21468695260995,1.6973514440631774e-16,0.013552124916048902,-0.2950906505738919,-0.003672894877976057
5.055,hold_final_pose,0.9438081572778334,-0.386832570643089,1.003264363727327,0.05320967856931711,1.5863291416006616e-16,1.6973514440631774e-16,0,0.6160880068811445,5.230946051871357e-16,2,457.8,-1.1923209599024382,1.4286856835875352,1.2146869526096071,1.5863291416006616e-16,0.01355212491522926,-0.29509065057400313,-0.003672894872639198
5.0600000000000005,hold_final_pose,0.9438081572776978,-0.38683257064361,1.0032643637271932,0.05320967856925269,1.5197157601231522e-16,1.5863291416006616e-16,0,0.6160880068811457,-2.540615120504737e-16,2,462.9,-1.1923209599021363,1.428685683586672,1.2146869526092714,1.5197157601231522e-16,0.013552124914446843,-0.2950906505741106,-0.0036728948674812976
5.065,hold_final_pose,0.943808157277567,-0.3868325706441136,1.0032643637270637,0.053209678569190545,1.4531023786456427e-16,1.5197157601231522e-16,0,0.6160880068811473,-1.8744813057296433e-16,2,474.1,-1.1923209599018452,1.4286856835858375,1.2146869526089494,1.4531023786456427e-16,0.013552124913693571,-0.29509065057421446,-0.003672894862496451
5.07,hold_final_pose,0.9438081572774407,-0.38683257064460036,1.0032643637269392,0.053209678569130565,1.4086934576606364e-16,1.4531023786456427e-16,0,0.616088006881149,-5.649239589455176e-16,2,489.3,-1.1923209599015645,1.428685683585031,1.2146869526086506,1.4086934576606364e-16,0.013552124912958367,-0.2950906505743148,-0.003672894857678878
5.075,hold_final_pose,0.943808157277319,-0.3868325706450706,1.0032643637268193,0.053209678569073306,1.342080076183127e-16,1.4086934576606364e-16,0,0.6160880068811511,-7.642582811044848e-17,2,502.5,-1.192320959901294,1.4286856835842516,1.2146869526083552,1.342080076183127e-16,0.013552124912259083,-0.2950906505744117,-0.0036728948530228935
5.08,hold_final_pose,0.9438081572772014,-0.38683257064552484,1.0032643637267038,0.05320967856901824,1.2754666947056175e-16,1.342080076183127e-16,0,0.6160880068811534,-9.812446632939125e-18,2,494.9,-1.1923209599010334,1.4286856835834985,1.2146869526080704,1.2754666947056175e-16,0.013552124911587445,-0.29509065057450534,-0.0036728948485231895
5.085,hold_final_pose,0.9438081572770881,-0.3868325706459642,1.0032643637265926,0.0532096785689652,1.208853313228108e-16,1.2754666947056175e-16,0,0.6160880068811558,5.680093484457023e-17,2,501.7,-1.192320959900782,1.4286856835827704,1.2146869526077948,1.208853313228108e-16,0.013552124910943054,-0.2950906505745958,-0.0036728948441745557
5.09,hold_final_pose,0.9438081572769783,-0.3868325706463884,1.0032643637264853,0.05320967856891418,1.1422399317505986e-16,1.208853313228108e-16,0,0.6160880068811585,1.2341431632207978e-16,2,499.8,-1.1923209599005398,1.4286856835820667,1.2146869526075368,1.1422399317505986e-16,0.013552124910316411,-0.29509065057468326,-0.003672894839971977
5.095,hold_final_pose,0.9438081572768726,-0.38683257064679843,1.003264363726382,0.05320967856886525,1.0978310107655923e-16,1.1422399317505986e-16,0,0.6160880068811614,-2.540615120504733e-16,2,302.3,-1.1923209599003062,1.4286856835813866,1.2146869526072819,1.0978310107655923e-16,0.013552124909720627,-0.2950906505747677,-0.0036728948359104926
5.1000000000000005,hold_final_pose,0.9438081572767706,-0.3868325706471946,1.0032643637262824,0.05320967856881801,1.053422089780586e-16,1.0978310107655923e-16,0,0.6160880068811644,-2.0965259106546718e-16,2,262.4,-1.192320959900081,1.4286856835807293,1.2146869526070376,1.053422089780586e-16,0.013552124909146932,-0.29509065057484923,-0.003672894831985467
5.105,hold_final_pose,0.9438081572766722,-0.38683257064757753,1.0032643637261864,0.05320967856877252,1.0090131687955797e-16,1.053422089780586e-16,0,0.6160880068811676,-1.6524367008046069e-16,2,1077.2,-1.192320959899864,1.428685683580094,1.2146869526068125,1.0090131687955797e-16,0.013552124908585716,-0.29509065057492806,-0.003672894828192349
5.11,hold_final_pose,0.9438081572765771,-0.38683257064794746,1.0032643637260945,0.053209678568729275,9.646042478105734e-17,1.0090131687955797e-16,0,0.6160880068811709,-1.2083474909545458e-16,2,515.3,-1.192320959899655,1.4286856835794801,1.2146869526065933,9.646042478105734e-17,0.013552124908048658,-0.29509065057500417,-0.0036728948245266214
5.115,hold_final_pose,0.9438081572764853,-0.38683257064830484,1.0032643637260055,0.05320967856868745,9.201953268255671e-17,9.646042478105734e-17,0,0.6160880068811744,-7.642582811044808e-17,2,517.4,-1.1923209598994533,1.4286856835788868,1.214686952606389,9.201953268255671e-17,0.013552124907525718,-0.2950906505750777,-0.003672894820984069
5.12,hold_final_pose,0.9438081572763967,-0.3868325706486501,1.00326436372592,0.0532096785686472,8.757864058405608e-17,9.201953268255671e-17,0,0.616088006881178,-3.201690712544198e-17,2,502.3,-1.192320959899259,1.4286856835783135,1.2146869526061872,8.757864058405608e-17,0.013552124907028503,-0.29509065057514877,-0.0036728948175605083
5.125,hold_final_pose,0.9438081572763113,-0.3868325706489838,1.0032643637258378,0.05320967856860873,8.091730243630514e-17,8.757864058405608e-17,0,0.6160880068811818,4.56481223709627e-16,2,508.2,-1.1923209598990718,1.4286856835777595,1.214686952606005,8.091730243630514e-17,0.013552124906538635,-0.29509065057521744,-0.0036728948142520285
5.13,hold_final_pose,0.9438081572762289,-0.3868325706493061,1.0032643637257581,0.05320967856857143,7.869685638705482e-17,8.091730243630514e-17,0,0.6160880068811855,-3.6508381451298874e-16,2,512.0,-1.1923209598988913,1.4286856835772244,1.2146869526058168,7.869685638705482e-17,0.013552124906080515,-0.2950906505752838,-0.0036728948110546574
5.135,hold_final_pose,0.9438081572761494,-0.38683257064961735,1.003264363725682,0.053209678568535874,7.425596428855419e-17,7.869685638705482e-17,0,0.6160880068811894,1.0120985582957702e-16,2,485.9,-1.1923209598987174,1.4286856835767072,1.2146869526056419,7.425596428855419e-17,0.013552124905634205,-0.2950906505753479,-0.0036728948079648247
5.14,hold_final_pose,0.9438081572760726,-0.3868325706499183,1.0032643637256082,0.053209678568501735,6.759462614080325e-17,7.425596428855419e-17,0,0.6160880068811933,5.897079866646459e-16,2,668.2,-1.1923209598985498,1.4286856835762074,1.2146869526054604,6.759462614080325e-17,0.013552124905218177,-0.2950906505754098,-0.0036728948049788612
5.1450000000000005,hold_final_pose,0.9438081572759983,-0.3868325706502089,1.0032643637255376,0.05320967856846879,6.537418009155293e-17,6.759462614080325e-17,0,0.6160880068811972,-2.3185705155796984e-16,2,512.9,-1.1923209598983884,1.4286856835757245,1.2146869526052972,6.537418009155293e-17,0.013552124904807101,-0.29509065057546957,-0.003672894802093432
5.15,hold_final_pose,0.9438081572759269,-0.3868325706504897,1.0032643637254692,0.053209678568436954,6.315373404230262e-17,6.537418009155293e-17,0,0.6160880068812014,-2.096525910654667e-16,2,495.8,-1.1923209598982327,1.4286856835752577,1.2146869526051527,6.315373404230262e-17,0.013552124904399693,-0.29509065057552736,-0.0036728947993050778
5.155,hold_final_pose,0.9438081572758582,-0.3868325706507609,1.0032643637254033,0.053209678568406645,6.09332879930523e-17,6.315373404230262e-17,0,0.6160880068812055,-1.8744813057296354e-16,2,508.0,-1.1923209598980828,1.4286856835748067,1.2146869526049966,6.09332879930523e-17,0.013552124904025065,-0.29509065057558315,-0.003672894796610416
5.16,hold_final_pose,0.9438081572757913,-0.3868325706510231,1.0032643637253404,0.05320967856837761,5.871284194380199e-17,6.09332879930523e-17,0,0.6160880068812097,-1.652436700804604e-16,2,579.1,-1.1923209598979383,1.428685683574371,1.21468695260485,5.871284194380199e-17,0.013552124903661433,-0.2950906505756371,-0.0036728947940064885
5.165,hold_final_pose,0.9438081572757273,-0.38683257065127635,1.0032643637252794,0.053209678568349496,5.427194984530136e-17,5.871284194380199e-17,0,0.6160880068812138,3.010500002621054e-16,2,609.7,-1.192320959897799,1.42868568357395,1.2146869526047186,5.427194984530136e-17,0.013552124903302673,-0.29509065057568923,-0.003672894791490229
5.17,hold_final_pose,0.9438081572756654,-0.38683257065152077,1.0032643637252208,0.05320967856832274,5.2051503796051047e-17,5.427194984530136e-17,0,0.616088006881218,-9.863028860295104e-17,2,555.6,-1.192320959897665,1.4286856835735433,1.214686952604584,5.2051503796051047e-17,0.013552124902965835,-0.2950906505757396,-0.0036728947890586074
5.175,hold_final_pose,0.9438081572756054,-0.38683257065175697,1.0032643637251644,0.05320967856829687,4.983105774680073e-17,5.2051503796051047e-17,0,0.6160880068812222,-7.642582811044789e-17,2,568.9,-1.1923209598975357,1.4286856835731503,1.2146869526044621,4.983105774680073e-17,0.013552124902634757,-0.2950906505757882,-0.003672894786708877
5.18,hold_final_pose,0.9438081572755479,-0.3868325706519852,1.0032643637251102,0.053209678568272085,4.7610611697550416e-17,4.983105774680073e-17,0,0.6160880068812264,-5.4221367617944735e-17,2,783.1,-1.1923209598974112,1.4286856835727706,1.2146869526043467,4.7610611697550416e-17,0.01355212490231469,-0.29509065057583517,-0.003672894784438226
5.1850000000000005,hold_final_pose,0.9438081572754919,-0.3868325706522055,1.0032643637250578,0.05320967856824805,4.53901656483001e-17,4.7610611697550416e-17,0,0.6160880068812306,-3.2016907125441585e-17,2,555.7,-1.192320959897291,1.4286856835724038,1.2146869526042305,4.53901656483001e-17,0.013552124902012316,-0.2950906505758805,-0.0036728947822439874
5.19,hold_final_pose,0.9438081572754384,-0.3868325706524187,1.0032643637250076,0.05320967856822543,4.094927354979948e-17,4.53901656483001e-17,0,0.6160880068812349,4.342767632171242e-16,2,545.0,-1.1923209598971753,1.4286856835720492,1.214686952604123,4.094927354979948e-17,0.01355212490171755,-0.2950906505759243,-0.0036728947801236583
5.195,hold_final_pose,0.9438081572753865,-0.3868325706526242,1.0032643637249585,0.05320967856820303,3.6508381451298853e-17,4.094927354979948e-17,0,0.616088006881239,4.786856842021305e-16,2,523.7,-1.1923209598970639,1.4286856835717068,1.2146869526040132,3.6508381451298853e-17,0.013552124901440836,-0.2950906505759666,-0.003672894778074724
5.2,hold_final_pose,0.9438081572753365,-0.3868325706528232,1.0032643637249123,0.053209678568182185,3.428793540204854e-17,3.6508381451298853e-17,0,0.6160880068812431,7.900539533707407e-17,2,510.5,-1.1923209598969564,1.428685683571376,1.2146869526039112,3.428793540204854e-17,0.01355212490117116,-0.2950906505760075,-0.0036728947760948597
5.205,hold_final_pose,0.9438081572752883,-0.3868325706530152,1.0032643637248673,0.05320967856816187,3.428793540204854e-17,3.428793540204854e-17,0,0.6160880068812474,-3.428793540204854e-16,2,517.4,-1.192320959896853,1.4286856835710562,1.2146869526038166,3.428793540204854e-17,0.013552124900908586,-0.295090650576047,-0.0036728947741817126
5.21,hold_final_pose,0.9438081572752415,-0.3868325706532005,1.0032643637248242,0.05320967856814241,3.2067489352798223e-17,3.428793540204854e-17,0,0.6160880068812515,1.0120985582957722e-16,2,601.9,-1.1923209598967532,1.4286856835707473,1.2146869526037187,3.2067489352798223e-17,0.013552124900663319,-0.2950906505760852,-0.0036728947723330134
5.215,hold_final_pose,0.9438081572751966,-0.3868325706533796,1.0032643637247822,0.05320967856812351,2.7626597254297596e-17,3.2067489352798223e-17,0,0.6160880068812558,5.67503526172143e-16,2,294.4,-1.1923209598966573,1.428685683570449,1.2146869526036332,2.7626597254297596e-17,0.013552124900419158,-0.29509065057612205,-0.003672894770546677
5.22,hold_final_pose,0.9438081572751531,-0.3868325706535525,1.0032643637247423,0.05320967856810544,2.5406151205047284e-17,2.7626597254297596e-17,0,0.6160880068812599,1.6782323730708667e-16,2,631.5,-1.1923209598965647,1.4286856835701607,1.2146869526035486,2.5406151205047284e-17,0.013552124900186913,-0.29509065057615763,-0.0036728947688205375
5.2250000000000005,hold_final_pose,0.9438081572751117,-0.3868325706537197,1.0032643637247038,0.053209678568088566,2.3185705155796972e-17,2.5406151205047284e-17,0,0.6160880068812639,1.9002769779958977e-16,2,893.6,-1.1923209598964757,1.4286856835698822,1.2146869526034658,2.3185705155796972e-17,0.013552124899965323,-0.295090650576192,-0.003672894767152588
5.23,hold_final_pose,0.9438081572750712,-0.38683257065388116,1.0032643637246668,0.05320967856807197,2.096525910654666e-17,2.3185705155796972e-17,0,0.616088006881268,2.1223215829209287e-16,2,638.8,-1.1923209598963898,1.4286856835696131,1.214686952603381,2.096525910654666e-17,0.013552124899757538,-0.29509065057622524,-0.0036728947655408992
5.235,hold_final_pose,0.9438081572750323,-0.3868325706540371,1.003264363724631,0.0532096785680562,2.096525910654666e-17,2.096525910654666e-17,0,0.616088006881272,-2.096525910654666e-16,2,289.7,-1.192320959896307,1.428685683569353,1.2146869526033037,2.096525910654666e-17,0.013552124899553644,-0.29509065057625733,-0.0036728947639836362
5.24,hold_final_pose,0.9438081572749947,-0.3868325706541877,1.0032643637245966,0.053209678568040854,2.096525910654666e-17,2.096525910654666e-17,0,0.616088006881276,-2.096525910654666e-16,2,594.0,-1.1923209598962272,1.428685683569102,1.2146869526032318,2.096525910654666e-17,0.013552124899355585,-0.2950906505762883,-0.003672894762478933
5.245,hold_final_pose,0.9438081572749584,-0.3868325706543332,1.0032643637245635,0.0532096785680262,2.096525910654666e-17,2.096525910654666e-17,0,0.61608800688128,-2.096525910654666e-16,2,545.4,-1.1923209598961504,1.4286856835688593,1.2146869526031676,2.096525910654666e-17,0.01355212489916029,-0.2950906505763183,-0.003672894761025002
5.25,hold_final_pose,0.9438081572749234,-0.3868325706544738,1.0032643637245315,0.05320967856801185,2.096525910654666e-17,2.096525910654666e-17,0,0.6160880068812838,-2.096525910654666e-16,2,515.5,-1.1923209598960764,1.428685683568625,1.2146869526031103,2.096525910654666e-17,0.013552124898968319,-0.2950906505763472,-0.0036728947596200924
5.255,hold_final_pose,0.9438081572748898,-0.3868325706546093,1.003264363724501,0.053209678567998415,1.874481305729635e-17,2.096525910654666e-17,0,0.6160880068812877,2.34436618784596e-16,2,508.5,-1.1923209598960052,1.4286856835683988,1.2146869526030422,1.874481305729635e-17,0.013552124898797032,-0.2950906505763751,-0.0036728947582625143
5.26,hold_final_pose,0.9438081572748572,-0.38683257065474014,1.0032643637244714,0.0532096785679857,1.874481305729635e-17,1.874481305729635e-17,0,0.6160880068812915,-1.874481305729635e-16,2,563.8,-1.1923209598959366,1.4286856835681803,1.2146869526029884,1.874481305729635e-17,0.013552124898620661,-0.2950906505764021,-0.0036728947569508205
5.265,hold_final_pose,0.9438081572748261,-0.3868325706548668,1.0032643637244427,0.05320967856797327,1.874481305729635e-17,1.874481305729635e-17,0,0.6160880068812953,-1.874481305729635e-16,2,553.4,-1.1923209598958706,1.428685683567969,1.2146869526029318,1.874481305729635e-17,0.013552124898456244,-0.2950906505764282,-0.00367289475568335
5.2700000000000005,hold_final_pose,0.9438081572747958,-0.3868325706549888,1.0032643637244159,0.05320967856796136,1.874481305729635e-17,1.874481305729635e-17,0,0.616088006881299,-1.874481305729635e-16,2,514.2,-1.192320959895807,1.4286856835677653,1.2146869526028763,1.874481305729635e-17,0.013552124898299357,-0.2950906505764534,-0.00367289475445867
5.275,hold_final_pose,0.9438081572747666,-0.38683257065510696,1.0032643637243894,0.053209678567949954,1.874481305729635e-17,1.874481305729635e-17,0,0.6160880068813027,-1.874481305729635e-16,2,532.6,-1.1923209598957458,1.4286856835675683,1.2146869526028155,1.874481305729635e-17,0.013552124898156352,-0.2950906505764777,-0.0036728947532753526
5.28,hold_final_pose,0.9438081572747387,-0.38683257065522075,1.0032643637243643,0.053209678567939296,1.874481305729635e-17,1.874481305729635e-17,0,0.6160880068813064,-1.874481305729635e-16,2,511.9,-1.1923209598956868,1.428685683567378,1.2146869526027566,1.874481305729635e-17,0.01355212489801932,-0.2950906505765012,-0.003672894752132088
5.285,hold_final_pose,0.9438081572747113,-0.38683257065533105,1.00326436372434,0.05320967856792853,1.874481305729635e-17,1.874481305729635e-17,0,0.6160880068813099,-1.874481305729635e-16,2,512.6,-1.19232095989563,1.4286856835671942,1.2146869526027235,1.874481305729635e-17,0.013552124897864327,-0.2950906505765239,-0.003672894751027535
5.29,hold_final_pose,0.9438081572746851,-0.386832570655437,1.0032643637243168,0.05320967856791851,1.874481305729635e-17,1.874481305729635e-17,0,0.6160880068813136,-1.874481305729635e-16,2,509.4,-1.1923209598955753,1.4286856835670168,1.21468695260268,1.874481305729635e-17,0.013552124897727206,-0.2950906505765459,-0.003672894749960156
5.295,hold_final_pose,0.9438081572746598,-0.3868325706555398,1.003264363724294,0.05320967856790879,1.6524367008046036e-17,1.874481305729635e-17,0,0.616088006881317,2.5664107927709913e-16,2,503.7,-1.1923209598955227,1.4286856835668453,1.2146869526026376,1.6524367008046036e-17,0.01355212489759594,-0.2950906505765671,-0.0036728947489288242
5.3,hold_final_pose,0.9438081572746354,-0.38683257065563875,1.0032643637242729,0.05320967856789988,1.6524367008046036e-17,1.6524367008046036e-17,0,0.6160880068813206,-1.6524367008046036e-16,2,590.5,-1.192320959895472,1.4286856835666797,1.2146869526025872,1.6524367008046036e-17,0.013552124897479532,-0.29509065057658757,-0.0036728947479323375
5.305,hold_final_pose,0.943808157274612,-0.3868325706557347,1.003264363724252,0.053209678567890946,1.6524367008046036e-17,1.6524367008046036e-17,0,0.6160880068813239,-1.6524367008046036e-16,2,499.0,-1.1923209598954232,1.4286856835665196,1.2146869526025403,1.6524367008046036e-17,0.013552124897366326,-0.2950906505766073,-0.0036728947469696093
5.3100000000000005,hold_final_pose,0.9438081572745893,-0.3868325706558272,1.003264363724232,0.053209678567882425,1.4303920958795725e-17,1.6524367008046036e-17,0,0.6160880068813274,2.7884553976960223e-16,2,508.8,-1.1923209598953761,1.428685683566365,1.2146869526024981,1.4303920958795725e-17,0.013552124897254735,-0.2950906505766264,-0.003672894746039497
5.315,hold_final_pose,0.9438081572745675,-0.38683257065591636,1.0032643637242125,0.05320967856787404,1.2083474909545411e-17,1.4303920958795725e-17,0,0.6160880068813306,3.010500002621054e-16,2,505.4,-1.1923209598953308,1.4286856835662158,1.2146869526024662,1.2083474909545411e-17,0.013552124897139186,-0.29509065057664485,-0.003672894745140878
5.32,hold_final_pose,0.9438081572745465,-0.38683257065600263,1.003264363724194,0.05320967856786627,1.2083474909545411e-17,1.2083474909545411e-17,0,0.6160880068813338,-1.2083474909545411e-16,2,514.1,-1.192320959895287,1.4286856835660717,1.2146869526024338,1.2083474909545411e-17,0.013552124897029852,-0.29509065057666267,-0.0036728947442726044
5.325,hold_final_pose,0.943808157274526,-0.3868325706560859,1.0032643637241763,0.053209678567858916,1.2083474909545411e-17,1.2083474909545411e-17,0,0.616088006881337,-1.2083474909545411e-16,2,520.2,-1.1923209598952451,1.4286856835659325,1.214686952602397,1.2083474909545411e-17,0.013552124896930681,-0.2950906505766799,-0.00367289474343367
5.33,hold_final_pose,0.9438081572745065,-0.3868325706561662,1.003264363724159,0.053209678567851505,1.4303920958795725e-17,1.2083474909545411e-17,0,0.6160880068813401,-5.649239589455167e-16,2,518.5,-1.1923209598952047,1.428685683565798,1.214686952602373,1.4303920958795725e-17,0.01355212489682391,-0.29509065057669653,-0.0036728947426231543
5.335,hold_final_pose,0.9438081572744875,-0.38683257065624377,1.0032643637241425,0.05320967856784476,1.4303920958795725e-17,1.4303920958795725e-17,0,0.6160880068813432,-1.4303920958795724e-16,2,523.2,-1.1923209598951656,1.428685683565668,1.21468695260233,1.4303920958795725e-17,0.013552124896741144,-0.2950906505767126,-0.0036728947418399834
5.34,hold_final_pose,0.9438081572744692,-0.3868325706563188,1.0032643637241265,0.05320967856783807,1.4303920958795725e-17,1.4303920958795725e-17,0,0.6160880068813461,-1.4303920958795724e-16,2,512.6,-1.192320959895128,1.4286856835655426,1.2146869526022948,1.4303920958795725e-17,0.013552124896655951,-0.29509065057672806,-0.0036728947410834332
5.345,hold_final_pose,0.9438081572744518,-0.3868325706563915,1.0032643637241112,0.053209678567831604,1.4303920958795725e-17,1.4303920958795725e-17,0,0.6160880068813492,-1.4303920958795724e-16,2,561.3,-1.192320959895092,1.4286856835654214,1.2146869526022699,1.4303920958795725e-17,0.013552124896565192,-0.29509065057674305,-0.0036728947403525526
5.3500000000000005,hold_final_pose,0.9438081572744348,-0.3868325706564612,1.0032643637240963,0.05320967856782564,1.4303920958795725e-17,1.4303920958795725e-17,0,0.6160880068813521,-1.4303920958795724e-16,2,534.0,-1.192320959895057,1.4286856835653043,1.2146869526022475,1.4303920958795725e-17,0.013552124896476682,-0.29509065057675754,-0.003672894739646389
5.355,hold_final_pose,0.9438081572744185,-0.38683257065652876,1.0032643637240826,0.053209678567819725,1.6524367008046036e-17,1.4303920958795725e-17,0,0.616088006881355,-5.871284194380199e-16,2,527.8,-1.1923209598950235,1.4286856835651913,1.2146869526022264,1.6524367008046036e-17,0.013552124896391151,-0.29509065057677153,-0.003672894738964094
5.36,hold_final_pose,0.9438081572744026,-0.3868325706565938,1.0032643637240688,0.053209678567814285,1.6524367008046036e-17,1.6524367008046036e-17,0,0.6160880068813578,-1.6524367008046036e-16,2,521.3,-1.1923209598949913,1.4286856835650823,1.214686952602204,1.6524367008046036e-17,0.013552124896311135,-0.295090650576785,-0.003672894738304862
5.365,hold_final_pose,0.9438081572743873,-0.3868325706566567,1.003264363724056,0.05320967856780887,1.6524367008046036e-17,1.6524367008046036e-17,0,0.6160880068813605,-1.6524367008046036e-16,2,514.0,-1.1923209598949602,1.428685683564977,1.2146869526021729,1.6524367008046036e-17,0.013552124896244081,-0.29509065057679806,-0.0036728947376679327
5.37,hold_final_pose,0.9438081572743726,-0.3868325706567175,1.003264363724043,0.0532096785678036,1.4303920958795725e-17,1.6524367008046036e-17,0,0.6160880068813631,2.7884553976960223e-16,2,519.2,-1.1923209598949303,1.4286856835648754,1.2146869526021564,1.4303920958795725e-17,0.013552124896166334,-0.29509065057681066,-0.0036728947370526627
5.375,hold_final_pose,0.9438081572743584,-0.3868325706567762,1.003264363724031,0.05320967856779855,1.4303920958795725e-17,1.4303920958795725e-17,0,0.6160880068813658,-1.4303920958795724e-16,2,502.3,-1.1923209598949014,1.4286856835647772,1.2146869526021455,1.4303920958795725e-17,0.013552124896086643,-0.2950906505768228,-0.0036728947364581825
5.38,hold_final_pose,0.9438081572743449,-0.3868325706568324,1.0032643637240195,0.053209678567793746,1.4303920958795725e-17,1.4303920958795725e-17,0,0.6160880068813684,-1.4303920958795724e-16,2,493.2,-1.1923209598948736,1.4286856835646824,1.2146869526021251,1.4303920958795725e-17,0.013552124896020168,-0.2950906505768346,-0.003672894735883747
5.385,hold_final_pose,0.9438081572743319,-0.38683257065688714,1.0032643637240084,0.053209678567789555,1.4303920958795725e-17,1.4303920958795725e-17,0,0.616088006881371,-1.4303920958795724e-16,2,532.1,-1.192320959894847,1.428685683564591,1.2146869526021133,1.4303920958795725e-17,0.013552124895948618,-0.29509065057684597,-0.0036728947353287886
5.39,hold_final_pose,0.943808157274319,-0.3868325706569399,1.0032643637239975,0.05320967856778489,1.4303920958795725e-17,1.4303920958795725e-17,0,0.6160880068813734,-1.4303920958795724e-16,2,519.7,-1.1923209598948215,1.4286856835645025,1.2146869526021025,1.4303920958795725e-17,0.013552124895879513,-0.29509065057685696,-0.0036728947347925618
5.3950000000000005,hold_final_pose,0.9438081572743067,-0.38683257065699084,1.0032643637239873,0.05320967856778095,1.4303920958795725e-17,1.4303920958795725e-17,0,0.6160880068813759,-1.4303920958795724e-16,2,502.4,-1.1923209598947968,1.4286856835644173,1.2146869526020767,1.4303920958795725e-17,0.013552124895828462,-0.29509065057686756,-0.003672894734274442
5.4,hold_final_pose,0.9438081572742949,-0.3868325706570401,1.003264363723977,0.05320967856777676,1.4303920958795725e-17,1.4303920958795725e-17,0,0.6160880068813782,-1.4303920958795724e-16,2,504.4,-1.192320959894773,1.428685683564335,1.2146869526020598,1.4303920958795725e-17,0.013552124895771551,-0.2950906505768778,-0.0036728947337739703
5.405,hold_final_pose,0.9438081572742837,-0.38683257065708737,1.0032643637239678,0.05320967856777329,1.4303920958795725e-17,1.4303920958795725e-17,0,0.6160880068813805,-1.4303920958795724e-16,2,505.9,-1.1923209598947502,1.4286856835642554,1.214686952602042,1.4303920958795725e-17,0.013552124895718687,-0.29509065057688766,-0.0036728947332904742
5.41,hold_final_pose,0.9438081572742727,-0.3868325706571331,1.0032643637239587,0.0532096785677696,1.6524367008046036e-17,1.4303920958795725e-17,0,0.6160880068813829,-5.871284194380199e-16,2,512.0,-1.1923209598947282,1.4286856835641786,1.2146869526020332,1.6524367008046036e-17,0.01355212489565968,-0.29509065057689715,-0.0036728947328233934
5.415,hold_final_pose,0.9438081572742623,-0.3868325706571776,1.0032643637239498,0.053209678567766185,1.874481305729635e-17,1.6524367008046036e-17,0,0.6160880068813851,-6.09332879930523e-16,2,506.8,-1.192320959894707,1.4286856835641044,1.2146869526020205,1.874481305729635e-17,0.013552124895607129,-0.29509065057690637,-0.003672894732372095
5.42,hold_final_pose,0.9438081572742518,-0.38683257065722,1.0032643637239416,0.053209678567762854,2.096525910654666e-17,1.874481305729635e-17,0,0.6160880068813873,-6.315373404230262e-16,2,501.7,-1.1923209598946867,1.428685683564033,1.2146869526020048,2.096525910654666e-17,0.013552124895560494,-0.29509065057691525,-0.0036728947319360898
5.425,hold_final_pose,0.9438081572742423,-0.38683257065726107,1.0032643637239336,0.0532096785677598,2.096525910654666e-17,2.096525910654666e-17,0,0.6160880068813894,-2.096525910654666e-16,2,499.7,-1.1923209598946671,1.4286856835639639,1.2146869526019883,2.096525910654666e-17,0.013552124895517034,-0.29509065057692385,-0.0036728947315149015
5.43,hold_final_pose,0.9438081572742326,-0.3868325706573009,1.0032643637239256,0.05320967856775655,1.874481305729635e-17,2.096525910654666e-17,0,0.6160880068813915,2.34436618784596e-16,2,505.5,-1.1923209598946483,1.4286856835638972,1.214686952601982,1.874481305729635e-17,0.013552124895465834,-0.2950906505769321,-0.0036728947311080425
5.4350000000000005,hold_final_pose,0.9438081572742234,-0.3868325706573393,1.0032643637239183,0.05320967856775364,1.874481305729635e-17,1.874481305729635e-17,0,0.6160880068813935,-1.874481305729635e-16,2,553.4,-1.19232095989463,1.4286856835638329,1.2146869526019706,1.874481305729635e-17,0.01355212489542197,-0.29509065057694017,-0.003672894730714933
5.44,hold_final_pose,0.9438081572742147,-0.38683257065737625,1.0032643637239107,0.05320967856775089,1.874481305729635e-17,1.874481305729635e-17,0,0.6160880068813955,-1.874481305729635e-16,2,514.9,-1.1923209598946125,1.4286856835637707,1.2146869526019588,1.874481305729635e-17,0.013552124895380727,-0.29509065057694794,-0.0036728947303351607
5.445,hold_final_pose,0.9438081572742065,-0.38683257065741194,1.0032643637239038,0.05320967856774809,1.874481305729635e-17,1.874481305729635e-17,0,0.6160880068813975,-1.874481305729635e-16,2,530.5,-1.1923209598945956,1.4286856835637107,1.2146869526019444,1.874481305729635e-17,0.01355212489534431,-0.29509065057695544,-0.003672894729968284
5.45,hold_final_pose,0.9438081572741983,-0.3868325706574464,1.0032643637238972,0.05320967856774562,1.874481305729635e-17,1.874481305729635e-17,0,0.6160880068813994,-1.874481305729635e-16,2,536.4,-1.1923209598945794,1.4286856835636528,1.214686952601937,1.874481305729635e-17,0.013552124895302832,-0.29509065057696265,-0.003672894729613907
5.455,hold_final_pose,0.9438081572741903,-0.38683257065747995,1.003264363723891,0.05320967856774334,1.874481305729635e-17,1.874481305729635e-17,0,0.6160880068814013,-1.874481305729635e-16,2,599.3,-1.1923209598945639,1.4286856835635968,1.2146869526019295,1.874481305729635e-17,0.013552124895263633,-0.29509065057696965,-0.00367289472927153
5.46,hold_final_pose,0.9438081572741824,-0.3868325706575119,1.003264363723885,0.05320967856774098,1.874481305729635e-17,1.874481305729635e-17,0,0.6160880068814031,-1.874481305729635e-16,2,600.9,-1.192320959894549,1.4286856835635429,1.2146869526019186,1.874481305729635e-17,0.01355212489522976,-0.29509065057697637,-0.003672894728940764
5.465,hold_final_pose,0.9438081572741754,-0.386832570657543,1.003264363723879,0.053209678567738734,1.874481305729635e-17,1.874481305729635e-17,0,0.6160880068814049,-1.874481305729635e-16,2,617.3,-1.1923209598945346,1.4286856835634907,1.2146869526019055,1.874481305729635e-17,0.01355212489519983,-0.29509065057698286,-0.0036728947286212496
5.47,hold_final_pose,0.9438081572741683,-0.3868325706575729,1.0032643637238732,0.053209678567736514,1.874481305729635e-17,1.874481305729635e-17,0,0.6160880068814066,-1.874481305729635e-16,2,585.5,-1.1923209598945208,1.4286856835634403,1.2146869526018953,1.874481305729635e-17,0.01355212489516884,-0.2950906505769892,-0.0036728947283126276
5.4750000000000005,hold_final_pose,0.9438081572741618,-0.38683257065760196,1.0032643637238674,0.05320967856773454,1.6524367008046036e-17,1.874481305729635e-17,0,0.6160880068814084,2.5664107927709913e-16,2,586.9,-1.1923209598945075,1.4286856835633917,1.214686952601889,1.6524367008046036e-17,0.01355212489513554,-0.29509065057699524,-0.0036728947280145175
5.48,hold_final_pose,0.943808157274155,-0.3868325706576297,1.0032643637238623,0.05320967856773249,1.6524367008046036e-17,1.6524367008046036e-17,0,0.6160880068814101,-1.6524367008046036e-16,2,578.5,-1.1923209598944946,1.4286856835633448,1.2146869526018855,1.6524367008046036e-17,0.013552124895101273,-0.2950906505770011,-0.0036728947277265226
5.485,hold_final_pose,0.9438081572741487,-0.38683257065765686,1.0032643637238574,0.05320967856773074,1.6524367008046036e-17,1.6524367008046036e-17,0,0.6160880068814116,-1.6524367008046036e-16,2,595.7,-1.1923209598944824,1.4286856835632995,1.2146869526018693,1.6524367008046036e-17,0.013552124895081254,-0.2950906505770068,-0.0036728947274482786
5.49,hold_final_pose,0.9438081572741425,-0.3868325706576826,1.0032643637238523,0.05320967856772855,1.6524367008046036e-17,1.6524367008046036e-17,0,0.6160880068814133,-1.6524367008046036e-16,2,540.8,-1.1923209598944704,1.4286856835632558,1.214686952601865,1.6524367008046036e-17,0.013552124895050617,-0.2950906505770123,-0.0036728947271795873
5.495,hold_final_pose,0.9438081572741369,-0.3868325706577078,1.0032643637238479,0.05320967856772733,1.6524367008046036e-17,1.6524367008046036e-17,0,0.6160880068814149,-1.6524367008046036e-16,2,581.6,-1.192320959894459,1.4286856835632136,1.214686952601859,1.6524367008046036e-17,0.013552124895023275,-0.29509065057701755,-0.003672894726920004
5.5,hold_final_pose,0.943808157274131,-0.3868325706577319,1.0032643637238432,0.05320967856772527,1.6524367008046036e-17,1.6524367008046036e-17,0,0.6160880068814164,-1.6524367008046036e-16,2,574.8,-1.192320959894448,1.428685683563173,1.2146869526018589,1.6524367008046036e-17,0.013552124894991387,-0.29509065057702266,-0.0036728947266692494
5.505,hold_final_pose,0.9438081572741256,-0.3868325706577554,1.003264363723839,0.05320967856772386,1.6524367008046036e-17,1.6524367008046036e-17,0,0.6160880068814178,-1.6524367008046036e-16,2,587.7,-1.1923209598944373,1.4286856835631336,1.2146869526018644,1.6524367008046036e-17,0.013552124894955036,-0.2950906505770276,-0.003672894726426967
5.51,hold_final_pose,0.9438081572741203,-0.3868325706577776,1.003264363723835,0.05320967856772247,1.4303920958795725e-17,1.6524367008046036e-17,0,0.6160880068814193,2.7884553976960223e-16,2,527.1,-1.192320959894427,1.4286856835630959,1.2146869526018553,1.4303920958795725e-17,0.013552124894934769,-0.2950906505770324,-0.0036728947261928115
5.515,hold_final_pose,0.9438081572741153,-0.3868325706577995,1.003264363723831,0.053209678567721054,1.4303920958795725e-17,1.4303920958795725e-17,0,0.6160880068814207,-1.4303920958795724e-16,2,516.4,-1.1923209598944173,1.4286856835630592,1.2146869526018589,1.4303920958795725e-17,0.013552124894903048,-0.295090650577037,-0.0036728947259666617
5.5200000000000005,hold_final_pose,0.9438081572741104,-0.3868325706578206,1.003264363723827,0.05320967856771961,1.4303920958795725e-17,1.4303920958795725e-17,0,0.6160880068814222,-1.4303920958795724e-16,2,536.3,-1.192320959894408,1.428685683563024,1.2146869526018618,1.4303920958795725e-17,0.013552124894872999,-0.2950906505770414,-0.003672894725748127
5.525,hold_final_pose,0.9438081572741059,-0.3868325706578409,1.0032643637238239,0.05320967856771872,1.4303920958795725e-17,1.4303920958795725e-17,0,0.6160880068814234,-1.4303920958795724e-16,2,520.7,-1.1923209598943991,1.42868568356299,1.2146869526018629,1.4303920958795725e-17,0.013552124894845854,-0.2950906505770457,-0.0036728947255369507
5.53,hold_final_pose,0.9438081572741014,-0.3868325706578602,1.0032643637238199,0.053209678567717196,1.4303920958795725e-17,1.4303920958795725e-17,0,0.6160880068814247,-1.4303920958795724e-16,2,532.6,-1.1923209598943905,1.4286856835629573,1.2146869526018502,1.4303920958795725e-17,0.013552124894833534,-0.29509065057704986,-0.0036728947253329
5.535,hold_final_pose,0.9438081572740971,-0.3868325706578788,1.003264363723817,0.05320967856771625,1.4303920958795725e-17,1.4303920958795725e-17,0,0.6160880068814261,-1.4303920958795724e-16,2,533.3,-1.1923209598943822,1.4286856835629258,1.2146869526018536,1.4303920958795725e-17,0.013552124894806353,-0.29509065057705386,-0.00367289472513588
5.54,hold_final_pose,0.9438081572740928,-0.3868325706578969,1.003264363723814,0.053209678567715225,1.6524367008046036e-17,1.4303920958795725e-17,0,0.6160880068814273,-5.871284194380199e-16,2,546.5,-1.1923209598943743,1.4286856835628954,1.2146869526018433,1.6524367008046036e-17,0.013552124894793642,-0.2950906505770577,-0.003672894724945488
5.545,hold_final_pose,0.9438081572740886,-0.3868325706579144,1.0032643637238108,0.053209678567713976,1.6524367008046036e-17,1.6524367008046036e-17,0,0.6160880068814284,-1.6524367008046036e-16,2,533.6,-1.1923209598943665,1.4286856835628658,1.2146869526018405,1.6524367008046036e-17,0.013552124894774727,-0.2950906505770614,-0.0036728947247616464
5.55,hold_final_pose,0.9438081572740851,-0.3868325706579313,1.0032643637238072,0.053209678567712894,1.6524367008046036e-17,1.6524367008046036e-17,0,0.6160880068814296,-1.6524367008046036e-16,2,524.4,-1.1923209598943592,1.4286856835628374,1.2146869526018405,1.6524367008046036e-17,0.013552124894753681,-0.295090650577065,-0.003672894724584057
5.555,hold_final_pose,0.9438081572740809,-0.3868325706579476,1.003264363723805,0.05320967856771198,1.6524367008046036e-17,1.6524367008046036e-17,0,0.6160880068814308,-1.6524367008046036e-16,2,528.4,-1.192320959894352,1.4286856835628101,1.2146869526018336,1.6524367008046036e-17,0.01355212489474042,-0.29509065057706846,-0.00367289472441248
5.5600000000000005,hold_final_pose,0.9438081572740776,-0.3868325706579634,1.003264363723802,0.05320967856771098,1.4303920958795725e-17,1.6524367008046036e-17,0,0.6160880068814318,2.7884553976960223e-16,2,545.5,-1.1923209598943452,1.4286856835627837,1.2146869526018302,1.4303920958795725e-17,0.013552124894724455,-0.2950906505770718,-0.0036728947242467796
5.565,hold_final_pose,0.9438081572740742,-0.38683257065797855,1.0032643637237995,0.053209678567710285,1.4303920958795725e-17,1.4303920958795725e-17,0,0.616088006881433,-1.4303920958795724e-16,2,523.5,-1.1923209598943387,1.4286856835627582,1.214686952601828,1.4303920958795725e-17,0.013552124894708206,-0.295090650577075,-0.0036728947240867293
5.57,hold_final_pose,0.9438081572740709,-0.3868325706579929,1.0032643637237968,0.05320967856770923,1.4303920958795725e-17,1.4303920958795725e-17,0,0.6160880068814341,-1.4303920958795724e-16,2,522.6,-1.1923209598943325,1.4286856835627335,1.2146869526018158,1.4303920958795725e-17,0.013552124894702661,-0.2950906505770781,-0.0036728947239321225
5.575,hold_final_pose,0.9438081572740674,-0.3868325706580071,1.0032643637237948,0.053209678567708675,1.4303920958795725e-17,1.4303920958795725e-17,0,0.6160880068814351,-1.4303920958795724e-16,2,519.9,-1.1923209598943265,1.4286856835627098,1.2146869526018063,1.4303920958795725e-17,0.013552124894695395,-0.29509065057708117,-0.003672894723782873
5.58,hold_final_pose,0.9438081572740644,-0.3868325706580207,1.0032643637237924,0.053209678567707926,1.2083474909545411e-17,1.4303920958795725e-17,0,0.6160880068814362,3.010500002621054e-16,2,518.5,-1.1923209598943207,1.4286856835626867,1.2146869526018067,1.2083474909545411e-17,0.013552124894678748,-0.2950906505770841,-0.0036728947236387803
5.585,hold_final_pose,0.9438081572740615,-0.38683257065803395,1.0032643637237901,0.05320967856770701,1.2083474909545411e-17,1.2083474909545411e-17,0,0.6160880068814373,-1.2083474909545411e-16,2,522.5,-1.1923209598943152,1.4286856835626645,1.2146869526018058,1.2083474909545411e-17,0.01355212489466426,-0.29509065057708694,-0.0036728947234995705
5.59,hold_final_pose,0.9438081572740586,-0.38683257065804677,1.0032643637237881,0.05320967856770654,1.4303920958795725e-17,1.2083474909545411e-17,0,0.6160880068814382,-5.649239589455167e-16,2,528.9,-1.1923209598943099,1.428685683562643,1.214686952601796,1.4303920958795725e-17,0.013552124894659285,-0.29509065057708966,-0.0036728947233650973
5.595,hold_final_pose,0.9438081572740558,-0.38683257065805904,1.0032643637237861,0.053209678567705955,1.4303920958795725e-17,1.4303920958795725e-17,0,0.616088006881439,-1.4303920958795724e-16,2,530.5,-1.1923209598943045,1.428685683562622,1.2146869526017967,1.4303920958795725e-17,0.013552124894644399,-0.2950906505770923,-0.0036728947232352854
5.6000000000000005,hold_final_pose,0.9438081572740527,-0.386832570658071,1.003264363723784,0.05320967856770487,1.6524367008046036e-17,1.4303920958795725e-17,0,0.6160880068814399,-5.871284194380199e-16,2,537.2,-1.1923209598942994,1.428685683562602,1.2146869526017945,1.6524367008046036e-17,0.013552124894632927,-0.2950906505770948,-0.003672894723109872
5.605,hold_final_pose,0.9438081572740504,-0.38683257065808246,1.003264363723782,0.053209678567704595,1.4303920958795725e-17,1.6524367008046036e-17,0,0.6160880068814408,2.7884553976960223e-16,2,543.1,-1.1923209598942945,1.4286856835625827,1.2146869526017916,1.4303920958795725e-17,0.01355212489462282,-0.29509065057709727,-0.0036728947229887374
5.61,hold_final_pose,0.943808157274048,-0.3868325706580935,1.0032643637237804,0.05320967856770415,1.4303920958795725e-17,1.4303920958795725e-17,0,0.6160880068814417,-1.4303920958795724e-16,2,536.7,-1.1923209598942899,1.428685683562564,1.2146869526017998,1.4303920958795725e-17,0.013552124894602181,-0.29509065057709966,-0.0036728947228717524
5.615,hold_final_pose,0.9438081572740455,-0.386832570658104,1.0032643637237786,0.05320967856770346,1.2083474909545411e-17,1.4303920958795725e-17,0,0.6160880068814426,3.010500002621054e-16,2,549.5,-1.1923209598942854,1.428685683562546,1.2146869526017956,1.2083474909545411e-17,0.013552124894594479,-0.295090650577102,-0.0036728947227586575
5.62,hold_final_pose,0.943808157274043,-0.3868325706581142,1.0032643637237768,0.0532096785677029,1.2083474909545411e-17,1.2083474909545411e-17,0,0.6160880068814435,-1.2083474909545411e-16,2,536.8,-1.1923209598942812,1.4286856835625288,1.2146869526017932,1.2083474909545411e-17,0.01355212489458555,-0.2950906505771042,-0.00367289472264945
5.625,hold_final_pose,0.943808157274041,-0.3868325706581242,1.003264363723775,0.05320967856770229,1.2083474909545411e-17,1.2083474909545411e-17,0,0.6160880068814442,-1.2083474909545411e-16,2,528.1,-1.192320959894277,1.4286856835625121,1.214686952601796,1.2083474909545411e-17,0.013552124894571638,-0.2950906505771063,-0.0036728947225439824
5.63,hold_final_pose,0.9438081572740388,-0.3868325706581337,1.0032643637237733,0.05320967856770171,1.2083474909545411e-17,1.2083474909545411e-17,0,0.6160880068814449,-1.2083474909545411e-16,2,534.0,-1.192320959894273,1.4286856835624961,1.214686952601793,1.2083474909545411e-17,0.013552124894564189,-0.29509065057710837,-0.003672894722442071
5.635,hold_final_pose,0.9438081572740369,-0.38683257065814286,1.0032643637237724,0.05320967856770185,1.4303920958795725e-17,1.2083474909545411e-17,0,0.6160880068814457,-5.649239589455167e-16,2,537.4,-1.1923209598942692,1.4286856835624806,1.2146869526017972,1.4303920958795725e-17,0.013552124894550011,-0.29509065057711037,-0.003672894722343656
5.64,hold_final_pose,0.9438081572740348,-0.3868325706581516,1.0032643637237706,0.05320967856770096,1.4303920958795725e-17,1.4303920958795725e-17,0,0.6160880068814465,-1.4303920958795724e-16,2,545.6,-1.1923209598942657,1.4286856835624657,1.214686952601787,1.4303920958795725e-17,0.013552124894550724,-0.29509065057711226,-0.0036728947222485447
5.6450000000000005,hold_final_pose,0.9438081572740328,-0.38683257065816024,1.0032643637237693,0.05320967856770054,1.4303920958795725e-17,1.4303920958795725e-17,0,0.6160880068814472,-1.4303920958795724e-16,2,541.3,-1.1923209598942621,1.4286856835624513,1.2146869526017905,1.4303920958795725e-17,0.013552124894538055,-0.2950906505771141,-0.0036728947221567726
5.65,hold_final_pose,0.943808157274031,-0.3868325706581685,1.003264363723768,0.053209678567700154,1.6524367008046036e-17,1.4303920958795725e-17,0,0.6160880068814478,-5.871284194380199e-16,2,532.6,-1.1923209598942588,1.4286856835624373,1.2146869526017865,1.6524367008046036e-17,0.013552124894533384,-0.29509065057711586,-0.0036728947220680923
5.655,hold_final_pose,0.943808157274029,-0.3868325706581765,1.0032643637237666,0.053209678567699654,1.6524367008046036e-17,1.6524367008046036e-17,0,0.6160880068814486,-1.6524367008046036e-16,2,528.5,-1.1923209598942555,1.4286856835624238,1.2146869526017776,1.6524367008046036e-17,0.013552124894533838,-0.2950906505771176,-0.0036728947219824663
5.66,hold_final_pose,0.9438081572740276,-0.3868325706581843,1.0032643637237655,0.05320967856769954,1.6524367008046036e-17,1.6524367008046036e-17,0,0.6160880068814492,-1.6524367008046036e-16,2,537.0,-1.1923209598942524,1.4286856835624107,1.2146869526017774,1.6524367008046036e-17,0.013552124894526011,-0.29509065057711925,-0.003672894721899846
5.665,hold_final_pose,0.9438081572740258,-0.38683257065819165,1.0032643637237646,0.05320967856769935,1.6524367008046036e-17,1.6524367008046036e-17,0,0.6160880068814498,-1.6524367008046036e-16,2,532.1,-1.1923209598942495,1.428685683562398,1.2146869526017763,1.6524367008046036e-17,0.013552124894519561,-0.29509065057712086,-0.0036728947218200416
5.67,hold_final_pose,0.9438081572740241,-0.38683257065819887,1.0032643637237633,0.05320967856769868,1.6524367008046036e-17,1.6524367008046036e-17,0,0.6160880068814505,-1.6524367008046036e-16,2,536.5,-1.1923209598942466,1.4286856835623858,1.2146869526017767,1.6524367008046036e-17,0.013552124894511764,-0.2950906505771224,-0.00367289472174297
5.675,hold_final_pose,0.9438081572740225,-0.3868325706582059,1.0032643637237624,0.0532096785676986,1.6524367008046036e-17,1.6524367008046036e-17,0,0.6160880068814512,-1.6524367008046036e-16,2,519.4,-1.192320959894244,1.428685683562374,1.2146869526017676,1.6524367008046036e-17,0.013552124894513917,-0.2950906505771239,-0.0036728947216685195
5.68,hold_final_pose,0.9438081572740212,-0.38683257065821264,1.0032643637237615,0.05320967856769849,1.6524367008046036e-17,1.6524367008046036e-17,0,0.6160880068814517,-1.6524367008046036e-16,2,513.7,-1.1923209598942413,1.4286856835623627,1.2146869526017692,1.6524367008046036e-17,0.013552124894505774,-0.29509065057712536,-0.003672894721596692
5.6850000000000005,hold_final_pose,0.9438081572740198,-0.386832570658219,1.0032643637237604,0.05320967856769796,1.874481305729635e-17,1.6524367008046036e-17,0,0.6160880068814523,-6.09332879930523e-16,2,301.6,-1.1923209598942386,1.4286856835623518,1.2146869526017636,1.874481305729635e-17,0.013552124894504913,-0.29509065057712675,-0.0036728947215273026
5.69,hold_final_pose,0.9438081572740182,-0.3868325706582254,1.0032643637237593,0.053209678567697795,2.096525910654666e-17,1.874481305729635e-17,0,0.6160880068814529,-6.315373404230262e-16,2,464.8,-1.1923209598942361,1.4286856835623412,1.2146869526017694,2.096525910654666e-17,0.013552124894493001,-0.29509065057712813,-0.003672894721460339
5.695,hold_final_pose,0.9438081572740169,-0.3868325706582314,1.0032643637237584,0.0532096785676976,2.096525910654666e-17,2.096525910654666e-17,0,0.6160880068814534,-2.096525910654666e-16,2,560.5,-1.1923209598942337,1.428685683562331,1.214686952601776,2.096525910654666e-17,0.013552124894480523,-0.2950906505771294,-0.0036728947213956085
5.7,hold_final_pose,0.9438081572740158,-0.3868325706582372,1.0032643637237577,0.05320967856769746,2.096525910654666e-17,2.096525910654666e-17,0,0.616088006881454,-2.096525910654666e-16,2,545.8,-1.1923209598942315,1.4286856835623212,1.2146869526017778,2.096525910654666e-17,0.01355212489447318,-0.2950906505771307,-0.0036728947213330175
5.705,hold_final_pose,0.9438081572740147,-0.3868325706582426,1.0032643637237568,0.0532096785676971,2.096525910654666e-17,2.096525910654666e-17,0,0.6160880068814545,-2.096525910654666e-16,2,529.9,-1.1923209598942293,1.4286856835623118,1.2146869526017758,2.096525910654666e-17,0.013552124894469738,-0.2950906505771319,-0.0036728947212725494
5.71,hold_final_pose,0.9438081572740132,-0.38683257065824805,1.0032643637237564,0.05320967856769699,2.096525910654666e-17,2.096525910654666e-17,0,0.6160880068814549,-2.096525910654666e-16,2,554.1,-1.1923209598942273,1.4286856835623027,1.2146869526017774,2.096525910654666e-17,0.013552124894463004,-0.2950906505771331,-0.0036728947212141647
5.715,hold_final_pose,0.9438081572740122,-0.38683257065825327,1.0032643637237555,0.05320967856769682,2.096525910654666e-17,2.096525910654666e-17,0,0.6160880068814556,-2.096525910654666e-16,2,566.3,-1.1923209598942253,1.4286856835622939,1.2146869526017778,2.096525910654666e-17,0.013552124894457576,-0.29509065057713424,-0.0036728947211577597
5.72,hold_final_pose,0.9438081572740107,-0.3868325706582582,1.0032643637237544,0.053209678567696435,2.096525910654666e-17,2.096525910654666e-17,0,0.6160880068814559,-2.096525910654666e-16,2,562.3,-1.1923209598942233,1.4286856835622854,1.2146869526017698,2.096525910654666e-17,0.013552124894460874,-0.29509065057713535,-0.0036728947211032772
5.7250000000000005,hold_final_pose,0.94380815727401,-0.38683257065826304,1.003264363723754,0.05320967856769649,2.096525910654666e-17,2.096525910654666e-17,0,0.6160880068814564,-2.096525910654666e-16,2,586.1,-1.1923209598942215,1.4286856835622772,1.2146869526017692,2.096525910654666e-17,0.013552124894457066,-0.2950906505771364,-0.00367289472105073
5.73,hold_final_pose,0.9438081572740089,-0.38683257065826776,1.003264363723753,0.05320967856769624,2.096525910654666e-17,2.096525910654666e-17,0,0.6160880068814569,-2.096525910654666e-16,2,596.7,-1.1923209598942197,1.4286856835622692,1.2146869526017743,2.096525910654666e-17,0.013552124894447798,-0.2950906505771374,-0.0036728947209999935
5.735,hold_final_pose,0.9438081572740081,-0.3868325706582722,1.0032643637237526,0.05320967856769621,2.096525910654666e-17,2.096525910654666e-17,0,0.6160880068814574,-2.096525910654666e-16,2,576.0,-1.192320959894218,1.4286856835622617,1.2146869526017694,2.096525910654666e-17,0.01355212489444867,-0.2950906505771384,-0.0036728947209509364
5.74,hold_final_pose,0.943808157274007,-0.38683257065827653,1.0032643637237522,0.05320967856769602,2.096525910654666e-17,2.096525910654666e-17,0,0.6160880068814578,-2.096525910654666e-16,2,572.9,-1.1923209598942164,1.4286856835622543,1.2146869526017667,2.096525910654666e-17,0.01355212489444749,-0.29509065057713935,-0.0036728947209036023
5.745,hold_final_pose,0.9438081572740062,-0.3868325706582808,1.0032643637237515,0.05320967856769596,2.096525910654666e-17,2.096525910654666e-17,0,0.6160880068814582,-2.096525910654666e-16,2,552.2,-1.1923209598942148,1.4286856835622472,1.2146869526017767,2.096525910654666e-17,0.01355212489443382,-0.29509065057714023,-0.003672894720857925
5.75,hold_final_pose,0.9438081572740055,-0.3868325706582849,1.0032643637237508,0.05320967856769571,2.3185705155796972e-17,2.096525910654666e-17,0,0.6160880068814586,-6.537418009155292e-16,2,550.3,-1.1923209598942133,1.4286856835622403,1.2146869526017803,2.3185705155796972e-17,0.013552124894426644,-0.2950906505771411,-0.0036728947208137107
5.755,hold_final_pose,0.9438081572740047,-0.3868325706582886,1.0032643637237504,0.053209678567695796,1.8744813057296345e-17,2.3185705155796972e-17,0,0.616088006881459,6.563213681421555e-16,2,541.3,-1.192320959894212,1.428685683562234,1.2146869526017807,1.8744813057296345e-17,0.013552124894422705,-0.29509065057714196,-0.0036728947207709762
5.76,hold_final_pose,0.9438081572740039,-0.38683257065829235,1.00326436372375,0.05320967856769552,1.8744813057296345e-17,1.8744813057296345e-17,0,0.6160880068814594,-1.8744813057296344e-16,2,538.8,-1.1923209598942106,1.4286856835622277,1.2146869526017854,1.8744813057296345e-17,0.0135521248944147,-0.2950906505771428,-0.003672894720729701
5.765,hold_final_pose,0.943808157274003,-0.3868325706582958,1.0032643637237495,0.05320967856769527,1.8744813057296345e-17,1.8744813057296345e-17,0,0.6160880068814597,-1.8744813057296344e-16,2,539.4,-1.1923209598942093,1.4286856835622217,1.2146869526017834,1.8744813057296345e-17,0.013552124894413606,-0.29509065057714357,-0.0036728947206897877
5.7700000000000005,hold_final_pose,0.943808157274002,-0.3868325706582992,1.003264363723749,0.05320967856769524,2.0965259106546657e-17,1.8744813057296345e-17,0,0.61608800688146,-6.315373404230261e-16,2,574.4,-1.192320959894208,1.428685683562216,1.2146869526017847,2.0965259106546657e-17,0.013552124894409226,-0.29509065057714434,-0.0036728947206512647
5.775,hold_final_pose,0.9438081572740017,-0.38683257065830257,1.0032643637237484,0.05320967856769524,2.0965259106546657e-17,2.0965259106546657e-17,0,0.6160880068814605,-2.0965259106546657e-16,2,572.0,-1.1923209598942068,1.4286856835622104,1.2146869526017872,2.0965259106546657e-17,0.013552124894403874,-0.29509065057714506,-0.0036728947206140436
5.78,hold_final_pose,0.9438081572740008,-0.3868325706583057,1.003264363723748,0.05320967856769499,2.0965259106546657e-17,2.0965259106546657e-17,0,0.6160880068814607,-2.0965259106546657e-16,2,577.2,-1.1923209598942057,1.428685683562205,1.2146869526017852,2.0965259106546657e-17,0.013552124894403139,-0.2950906505771458,-0.003672894720578077
5.785,hold_final_pose,0.9438081572740001,-0.3868325706583089,1.0032643637237477,0.05320967856769524,2.0965259106546657e-17,2.0965259106546657e-17,0,0.616088006881461,-2.0965259106546657e-16,2,553.1,-1.1923209598942046,1.4286856835621997,1.2146869526017787,2.0965259106546657e-17,0.013552124894407106,-0.2950906505771465,-0.00367289472054336
5.79,hold_final_pose,0.9438081572739996,-0.38683257065831167,1.003264363723747,0.05320967856769488,2.318570515579697e-17,2.0965259106546657e-17,0,0.6160880068814614,-6.537418009155292e-16,2,527.1,-1.1923209598942035,1.4286856835621946,1.2146869526017785,2.318570515579697e-17,0.013552124894404856,-0.2950906505771472,-0.0036728947205098995
5.795,hold_final_pose,0.9438081572739989,-0.3868325706583147,1.0032643637237468,0.05320967856769488,2.0965259106546657e-17,2.318570515579697e-17,0,0.6160880068814617,2.1223215829209292e-16,2,522.9,-1.1923209598942024,1.4286856835621897,1.2146869526017732,2.0965259106546657e-17,0.01355212489440786,-0.29509065057714784,-0.0036728947204775824
5.8,hold_final_pose,0.9438081572739984,-0.38683257065831755,1.0032643637237464,0.05320967856769488,2.0965259106546657e-17,2.0965259106546657e-17,0,0.6160880068814619,-2.0965259106546657e-16,2,526.7,-1.1923209598942013,1.4286856835621848,1.2146869526017634,2.0965259106546657e-17,0.013552124894415317,-0.29509065057714845,-0.0036728947204464294
5.805,hold_final_pose,0.9438081572739976,-0.38683257065832033,1.003264363723746,0.05320967856769463,2.0965259106546657e-17,2.0965259106546657e-17,0,0.6160880068814623,-2.0965259106546657e-16,2,519.7,-1.1923209598942004,1.4286856835621802,1.2146869526017647,2.0965259106546657e-17,0.01355212489441182,-0.29509065057714906,-0.003672894720416439
5.8100000000000005,hold_final_pose,0.9438081572739971,-0.38683257065832305,1.003264363723746,0.05320967856769488,2.0965259106546657e-17,2.0965259106546657e-17,0,0.6160880068814626,-2.0965259106546657e-16,2,526.7,-1.1923209598941995,1.4286856835621757,1.214686952601766,2.0965259106546657e-17,0.013552124894408551,-0.29509065057714967,-0.003672894720387466
5.815,hold_final_pose,0.9438081572739969,-0.3868325706583255,1.0032643637237455,0.0532096785676948,1.8744813057296345e-17,2.0965259106546657e-17,0,0.6160880068814628,2.34436618784596e-16,2,541.5,-1.1923209598941986,1.4286856835621713,1.2146869526017654,1.8744813057296345e-17,0.013552124894407259,-0.2950906505771502,-0.003672894720359471
5.82,hold_final_pose,0.943808157273996,-0.386832570658328,1.0032643637237453,0.05320967856769466,1.8744813057296345e-17,1.8744813057296345e-17,0,0.6160880068814631,-1.8744813057296344e-16,2,536.7,-1.1923209598941977,1.428685683562167,1.2146869526017692,1.8744813057296345e-17,0.013552124894401581,-0.2950906505771508,-0.0036728947203324494
5.825,hold_final_pose,0.9438081572739957,-0.38683257065833027,1.0032643637237448,0.05320967856769466,1.8744813057296345e-17,1.8744813057296345e-17,0,0.6160880068814634,-1.8744813057296344e-16,2,542.9,-1.1923209598941968,1.428685683562163,1.2146869526017743,1.8744813057296345e-17,0.013552124894394687,-0.2950906505771513,-0.003672894720306316
5.83,hold_final_pose,0.9438081572739953,-0.38683257065833254,1.0032643637237446,0.05320967856769463,1.8744813057296345e-17,1.8744813057296345e-17,0,0.6160880068814637,-1.8744813057296344e-16,2,529.7,-1.192320959894196,1.4286856835621593,1.2146869526017816,1.8744813057296345e-17,0.01355212489438564,-0.2950906505771518,-0.0036728947202810357
5.835,hold_final_pose,0.9438081572739948,-0.3868325706583348,1.0032643637237442,0.05320967856769441,1.8744813057296345e-17,1.8744813057296345e-17,0,0.6160880068814638,-1.8744813057296344e-16,2,517.8,-1.1923209598941953,1.4286856835621558,1.2146869526017792,1.8744813057296345e-17,0.013552124894386484,-0.2950906505771523,-0.0036728947202565487
5.84,hold_final_pose,0.9438081572739944,-0.38683257065833676,1.0032643637237442,0.05320967856769455,1.8744813057296345e-17,1.8744813057296345e-17,0,0.6160880068814641,-1.8744813057296344e-16,2,510.8,-1.1923209598941946,1.4286856835621522,1.2146869526017747,1.8744813057296345e-17,0.013552124894389311,-0.2950906505771528,-0.0036728947202329253
5.845,hold_final_pose,0.9438081572739938,-0.38683257065833876,1.0032643637237442,0.05320967856769466,1.8744813057296345e-17,1.8744813057296345e-17,0,0.6160880068814645,-1.8744813057296344e-16,2,510.4,-1.192320959894194,1.4286856835621486,1.2146869526017863,1.8744813057296345e-17,0.013552124894376434,-0.2950906505771533,-0.003672894720210165
5.8500000000000005,hold_final_pose,0.9438081572739935,-0.38683257065834076,1.0032643637237435,0.053209678567694464,1.6524367008046033e-17,1.8744813057296345e-17,0,0.6160880068814647,2.5664107927709917e-16,2,508.2,-1.1923209598941933,1.4286856835621453,1.21468695260178,1.6524367008046033e-17,0.013552124894381377,-0.2950906505771537,-0.0036728947201880697
5.855,hold_final_pose,0.9438081572739931,-0.3868325706583427,1.0032643637237433,0.05320967856769419,1.6524367008046033e-17,1.6524367008046033e-17,0,0.6160880068814648,-1.6524367008046034e-16,2,519.1,-1.1923209598941926,1.4286856835621422,1.2146869526017732,1.6524367008046033e-17,0.013552124894386985,-0.29509065057715417,-0.0036728947201667933
5.86,hold_final_pose,0.9438081572739926,-0.38683257065834453,1.003264363723743,0.05320967856769413,1.6524367008046033e-17,1.6524367008046033e-17,0,0.6160880068814651,-1.6524367008046034e-16,2,517.9,-1.192320959894192,1.428685683562139,1.2146869526017832,1.6524367008046033e-17,0.013552124894375865,-0.2950906505771546,-0.0036728947201463235
5.865,hold_final_pose,0.9438081572739923,-0.38683257065834625,1.003264363723743,0.053209678567694214,1.6524367008046033e-17,1.6524367008046033e-17,0,0.6160880068814654,-1.6524367008046034e-16,2,508.7,-1.1923209598941915,1.4286856835621362,1.2146869526017867,1.6524367008046033e-17,0.013552124894371203,-0.295090650577155,-0.00367289472012646
5.87,hold_final_pose,0.9438081572739918,-0.3868325706583479,1.003264363723743,0.0532096785676943,1.430392095879572e-17,1.6524367008046033e-17,0,0.6160880068814656,2.788455397696023e-16,2,514.6,-1.192320959894191,1.4286856835621333,1.2146869526017818,1.430392095879572e-17,0.013552124894375059,-0.2950906505771554,-0.00367289472010724
5.875,hold_final_pose,0.9438081572739916,-0.3868325706583495,1.003264363723743,0.053209678567694436,1.430392095879572e-17,1.430392095879572e-17,0,0.6160880068814657,-1.4303920958795721e-16,2,508.7,-1.1923209598941906,1.4286856835621307,1.214686952601771,1.430392095879572e-17,0.013552124894384815,-0.2950906505771558,-0.0036728947200887303
5.88,hold_final_pose,0.943808157273991,-0.38683257065835097,1.0032643637237428,0.0532096785676943,1.2083474909545408e-17,1.430392095879572e-17,0,0.616088006881466,3.010500002621054e-16,2,506.5,-1.1923209598941902,1.428685683562128,1.2146869526017612,1.2083474909545408e-17,0.013552124894393627,-0.29509065057715617,-0.0036728947200709624
5.885,hold_final_pose,0.9438081572739909,-0.38683257065835275,1.0032643637237424,0.05320967856769413,1.2083474909545408e-17,1.2083474909545408e-17,0,0.6160880068814661,-1.208347490954541e-16,2,522.4,-1.1923209598941897,1.4286856835621253,1.2146869526017612,1.2083474909545408e-17,0.013552124894392687,-0.2950906505771565,-0.003672894720053905
5.89,hold_final_pose,0.9438081572739907,-0.3868325706583541,1.0032643637237422,0.053209678567694214,1.2083474909545408e-17,1.2083474909545408e-17,0,0.6160880068814664,-1.208347490954541e-16,2,523.3,-1.1923209598941893,1.4286856835621227,1.2146869526017576,1.2083474909545408e-17,0.013552124894395409,-0.29509065057715683,-0.003672894720037433
5.8950000000000005,hold_final_pose,0.9438081572739904,-0.3868325706583555,1.0032643637237422,0.05320967856769438,1.2083474909545408e-17,1.2083474909545408e-17,0,0.6160880068814666,-1.208347490954541e-16,2,522.4,-1.1923209598941888,1.4286856835621202,1.2146869526017674,1.2083474909545408e-17,0.01355212489438486,-0.29509065057715717,-0.0036728947200215744
5.9,hold_final_pose,0.9438081572739903,-0.386832570658357,1.0032643637237422,0.05320967856769455,1.2083474909545408e-17,1.2083474909545408e-17,0,0.6160880068814668,-1.208347490954541e-16,2,621.2,-1.1923209598941884,1.4286856835621178,1.2146869526017694,1.2083474909545408e-17,0.013552124894382175,-0.2950906505771575,-0.0036728947200061657
5.905,hold_final_pose,0.94380815727399,-0.38683257065835835,1.0032643637237417,0.05320967856769424,1.2083474909545408e-17,1.2083474909545408e-17,0,0.6160880068814669,-1.208347490954541e-16,2,533.6,-1.192320959894188,1.4286856835621156,1.2146869526017596,1.2083474909545408e-17,0.013552124894391246,-0.2950906505771578,-0.0036728947199912627
5.91,hold_final_pose,0.9438081572739895,-0.38683257065835946,1.0032643637237415,0.05320967856769405,1.2083474909545408e-17,1.2083474909545408e-17,0,0.616088006881467,-1.208347490954541e-16,2,535.8,-1.1923209598941875,1.4286856835621133,1.2146869526017587,1.2083474909545408e-17,0.013552124894391525,-0.29509065057715805,-0.0036728947199769716
5.915,hold_final_pose,0.9438081572739894,-0.38683257065836085,1.0032643637237415,0.05320967856769419,1.430392095879572e-17,1.2083474909545408e-17,0,0.6160880068814673,-5.649239589455167e-16,2,548.8,-1.192320959894187,1.4286856835621111,1.2146869526017636,1.430392095879572e-17,0.013552124894385885,-0.29509065057715833,-0.003672894719963189
5.92,hold_final_pose,0.9438081572739889,-0.38683257065836196,1.0032643637237415,0.053209678567694214,1.430392095879572e-17,1.430392095879572e-17,0,0.6160880068814674,-1.4303920958795721e-16,2,535.7,-1.1923209598941866,1.4286856835621091,1.2146869526017658,1.430392095879572e-17,0.013552124894383078,-0.2950906505771586,-0.003672894719949829
5.925,hold_final_pose,0.9438081572739887,-0.38683257065836324,1.0032643637237413,0.05320967856769416,1.2083474909545408e-17,1.430392095879572e-17,0,0.6160880068814675,3.010500002621054e-16,2,550.7,-1.1923209598941862,1.4286856835621071,1.2146869526017612,1.2083474909545408e-17,0.01355212489438712,-0.2950906505771589,-0.003672894719936906
5.93,hold_final_pose,0.9438081572739885,-0.38683257065836424,1.0032643637237413,0.05320967856769413,1.2083474909545408e-17,1.2083474909545408e-17,0,0.6160880068814676,-1.208347490954541e-16,2,530.5,-1.1923209598941857,1.4286856835621051,1.214686952601762,1.2083474909545408e-17,0.013552124894385715,-0.29509065057715916,-0.0036728947199244754
5.9350000000000005,hold_final_pose,0.9438081572739884,-0.38683257065836557,1.003264363723741,0.0532096785676943,1.2083474909545408e-17,1.2083474909545408e-17,0,0.6160880068814677,-1.208347490954541e-16,2,526.4,-1.1923209598941853,1.4286856835621031,1.2146869526017539,1.2083474909545408e-17,0.013552124894393468,-0.2950906505771594,-0.0036728947199124663
5.94,hold_final_pose,0.9438081572739879,-0.38683257065836646,1.0032643637237406,0.053209678567693854,9.863028860295094e-18,1.2083474909545408e-17,0,0.6160880068814678,3.2325446075460853e-16,2,522.6,-1.1923209598941849,1.4286856835621013,1.214686952601753,9.863028860295094e-18,0.013552124894393775,-0.2950906505771596,-0.003672894719900954
5.945,hold_final_pose,0.9438081572739879,-0.38683257065836746,1.0032643637237406,0.05320967856769402,9.863028860295094e-18,9.863028860295094e-18,0,0.6160880068814679,-9.863028860295094e-17,2,536.0,-1.1923209598941844,1.4286856835620996,1.2146869526017487,9.863028860295094e-18,0.013552124894397447,-0.29509065057715983,-0.0036728947198898473
5.95,hold_final_pose,0.9438081572739876,-0.38683257065836874,1.0032643637237404,0.05320967856769391,9.863028860295094e-18,9.863028860295094e-18,0,0.616088006881468,-9.863028860295094e-17,2,537.8,-1.192320959894184,1.4286856835620978,1.214686952601751,9.863028860295094e-18,0.013552124894394805,-0.29509065057716005,-0.0036728947198791657
5.955,hold_final_pose,0.9438081572739873,-0.3868325706583698,1.0032643637237404,0.053209678567693965,9.863028860295094e-18,9.863028860295094e-18,0,0.6160880068814681,-9.863028860295094e-17,2,533.4,-1.1923209598941837,1.428685683562096,1.214686952601762,9.863028860295094e-18,0.013552124894383316,-0.2950906505771603,-0.0036728947198688376
5.96,hold_final_pose,0.9438081572739871,-0.3868325706583707,1.0032643637237404,0.0532096785676941,9.863028860295094e-18,9.863028860295094e-18,0,0.6160880068814684,-9.863028860295094e-17,2,552.5,-1.1923209598941835,1.4286856835620945,1.2146869526017658,9.863028860295094e-18,0.013552124894379089,-0.2950906505771605,-0.003672894719858757
5.965,hold_final_pose,0.9438081572739869,-0.38683257065837157,1.0032643637237404,0.05320967856769413,9.863028860295094e-18,9.863028860295094e-18,0,0.6160880068814685,-9.863028860295094e-17,2,544.8,-1.1923209598941833,1.428685683562093,1.2146869526017676,9.863028860295094e-18,0.013552124894376896,-0.2950906505771607,-0.003672894719848986
5.97,hold_final_pose,0.9438081572739867,-0.38683257065837234,1.0032643637237404,0.05320967856769419,9.863028860295094e-18,9.863028860295094e-18,0,0.6160880068814687,-9.863028860295094e-17,2,547.5,-1.192320959894183,1.4286856835620916,1.2146869526017674,9.863028860295094e-18,0.013552124894376679,-0.29509065057716094,-0.003672894719839536
5.9750000000000005,hold_final_pose,0.9438081572739867,-0.386832570658373,1.0032643637237404,0.0532096785676943,9.863028860295094e-18,9.863028860295094e-18,0,0.6160880068814688,-9.863028860295094e-17,2,540.5,-1.1923209598941829,1.4286856835620902,1.2146869526017627,9.863028860295094e-18,0.013552124894381077,-0.29509065057716116,-0.0036728947198304157
5.98,hold_final_pose,0.9438081572739864,-0.38683257065837384,1.0032643637237404,0.05320967856769424,9.863028860295094e-18,9.863028860295094e-18,0,0.6160880068814689,-9.863028860295094e-17,2,527.9,-1.1923209598941826,1.428685683562089,1.2146869526017674,9.863028860295094e-18,0.013552124894376226,-0.29509065057716133,-0.003672894719821659
5.985,hold_final_pose,0.9438081572739864,-0.38683257065837456,1.00326436372374,0.053209678567693965,9.863028860295094e-18,9.863028860295094e-18,0,0.616088006881469,-9.863028860295094e-17,2,539.7,-1.1923209598941824,1.4286856835620876,1.2146869526017665,9.863028860295094e-18,0.013552124894376879,-0.2950906505771615,-0.003672894719813163
5.99,hold_final_pose,0.9438081572739861,-0.3868325706583753,1.00326436372374,0.05320967856769402,1.2083474909545408e-17,9.863028860295094e-18,0,0.6160880068814691,-5.427194984530136e-16,2,523.2,-1.1923209598941822,1.4286856835620865,1.214686952601761,1.2083474909545408e-17,0.013552124894382084,-0.29509065057716166,-0.00367289471980497
5.995,hold_final_pose,0.9438081572739863,-0.38683257065837606,1.00326436372374,0.05320967856769413,1.2083474909545408e-17,1.2083474909545408e-17,0,0.6160880068814691,-1.208347490954541e-16,2,549.0,-1.192320959894182,1.4286856835620854,1.2146869526017536,1.2083474909545408e-17,0.013552124894389207,-0.29509065057716183,-0.0036728947197971072
6.0,hold_final_pose,0.943808157273986,-0.38683257065837673,1.0032643637237397,0.05320967856769402,1.2083474909545408e-17,1.2083474909545408e-17,0,0.6160880068814693,-1.208347490954541e-16,2,566.8,-1.1923209598941817,1.428685683562084,1.21468695260176,1.2083474909545408e-17,0.013552124894382473,-0.295090650577162,-0.003672894719789597
6.005,hold_final_pose,0.9438081572739857,-0.38683257065837734,1.0032643637237395,0.053209678567693965,1.2083474909545408e-17,1.2083474909545408e-17,0,0.6160880068814694,-1.208347490954541e-16,2,554.3,-1.1923209598941815,1.428685683562083,1.2146869526017499,1.2083474909545408e-17,0.013552124894392574,-0.2950906505771621,-0.0036728947197822758
6.01,hold_final_pose,0.9438081572739857,-0.38683257065837806,1.0032643637237395,0.053209678567694076,1.2083474909545408e-17,1.2083474909545408e-17,0,0.6160880068814694,-1.208347490954541e-16,2,550.5,-1.1923209598941813,1.4286856835620818,1.2146869526017532,1.2083474909545408e-17,0.013552124894389124,-0.2950906505771622,-0.003672894719775313
6.015000000000001,hold_final_pose,0.9438081572739854,-0.38683257065837856,1.0032643637237395,0.05320967856769405,9.863028860295094e-18,1.2083474909545408e-17,0,0.6160880068814696,3.2325446075460853e-16,2,567.2,-1.192320959894181,1.4286856835620807,1.214686952601752,9.863028860295094e-18,0.013552124894389974,-0.2950906505771624,-0.0036728947197685637
6.0200000000000005,hold_final_pose,0.9438081572739855,-0.38683257065837934,1.0032643637237393,0.053209678567693965,9.863028860295094e-18,9.863028860295094e-18,0,0.6160880068814696,-9.863028860295094e-17,2,564.2,-1.1923209598941809,1.4286856835620796,1.2146869526017545,9.863028860295094e-18,0.013552124894387405,-0.2950906505771625,-0.0036728947197620563
6.025,hold_final_pose,0.9438081572739853,-0.3868325706583799,1.0032643637237393,0.05320967856769399,9.863028860295094e-18,9.863028860295094e-18,0,0.6160880068814697,-9.863028860295094e-17,2,577.6,-1.1923209598941806,1.4286856835620785,1.2146869526017658,9.863028860295094e-18,0.013552124894375812,-0.2950906505771626,-0.0036728947197557566
6.03,hold_final_pose,0.9438081572739851,-0.3868325706583805,1.0032643637237393,0.0532096785676941,9.863028860295094e-18,9.863028860295094e-18,0,0.6160880068814697,-9.863028860295094e-17,2,550.6,-1.1923209598941804,1.4286856835620776,1.2146869526017663,9.863028860295094e-18,0.013552124894375078,-0.2950906505771627,-0.003672894719749564
6.035,hold_final_pose,0.943808157273985,-0.38683257065838095,1.0032643637237393,0.0532096785676941,9.863028860295094e-18,9.863028860295094e-18,0,0.6160880068814697,-9.863028860295094e-17,2,553.5,-1.1923209598941802,1.4286856835620767,1.2146869526017667,9.863028860295094e-18,0.013552124894374504,-0.2950906505771628,-0.003672894719743582
6.04,hold_final_pose,0.943808157273985,-0.3868325706583815,1.0032643637237393,0.05320967856769419,9.863028860295094e-18,9.863028860295094e-18,0,0.6160880068814698,-9.863028860295094e-17,2,559.2,-1.19232095989418,1.4286856835620758,1.2146869526017772,9.863028860295094e-18,0.013552124894363823,-0.29509065057716294,-0.003672894719737806
6.045,hold_final_pose,0.943808157273985,-0.3868325706583819,1.0032643637237393,0.05320967856769424,9.863028860295094e-18,9.863028860295094e-18,0,0.6160880068814699,-9.863028860295094e-17,2,545.7,-1.19232095989418,1.4286856835620751,1.214686952601779,9.863028860295094e-18,0.013552124894361951,-0.29509065057716305,-0.003672894719732124
6.05,hold_final_pose,0.9438081572739847,-0.3868325706583823,1.0032643637237393,0.053209678567694076,9.863028860295094e-18,9.863028860295094e-18,0,0.61608800688147,-9.863028860295094e-17,2,611.8,-1.19232095989418,1.4286856835620745,1.2146869526017738,9.863028860295094e-18,0.013552124894367,-0.29509065057716316,-0.003672894719726617
6.055,hold_final_pose,0.9438081572739847,-0.3868325706583827,1.0032643637237393,0.05320967856769416,9.863028860295094e-18,9.863028860295094e-18,0,0.61608800688147,-9.863028860295094e-17,2,568.8,-1.19232095989418,1.4286856835620738,1.2146869526017725,9.863028860295094e-18,0.013552124894368137,-0.29509065057716327,-0.003672894719721362
6.0600000000000005,hold_final_pose,0.9438081572739847,-0.38683257065838295,1.0032643637237393,0.05320967856769419,9.863028860295094e-18,9.863028860295094e-18,0,0.6160880068814703,-9.863028860295094e-17,2,554.3,-1.19232095989418,1.4286856835620731,1.2146869526017803,9.863028860295094e-18,0.013552124894360208,-0.2950906505771634,-0.0036728947197162977
6.065,hold_final_pose,0.9438081572739847,-0.3868325706583836,1.0032643637237393,0.05320967856769427,9.863028860295094e-18,9.863028860295094e-18,0,0.6160880068814703,-9.863028860295094e-17,2,547.8,-1.19232095989418,1.4286856835620725,1.2146869526017823,9.863028860295094e-18,0.01355212489435814,-0.2950906505771635,-0.0036728947197113325
6.07,hold_final_pose,0.9438081572739847,-0.3868325706583837,1.0032643637237393,0.0532096785676943,9.863028860295094e-18,9.863028860295094e-18,0,0.6160880068814705,-9.863028860295094e-17,2,548.7,-1.19232095989418,1.428685683562072,1.2146869526017852,9.863028860295094e-18,0.013552124894355136,-0.2950906505771636,-0.0036728947197065256
6.075,hold_final_pose,0.9438081572739847,-0.38683257065838383,1.0032643637237393,0.053209678567694325,9.863028860295094e-18,9.863028860295094e-18,0,0.6160880068814705,-9.863028860295094e-17,2,541.0,-1.19232095989418,1.4286856835620716,1.2146869526017847,9.863028860295094e-18,0.013552124894355559,-0.29509065057716366,-0.0036728947197018497
6.08,hold_final_pose,0.9438081572739845,-0.38683257065838417,1.0032643637237393,0.05320967856769435,9.863028860295094e-18,9.863028860295094e-18,0,0.6160880068814705,-9.863028860295094e-17,2,540.5,-1.19232095989418,1.4286856835620712,1.2146869526017894,9.863028860295094e-18,0.01355212489435079,-0.2950906505771637,-0.003672894719697349
6.085,hold_final_pose,0.9438081572739847,-0.38683257065838456,1.0032643637237395,0.05320967856769441,9.863028860295094e-18,9.863028860295094e-18,0,0.6160880068814705,-9.863028860295094e-17,2,543.7,-1.19232095989418,1.4286856835620707,1.2146869526017794,9.863028860295094e-18,0.01355212489436067,-0.2950906505771638,-0.003672894719692956
6.09,hold_final_pose,0.9438081572739845,-0.3868325706583848,1.0032643637237395,0.053209678567694436,1.2083474909545408e-17,9.863028860295094e-18,0,0.6160880068814706,-5.427194984530136e-16,2,537.8,-1.19232095989418,1.4286856835620703,1.2146869526017687,1.2083474909545408e-17,0.013552124894371244,-0.2950906505771639,-0.0036728947196888054
6.095,hold_final_pose,0.9438081572739844,-0.38683257065838506,1.0032643637237395,0.053209678567694464,1.2083474909545408e-17,1.2083474909545408e-17,0,0.6160880068814707,-1.208347490954541e-16,2,560.4,-1.19232095989418,1.4286856835620696,1.2146869526017599,1.2083474909545408e-17,0.013552124894379996,-0.29509065057716394,-0.003672894719684907
6.1000000000000005,hold_final_pose,0.9438081572739843,-0.3868325706583856,1.0032643637237393,0.053209678567694464,9.863028860295094e-18,1.2083474909545408e-17,0,0.6160880068814707,3.2325446075460853e-16,2,554.5,-1.1923209598941797,1.428685683562069,1.2146869526017618,9.863028860295094e-18,0.013552124894377952,-0.295090650577164,-0.0036728947196812355
6.105,hold_final_pose,0.943808157273984,-0.3868325706583859,1.0032643637237393,0.05320967856769441,9.863028860295094e-18,9.863028860295094e-18,0,0.6160880068814707,-9.863028860295094e-17,2,550.4,-1.1923209598941795,1.4286856835620683,1.214686952601761,9.863028860295094e-18,0.013552124894378827,-0.29509065057716405,-0.0036728947196776724
6.11,hold_final_pose,0.9438081572739841,-0.3868325706583863,1.0032643637237395,0.05320967856769452,9.863028860295094e-18,9.863028860295094e-18,0,0.6160880068814707,-9.863028860295094e-17,2,554.4,-1.1923209598941795,1.4286856835620676,1.2146869526017607,9.863028860295094e-18,0.013552124894378946,-0.2950906505771641,-0.003672894719674236
6.115,hold_final_pose,0.943808157273984,-0.3868325706583869,1.003264363723739,0.05320967856769438,1.2083474909545408e-17,9.863028860295094e-18,0,0.6160880068814708,-5.427194984530136e-16,2,563.7,-1.1923209598941793,1.428685683562067,1.2146869526017607,1.2083474909545408e-17,0.013552124894378865,-0.29509065057716416,-0.003672894719670925
6.12,hold_final_pose,0.943808157273984,-0.386832570658387,1.0032643637237393,0.05320967856769438,1.2083474909545408e-17,1.2083474909545408e-17,0,0.6160880068814708,-1.208347490954541e-16,2,561.4,-1.1923209598941793,1.4286856835620665,1.2146869526017694,1.2083474909545408e-17,0.013552124894370165,-0.2950906505771642,-0.0036728947196677333
6.125,hold_final_pose,0.943808157273984,-0.38683257065838733,1.0032643637237395,0.05320967856769463,1.2083474909545408e-17,1.2083474909545408e-17,0,0.6160880068814709,-1.208347490954541e-16,2,575.4,-1.1923209598941793,1.428685683562066,1.2146869526017712,1.2083474909545408e-17,0.013552124894368437,-0.2950906505771643,-0.003672894719664564
6.13,hold_final_pose,0.943808157273984,-0.38683257065838755,1.0032643637237395,0.05320967856769466,1.2083474909545408e-17,1.2083474909545408e-17,0,0.616088006881471,-1.208347490954541e-16,2,576.2,-1.1923209598941793,1.4286856835620656,1.2146869526017756,1.2083474909545408e-17,0.013552124894363948,-0.2950906505771644,-0.003672894719661495
6.135,hold_final_pose,0.943808157273984,-0.3868325706583878,1.0032643637237393,0.05320967856769449,9.863028860295094e-18,1.2083474909545408e-17,0,0.6160880068814711,3.2325446075460853e-16,2,574.6,-1.1923209598941793,1.4286856835620652,1.214686952601782,9.863028860295094e-18,0.013552124894357443,-0.29509065057716444,-0.0036728947196584868
6.140000000000001,hold_final_pose,0.943808157273984,-0.38683257065838794,1.0032643637237395,0.053209678567694714,9.863028860295094e-18,9.863028860295094e-18,0,0.6160880068814711,-9.863028860295094e-17,2,572.1,-1.1923209598941793,1.428685683562065,1.2146869526017827,9.863028860295094e-18,0.013552124894356737,-0.2950906505771645,-0.003672894719655518
6.1450000000000005,hold_final_pose,0.943808157273984,-0.38683257065838816,1.0032643637237395,0.05320967856769474,7.642582811044781e-18,9.863028860295094e-18,0,0.6160880068814711,3.454589212471117e-16,2,569.6,-1.1923209598941793,1.4286856835620647,1.214686952601772,7.642582811044781e-18,0.013552124894367386,-0.29509065057716455,-0.0036728947196526473
6.15,hold_final_pose,0.943808157273984,-0.3868325706583883,1.0032643637237395,0.05320967856769474,7.642582811044781e-18,7.642582811044781e-18,0,0.6160880068814713,-7.642582811044781e-17,2,569.2,-1.1923209598941793,1.4286856835620643,1.214686952601778,7.642582811044781e-18,0.013552124894361367,-0.2950906505771646,-0.0036728947196499836
6.155,hold_final_pose,0.943808157273984,-0.38683257065838855,1.0032643637237395,0.0532096785676948,7.642582811044781e-18,7.642582811044781e-18,0,0.6160880068814713,-7.642582811044781e-17,2,553.4,-1.1923209598941793,1.428685683562064,1.2146869526017792,7.642582811044781e-18,0.013552124894360161,-0.29509065057716466,-0.0036728947196473533
6.16,hold_final_pose,0.9438081572739839,-0.38683257065838855,1.0032643637237395,0.0532096785676948,7.642582811044781e-18,7.642582811044781e-18,0,0.6160880068814713,-7.642582811044781e-17,2,568.0,-1.1923209598941793,1.4286856835620638,1.2146869526017783,7.642582811044781e-18,0.013552124894361016,-0.2950906505771647,-0.0036728947196448007
6.165,hold_final_pose,0.9438081572739837,-0.3868325706583887,1.0032643637237395,0.05320967856769477,7.642582811044781e-18,7.642582811044781e-18,0,0.6160880068814713,-7.642582811044781e-17,2,582.1,-1.1923209598941793,1.4286856835620636,1.214686952601774,7.642582811044781e-18,0.013552124894365235,-0.29509065057716477,-0.0036728947196423478
6.17,hold_final_pose,0.9438081572739835,-0.38683257065838883,1.0032643637237395,0.053209678567694686,5.4221367617944674e-18,7.642582811044781e-18,0,0.6160880068814714,3.6766338173961483e-16,2,561.6,-1.1923209598941793,1.4286856835620634,1.2146869526017783,5.4221367617944674e-18,0.013552124894361056,-0.2950906505771648,-0.003672894719640023
6.175,hold_final_pose,0.943808157273984,-0.38683257065838894,1.0032643637237395,0.05320967856769485,5.4221367617944674e-18,5.4221367617944674e-18,0,0.6160880068814714,-5.4221367617944674e-17,2,559.5,-1.1923209598941793,1.4286856835620632,1.2146869526017825,5.4221367617944674e-18,0.013552124894356931,-0.2950906505771649,-0.0036728947196377373
6.18,hold_final_pose,0.943808157273984,-0.3868325706583891,1.0032643637237395,0.05320967856769488,5.4221367617944674e-18,5.4221367617944674e-18,0,0.6160880068814714,-5.4221367617944674e-17,2,552.6,-1.1923209598941793,1.428685683562063,1.2146869526017767,5.4221367617944674e-18,0.013552124894362649,-0.29509065057716494,-0.0036728947196354956
6.1850000000000005,hold_final_pose,0.943808157273984,-0.3868325706583893,1.0032643637237395,0.05320967856769491,5.4221367617944674e-18,5.4221367617944674e-18,0,0.6160880068814715,-5.4221367617944674e-17,2,560.2,-1.1923209598941793,1.4286856835620627,1.2146869526017727,5.4221367617944674e-18,0.013552124894366652,-0.295090650577165,-0.0036728947196333836
6.19,hold_final_pose,0.9438081572739837,-0.3868325706583894,1.0032643637237395,0.05320967856769488,5.4221367617944674e-18,5.4221367617944674e-18,0,0.6160880068814715,-5.4221367617944674e-17,2,579.0,-1.1923209598941793,1.4286856835620625,1.2146869526017703,5.4221367617944674e-18,0.01355212489436906,-0.29509065057716505,-0.003672894719631379
6.195,hold_final_pose,0.9438081572739837,-0.3868325706583894,1.0032643637237395,0.05320967856769488,5.4221367617944674e-18,5.4221367617944674e-18,0,0.6160880068814716,-5.4221367617944674e-17,2,557.3,-1.1923209598941793,1.4286856835620623,1.2146869526017763,5.4221367617944674e-18,0.01355212489436303,-0.2950906505771651,-0.003672894719629473
6.2,hold_final_pose,0.9438081572739838,-0.3868325706583896,1.0032643637237395,0.05320967856769491,5.4221367617944674e-18,5.4221367617944674e-18,0,0.6160880068814716,-5.4221367617944674e-17,2,560.6,-1.1923209598941793,1.428685683562062,1.214686952601783,5.4221367617944674e-18,0.013552124894356326,-0.29509065057716516,-0.0036728947196275788
6.205,hold_final_pose,0.9438081572739835,-0.38683257065838966,1.0032643637237395,0.0532096785676948,5.4221367617944674e-18,5.4221367617944674e-18,0,0.6160880068814716,-5.4221367617944674e-17,2,556.9,-1.1923209598941793,1.4286856835620618,1.2146869526017792,5.4221367617944674e-18,0.01355212489436004,-0.2950906505771652,-0.003672894719625682
6.21,hold_final_pose,0.9438081572739835,-0.38683257065839,1.0032643637237395,0.05320967856769485,5.4221367617944674e-18,5.4221367617944674e-18,0,0.6160880068814717,-5.4221367617944674e-17,2,565.8,-1.1923209598941793,1.4286856835620616,1.2146869526017754,5.4221367617944674e-18,0.013552124894363847,-0.29509065057716527,-0.003672894719623888
6.215,hold_final_pose,0.9438081572739835,-0.38683257065839,1.0032643637237395,0.05320967856769485,5.4221367617944674e-18,5.4221367617944674e-18,0,0.6160880068814717,-5.4221367617944674e-17,2,550.4,-1.1923209598941793,1.4286856835620614,1.214686952601791,5.4221367617944674e-18,0.01355212489434821,-0.2950906505771653,-0.003672894719622196
6.22,hold_final_pose,0.9438081572739835,-0.3868325706583901,1.0032643637237395,0.05320967856769485,5.4221367617944674e-18,5.4221367617944674e-18,0,0.6160880068814717,-5.4221367617944674e-17,2,538.7,-1.1923209598941793,1.4286856835620614,1.2146869526017916,5.4221367617944674e-18,0.013552124894347527,-0.2950906505771653,-0.003672894719620414
6.2250000000000005,hold_final_pose,0.9438081572739835,-0.3868325706583901,1.0032643637237395,0.05320967856769485,7.642582811044781e-18,5.4221367617944674e-18,0,0.6160880068814718,-4.983105774680073e-16,2,562.8,-1.1923209598941793,1.4286856835620614,1.2146869526017945,7.642582811044781e-18,0.013552124894344608,-0.2950906505771654,-0.003672894719618691
6.23,hold_final_pose,0.9438081572739835,-0.38683257065839005,1.0032643637237395,0.05320967856769485,7.642582811044781e-18,7.642582811044781e-18,0,0.6160880068814717,-7.642582811044781e-17,2,606.0,-1.1923209598941793,1.4286856835620614,1.2146869526017958,7.642582811044781e-18,0.013552124894343313,-0.29509065057716544,-0.0036728947196169983
6.235,hold_final_pose,0.9438081572739835,-0.38683257065839,1.0032643637237395,0.05320967856769485,9.863028860295094e-18,7.642582811044781e-18,0,0.6160880068814718,-5.205150379605104e-16,2,580.6,-1.1923209598941793,1.4286856835620614,1.2146869526017943,9.863028860295094e-18,0.01355212489434487,-0.2950906505771655,-0.0036728947196153477
6.24,hold_final_pose,0.9438081572739835,-0.38683257065839005,1.0032643637237395,0.05320967856769485,9.863028860295094e-18,9.863028860295094e-18,0,0.6160880068814717,-9.863028860295094e-17,2,569.5,-1.1923209598941793,1.4286856835620614,1.2146869526017936,9.863028860295094e-18,0.013552124894345518,-0.2950906505771655,-0.0036728947196137743
6.245,hold_final_pose,0.9438081572739835,-0.38683257065839,1.0032643637237395,0.05320967856769485,9.863028860295094e-18,9.863028860295094e-18,0,0.6160880068814718,-9.863028860295094e-17,2,533.7,-1.1923209598941793,1.4286856835620614,1.2146869526018038,9.863028860295094e-18,0.013552124894335237,-0.2950906505771655,-0.003672894719612266
6.25,hold_final_pose,0.9438081572739835,-0.38683257065839005,1.0032643637237395,0.05320967856769485,9.863028860295094e-18,9.863028860295094e-18,0,0.6160880068814718,-9.863028860295094e-17,2,545.0,-1.1923209598941793,1.4286856835620614,1.2146869526018083,9.863028860295094e-18,0.013552124894330723,-0.29509065057716555,-0.003672894719610703
6.255,hold_final_pose,0.9438081572739835,-0.38683257065839,1.0032643637237395,0.05320967856769485,9.863028860295094e-18,9.863028860295094e-18,0,0.6160880068814718,-9.863028860295094e-17,2,537.1,-1.1923209598941793,1.4286856835620614,1.2146869526017987,9.863028860295094e-18,0.013552124894340297,-0.2950906505771656,-0.003672894719609153
6.26,hold_final_pose,0.9438081572739835,-0.38683257065839,1.0032643637237395,0.05320967856769485,9.863028860295094e-18,9.863028860295094e-18,0,0.6160880068814718,-9.863028860295094e-17,2,531.3,-1.1923209598941793,1.4286856835620614,1.2146869526017976,9.863028860295094e-18,0.013552124894341431,-0.29509065057716566,-0.0036728947196077496
6.265000000000001,hold_final_pose,0.9438081572739835,-0.3868325706583901,1.0032643637237395,0.05320967856769485,9.863028860295094e-18,9.863028860295094e-18,0,0.6160880068814718,-9.863028860295094e-17,2,537.8,-1.1923209598941793,1.4286856835620614,1.2146869526018005,9.863028860295094e-18,0.013552124894338612,-0.29509065057716566,-0.003672894719606404
6.2700000000000005,hold_final_pose,0.9438081572739835,-0.3868325706583901,1.0032643637237395,0.05320967856769485,9.863028860295094e-18,9.863028860295094e-18,0,0.6160880068814718,-9.863028860295094e-17,2,639.2,-1.1923209598941793,1.4286856835620614,1.214686952601803,9.863028860295094e-18,0.013552124894336128,-0.29509065057716566,-0.0036728947196050833
6.275,hold_final_pose,0.9438081572739835,-0.38683257065839005,1.0032643637237395,0.05320967856769485,9.863028860295094e-18,9.863028860295094e-18,0,0.6160880068814718,-9.863028860295094e-17,2,544.7,-1.1923209598941793,1.4286856835620614,1.2146869526017967,9.863028860295094e-18,0.013552124894342198,-0.29509065057716566,-0.003672894719603782
6.28,hold_final_pose,0.9438081572739835,-0.38683257065839,1.0032643637237395,0.05320967856769485,9.863028860295094e-18,9.863028860295094e-18,0,0.6160880068814718,-9.863028860295094e-17,2,533.8,-1.1923209598941793,1.4286856835620614,1.2146869526017925,9.863028860295094e-18,0.013552124894346415,-0.29509065057716566,-0.0036728947196025805
6.285,hold_final_pose,0.9438081572739835,-0.38683257065839,1.0032643637237395,0.05320967856769485,7.642582811044781e-18,9.863028860295094e-18,0,0.6160880068814718,3.454589212471117e-16,2,536.8,-1.1923209598941793,1.4286856835620614,1.214686952601795,7.642582811044781e-18,0.013552124894343959,-0.29509065057716566,-0.0036728947196014656
6.29,hold_final_pose,0.9438081572739835,-0.3868325706583901,1.0032643637237395,0.05320967856769485,7.642582811044781e-18,7.642582811044781e-18,0,0.6160880068814717,-7.642582811044781e-17,2,530.0,-1.1923209598941793,1.4286856835620614,1.2146869526017918,7.642582811044781e-18,0.013552124894347093,-0.2950906505771657,-0.0036728947196003666
6.295,hold_final_pose,0.9438081572739835,-0.38683257065839,1.0032643637237395,0.05320967856769485,7.642582811044781e-18,7.642582811044781e-18,0,0.6160880068814717,-7.642582811044781e-17,2,538.1,-1.1923209598941793,1.4286856835620614,1.2146869526017992,7.642582811044781e-18,0.013552124894339724,-0.2950906505771657,-0.0036728947195993388
6.3,hold_final_pose,0.9438081572739835,-0.38683257065839,1.0032643637237395,0.05320967856769485,7.642582811044781e-18,7.642582811044781e-18,0,0.6160880068814718,-7.642582811044781e-17,2,533.0,-1.1923209598941793,1.4286856835620614,1.2146869526017996,7.642582811044781e-18,0.01355212489433923,-0.29509065057716577,-0.0036728947195982732
6.305,hold_final_pose,0.9438081572739835,-0.38683257065839,1.0032643637237395,0.05320967856769485,7.642582811044781e-18,7.642582811044781e-18,0,0.6160880068814718,-7.642582811044781e-17,2,532.0,-1.1923209598941793,1.4286856835620614,1.214686952601806,7.642582811044781e-18,0.013552124894332647,-0.29509065057716577,-0.0036728947195972437
6.3100000000000005,hold_final_pose,0.9438081572739835,-0.38683257065839,1.0032643637237395,0.05320967856769485,7.642582811044781e-18,7.642582811044781e-18,0,0.6160880068814718,-7.642582811044781e-17,2,523.7,-1.1923209598941793,1.4286856835620614,1.214686952601806,7.642582811044781e-18,0.01355212489433255,-0.29509065057716577,-0.003672894719596184
6.315,hold_final_pose,0.9438081572739835,-0.3868325706583901,1.0032643637237395,0.05320967856769485,7.642582811044781e-18,7.642582811044781e-18,0,0.6160880068814718,-7.642582811044781e-17,2,537.3,-1.1923209598941793,1.4286856835620614,1.2146869526018096,7.642582811044781e-18,0.013552124894328952,-0.29509065057716577,-0.0036728947195951616
6.32,hold_final_pose,0.9438081572739835,-0.3868325706583901,1.0032643637237395,0.05320967856769485,7.642582811044781e-18,7.642582811044781e-18,0,0.6160880068814718,-7.642582811044781e-17,2,545.8,-1.1923209598941793,1.4286856835620614,1.2146869526018031,7.642582811044781e-18,0.01355212489433532,-0.29509065057716577,-0.0036728947195941355
6.325,hold_final_pose,0.9438081572739835,-0.3868325706583901,1.0032643637237395,0.05320967856769485,7.642582811044781e-18,7.642582811044781e-18,0,0.6160880068814718,-7.642582811044781e-17,2,543.0,-1.1923209598941793,1.4286856835620614,1.2146869526018005,7.642582811044781e-18,0.013552124894337882,-0.29509065057716577,-0.0036728947195932087
6.33,hold_final_pose,0.9438081572739835,-0.38683257065839005,1.0032643637237395,0.05320967856769485,7.642582811044781e-18,7.642582811044781e-18,0,0.6160880068814717,-7.642582811044781e-17,2,545.1,-1.1923209598941793,1.4286856835620614,1.2146869526018045,7.642582811044781e-18,0.013552124894333823,-0.29509065057716577,-0.003672894719592344
6.335,hold_final_pose,0.9438081572739835,-0.38683257065839005,1.0032643637237395,0.05320967856769485,7.642582811044781e-18,7.642582811044781e-18,0,0.6160880068814717,-7.642582811044781e-17,2,553.9,-1.1923209598941793,1.4286856835620614,1.2146869526018067,7.642582811044781e-18,0.013552124894331502,-0.29509065057716577,-0.003672894719591466
6.34,hold_final_pose,0.9438081572739835,-0.3868325706583901,1.0032643637237395,0.05320967856769485,7.642582811044781e-18,7.642582811044781e-18,0,0.6160880068814718,-7.642582811044781e-17,2,549.3,-1.1923209598941793,1.4286856835620614,1.214686952601819,7.642582811044781e-18,0.01355212489431919,-0.29509065057716577,-0.0036728947195906036
6.345,hold_final_pose,0.9438081572739835,-0.38683257065839005,1.0032643637237395,0.05320967856769485,9.863028860295094e-18,7.642582811044781e-18,0,0.6160880068814718,-5.205150379605104e-16,2,564.8,-1.1923209598941793,1.4286856835620614,1.2146869526018198,9.863028860295094e-18,0.01355212489431822,-0.29509065057716577,-0.0036728947195896512
6.3500000000000005,hold_final_pose,0.9438081572739835,-0.38683257065839005,1.0032643637237395,0.05320967856769485,9.863028860295094e-18,9.863028860295094e-18,0,0.6160880068814718,-9.863028860295094e-17,2,563.5,-1.1923209598941793,1.4286856835620614,1.2146869526018231,9.863028860295094e-18,0.013552124894314762,-0.29509065057716577,-0.003672894719588725
6.355,hold_final_pose,0.9438081572739835,-0.38683257065839005,1.0032643637237395,0.05320967856769485,1.2083474909545408e-17,9.863028860295094e-18,0,0.6160880068814717,-5.427194984530136e-16,2,601.9,-1.1923209598941793,1.4286856835620616,1.2146869526018247,1.2083474909545408e-17,0.01355212489431304,-0.2950906505771658,-0.003672894719587792
6.36,hold_final_pose,0.9438081572739835,-0.3868325706583898,1.0032643637237395,0.053209678567694825,1.2083474909545408e-17,1.2083474909545408e-17,0,0.6160880068814718,-1.208347490954541e-16,2,562.8,-1.1923209598941793,1.4286856835620618,1.2146869526018198,1.2083474909545408e-17,0.013552124894317848,-0.2950906505771659,-0.003672894719586869
6.365,hold_final_pose,0.9438081572739835,-0.3868325706583898,1.0032643637237395,0.053209678567694825,1.2083474909545408e-17,1.2083474909545408e-17,0,0.6160880068814717,-1.208347490954541e-16,2,558.2,-1.1923209598941793,1.4286856835620618,1.2146869526018125,1.2083474909545408e-17,0.013552124894325114,-0.2950906505771659,-0.0036728947195860296
6.37,hold_final_pose,0.9438081572739835,-0.3868325706583898,1.0032643637237395,0.053209678567694825,1.2083474909545408e-17,1.2083474909545408e-17,0,0.6160880068814717,-1.208347490954541e-16,2,552.1,-1.1923209598941793,1.4286856835620618,1.2146869526018125,1.2083474909545408e-17,0.013552124894325111,-0.29509065057716594,-0.0036728947195852867
6.375,hold_final_pose,0.9438081572739835,-0.38683257065838983,1.0032643637237395,0.053209678567694825,9.863028860295094e-18,1.2083474909545408e-17,0,0.6160880068814717,3.2325446075460853e-16,2,538.6,-1.1923209598941793,1.4286856835620618,1.2146869526018096,9.863028860295094e-18,0.013552124894327972,-0.29509065057716594,-0.0036728947195845685
6.38,hold_final_pose,0.9438081572739835,-0.38683257065838983,1.0032643637237395,0.053209678567694825,9.863028860295094e-18,9.863028860295094e-18,0,0.6160880068814717,-9.863028860295094e-17,2,534.4,-1.1923209598941793,1.4286856835620618,1.214686952601808,9.863028860295094e-18,0.01355212489432962,-0.29509065057716594,-0.003672894719583907
6.385,hold_final_pose,0.9438081572739835,-0.3868325706583897,1.0032643637237395,0.0532096785676948,9.863028860295094e-18,9.863028860295094e-18,0,0.6160880068814717,-9.863028860295094e-17,2,538.3,-1.1923209598941793,1.4286856835620618,1.2146869526018078,9.863028860295094e-18,0.013552124894329868,-0.29509065057716594,-0.0036728947195832883
6.390000000000001,hold_final_pose,0.9438081572739835,-0.38683257065838983,1.0032643637237395,0.053209678567694825,9.863028860295094e-18,9.863028860295094e-18,0,0.6160880068814717,-9.863028860295094e-17,2,529.5,-1.1923209598941793,1.4286856835620618,1.214686952601803,9.863028860295094e-18,0.013552124894334713,-0.29509065057716594,-0.0036728947195826863
6.3950000000000005,hold_final_pose,0.9438081572739835,-0.3868325706583898,1.0032643637237395,0.053209678567694825,1.2083474909545408e-17,9.863028860295094e-18,0,0.6160880068814717,-5.427194984530136e-16,2,526.4,-1.1923209598941793,1.4286856835620618,1.2146869526018054,1.2083474909545408e-17,0.013552124894332395,-0.29509065057716594,-0.0036728947195821533
6.4,hold_final_pose,0.9438081572739835,-0.38683257065838983,1.0032643637237395,0.053209678567694825,1.2083474909545408e-17,1.2083474909545408e-17,0,0.6160880068814717,-1.208347490954541e-16,2,540.7,-1.1923209598941793,1.4286856835620618,1.2146869526018031,1.2083474909545408e-17,0.013552124894334688,-0.29509065057716594,-0.003672894719581617
6.405,hold_final_pose,0.9438081572739835,-0.38683257065838983,1.0032643637237395,0.053209678567694825,1.2083474909545408e-17,1.2083474909545408e-17,0,0.6160880068814717,-1.208347490954541e-16,2,547.0,-1.1923209598941793,1.4286856835620618,1.2146869526017925,1.2083474909545408e-17,0.01355212489434526,-0.29509065057716594,-0.0036728947195811246
6.41,hold_final_pose,0.9438081572739835,-0.3868325706583897,1.0032643637237395,0.0532096785676948,1.2083474909545408e-17,1.2083474909545408e-17,0,0.6160880068814717,-1.208347490954541e-16,2,549.1,-1.1923209598941793,1.4286856835620618,1.2146869526017856,1.2083474909545408e-17,0.013552124894352148,-0.29509065057716594,-0.0036728947195807486
6.415,hold_final_pose,0.9438081572739835,-0.38683257065839,1.0032643637237395,0.05320967856769485,1.2083474909545408e-17,1.2083474909545408e-17,0,0.6160880068814717,-1.208347490954541e-16,2,561.2,-1.1923209598941793,1.4286856835620616,1.2146869526017925,1.2083474909545408e-17,0.013552124894345347,-0.29509065057716594,-0.0036728947195804585
6.42,hold_final_pose,0.9438081572739835,-0.38683257065839,1.0032643637237395,0.05320967856769485,1.2083474909545408e-17,1.2083474909545408e-17,0,0.6160880068814717,-1.208347490954541e-16,2,555.8,-1.1923209598941793,1.4286856835620616,1.2146869526017992,1.2083474909545408e-17,0.013552124894338621,-0.29509065057716594,-0.0036728947195801094
6.425,hold_final_pose,0.9438081572739835,-0.3868325706583901,1.0032643637237395,0.05320967856769485,1.2083474909545408e-17,1.2083474909545408e-17,0,0.6160880068814718,-1.208347490954541e-16,2,538.1,-1.1923209598941793,1.4286856835620616,1.2146869526018034,1.2083474909545408e-17,0.013552124894334418,-0.295090650577166,-0.0036728947195797074
6.43,hold_final_pose,0.9438081572739835,-0.3868325706583901,1.0032643637237395,0.05320967856769485,1.430392095879572e-17,1.2083474909545408e-17,0,0.6160880068814718,-5.649239589455167e-16,2,542.4,-1.1923209598941793,1.4286856835620616,1.2146869526018027,1.430392095879572e-17,0.013552124894335039,-0.295090650577166,-0.0036728947195792806
6.4350000000000005,hold_final_pose,0.9438081572739835,-0.38683257065839,1.0032643637237395,0.05320967856769485,1.430392095879572e-17,1.430392095879572e-17,0,0.6160880068814718,-1.4303920958795721e-16,2,547.0,-1.1923209598941793,1.4286856835620616,1.2146869526018014,1.430392095879572e-17,0.013552124894336274,-0.295090650577166,-0.0036728947195788747
6.44,hold_final_pose,0.9438081572739835,-0.38683257065839005,1.0032643637237395,0.05320967856769485,1.430392095879572e-17,1.430392095879572e-17,0,0.6160880068814717,-1.4303920958795721e-16,2,563.1,-1.1923209598941793,1.4286856835620616,1.2146869526017967,1.430392095879572e-17,0.013552124894340824,-0.295090650577166,-0.003672894719578489
6.445,hold_final_pose,0.9438081572739835,-0.3868325706583901,1.0032643637237395,0.05320967856769485,1.430392095879572e-17,1.430392095879572e-17,0,0.6160880068814717,-1.4303920958795721e-16,2,569.7,-1.1923209598941793,1.4286856835620616,1.214686952601794,1.430392095879572e-17,0.013552124894343586,-0.295090650577166,-0.003672894719578162
6.45,hold_final_pose,0.9438081572739835,-0.38683257065839005,1.0032643637237395,0.05320967856769485,1.2083474909545408e-17,1.430392095879572e-17,0,0.6160880068814717,3.010500002621054e-16,2,565.9,-1.1923209598941793,1.4286856835620616,1.2146869526017938,1.2083474909545408e-17,0.013552124894343766,-0.295090650577166,-0.00367289471957788
6.455,hold_final_pose,0.9438081572739835,-0.3868325706583901,1.0032643637237395,0.05320967856769485,1.430392095879572e-17,1.2083474909545408e-17,0,0.6160880068814717,-5.649239589455167e-16,2,560.8,-1.1923209598941793,1.4286856835620616,1.2146869526017916,1.430392095879572e-17,0.013552124894346013,-0.295090650577166,-0.0036728947195776057
6.46,hold_final_pose,0.9438081572739835,-0.38683257065839,1.0032643637237395,0.05320967856769485,1.430392095879572e-17,1.430392095879572e-17,0,0.6160880068814717,-1.4303920958795721e-16,2,558.6,-1.1923209598941793,1.4286856835620616,1.2146869526017876,1.430392095879572e-17,0.01355212489434998,-0.295090650577166,-0.0036728947195773646
6.465,hold_final_pose,0.9438081572739835,-0.38683257065839,1.0032643637237395,0.05320967856769485,1.430392095879572e-17,1.430392095879572e-17,0,0.6160880068814718,-1.4303920958795721e-16,2,553.2,-1.1923209598941793,1.4286856835620614,1.2146869526017887,1.430392095879572e-17,0.013552124894348858,-0.29509065057716605,-0.003672894719577168
6.47,hold_final_pose,0.9438081572739835,-0.38683257065839,1.0032643637237395,0.05320967856769485,1.430392095879572e-17,1.430392095879572e-17,0,0.6160880068814718,-1.4303920958795721e-16,2,551.3,-1.1923209598941793,1.4286856835620614,1.2146869526017963,1.430392095879572e-17,0.013552124894341258,-0.29509065057716605,-0.0036728947195769734
6.4750000000000005,hold_final_pose,0.9438081572739835,-0.38683257065839005,1.0032643637237395,0.05320967856769485,1.430392095879572e-17,1.430392095879572e-17,0,0.6160880068814717,-1.4303920958795721e-16,2,560.3,-1.1923209598941793,1.4286856835620614,1.2146869526017936,1.430392095879572e-17,0.013552124894343962,-0.29509065057716605,-0.003672894719576704
6.48,hold_final_pose,0.9438081572739835,-0.38683257065839,1.0032643637237395,0.05320967856769485,1.430392095879572e-17,1.430392095879572e-17,0,0.6160880068814718,-1.4303920958795721e-16,2,555.3,-1.1923209598941793,1.4286856835620614,1.2146869526017976,1.430392095879572e-17,0.013552124894340021,-0.29509065057716605,-0.003672894719576474
6.485,hold_final_pose,0.9438081572739835,-0.38683257065839,1.0032643637237395,0.05320967856769485,1.2083474909545408e-17,1.430392095879572e-17,0,0.6160880068814718,3.010500002621054e-16,2,597.3,-1.1923209598941793,1.4286856835620614,1.214686952601802,1.2083474909545408e-17,0.013552124894335525,-0.29509065057716605,-0.003672894719576214
6.49,hold_final_pose,0.9438081572739835,-0.3868325706583901,1.0032643637237395,0.05320967856769485,1.2083474909545408e-17,1.2083474909545408e-17,0,0.6160880068814718,-1.208347490954541e-16,2,563.2,-1.1923209598941793,1.4286856835620614,1.2146869526018107,1.2083474909545408e-17,0.013552124894326967,-0.29509065057716605,-0.0036728947195759235
6.495,hold_final_pose,0.9438081572739835,-0.38683257065839005,1.0032643637237395,0.05320967856769485,1.430392095879572e-17,1.2083474909545408e-17,0,0.6160880068814718,-5.649239589455167e-16,2,562.0,-1.1923209598941793,1.4286856835620614,1.2146869526018091,1.430392095879572e-17,0.01355212489432847,-0.29509065057716605,-0.0036728947195755557
6.5,hold_final_pose,0.9438081572739835,-0.3868325706583901,1.0032643637237395,0.05320967856769485,1.430392095879572e-17,1.430392095879572e-17,0,0.6160880068814718,-1.4303920958795721e-16,2,557.4,-1.1923209598941793,1.4286856835620614,1.2146869526018007,1.430392095879572e-17,0.013552124894336916,-0.29509065057716605,-0.0036728947195752105
6.505,hold_final_pose,0.9438081572739835,-0.3868325706583901,1.0032643637237395,0.05320967856769485,1.430392095879572e-17,1.430392095879572e-17,0,0.6160880068814718,-1.4303920958795721e-16,2,560.6,-1.1923209598941793,1.4286856835620614,1.2146869526017945,1.430392095879572e-17,0.01355212489434304,-0.29509065057716605,-0.0036728947195749585
6.51,hold_final_pose,0.9438081572739835,-0.3868325706583901,1.0032643637237395,0.05320967856769485,1.2083474909545408e-17,1.430392095879572e-17,0,0.6160880068814718,3.010500002621054e-16,2,559.4,-1.1923209598941793,1.4286856835620614,1.2146869526017945,1.2083474909545408e-17,0.013552124894343032,-0.29509065057716605,-0.0036728947195747807
6.515000000000001,hold_final_pose,0.9438081572739835,-0.3868325706583901,1.0032643637237395,0.05320967856769485,9.863028860295094e-18,1.2083474909545408e-17,0,0.6160880068814718,3.2325446075460853e-16,2,574.1,-1.1923209598941793,1.4286856835620614,1.2146869526017945,9.863028860295094e-18,0.013552124894343025,-0.29509065057716605,-0.003672894719574609
6.5200000000000005,hold_final_pose,0.9438081572739835,-0.3868325706583901,1.0032643637237395,0.05320967856769485,7.642582811044781e-18,9.863028860295094e-18,0,0.6160880068814718,3.454589212471117e-16,2,556.6,-1.1923209598941793,1.4286856835620614,1.2146869526017945,7.642582811044781e-18,0.013552124894343019,-0.29509065057716605,-0.0036728947195744433
6.525,hold_final_pose,0.9438081572739835,-0.38683257065839016,1.0032643637237395,0.05320967856769485,7.642582811044781e-18,7.642582811044781e-18,0,0.6160880068814718,-7.642582811044781e-17,2,567.9,-1.1923209598941793,1.4286856835620614,1.2146869526017945,7.642582811044781e-18,0.013552124894343012,-0.29509065057716605,-0.0036728947195742837
6.53,hold_final_pose,0.9438081572739835,-0.38683257065839016,1.0032643637237395,0.05320967856769485,7.642582811044781e-18,7.642582811044781e-18,0,0.6160880068814718,-7.642582811044781e-17,2,570.7,-1.1923209598941793,1.4286856835620614,1.214686952601794,7.642582811044781e-18,0.013552124894343412,-0.29509065057716605,-0.003672894719574128
6.535,hold_final_pose,0.9438081572739835,-0.38683257065839005,1.0032643637237395,0.05320967856769485,5.4221367617944674e-18,7.642582811044781e-18,0,0.6160880068814717,3.6766338173961483e-16,2,572.3,-1.1923209598941793,1.4286856835620614,1.2146869526017854,5.4221367617944674e-18,0.013552124894352117,-0.29509065057716605,-0.003672894719573981
6.54,hold_final_pose,0.9438081572739835,-0.38683257065839016,1.0032643637237395,0.05320967856769485,5.4221367617944674e-18,5.4221367617944674e-18,0,0.6160880068814718,-5.4221367617944674e-17,2,555.4,-1.1923209598941793,1.4286856835620612,1.214686952601786,5.4221367617944674e-18,0.013552124894351508,-0.29509065057716605,-0.0036728947195739194
6.545,hold_final_pose,0.9438081572739835,-0.3868325706583904,1.0032643637237395,0.05320967856769491,5.4221367617944674e-18,5.4221367617944674e-18,0,0.6160880068814718,-5.4221367617944674e-17,2,534.8,-1.1923209598941793,1.428685683562061,1.2146869526017776,5.4221367617944674e-18,0.013552124894359885,-0.29509065057716605,-0.0036728947195738514
6.55,hold_final_pose,0.9438081572739835,-0.3868325706583904,1.0032643637237395,0.05320967856769491,5.4221367617944674e-18,5.4221367617944674e-18,0,0.6160880068814718,-5.4221367617944674e-17,2,530.1,-1.1923209598941793,1.4286856835620607,1.214686952601786,5.4221367617944674e-18,0.013552124894351569,-0.29509065057716605,-0.0036728947195738756
6.555,hold_final_pose,0.9438081572739835,-0.3868325706583905,1.0032643637237395,0.05320967856769491,5.4221367617944674e-18,5.4221367617944674e-18,0,0.6160880068814719,-5.4221367617944674e-17,2,535.2,-1.1923209598941793,1.4286856835620605,1.214686952601789,5.4221367617944674e-18,0.013552124894348726,-0.29509065057716605,-0.0036728947195738145
6.5600000000000005,hold_final_pose,0.9438081572739835,-0.3868325706583905,1.0032643637237395,0.053209678567694936,5.4221367617944674e-18,5.4221367617944674e-18,0,0.6160880068814719,-5.4221367617944674e-17,2,540.7,-1.1923209598941793,1.4286856835620605,1.2146869526017907,5.4221367617944674e-18,0.013552124894346965,-0.29509065057716605,-0.0036728947195737278
6.565,hold_final_pose,0.9438081572739835,-0.3868325706583905,1.0032643637237395,0.053209678567694936,3.2016907125441543e-18,5.4221367617944674e-18,0,0.6160880068814719,3.8986784223211793e-16,2,569.3,-1.1923209598941793,1.4286856835620605,1.2146869526017956,3.2016907125441543e-18,0.013552124894342061,-0.29509065057716605,-0.0036728947195736293
6.57,hold_final_pose,0.9438081572739835,-0.3868325706583905,1.0032643637237395,0.05320967856769491,5.4221367617944674e-18,3.2016907125441543e-18,0,0.6160880068814719,-4.761061169755042e-16,2,554.2,-1.1923209598941793,1.4286856835620605,1.2146869526017925,5.4221367617944674e-18,0.01355212489434517,-0.29509065057716605,-0.0036728947195734793
6.575,hold_final_pose,0.9438081572739835,-0.3868325706583905,1.0032643637237395,0.053209678567694936,5.4221367617944674e-18,5.4221367617944674e-18,0,0.6160880068814719,-5.4221367617944674e-17,2,563.8,-1.1923209598941793,1.4286856835620605,1.2146869526018012,5.4221367617944674e-18,0.013552124894336479,-0.2950906505771661,-0.003672894719573376
6.58,hold_final_pose,0.9438081572739835,-0.3868325706583905,1.0032643637237395,0.053209678567694936,3.2016907125441543e-18,5.4221367617944674e-18,0,0.6160880068814719,3.8986784223211793e-16,2,548.9,-1.1923209598941793,1.4286856835620605,1.2146869526018045,3.2016907125441543e-18,0.013552124894333066,-0.2950906505771661,-0.0036728947195731904
6.585,hold_final_pose,0.9438081572739835,-0.3868325706583906,1.0032643637237395,0.053209678567694936,3.2016907125441543e-18,3.2016907125441543e-18,0,0.6160880068814719,-3.201690712544154e-17,2,553.4,-1.1923209598941793,1.4286856835620605,1.2146869526018105,3.2016907125441543e-18,0.013552124894327153,-0.2950906505771661,-0.00367289471957298
6.59,hold_final_pose,0.9438081572739835,-0.3868325706583906,1.0032643637237395,0.053209678567694936,3.2016907125441543e-18,3.2016907125441543e-18,0,0.6160880068814719,-3.201690712544154e-17,2,554.8,-1.1923209598941793,1.4286856835620605,1.21468695260181,3.2016907125441543e-18,0.013552124894327609,-0.2950906505771661,-0.0036728947195727173
6.595,hold_final_pose,0.9438081572739835,-0.3868325706583905,1.0032643637237395,0.053209678567694936,3.2016907125441543e-18,3.2016907125441543e-18,0,0.6160880068814719,-3.201690712544154e-17,2,642.3,-1.1923209598941793,1.4286856835620605,1.2146869526018116,3.2016907125441543e-18,0.013552124894326096,-0.2950906505771661,-0.0036728947195724705
6.6000000000000005,hold_final_pose,0.9438081572739835,-0.3868325706583905,1.0032643637237395,0.053209678567694936,5.4221367617944674e-18,3.2016907125441543e-18,0,0.6160880068814719,-4.761061169755042e-16,2,535.8,-1.1923209598941793,1.4286856835620605,1.214686952601796,5.4221367617944674e-18,0.013552124894341605,-0.2950906505771661,-0.0036728947195722055
6.605,hold_final_pose,0.9438081572739835,-0.3868325706583905,1.0032643637237395,0.05320967856769491,5.4221367617944674e-18,5.4221367617944674e-18,0,0.6160880068814718,-5.4221367617944674e-17,2,531.3,-1.1923209598941793,1.4286856835620605,1.2146869526017954,5.4221367617944674e-18,0.013552124894342177,-0.2950906505771661,-0.0036728947195721084
6.61,hold_final_pose,0.9438081572739835,-0.3868325706583905,1.0032643637237395,0.053209678567694936,5.4221367617944674e-18,5.4221367617944674e-18,0,0.6160880068814719,-5.4221367617944674e-17,2,575.9,-1.1923209598941793,1.4286856835620605,1.214686952601793,5.4221367617944674e-18,0.013552124894344741,-0.2950906505771661,-0.0036728947195720173
6.615,hold_final_pose,0.9438081572739835,-0.3868325706583905,1.0032643637237395,0.053209678567694936,5.4221367617944674e-18,5.4221367617944674e-18,0,0.6160880068814719,-5.4221367617944674e-17,2,533.8,-1.1923209598941793,1.4286856835620605,1.214686952601798,5.4221367617944674e-18,0.013552124894339612,-0.2950906505771661,-0.0036728947195719588
6.62,hold_final_pose,0.9438081572739835,-0.3868325706583905,1.0032643637237395,0.053209678567694936,5.4221367617944674e-18,5.4221367617944674e-18,0,0.6160880068814719,-5.4221367617944674e-17,2,521.9,-1.1923209598941793,1.4286856835620605,1.2146869526017965,5.4221367617944674e-18,0.01355212489434111,-0.2950906505771661,-0.0036728947195718512
6.625,hold_final_pose,0.9438081572739835,-0.3868325706583905,1.0032643637237395,0.053209678567694936,5.4221367617944674e-18,5.4221367617944674e-18,0,0.6160880068814719,-5.4221367617944674e-17,2,523.3,-1.1923209598941793,1.4286856835620605,1.2146869526017896,5.4221367617944674e-18,0.013552124894347945,-0.2950906505771661,-0.0036728947195717575
6.63,hold_final_pose,0.9438081572739835,-0.3868325706583905,1.0032643637237395,0.053209678567694936,5.4221367617944674e-18,5.4221367617944674e-18,0,0.6160880068814719,-5.4221367617944674e-17,2,536.3,-1.1923209598941793,1.4286856835620605,1.214686952601798,5.4221367617944674e-18,0.013552124894339641,-0.2950906505771661,-0.003672894719571743
6.635,hold_final_pose,0.9438081572739835,-0.3868325706583905,1.0032643637237395,0.053209678567694936,7.642582811044781e-18,5.4221367617944674e-18,0,0.6160880068814719,-4.983105774680073e-16,2,545.8,-1.1923209598941793,1.4286856835620605,1.2146869526017965,7.642582811044781e-18,0.01355212489434114,-0.2950906505771661,-0.0036728947195716426
6.640000000000001,hold_final_pose,0.9438081572739835,-0.3868325706583905,1.0032643637237395,0.053209678567694936,7.642582811044781e-18,7.642582811044781e-18,0,0.6160880068814719,-7.642582811044781e-17,2,535.2,-1.1923209598941793,1.4286856835620605,1.2146869526018107,7.642582811044781e-18,0.013552124894326844,-0.2950906505771661,-0.0036728947195715676
6.6450000000000005,hold_final_pose,0.9438081572739835,-0.3868325706583905,1.0032643637237395,0.053209678567694936,7.642582811044781e-18,7.642582811044781e-18,0,0.6160880068814719,-7.642582811044781e-17,2,537.9,-1.1923209598941793,1.4286856835620605,1.2146869526018023,7.642582811044781e-18,0.013552124894335375,-0.29509065057716616,-0.003672894719571347
6.65,hold_final_pose,0.9438081572739835,-0.3868325706583905,1.0032643637237395,0.053209678567694936,5.4221367617944674e-18,7.642582811044781e-18,0,0.6160880068814719,3.6766338173961483e-16,2,554.7,-1.1923209598941793,1.4286856835620605,1.2146869526018016,5.4221367617944674e-18,0.01355212489433596,-0.29509065057716616,-0.003672894719571223
6.655,hold_final_pose,0.9438081572739835,-0.3868325706583905,1.0032643637237395,0.053209678567694936,5.4221367617944674e-18,5.4221367617944674e-18,0,0.6160880068814719,-5.4221367617944674e-17,2,535.0,-1.1923209598941793,1.4286856835620605,1.2146869526017996,5.4221367617944674e-18,0.013552124894337962,-0.29509065057716616,-0.0036728947195711036
6.66,hold_final_pose,0.9438081572739835,-0.3868325706583905,1.0032643637237395,0.053209678567694936,5.4221367617944674e-18,5.4221367617944674e-18,0,0.6160880068814719,-5.4221367617944674e-17,2,531.0,-1.1923209598941793,1.4286856835620605,1.2146869526017934,5.4221367617944674e-18,0.013552124894344163,-0.29509065057716616,-0.0036728947195710133
6.665,hold_final_pose,0.9438081572739835,-0.3868325706583905,1.0032643637237395,0.05320967856769491,5.4221367617944674e-18,5.4221367617944674e-18,0,0.6160880068814719,-5.4221367617944674e-17,2,531.2,-1.1923209598941793,1.4286856835620605,1.2146869526017943,5.4221367617944674e-18,0.013552124894343332,-0.29509065057716616,-0.0036728947195709878
6.67,hold_final_pose,0.9438024229707299,-0.3868319718044045,1.0032478702649956,0.05319682535282586,3.2016907125441543e-18,5.4221367617944674e-18,0,0.6160745385773998,3.8986784223211793e-16,2,532.0,-1.1922918166024146,1.4286874266614447,1.2146572626295005,3.2016907125441543e-18,0.013551793646683592,-0.29508343782723045,-0.0036728049448827307
6.675,hold_final_pose,0.9437882535707258,-0.3868306097627349,1.0032071769743285,0.05316512218730266,3.2016907125441543e-18,3.2016907125441543e-18,0,0.6160413467841895,-3.201690712544154e-17,2,535.4,-1.192219897759409,1.4286915265735827,1.2145840603116123,3.2016907125441543e-18,0.013550964952294397,-0.29506565736879387,-0.003672580270718572
6.68,hold_final_pose,0.9437658931767099,-0.3868286780545237,1.0031430813079305,0.0531152023794283,3.2016907125441543e-18,3.2016907125441543e-18,0,0.6159891474328473,-3.201690712544154e-17,2,540.1,-1.192106589197391,1.4286976127038813,1.2144688515691842,3.2016907125441543e-18,0.01354963915551752,-0.2950376791502276,-0.003672220382373715
6.6850000000000005,hold_final_pose,0.9437355762176374,-0.3868263568731698,1.0030563558228107,0.053047678028975316,3.2016907125441543e-18,3.2016907125441543e-18,0,0.6159186466859724,-3.201690712544154e-17,2,559.3,-1.1919532326709836,1.4287053383547863,1.2143130912104267,3.2016907125441543e-18,0.013547818183262677,-0.2949998601720023,-0.0036717250043782476
6.69,hold_final_pose,0.9436975279344038,-0.3868238137839965,1.002947748892522,0.05296314073954237,5.4221367617944674e-18,3.2016907125441543e-18,0,0.6158305401184467,-4.761061169755042e-16,2,543.9,-1.1917611271995907,1.4287143795183541,1.2141181846229856,5.4221367617944674e-18,0.013545505393230179,-0.2949525449395801,-0.0036710939139795716
6.695,hold_final_pose,0.9436519648365289,-0.3868212043912763,1.002817985406931,0.052862162307099315,5.4221367617944674e-18,5.4221367617944674e-18,0,0.6157255120143109,-5.4221367617944674e-17,2,545.5,-1.191531530372948,1.4287244337227953,1.2138854894118245,5.4221367617944674e-18,0.013542705432065193,-0.2948960659004811,-0.00367032695263084
6.7,hold_final_pose,0.9435990951316917,-0.3868186729740406,1.0026677674559947,0.05274529538547718,5.4221367617944674e-18,5.4221367617944674e-18,0,0.6156042347690361,-5.4221367617944674e-17,2,543.9,-1.1912656596205722,1.428735218930792,1.2136163169842986,5.4221367617944674e-18,0.013539424103020873,-0.2948307438660765,-0.0036694240356582985
6.705,hold_final_pose,0.9435186006093477,-0.3868142032352876,1.002439025911061,0.05256726495645681,5.4221367617944674e-18,5.4221367617944674e-18,0,0.6153859435124236,-5.4221367617944674e-17,2,531.8,-1.1908608390687336,1.4287527022795083,1.2132061255845972,5.4221367617944674e-18,0.013534488718520452,-0.29473118352963146,-0.003668065540930278
6.71,hold_final_pose,0.9434112038155841,-0.3868083853334897,1.0021343788399377,0.05233012421497494,5.4221367617944674e-18,5.4221367617944674e-18,0,0.615106344660596,-5.4221367617944674e-17,2,515.8,-1.190321578867299,1.428775738163171,1.2126597999520865,5.4221367617944674e-18,0.01352790606645987,-0.29459858348887763,-0.0036662510943875075
6.715,hold_final_pose,0.9432775783755996,-0.38680176225726903,1.0017563701583607,0.05203585715631704,5.4221367617944674e-18,5.4221367617944674e-18,0,0.6147675236688834,-5.4221367617944674e-17,2,511.3,-1.1896522472685571,1.4288032633779515,1.2119820591171762,5.4221367617944674e-18,0.013519687957061153,-0.2944341003886811,-0.0036639806091066625
6.72,hold_final_pose,0.9431183527030719,-0.3867948324782074,1.0013074711854368,0.05168638100403581,5.4221367617944674e-18,5.4221367617944674e-18,0,0.6143716451024457,-5.4221367617944674e-17,2,522.9,-1.1888570746260017,1.4288342928008666,1.211177461817533,5.4221367617944674e-18,0.013509850663914177,-0.2942388503885022,-0.003661254321156608
6.7250000000000005,hold_final_pose,0.9429341134421675,-0.38678805247434644,1.0007900822296814,0.051283548558804355,5.4221367617944674e-18,5.4221367617944674e-18,0,0.6139209387206255,-5.4221367617944674e-17,2,519.9,-1.1879401573230712,1.428867915259779,1.21025041174584,5.4221367617944674e-18,0.013498414405707803,-0.29401391057858856,-0.0036580728180559616
6.73,hold_final_pose,0.9427254086603234,-0.38678183913013864,1.0002065341967432,0.05082915046987461,7.642582811044781e-18,5.4221367617944674e-18,0,0.6134176870071071,-4.983105774680073e-16,2,525.7,-1.1869054616293504,1.4289032895875236,1.20920516263417,7.642582811044781e-18,0.01348540286630657,-0.29376032034669036,-0.0036544370605841397
6.735,reset_to_initial,0.9424878891428417,-0.38677605556333966,0.9995454006228625,0.050314220046662646,7.642582811044781e-18,7.642582811044781e-18,0,0.6128303341534944,-7.642582811044781e-17,2,525.0,-1.1857325863219872,1.4289411123967901,1.2080211200476358,7.642582811044781e-18,0.013470568233272272,-0.29347308115430565,-0.0036502740923349537
6.74,reset_to_initial,0.942212369124776,-0.38677010702648507,0.9987819918434492,0.04971939910166243,7.642582811044781e-18,7.642582811044781e-18,0,0.612116039504699,-7.642582811044781e-17,2,529.8,-1.184377574103444,1.4289834222655926,1.206653716634376,7.642582811044781e-18,0.013453391584723197,-0.29314137150006947,-0.0036454373511655255
6.745,reset_to_initial,0.9418995471721296,-0.3867645953067234,0.9979198444336627,0.04904736663736787,9.863028860295094e-18,7.642582811044781e-18,0,0.6113227251419101,-5.205150379605104e-16,2,523.5,-1.1828463682535681,1.429028985230877,1.205109321518689,9.863028860295094e-18,0.01343390615455369,-0.2927667481934225,-0.003639929388745577
6.75,reset_to_initial,0.9415500574020997,-0.38676006256471585,0.9969623988319867,0.04830071221011068,1.2083474909545408e-17,9.863028860295094e-18,0,0.6104528818300302,-5.427194984530136e-16,2,522.0,-1.1811447237335468,1.4290766717476262,1.2033940867222062,1.2083474909545408e-17,0.013412149838056437,-0.2923507135465629,-0.0036337533966815418
6.755,reset_to_initial,0.9411644752772926,-0.38675699493526916,0.9959130013127578,0.04748193927028086,1.2083474909545408e-17,1.2083474909545408e-17,0,0.6095091742268474,-1.208347490954541e-16,2,556.9,-1.1792782125237937,1.4291254508839528,1.2015139542554472,1.2083474909545408e-17,0.013388164522047922,-0.29189471728104105,-0.00362691321886804
6.76,reset_to_initial,0.9407433229596729,-0.3867558259455542,0.9947749060174507,0.046593468394612904,1.2083474909545408e-17,1.2083474909545408e-17,0,0.6084944165844128,-1.208347490954541e-16,2,536.8,-1.1772522288830654,1.4291743847800944,1.199474662993459,1.2083474909545408e-17,0.013361995470726341,-0.2914001583677461,-0.0036194133560205253
6.765000000000001,reset_to_initial,0.9402870742546627,-0.38675693975927994,0.9935512770291083,0.045637640412867365,1.2083474909545408e-17,1.2083474909545408e-17,0,0.6074115509688877,-1.208347490954541e-16,2,546.5,-1.1750719945229946,1.4292226233616565,1.1972817553416382,1.2083474909545408e-17,0.013333690763749951,-0.29086838680260557,-0.003611258963377602
6.7700000000000005,reset_to_initial,0.9397927999752468,-0.38676030449384463,0.9922361116962058,0.04460958607793717,1.2083474909545408e-17,1.2083474909545408e-17,0,0.6062127009203114,-1.208347490954541e-16,2,534.4,-1.1727264156426183,1.4292704108614107,1.1949241169984475,1.2083474909545408e-17,0.013303119196485691,-0.2902967044386741,-0.003602406900259882
6.775,reset_to_initial,0.9392592321198925,-0.38676608717421235,0.9908281897317992,0.04350816652049922,1.2083474909545408e-17,1.2083474909545408e-17,0,0.6049179985358526,-1.208347490954541e-16,2,534.0,-1.1702128375809548,1.4293174429126951,1.1923992513392598,1.2083474909545408e-17,0.013270242713304427,-0.28968450741477797,-0.0035928394289001485
6.78,reset_to_initial,0.9386867654790307,-0.3867746246586737,0.9893308995345126,0.042335851385707286,1.2083474909545408e-17,1.2083474909545408e-17,0,0.6035513710948494,-1.208347490954541e-16,2,535.3,-1.1675367714571607,1.429362929318132,1.189712985699954,1.2083474909545408e-17,0.013235116171229237,-0.28903321404519766,-0.00358256403862718
6.785,reset_to_initial,0.9380757521722972,-0.3867862065541374,0.9877475370502273,0.041095030763254055,1.2083474909545408e-17,1.2083474909545408e-17,0,0.6021152205946583,-1.208347490954541e-16,2,541.1,-1.1647035512857737,1.429406164824136,1.1868709472000352,1.2083474909545408e-17,0.013197796257883273,-0.2883441929897255,-0.003571588898956061
6.79,reset_to_initial,0.9374265061496887,-0.38680107829476545,0.9860813080559468,0.039788018340565424,1.2083474909545408e-17,1.2083474909545408e-17,1,0.6006120864960817,-1.208347490954541e-16,2,546.0,-1.1617183393292545,1.4294465240495853,1.1838785693588514,1.2083474909545408e-17,0.013158341036105537,-0.28761876499131406,-0.0035599228374655263
6.795,reset_to_initial,0.9367393073326522,-0.386819444059277,0.9843353304451472,0.03841705445393027,1.2083474909545408e-17,1.2083474909545408e-17,1,0.5990446265876197,-1.208347490954541e-16,3,665.9,-1.1585861313443215,1.4294834566565104,1.1807410985088098,1.2083474909545408e-17,0.01311680953314064,-0.28685820455299305,-0.0035475753138853425
6.8,reset_to_initial,0.9360144054209351,-0.38684146953456844,0.9825126365053546,0.03698430904131348,1.2083474909545408e-17,1.2083474909545408e-17,1,0.5974155998281556,-1.208347490954541e-16,3,667.1,-1.155311761718821,1.4295164827531353,1.1774636000114143,1.2083474909545408e-17,0.013073261371083396,-0.28606374155617337,-0.00353455639107858
6.805,reset_to_initial,0.9352473181508574,-0.38686673873048005,0.9806042361697814,0.03548241968807967,1.2083474909545408e-17,1.2083474909545408e-17,1,0.5956554498690698,-1.208347490954541e-16,3,670.9,-1.1518785114206371,1.4295465976231114,1.1740291195850563,1.2083474909545408e-17,0.01302751829737088,-0.28523125456424725,-0.0035208131147266356
6.8100000000000005,reset_to_initial,0.934438260298538,-0.3868954187988402,0.9786134441742109,0.03391374219573127,1.2083474909545408e-17,1.2083474909545408e-17,1,0.593828207264742,-1.208347490954541e-16,4,816.4,-1.1482916108347934,1.429573296861845,1.1704431355111247,1.2083474909545408e-17,0.012979640895801055,-0.284362074660916,-0.003506357227616803
6.815,reset_to_initial,0.9335874183591841,-0.38692763766154015,0.9765434864036365,0.032280560473173105,1.2083474909545408e-17,1.2083474909545408e-17,2,0.5919360322917003,-1.208347490954541e-16,10,1654.2,-1.1445561215908768,1.429596148261503,1.1667109368559265,1.2083474909545408e-17,0.01292969016541056,-0.2834574863270102,-0.0034912010448768308
6.82,reset_to_initial,0.9327101385179309,-0.38696987154317936,0.9744261946520527,0.030666751241588942,0.001113702112162601,1.2083474909545408e-17,2,0.5912678744966924,-1.6653345369377348e-16,4,787.0,-1.1411758522242772,1.429414321352319,1.1628726311767499,0.001113702112162601,0.012910422964184506,-0.2829413633718525,-0.003491276202858806
6.825,reset_to_initial,0.9317934821102076,-0.3870129055580928,0.9722427423537621,0.029134038285235787,0.005539668083088395,0.001113702112162601,2,0.5946043016511114,-2.220446049250313e-16,4,411.2,-1.1389169072632641,1.428685295946863,1.1589671469092506,0.005539668083088395,0.01300445322989438,-0.28430410133093276,-0.0035157917789409273
6.83,reset_to_initial,0.9308341835017072,-0.3870532462678631,0.9699993138627826,0.027678274612856303,0.013101355207395339,0.005539668083088395,2,0.601723420550719,-4.440892098500626e-16,4,819.7,-1.1377149982824044,1.4274262878137371,1.154996865992727,0.013101355207395339,0.01321032441059065,-0.28742653161495224,-0.0035661735566279093
6.835,reset_to_initial,0.9298250764222253,-0.38708694607643485,0.9677008228207258,0.026295559960496824,0.023673011592637593,0.013101355207395339,3,0.6124392287348686,3.3306690738754696e-16,4,820.1,-1.13752124612077,1.4256458166278048,1.1509743984532292,0.023673011592637593,0.013514793999696132,-0.29220694848260775,-0.0036453591481746222
6.84,reset_to_initial,0.9288000588936367,-0.3871310511387161,0.9654127930386738,0.02498219561097429,0.03504801159263759,0.023673011592637593,3,0.6237976209132488,9.6262103843614e-10,286,42318.3,-1.137689225732206,1.4236463969785644,1.1468529134785805,0.03504801159263759,0.013858503231264654,-0.2967553358399731,-0.0037615682006955677
6.845,reset_to_initial,0.9277727122621677,-0.3871914486012739,0.9631580283282594,0.023734699416451434,0.04642301159263759,0.02498219561097429,3,0.634791799734046,8.595972267322338e-10,275,44334.8,-1.137978748314288,1.4215414946439908,1.142625670889508,0.04642301159263759,0.014216525175591589,-0.30042653348134657,-0.00391679599610277
6.8500000000000005,reset_to_initial,0.9267417329951568,-0.38726703953199043,0.9609349838224366,0.02254977477645024,0.05779801159263759,0.023734699416451434,3,0.6454442127114246,7.422813197432987e-10,253,35709.5,-1.1383812616720916,1.419331836782211,1.1383014062689107,0.05779801159263759,0.014585786758083903,-0.30325932404623207,-0.004110795128385568
6.855,reset_to_initial,0.9257057616102313,-0.387356765000522,0.9587422594486638,0.02142429034252156,0.06917301159263758,0.02254977477645024,3,0.6557786423031132,6.747537251161617e-10,229,33633.6,-1.1388886101651738,1.4170181490422853,1.1338883502989598,0.06917301159263758,0.014963803846037559,-0.30529097537376554,-0.004343372190653688
6.86,reset_to_initial,0.9246633978588814,-0.3874596092202286,0.9565785938926002,0.02035527162130272,0.0805480115926376,0.02142429034252156,3,0.665819760244859,5.655040047347626e-10,208,30634.1,-1.1394930145187965,1.414601162173048,1.1293944675141956,0.0805480115926376,0.01534842202486333,-0.3065573644590132,-0.004614378157583126
6.865,reset_to_initial,0.9236132147372715,-0.3875746009196008,0.9544428592916521,0.019339893058402592,0.09192301159263759,0.02035527162130272,3,0.6755927705038158,4.747230941681835e-10,190,28341.5,-1.140187053718343,1.412081621080462,1.1248275222743715,0.09192301159263759,0.01573772953600439,-0.3070930985059616,-0.004923694032726129
6.87,reset_to_initial,0.9225532132017668,-0.3877012576610774,0.9523319117095369,0.018375477353951376,0.10329801159263759,0.019339893058402592,3,0.6850761851251442,4.0272896129067703e-10,176,26440.8,-1.1409630735877847,1.4094580287972145,1.1201852853344856,0.10329801159263759,0.01612990712277792,-0.3068990285888654,-0.005272366468094401
6.875,reset_to_initial,0.9214816186924862,-0.38783887096788605,0.9502439042717555,0.017459478146106384,0.11467301159263758,0.018375477353951376,3,0.6943078117675674,3.89115795140782e-10,166,24676.2,-1.141813959739682,1.4067299571820404,1.1154708082154325,0.11467301159263758,0.016523279890135776,-0.3059924556507014,-0.005660878947463299
6.88,reset_to_initial,0.9203969250644295,-0.3879865530342882,0.9481782248311085,0.016589473118482335,0.1260480115926376,0.017459478146106384,3,0.7033313218309432,3.151375826959679e-10,164,23809.7,-1.1427331728333474,1.403898120645909,1.110692078534708,0.1260480115926376,0.01691639066642187,-0.30440659509357726,-0.0060891192561789405
6.885,reset_to_initial,0.9192976392361792,-0.38814346470999805,0.9461343757332263,0.015763161124980198,0.13742301159263756,0.016589473118482335,4,0.7121735506206128,2.7204710706385526e-10,174,26536.7,-1.1437144693259005,1.400963284580718,1.1058568790402885,0.13742301159263756,0.017307948350923707,-0.3021737832101155,-0.006556943683467822
6.890000000000001,reset_to_initial,0.9181822914838236,-0.38830881583225724,0.9441119695484512,0.014978356108301984,0.14879801159263756,0.015763161124980198,4,0.7208609295990894,2.481509997487308e-10,221,33371.9,-1.1447518887379409,1.3979262728228818,1.1009727767797048,0.14879801159263756,0.017696818608342095,-0.29932557913171126,-0.00706415971496944
6.8950000000000005,reset_to_initial,0.9170494449798593,-0.3884818654576042,0.9421107246015009,0.014232981326992168,0.16017301159263755,0.014978356108301984,4,0.7294193407234736,2.1345411549411608e-10,720,108732.2,-1.1458397415974564,1.394787974079029,1.0960471114827932,0.16017301159263755,0.01808201627501071,-0.2958928597072395,-0.00761051002975578
6.9,reset_to_initial,0.9159054256860011,-0.3886593686326316,0.940142670000188,0.013539287894899756,0.17154801159263755,0.014232981326992168,4,0.737849306414504,-4.440892098500626e-16,223,31610.4,-1.1470018480622872,1.3915418070776007,1.0909469850612965,0.17154801159263755,0.01852992242084571,-0.29181886550851305,-0.008196165882825221
6.905,reset_to_initial,0.9147482374415894,-0.3888479184589216,0.9382071104630287,0.012899892089723981,0.18292301159263755,0.013539287894899756,4,0.7461248400114247,-4.440892098500626e-16,105,15151.1,-1.1482420079676892,1.3881776765062215,1.0857959198646152,0.18292301159263755,0.01898005793255353,-0.28705759056121183,-0.008829222759761408
6.91,reset_to_initial,0.9135760846362417,-0.38904675058301824,0.9363035827994222,0.012312210159315946,0.19429801159263754,0.012899892089723981,4,0.7543120005035648,-4.440892098500626e-16,73,10706.0,-1.1495533006022252,1.3846965458682332,1.0806008855985105,0.19429801159263754,0.019432214290511098,-0.28164492213791903,-0.009509618762283642
6.915,reset_to_initial,0.9123872347607288,-0.38925517037572926,0.9344317606562247,0.011773788252442748,0.20567301159263754,0.012312210159315946,4,0.7624412967963206,-4.440892098500626e-16,57,8596.7,-1.1509291201570362,1.3810994325027797,1.075368664672014,0.20567301159263754,0.019886315496122863,-0.2756161631689043,-0.01023722110942436
6.92,reset_to_initial,0.9111800294780737,-0.3894725533750073,0.9325914465739363,0.011282295792656223,0.21704801159263754,0.011773788252442748,4,0.7705421629714845,4.440892098500626e-16,48,7297.8,-1.1523631624813042,1.3773874156996408,1.070105838420742,0.21704801159263754,0.02034240903217025,-0.26900613182353084,-0.011011808437323311
6.925,reset_to_initial,0.9100030397017391,-0.3897124554766015,0.9307712316704082,0.010781972809355618,0.22666072753404137,0.011282295792656223,4,0.7764874316403488,1.0547118733938987e-15,34,5181.5,-1.1532491617465277,1.3739011828973395,1.0647626576974396,0.22666072753404137,0.020732340694481755,-0.26073045067184464,-0.011812095760119962
6.93,reset_to_initial,0.908850331161851,-0.3899750706313019,0.9289683594388874,0.010278550230103912,0.23480445602816338,0.010781972809355618,4,0.7806820227572527,5.9119376061289586e-15,32,4800.2,-1.1536828209493513,1.3705919567030505,1.059346860446787,0.23480445602816338,0.021066839010418247,-0.25101221367729964,-0.012637367913324071
6.9350000000000005,reset_to_initial,0.907711484783835,-0.39025932876615266,0.9271816168247764,0.009781073973207412,0.241863721787737,0.010278550230103912,4,0.7836314701593571,-2.525757381022231e-15,32,4998.3,-1.153790707724196,1.367390069299817,1.0538671279563185,0.241863721787737,0.021361340101504634,-0.2401169486218786,-0.013489358879531982
6.94,reset_to_initial,0.9065586277579565,-0.39055948135200186,0.9254199306079172,0.009317053115904812,0.24880569400741648,0.009781073973207412,4,0.786564117978137,9.33975119465913e-14,35,5230.0,-1.1538967953009283,1.364109245299555,1.048351106548924,0.24880569400741648,0.021653768803055702,-0.2287419486218786,-0.014381158771336394
6.945,reset_to_initial,0.9053742356309855,-0.39087136177791293,0.9236927937998209,0.008903020204259184,0.2562219823944616,0.009317053115904812,4,0.7902484353253992,1.6930901125533637e-13,33,4883.8,-1.1541968780468725,1.3606346902629445,1.0428245904727433,0.2562219823944616,0.021967596478986287,-0.2173669486218786,-0.015321907711382185
6.95,reset_to_initial,0.9041597624923979,-0.391195087782189,0.9220017106832484,0.008534962757354304,0.26403167959069956,0.008903020204259184,4,0.794603764047348,3.4916514124461173e-14,32,4807.8,-1.1546584287504773,1.356982989456238,1.037292669450775,0.26403167959069956,0.022300045430399016,-0.2059919486218786,-0.016310897755042793
6.955,reset_to_initial,0.9029168512324948,-0.39153095955317646,0.9203479030779776,0.008209022422298075,0.27215736665391016,0.008534962757354304,4,0.7995506576088115,1.447592046233126e-13,31,4927.8,-1.1552504984710434,1.3531705181926488,1.0317600874166688,0.27215736665391016,0.02264841609146464,-0.19461694862187862,-0.017347091365928824
6.96,reset_to_initial,0.9016473017635438,-0.3918794423408619,0.9187322738091734,0.007921508579259363,0.2805257738471454,0.008209022422298075,5,0.8050118878134849,1.182665076981948e-13,30,4684.4,-1.1559439080320804,1.3492132610910346,1.026231204945004,0.2805257738471454,0.023010145261040272,-0.18324194862187862,-0.018429104381551008
6.965,reset_to_initial,0.900353029476438,-0.3922411459031825,0.9171553846593867,0.007668912463470436,0.2890683752111262,0.007921508579259363,5,0.810913403347027,1.644517855226013e-13,31,4670.3,-1.1567114162390502,1.345126633078938,1.0207099683293293,0.2890683752111262,0.023382864816770828,-0.17186694862187862,-0.019555198097806405
6.97,reset_to_initial,0.8990348144615385,-0.3926165917374024,0.9156169461202375,0.007448612616122875,0.2977435650777456,0.007668912463470436,5,0.8172151371736897,7.339961971553066e-14,33,4942.3,-1.1575345942591433,1.3409194829830593,1.0151964364352557,0.2977435650777456,0.023765234893225518,-0.16049194862187863,-0.020724333740594552
6.9750000000000005,reset_to_initial,0.8976989440890415,-0.3930080704756246,0.9141185914014427,0.0072549303162305415,0.3064137031527959,0.007448612616122875,5,0.8237692599910559,4.968281341888314e-11,178,24888.3,-1.1583640172360412,1.336623918615994,1.0096872469089277,0.3064137031527959,0.02415277682767561,-0.14911694862187863,-0.02193541133668317
6.98,reset_to_initial,0.8963892988883135,-0.39343010896494135,0.9126745789822486,0.007060885533553725,0.3142859362820836,0.0072549303162305415,5,0.829730917289429,4.842830303442014e-11,176,28044.0,-1.15893726003043,1.3324290285534077,1.0041417832151924,0.3142859362820836,0.024519132003960012,-0.13774194862187863,-0.023191959976251567
6.985,reset_to_initial,0.8951045823656867,-0.3938837931606739,0.9112794755586855,0.006866763048465764,0.32141715593016457,0.007060885533553725,5,0.8351495050846296,4.838120182260042e-11,174,26059.1,-1.1592704767532738,1.3283244046126428,0.9985604584851164,0.32141715593016457,0.024867518319059766,-0.12636694862187864,-0.024489433567530007
6.99,reset_to_initial,0.8938433108995728,-0.39437016756027327,0.9099283683061214,0.006672802200097479,0.3278587115553342,0.006866763048465764,5,0.8400703862756327,5.0047785360440855e-11,172,25996.6,-1.1593780084265422,1.3243004721305873,0.9929434598592721,0.3278587115553342,0.025201300335867403,-0.11499194862187864,-0.025823448844232315
6.995,reset_to_initial,0.8926038493313414,-0.3948902468244808,0.9086167856028644,0.006479202522961476,0.3336570937890329,0.006672802200097479,5,0.8445352870259806,5.293201987832674e-11,170,26954.7,-1.1592725833654418,1.3203483792243635,0.9872907668888704,0.3336570937890329,0.02552395094470914,-0.10361694862187865,-0.027189751460578167
7.0,reset_to_initial,0.8913844385497168,-0.39544502563564354,0.9073406305141376,0.006286128717575008,0.3388545132851668,0.006479202522961476,5,0.8485826465756173,5.0210849367182675e-11,169,24214.8,-1.1589654874990307,1.3164599034508373,0.9816021687705591,0.3388545132851668,0.02583901870128297,-0.09224194862187865,-0.028584185731476124
7.005,reset_to_initial,0.89018316447017,-0.3960356381712187,0.9060961065186967,0.006093717431033575,0.343489595704975,0.006286128717575008,5,0.8522788062837925,4.73470568307377e-11,168,25083.2,-1.158466347407002,1.3126265230018106,0.9758730629454205,0.343489595704975,0.02615016303356043,-0.08086694862187865,-0.030003845154707304
7.01,reset_to_initial,0.8889980667685378,-0.39666309234739955,0.9048796984584482,0.005902076708014632,0.3475973967744067,0.006093717431033575,6,0.855632206546053,5.0025941722431355e-11,166,19886.6,-1.1577839410960709,1.3088409947776152,0.970103101075933,0.3475973967744067,0.02646099499501419,-0.06949194862187866,-0.031444670668960256
7.015000000000001,reset_to_initial,0.8878271093479035,-0.397328398552869,0.9036881193546203,0.005711291439759854,0.35120996901909196,0.005902076708014632,6,0.8586731198139975,5.006008108043858e-11,164,23032.4,-1.1569259792770261,1.3050965054337569,0.9642917748794122,0.35120996901909196,0.026775131913830318,-0.058116948621878654,-0.032902624762340314
7.0200000000000005,reset_to_initial,0.886668188863675,-0.3980325741056172,0.9025182748973559,0.005521426402374387,0.35435667874180404,0.005711291439759854,6,0.8614295584595157,4.9826948123055104e-11,161,25557.5,-1.1558991966388257,1.3013866209063665,0.9584384248403478,0.35435667874180404,0.02709617799895819,-0.04674194862187866,-0.03437367109691529
7.025,reset_to_initial,0.885519140453816,-0.39877664674324975,0.9013672325232279,0.005332528954699385,0.3570644822855165,0.005521426402374387,6,0.8639274641428302,4.775589645955591e-11,155,21503.1,-1.1547094302519827,1.2977052428292497,0.9525422468908038,0.3570644822855165,0.027427706616275405,-0.035366948621878655,-0.03585375617970077
7.03,reset_to_initial,0.8843777411416558,-0.3995616572220657,0.9002321942799953,0.00514463144041858,0.359358168069228,0.005332528954699385,6,0.8661908763430756,1.5818957255220312e-11,150,21339.3,-1.1533616868887695,1.294046570778629,0.946602297219057,0.359358168069228,0.027773243788966232,-0.023991948621878652,-0.03733879296455213
7.035,reset_to_initial,0.8832417014784942,-0.400388687411901,0.8991104689367349,0.004957753800672489,0.3612605988052133,0.00514463144041858,6,0.8682565802692669,1.6005821668052533e-11,163,22413.6,-1.151860138528159,1.2904049362371803,0.9406169142311124,0.3612605988052133,0.028136266940636742,-0.012616948621878647,-0.03882480686038635
7.04,reset_to_initial,0.8821086617010974,-0.401258869291354,0.8979994480221797,0.00477190560344707,0.36279289702190604,0.004957753800672489,6,0.8701638101396066,1.552757922240744e-11,170,24900.9,-1.1502081605224295,1.286774761681757,0.934583749885404,0.36279289702190604,0.02852019280371318,-0.0012419486218786472,-0.04030791522516884
7.045,reset_to_initial,0.8809762189462393,-0.40217330724679373,0.8968965975181594,0.004587086297181804,0.36397452248423523,0.00477190560344707,6,0.871904740617001,1.527435122827825e-11,176,23398.8,-1.148408561362673,1.2831509388631663,0.9285015310680451,0.36397452248423523,0.02892831536247002,0.010133051378121344,-0.04178383449994883
7.05,reset_to_initial,0.8798419082130712,-0.40313312137331114,0.8957994351998989,0.004403287657887729,0.3648234851982166,0.004587086297181804,6,0.8734970862701593,1.551651862552461e-11,182,26799.3,-1.146463502219686,1.2795285509878125,0.9223688445553437,0.3648234851982166,0.029363822553548167,0.021508051378121333,-0.04324819784038436
7.055,reset_to_initial,0.8787031982959418,-0.4041394461202656,0.8947055146466156,0.0042204952121949815,0.36535648049133196,0.004403287657887729,6,0.874957258888489,1.5830101118829987e-11,189,28890.5,-1.144374526354039,1.275902853921894,0.9161841349152609,0.36535648049133196,0.02982978102555403,0.03288305137812135,-0.0446965474992059
7.0600000000000005,reset_to_initial,0.8775574867354019,-0.405193428145001,0.8936124104922345,0.004038689542886255,0.36558901117114334,0.0042204952121949815,6,0.876300454934367,1.624579637482526e-11,198,26751.1,-1.142142583334168,1.2722692600793761,0.9099457014750196,0.36558901117114334,0.030329120442288266,0.044258051378121346,-0.04612432902042476
7.065,reset_to_initial,0.8764020938857974,-0.40629622333756354,0.8925177047067331,0.00385784749703514,0.36553549865679247,0.004038689542886255,6,0.8775407348658615,1.5980800016635044e-11,211,30696.8,-1.1397680485774009,1.268623324782794,0.9036516944654717,0.36553549865679247,0.03086461715075311,0.05563305137812135,-0.04752688729350115
7.07,reset_to_initial,0.8752342680012701,-0.4074489643358563,0.8914189797683183,0.0036779427913029364,0.365209365059622,0.00385784749703514,6,0.8787262594497104,1.6178350326079283e-11,231,33039.4,-1.1372508009677171,1.2649608525597251,0.8973005510133941,0.365209365059622,0.03143885719109159,0.06700805137812135,-0.04889935195463075
7.075,reset_to_initial,0.8740504502801527,-0.40865110288691264,0.8903152582132122,0.0035010314978050974,0.36465358343318743,0.0036779427913029364,6,0.8798874012532714,0.0003612910610469172,1500,184675.4,-1.1346016293608632,1.26126926538737,0.8908808725067786,0.36465358343318743,0.03203768782634511,0.07838305137812136,-0.050244303833151344
7.08,reset_to_initial,0.8728407001942584,-0.40990327010743294,0.8892066495596976,0.003335259445917317,0.3640087983546686,0.0035010314978050974,6,0.8811579548481998,4.3079831368864063e-11,655,93142.8,-1.1318660287815352,1.2575048184781372,0.8844095138257781,0.3640087983546686,0.03268133567077656,0.08975805137812136,-0.05155422224161316
7.085,reset_to_initial,0.8715972299873678,-0.41122192109186173,0.8880843522964151,0.003178461910678977,0.36323872243708455,0.003335259445917317,6,0.8824603181183558,2.4735270367677586e-05,1500,195272.8,-1.1290255335416985,1.2536676624645375,0.8780055805351494,0.36323872243708455,0.033403959656421775,0.10113305137812136,-0.051975833110569705
7.09,reset_to_initial,0.8703322402907213,-0.41261408099663405,0.8869639177954836,0.003029942640376683,0.362458831812432,0.003178461910678977,6,0.8838354565436302,3.512936469496353e-11,164,20383.9,-1.1261085868355531,1.249747254329104,0.8716515694622681,0.362458831812432,0.03421074919052373,0.11196013141563642,-0.05155738809144831
7.095,reset_to_initial,0.8690509050388842,-0.4140671335048422,0.8858492818125087,0.002889386133825729,0.3617033244046456,0.003029942640376683,6,0.8853189137465795,3.163801165495528e-11,118,15637.5,-1.1231187241977445,1.2457437678874455,0.8652277379140998,0.3617033244046456,0.0350725244205414,0.12217812543210164,-0.05110033860595136
7.1000000000000005,reset_to_initial,0.8677498977289516,-0.4155817551589036,0.8847359249339736,0.0027564382768705334,0.360969530736758,0.002889386133825729,6,0.8868885298311185,3.234525494666407e-11,111,19349.5,-1.1200483349171293,1.2416546527638992,0.858731485196458,0.360969530736758,0.03598806510801628,0.13182297046903546,-0.0506093183910801
7.105,reset_to_initial,0.8664258577419965,-0.4171583295830737,0.8836195054186876,0.0026307614763023193,0.36025497953027286,0.0027564382768705334,6,0.8885779130927608,3.337384535395671e-11,107,16184.6,-1.1168901138328546,1.2374783125128335,0.8521630169765075,0.36025497953027286,0.036956023382960675,0.1409280893395752,-0.05008908397049097
7.11,reset_to_initial,0.8650751271737037,-0.41879749437830965,0.8824956724637733,0.002512043302041224,0.3595575449722942,0.0026307614763023193,6,0.8903201267142191,3.820633739937129e-11,103,12408.3,-1.1136358962980175,1.233212244833053,0.8455193337886343,0.3595575449722942,0.03797539529622272,0.14952473657418297,-0.04954373065247997
7.115,reset_to_initial,0.8636938631754933,-0.4204998621691425,0.881360110446662,0.002399991246468565,0.35887535007280497,0.002512043302041224,6,0.8920993324383656,3.4115332087081285e-11,100,13615.5,-1.1102771622956873,1.2288539802146832,0.8387972789700666,0.35887535007280497,0.03904524882950128,0.15764216595501163,-0.04897715307419352
7.12,reset_to_initial,0.8622780311229563,-0.42226600232979905,0.8802085150389453,0.002294332077546736,0.3582067633487881,0.002399991246468565,6,0.8939012599068386,3.248539284794738e-11,97,13221.0,-1.1068050030770635,1.2244011049259995,0.8319935295447479,0.3582067633487881,0.040164702898616754,0.16530782870151248,-0.04839306612848912
7.125,reset_to_initial,0.8608233967899517,-0.42409642063755276,0.8790365710444293,0.002194811245432894,0.3575503979677835,0.002294332077546736,6,0.8957129756512818,3.244261456702979e-11,94,8366.7,-1.1032100873306248,1.219851287173181,0.8251045873668386,0.3575503979677835,0.04133290620502103,0.17254755375114877,-0.04779502132814578
7.13,reset_to_initial,0.8593255177976299,-0.42599153657138245,0.8778399318459192,0.00210119233845308,0.35690511338114145,0.002194811245432894,6,0.8975226795992685,3.4747805327528525e-11,91,12205.3,-1.0994826270412477,1.215202306863772,0.8181267703810524,0.35690511338114145,0.0425490154129834,0.17938571286444552,-0.04718641902407627
7.135,reset_to_initial,0.857779856256191,-0.42795144010082514,0.8766142825936792,0.0020132524903593366,0.35627000113284374,0.00210119233845308,6,0.8993338067602845,3.9340190827186206e-11,88,12235.3,-1.0956128006303307,1.2104527193215309,0.8110579619042554,0.35627000113284374,0.04381200446145767,0.18584535461518145,-0.04657070048403134
7.140000000000001,reset_to_initial,0.856181808230231,-0.4299758269086235,0.8753553532093467,0.0019307810053350374,0.35564441123263585,0.0020132524903593366,6,0.9011522129593298,3.4300274426302124e-11,86,10927.2,-1.0915908167366561,1.2056019413365324,0.8038975629085158,0.35564441123263585,0.04512063143964143,0.1919483562362502,-0.045951313422986445
7.1450000000000005,reset_to_initial,0.8545263272349062,-0.4320646293309487,0.8740586544062572,0.001853591733531175,0.35502801464166056,0.0019307810053350374,6,0.902941056609635,3.008047283481474e-11,84,10705.8,-1.087405492694029,1.200648381922902,0.7966411451137854,0.35502801464166056,0.04647392997823294,0.1977156092098381,-0.04533116769898094
7.15,reset_to_initial,0.8528081306035247,-0.4342175763287921,0.8727196046651731,0.0017815147044765237,0.3544207571838619,0.001853591733531175,7,0.9046914286707607,3.397779974045889e-11,81,10263.8,-1.0830450728751322,1.195590723727872,0.7892840780671532,0.3544207571838619,0.04787083669448519,0.20316709609625005,-0.04471303694783246
7.155,reset_to_initial,0.851021692589629,-0.4364341553888465,0.8713335183646138,0.0017143957284164804,0.3538228739842136,0.0017815147044765237,7,0.9063948399623974,3.809085685757552e-11,77,9708.6,-1.0784971998851027,1.1904279769953592,0.7818215200606048,0.3538228739842136,0.049310160749014766,0.20832200657676417,-0.04409955236423689
7.16,reset_to_initial,0.8491612388559872,-0.4387135704607644,0.8698955960086929,0.0016520960050807124,0.3532349067007394,0.0017143957284164804,7,0.908043125828957,3.539307735778152e-11,73,9157.6,-1.0737488883875241,1.1851595398603922,0.7742484089709055,0.3532349067007394,0.05079055065658304,0.21319884764059285,-0.043493193005384484
7.165,reset_to_initial,0.8472207428635927,-0.4410546956863347,0.8684009168385837,0.0015944917261034655,0.3526577235373325,0.0016520960050807124,7,0.9096283628158682,3.703706785707084e-11,73,9197.4,-1.0687865025095276,1.1797852654819527,0.7665594530976723,0.3526577235373325,0.05231045815543007,0.2178155487431484,-0.04289627247073887
7.17,reset_to_initial,0.845194460913548,-0.4434552527797503,0.8668448143686329,0.0015414553537676026,0.35209254993370037,0.0015944917261034655,7,0.9111599323201534,3.2228209684292963e-11,79,10181.3,-1.0635975474638337,1.1743075781053873,0.7587543131295221,0.35209254993370037,0.05386753649134356,0.2221895462652336,-0.04231129738273796
7.175,reset_to_initial,0.8430762442431499,-0.4459128516556514,0.8652223939619618,0.001492880093196293,0.3515410122988606,0.0015414553537676026,7,0.9126232174542308,3.272342639915049e-11,83,8832.1,-1.0581682199891203,1.1687285665384641,0.7508297069875914,0.3515410122988606,0.055459438420169954,0.22633791703155193,-0.041740302124323114
7.18,reset_to_initial,0.8408594744194888,-0.4484249853533522,0.8635284796818921,0.0014486812777563043,0.3510051387584197,0.001492880093196293,7,0.914002692020511,3.0398881328830285e-11,86,11194.2,-1.052483229284817,1.1630500029420323,0.7427794518606666,0.3510051387584197,0.05708378245789747,0.23027745376418385,-0.04118488363942503
7.1850000000000005,reset_to_initial,0.8385373126007566,-0.45098860030562626,0.8617577871867332,0.0014087869088873287,0.35048738162581067,0.0014486812777563043,7,0.9152908450338555,3.3149793673969974e-11,88,10975.9,-1.0465266418182129,1.1572744435396503,0.7345971297120345,0.35048738162581067,0.05873781858494727,0.2340247377113735,-0.04064638340434978
7.19,reset_to_initial,0.8361027162873261,-0.45360003021357076,0.8599049353429139,0.0013731369558430476,0.34999064991840684,0.0014087869088873287,7,0.916480149217818,3.207772936164588e-11,90,9296.3,-1.0402819010810487,1.1514053308950296,0.7262760811726562,0.34999064991840684,0.06041837995494836,0.23759622042043868,-0.040125852913234755
7.195,reset_to_initial,0.8335484625317825,-0.4562549261903145,0.8579644633304526,0.00134168253073539,0.3495183441275406,0.0013731369558430476,7,0.9175630413777544,3.828824063356606e-11,91,4430.6,-1.033731861592692,1.1454471034800533,0.7178094011770039,0.3495183441275406,0.06212183287681001,0.2410083008854475,-0.03962401437724314
7.2,reset_to_initial,0.8308671786575218,-0.45894818371099455,0.8559308540092464,0.0013143849101821883,0.3490743929440975,0.00134168253073539,7,0.9185319146655131,2.946753778487743e-11,93,5551.7,-1.0268588399719074,1.139405311986928,0.7091899369722525,0.3490743929440975,0.06384402583444364,0.24427739744210172,-0.03914121646200927
7.205,reset_to_initial,0.8280529765709888,-0.4616721315961098,0.8537997229799066,0.0012911575309504722,0.34866336374774065,0.0013143849101821883,7,0.9193814499300601,3.016053899684845e-11,94,6525.5,-1.019649639504888,1.133291121871074,0.7004209272897826,0.34866336374774065,0.06557901381890177,0.24741997993116027,-0.03867778834503217
7.21,reset_to_initial,0.8250985786061138,-0.4644198946218066,0.8515657440365733,0.0012719725046108701,0.34829035561615196,0.0012911575309504722,7,0.9201042081231295,4.006460267713674e-11,94,6054.4,-1.0120863790766357,1.1271126976186743,0.691494581398782,0.34829035561615196,0.0673215009219143,0.2504526523708227,-0.03823305287174019
7.215,reset_to_initial,0.8219967244485759,-0.4671836470903419,0.8492236631999753,0.0012568074388572062,0.347961087976827,0.0012719725046108701,7,0.9206927713551762,3.373234677694903e-11,95,11953.9,-1.004150977172125,1.1208796491257382,0.6824029162306301,0.347961087976827,0.06906554140710916,0.2533921834981107,-0.03780580661909052
7.22,reset_to_initial,0.8187402420599209,-0.4699545434017867,0.8467683543793615,0.0012456435639830801,0.3476819359601871,0.0012568074388572062,7,0.921139795638531,3.504168830104071e-11,95,12363.8,-0.9958253036980185,1.1146031524759015,0.6731377724708631,0.3476819359601871,0.07080450218306773,0.2562555429074393,-0.0373942585044838
7.2250000000000005,reset_to_initial,0.8153221311238001,-0.4727226529551156,0.8441948849720389,0.0012384635721799167,0.3474599635685881,0.0012456435639830801,7,0.9214380834426751,3.205694910912715e-11,95,12259.3,-0.9870913653958409,1.1082960670089645,0.6636908383928513,0.3474599635685881,0.0725310325455753,0.2590599253118889,-0.036995965083969365
7.23,reset_to_initial,0.8117356598975036,-0.4754769019045568,0.8414985920343838,0.0012352491495713006,0.34730295320355514,0.0012384635721799167,7,0.9215806781945246,4.064508105083853e-11,94,8506.7,-0.9779315284514657,1.101973044884293,0.6540536830689013,0.34730295320355514,0.07423704369544588,0.2618227609359786,-0.036607763480429205
7.235,reset_to_initial,0.8079753781048785,-0.4782043112556682,0.8386758295592729,0.0012359444841675074,0.34721943217017154,0.0012352491495713006,7,0.9215533594564159,3.7698068625080516e-11,96,11431.5,-0.9683314503254121,1.0956524428599197,0.6442223489642942,0.34721943217017154,0.07591320032236393,0.2645616303664883,-0.0362257466185747
7.24,reset_to_initial,0.8040374640749866,-0.4808900221923214,0.8357242318042457,0.0012404463246512357,0.3472186326458998,0.0012359444841675074,7,0.9213439521258238,3.1022783300582724e-11,102,15444.1,-0.958280943326388,1.0893563077780735,0.6341974435461806,0.3472186326458998,0.07754898836230041,0.26729414024541837,-0.035845120568596296
7.245,reset_to_initial,0.7999171144748441,-0.48351946223040576,0.8326408097880699,0.0012487066809984473,0.34731047169179463,0.0012404463246512357,7,0.9209651200713181,3.3029674481599436e-11,108,16404.5,-0.9477661933740723,1.0831049072710976,0.6239704168688764,0.34731047169179463,0.07913428941185627,0.27003809953563895,-0.03546006643563879
7.25,reset_to_initial,0.7956103285502467,-0.4860768923118066,0.8294232592607741,0.0012606636349504,0.34750557892008355,0.0012487066809984473,7,0.9204127265041401,3.2870647176386214e-11,115,17073.3,-0.9367750848717642,1.0769204520030011,0.6135329038575206,0.34750557892008355,0.08065835800081259,0.27281135482057867,-0.03506381813961918
7.255,reset_to_initial,0.7911140668892952,-0.4885454424170757,0.8260700841480229,0.0012762377202664224,0.34781527225454056,0.0012606636349504,7,0.9196837124811904,3.179716039081182e-11,123,18017.7,-0.9252976227881986,1.0708270711179457,0.6028768278469064,0.34781527225454056,0.08210989658467358,0.27563169361354517,-0.034648617431294805
7.26,reset_to_initial,0.7864264197105825,-0.4909071768685322,0.8225807268043714,0.00129532821468787,0.348251515577781,0.0012762377202664224,7,0.9187763340819168,3.1223234067678796e-11,132,19343.8,-0.9133263907541731,1.064850742373355,0.5919945233730898,0.348251515577781,0.08347715576079208,0.2785167203930826,-0.03420568139291058
7.265000000000001,reset_to_initial,0.7815467819621643,-0.49314319369019777,0.8189557026958308,0.0013178094439307078,0.3488268550352832,0.00129532821468787,7,0.9176904170205796,3.299891783437037e-11,142,19502.5,-0.900857038471181,1.0590191693781674,0.5808788791189543,0.3488268550352832,0.08474806082467681,0.2814837035396447,-0.03372518628989795
7.2700000000000005,reset_to_initial,0.7764789511757435,-0.49523245068095784,0.8151988672885503,0.001343412463925782,0.3495540287270876,0.0013178094439307078,7,0.9163988222466511,2.950148805802577e-11,154,21696.3,-0.8878971736611918,1.0533653694683083,0.5695349304129635,0.3495540287270876,0.08590938572480064,0.28454872145822757,-0.03319611255563316
7.275,reset_to_initial,0.7713067938529047,-0.49712182401220745,0.8113750212626056,0.0013676472196907721,0.3504603440013918,0.001343412463925782,7,0.915115546365615,8.159311420952164e-11,266,37572.1,-0.8748096736611918,1.0480690236186336,0.558971744033208,0.3504603440013918,0.08662344102894431,0.2877198251519792,-0.032551037309382774
7.28,reset_to_initial,0.7660625020488854,-0.4987935658108349,0.8075108586834719,0.0013892587452480412,0.3515677787804293,0.0013676472196907721,7,0.9139260112014801,7.8623040369874e-11,296,41238.8,-0.8617221736611917,1.0431725774723648,0.5494423633075615,0.3515677787804293,0.08681647964789721,0.2910046968165249,-0.0317565997329532
7.285,reset_to_initial,0.7607505707195471,-0.5002444047635334,0.8036121455636944,0.0014085867631447382,0.352892723808447,0.0013892587452480412,7,0.9128333856365329,8.56106713298388e-11,328,46502.1,-0.8486346736611917,1.0386588342569156,0.5408171753638414,0.352892723808447,0.08654140015291156,0.2944108533653609,-0.030799806437919682
7.29,reset_to_initial,0.7553755950538833,-0.5014712450793852,0.7996846183345676,0.0014259285035316607,0.35445035136631486,0.0014085867631447382,7,0.9118436398389836,7.734755717858643e-11,366,55974.4,-0.8355471736611917,1.034512498435382,0.5329732682608763,0.35445035136631486,0.08584704324690179,0.29794419501676783,-0.029667879238609612
7.295,reset_to_initial,0.7499422979751336,-0.5024711575371295,0.7957340006913532,0.0014415447651022553,0.3562545306015534,0.0014259285035316607,7,0.9109641248301845,7.456828210461452e-11,411,58585.4,-0.8224596736611917,1.03071995568691,0.5257934767495277,0.3562545306015534,0.08477868474130125,0.3016089570857564,-0.028348322556146457
7.3,reset_to_initial,0.744455571229,-0.5032413727687532,0.7917660275836658,0.001455664517492218,0.35831773935447886,0.0014415447651022553,7,0.9102024162157365,8.091460834691588e-11,467,59904.2,-0.8093721736611916,1.0272690915072464,0.5191655576485615,0.35831773935447886,0.08337846000138525,0.3054076560553286,-0.026829045746856406
7.305,reset_to_initial,0.738923116932694,-0.5037789240362821,0.7877880675651406,0.001468448402948165,0.36064786324064596,0.001455664517492218,7,0.909494277007797,6.826017355521241e-11,542,71352.1,-0.7962846736611916,1.0241491798122624,0.512954276271149,0.36064786324064596,0.08169886967526144,0.30933893205936647,-0.025101694524973607
7.3100000000000005,reset_to_initial,0.7333504984783418,-0.5040816606313533,0.7838059848779215,0.001480069884589215,0.3632533126132237,0.001468448402948165,7,0.9089116842776128,7.264184392896667e-11,647,85977.2,-0.7831971736611916,1.0213507029075224,0.5070556230133431,0.3632533126132237,0.07977628434567537,0.31340126457964385,-0.02315617970356535
7.315,reset_to_initial,0.7277436275954847,-0.5041476383759903,0.7798257308600755,0.001490678626269927,0.3661406633757014,0.001480069884589215,7,0.908456677300081,7.371030522063116e-11,811,106507.0,-0.7701096736611915,1.0188652730852303,0.5013689434421515,0.3661406633757014,0.07764485588274649,0.3175912457084895,-0.0209835478802588
7.32,reset_to_initial,0.7221088350296094,-0.5039751553276469,0.7758533701036071,0.0015004019191897158,0.3693144807300599,0.001490678626269927,7,0.9081287477207001,6.152229593825442e-11,1106,142404.4,-0.7570221736611915,1.0166855509652286,0.49579659403059584,0.3693144807300599,0.07533674236249045,0.3219035336473018,-0.01857626039012309
7.325,reset_to_initial,0.7164547231189831,-0.5035623605806798,0.7718953200236889,0.001508296445492087,0.3727588146261912,0.0015004019191897158,7,0.9079159401964477,0.00020367101860133477,1500,188009.4,-0.7439346736611915,1.0148128969047654,0.4902473054146029,0.3727588146261912,0.07287250477731917,0.32634796821834394,-0.01595506264564698
7.33,reset_to_initial,0.7107915910609506,-0.5029070041376427,0.7679608593276646,0.001516077763731534,0.37648297722913554,0.001508296445492087,7,0.9078221820029115,8.29517673323673e-05,1500,182798.3,-0.7308471736611915,1.0132329225791084,0.4845808320566866,0.37648297722913554,0.07024453065937925,0.3309319457869057,-0.013310689782050602
7.335,reset_to_initial,0.7051223951265471,-0.5020149089443365,0.7640554773434609,0.0015270598022288154,0.3805765334121919,0.001516077763731534,7,0.9078054912895233,9.20551135319414e-12,292,38131.0,-0.7177596736611914,1.0119073746562255,0.478698975221766,0.3805765334121919,0.0675080423897788,0.33544096080551694,-0.010614269566821924
7.34,reset_to_initial,0.6993982247466238,-0.500952482503771,0.760170994145662,0.0015737958629869833,0.38605054540049827,0.0015270598022288154,7,0.907750540856095,9.230255448855473e-12,273,35267.4,-0.7046721736611914,1.0104825593101325,0.47249085479847086,0.38605054540049827,0.06486316502210636,0.3375348264757325,-0.008083665165340538
7.345,reset_to_initial,0.6936280274035994,-0.4997087550851553,0.7563124578926846,0.0016535582761405335,0.39285657969903975,0.0015737958629869833,7,0.9076911313961561,9.098860553891086e-12,266,31221.5,-0.6915846736611914,1.0089868009287182,0.46592861518127465,0.39285657969903975,0.06232544123779302,0.33730561493716,-0.005740176415621667
7.3500000000000005,reset_to_initial,0.6878217837045162,-0.4982738139849069,0.752486392444635,0.0017634978490472589,0.40093893779926854,0.0016535582761405335,7,0.9076228755910997,9.580322646307593e-12,258,32655.3,-0.6784971736611913,1.0074491107755603,0.45898139439583874,0.40093893779926854,0.05991326481500429,0.3348471513100776,-0.003605285071365866
7.355,reset_to_initial,0.6819905732027652,-0.496639044071084,0.7487006037035605,0.0018237472067897734,0.41023466717032236,0.0017634978490472589,7,0.9075573290601336,9.008110229968835e-12,252,31895.5,-0.6654096736611913,1.0058990085379604,0.4516162446315085,0.41023466717032236,0.05764753760921173,0.330254763822387,-0.00170048046307479
7.36,reset_to_initial,0.6761465961863945,-0.4947973539941608,0.7449639536273684,0.0018337237666258069,0.42067357700214986,0.0018237472067897734,7,0.90751900685077,9.317512039697107e-12,250,31522.5,-0.6523221736611913,1.004366376488775,0.4437992280753911,0.42067357700214986,0.05555115559285623,0.3236252731205082,-4.706912857792311e-05
7.365,reset_to_initial,0.6703166076135305,-0.4927394005485983,0.741290630425224,0.0018434021165169082,0.4320485770021499,0.0018337237666258069,7,0.9075234972706485,1.2205535193654526e-11,987,128994.3,-0.6392346736616552,1.0029180940783908,0.43544493870717044,0.4320485770021499,0.05364448259452453,0.3153128664673246,0.0012956905385232444
7.37,reset_to_initial,0.66454001248088,-0.4905130248233666,0.737660850166437,0.0018531816491788936,0.4434235770021499,0.0018434021165169082,7,0.9070127839522523,0.0,58,7476.5,-0.6261471736646596,1.001916175182487,0.42714568993898383,0.4434235770021499,0.05175145527625778,0.30576002249604917,0.002532946296690819
7.375,reset_to_initial,0.6588509060496057,-0.488157442402557,0.7340495068574832,0.001863568390421462,0.4539157952817233,0.0018531816491788936,7,0.9055417098623745,0.0,30,3953.6,-0.6130596736646595,1.0016959663528193,0.41936502114791874,0.4539157952817233,0.04971418346670759,0.29551301039901023,0.003824608062010621
7.38,reset_to_initial,0.6532771884625189,-0.4856870133133399,0.7304418643341007,0.001874533305080868,0.4629677483848597,0.001863568390421462,7,0.9028534320726667,7.641283439330238e-13,30,3948.9,-0.5999721736646595,1.0024535991792778,0.41220730954156243,0.4629677483848597,0.04746928572488824,0.2851199796131701,0.005194277663624004
7.385,reset_to_initial,0.6478176180863664,-0.48309829416516353,0.7268314339210659,0.0018862569034229573,0.47060105410237335,0.001874533305080868,7,0.8989294467460945,4.2126024890620783e-14,39,5139.8,-0.5868846736646595,1.0041781459744084,0.4055539141939244,0.47060105410237335,0.045053985220330224,0.2745940372158104,0.006610762567459735
7.390000000000001,reset_to_initial,0.6424480021567878,-0.4803665603730358,0.7232305059291659,0.0018990017302748866,0.4774592256723449,0.0018862569034229573,7,0.8940923326962769,3.338346959980143e-12,187,23188.1,-0.5737971736646594,1.0066339988520319,0.39901034817668857,0.4774592256723449,0.042645778808782474,0.26338408632255506,0.007967328536773404
7.3950000000000005,reset_to_initial,0.6371631892634589,-0.4773858571339706,0.7197079054062451,0.0019108043257801202,0.48456563943951414,0.0018990017302748866,6,0.889292779071089,7.083878622582418e-12,373,46372.8,-0.5607096736648347,1.0093659909714063,0.3914171434472736,0.48456563943951414,0.040822782877510295,0.25200908632255503,0.008886092937658636
7.4,reset_to_initial,0.6319830399386531,-0.47415826325925703,0.7162732731941597,0.0019213067152724986,0.4918420525494624,0.0019108043257801202,6,0.8845127160474656,7.362482151718197e-12,338,42069.7,-0.5476221736650024,1.0123813929214427,0.3826729277335246,0.4918420525494624,0.039625082445579704,0.24063408632255504,0.00930646362380296
7.405,reset_to_initial,0.6269146815444175,-0.4708361334845647,0.7128678772569575,0.001979415646186068,0.49802991749581754,0.0019213067152724986,6,0.8787143153768897,1.3238160567752288e-12,15,2163.6,-0.5345346736652774,1.0161003486241744,0.37385627665070786,0.49802991749581754,0.038489661960794244,0.22925908632255504,0.009585115985162313
7.41,reset_to_initial,0.6219516096848555,-0.46748461200591995,0.709453026804059,0.002107780998574789,0.5025392819507115,0.001979415646186068,6,0.8714970705234979,4.440892098500626e-16,15,2078.1,-0.5214471736654159,1.0207323118618084,0.36546923326387887,0.5025392819507115,0.03714451107859882,0.21788408632255504,0.009895242379303745
7.415,reset_to_initial,0.6170926503540187,-0.46409534005700914,0.7060219399270438,0.0023038078082619,0.5053755790300316,0.002107780998574789,6,0.8628200243327411,0.0,14,1954.0,-0.5083596736658161,1.0262833628465378,0.3574227825517855,0.5053755790300316,0.03562223163805559,0.20650908632255505,0.010209661218972871
7.42,reset_to_initial,0.6123376937464772,-0.46065972418253753,0.7025688902962188,0.00238876917465778,0.506531850070298,0.0023038078082619,6,0.8526357348523826,0.0,14,1930.0,-0.4952721736660807,1.0327653830144965,0.3496347449500821,0.506531850070298,0.03395312024826497,0.19513408632255505,0.010499146995992487
7.425,reset_to_initial,0.6076876756513282,-0.45716908640721265,0.6990890170365469,0.002374969981311599,0.5059867921556854,0.00238876917465778,6,0.8408872180197713,4.440892098500626e-16,14,1966.8,-0.4821846736662345,1.0401968149579763,0.34202829306287275,0.5059867921556854,0.03216565543000429,0.18375908632255505,0.010732471566868804
7.43,reset_to_initial,0.6031445725198104,-0.45361477436975006,0.6955781854765691,0.0023658128786227875,0.5037026903647382,0.002374969981311599,6,0.8275049913056314,0.0,14,1957.7,-0.4690971736662883,1.0486035066332595,0.33453044838090684,0.5037026903647382,0.030287091990540322,0.17238408632255506,0.01087636737600105
7.4350000000000005,reset_to_initial,0.5987132857692995,-0.4499904508985697,0.6920332401230407,0.0023616099699725127,0.49961088830301315,0.0023658128786227875,6,0.8123683411903252,4.440892098500626e-16,13,1827.9,-0.4560096736664632,1.058021114416691,0.32706333995959774,0.49961088830301315,0.028350534706347522,0.16100908632255506,0.010895543141416374
7.44,reset_to_initial,0.5944045681132357,-0.44629661639777846,0.6884499046951061,0.0023626614928575,0.4934973131048588,0.0023616099699725127,6,0.7952699176047117,4.796163466380676e-13,8,1217.0,-0.44292217366646325,1.0685233035365487,0.31956700758667156,0.4934973131048588,0.026382769386875265,0.14981974861322775,0.010758461733789774
7.445,reset_to_initial,0.5902460527953434,-0.44255856029506846,0.6848103083568403,0.002368993029596096,0.4844154889105332,0.0023626614928575,6,0.7756745545937209,1.6939540048444002e-12,8,1188.9,-0.4298346736664632,1.0803689501051972,0.3121532406872609,0.4844154889105332,0.024311775406171708,0.14020386653232564,0.010463887650342592
7.45,reset_to_initial,0.5861561902124741,-0.438833545609645,0.6811768204014301,0.0024955257478134277,0.473293003800842,0.002368993029596096,6,0.7544244071063597,0.0,2,468.9,-0.4167471736664632,1.0930107528158557,0.3045854677168282,0.473293003800842,0.022281382490857014,0.13188190680749493,0.010049086589915875
7.455,reset_to_initial,0.5819899447197903,-0.4352244543209603,0.6776564369733364,0.0029299866465763783,0.46191800380084197,0.0024955257478134277,6,0.7332011159760902,0.0,16,2257.2,-0.40365967366694055,1.105440006733288,0.29655380873007664,0.46191800380084197,0.02050154048077718,0.12426784340858904,0.009636150592412391
7.46,reset_to_initial,0.5777373219966395,-0.43172511089445154,0.6742548692970343,0.003669877750145746,0.45054300380084195,0.0029299866465763783,6,0.7121707136901655,0.0,18,2473.1,-0.39057217366786107,1.1175754819110073,0.2879927113289888,0.45054300380084195,0.01901785898648516,0.11712992780900677,0.009225968466875874
7.465,reset_to_initial,0.5733992450903962,-0.4283337899865763,0.670968083275571,0.004701932059179938,0.4391680038008419,0.003669877750145746,5,0.6913117122131323,0.0,19,2596.7,-0.3774846736687203,1.129431833641669,0.2789078732260262,0.4391680038008419,0.01783537053820667,0.11044042933196509,0.00882728462914287
7.47,reset_to_initial,0.5689794459525594,-0.42505147496541423,0.6677936188196391,0.006012326149481141,0.4277930038008419,0.004701932059179938,5,0.6705413380181342,0.0,20,2773.8,-0.3643971736693477,1.1410188595605542,0.26927697466062417,0.4277930038008419,0.01698076336389964,0.10415505892482067,0.008449668031842779
7.4750000000000005,reset_to_initial,0.5644794300192287,-0.4218773747326472,0.6647284046390929,0.007587178756184955,0.4164180038008419,0.006012326149481141,5,0.6498736315736319,0.0,20,2755.8,-0.3513096736703944,1.1523487407822206,0.25909223510273194,0.4164180038008419,0.01646905415618074,0.09824194634981559,0.008104092913638967
7.48,reset_to_initial,0.5599774587385348,-0.41881131143806033,0.6617964224148597,0.009342486867075402,0.40504300380084185,0.007587178756184955,4,0.6295665781626572,0.0,2,473.0,-0.33852700667916846,1.1634460430453433,0.2491380608082518,0.40504300380084185,0.015961005841024792,0.09286181126119793,0.007779826561223523
7.485,reset_to_initial,0.5554794092308275,-0.41584914124914774,0.6589931028080244,0.011258309387477995,0.3936680038008418,0.009342486867075402,4,0.6096023196955165,0.0,2,475.3,-0.3260436203234916,1.174320558208937,0.23941092266363714,0.3936680038008418,0.015456494032424689,0.08799081872144641,0.0074751990103883335
7.49,reset_to_initial,0.5509903034278985,-0.4129868041364487,0.6563138989446926,0.013316222850584987,0.3822930038008418,0.011258309387477995,4,0.5899635463246056,0.0,2,495.8,-0.3138526470681463,1.1849815957849055,0.2299038277212889,0.3822930038008418,0.014956829512156945,0.08360550166478353,0.0071887383076512
7.495,reset_to_initial,0.5465146923230068,-0.4102203500307928,0.6537544186231358,0.01549905032328009,0.3709180038008418,0.013316222850584987,4,0.5706346132098791,0.0,2,492.8,-0.3019473462644609,1.1954380551665054,0.22060998426673317,0.3709180038008418,0.014463171022089159,0.07968356655259261,0.006919086247244159
7.5,reset_to_initial,0.5420566920547092,-0.40754594472270983,0.6513104231994512,0.017790866759835995,0.35954300380084175,0.01549905032328009,4,0.5516015225515725,0.0,2,484.7,-0.29032110479678336,1.2056984407930302,0.21152279444015215,0.35954300380084175,0.013976537267447955,0.07620383916987446,0.00666498955140923
7.505,reset_to_initial,0.5376342278224935,-0.4049646313858617,0.6489821269076814,0.020167312498990682,0.34816800380084173,0.017790866759835995,3,0.5327790496721813,0.0,2,493.0,-0.2789997680804824,1.2157648595385342,0.2026732532398161,0.34816800380084173,0.013498094011309922,0.07313591047241605,0.006425122397003125
7.51,reset_to_initial,0.5332506208907082,-0.4024725446231168,0.6467651045084981,0.02261451158752318,0.3367930038008417,0.020167312498990682,3,0.5142474150498647,0.0,2,473.9,-0.26797574093123905,1.225645243194929,0.19405379579623988,0.3367930038008417,0.013028569159934585,0.07046119101638605,0.006198442155110567
7.515000000000001,reset_to_initial,0.5289069691099223,-0.40006379880204446,0.6446649271058772,0.02512133273624543,0.32567287145546514,0.02261451158752318,3,0.4962231235058631,-0.050973530924682375,1,347.6,-0.2572613444233399,1.2352476596831063,0.1856596182530046,0.32567287145546514,0.012572569239336874,0.06799504933081255,0.005981496679681697
7.5200000000000005,reset_to_initial,0.5246056497861955,-0.3977337676361913,0.6426828990865815,0.02767642079096206,0.3149729952083516,0.02512133273624543,3,0.47884388593122323,-0.13502475057728613,1,346.0,-0.2468598488608676,1.2445139915941976,0.1774847134049629,0.3149729952083516,0.012132529315960082,0.06561522260423411,0.005772144295892838
7.525,reset_to_initial,0.520350386363165,-0.3954795576732212,0.6408132334482287,0.030268217735892368,0.3046786660960618,0.02767642079096206,1,0.46208700595866914,-0.21613417754204844,1,352.9,-0.23676030271073212,1.2534560018884007,0.1695214067077831,0.3046786660960618,0.01170789078990148,0.06331868981308592,0.005570119245536589
7.53,reset_to_initial,0.5161444153496612,-0.39329836394281675,0.6390503670846304,0.03288642332142972,0.29477568996887704,0.030268217735892368,1,0.4459307325198723,-0.2944047745630449,1,454.6,-0.22695213774350173,1.2620850418223066,0.16176229222618496,0.29477568996887704,0.011298114612254927,0.06110253566962791,0.005375165071942808
7.535,reset_to_initial,0.5119959359195253,-0.3911891504106,0.6373900632383429,0.03551798661001302,0.28524481363552645,0.03288642332142972,1,0.43032267425805354,-0.36882473332987753,1,363.1,-0.217436267291359,1.2704120653585258,0.15421355724092428,0.28524481363552645,0.010902680600826005,0.05896394692119093,0.005187034294424809
7.54,reset_to_initial,0.5079181466009028,-0.38915253887227097,0.6358291967421154,0.03814689254155985,0.27606190526247704,0.03551798661001302,1,0.4152130370534541,-0.43841832539011705,1,354.1,-0.20822467772777342,1.2784476430709775,0.1468944984874263,0.27606190526247704,0.010521086779797094,0.056900208778949246,0.005005488094119941
7.545,reset_to_initial,0.5039128076039746,-0.38718574043736614,0.6343624480738932,0.04076602432899679,0.26721478597111825,0.03814689254155985,0,0.4006481504183598,-0.5055761417282483,1,347.2,-0.19930671922164547,1.2862019755634932,0.13979707729757934,0.26721478597111825,0.010152848742504196,0.05490870147168602,0.004830296010825743
7.55,reset_to_initial,0.49998131339767177,-0.38528607790846375,0.6329847321379584,0.04336920293100536,0.25869170314359097,0.04076602432899679,0,0.3866084961896027,-0.5703834344945453,1,360.6,-0.19067211468596415,1.293684906418771,0.1329135363566556,0.25869170314359097,0.00979749903651655,0.05298689692017701,0.004661235650446842
7.555,reset_to_initial,0.49612472642739525,-0.3834509825209315,0.6316911934109186,0.04595109154028638,0.2504813155036611,0.04336920293100536,0,0.3730754424500088,-0.6329224720140214,1,350.8,-0.18231094673176382,1.300905934694114,0.12623638985594274,0.2504813155036611,0.00945458657023847,0.05113235552797082,0.004498092402681202
7.5600000000000005,reset_to_initial,0.4923438083587824,-0.38167799039517614,0.6304772004901226,0.04850710768984185,0.24257267871976268,0.04595109154028638,0,0.3600312336054453,-0.6932726432203167,1,352.3,-0.17421364507869264,1.30787422697982,0.11975841399003341,0.24257267871976268,0.009123676040280124,0.049342723084491835,0.00434065916858736
7.565,reset_to_initial,0.4886390489954383,-0.3799647388034271,0.6293383401582154,0.0510333428673174,0.23495523151193465,0.04850710768984185,0,0.34745898214162835,-0.7515105584343911,1,348.1,-0.1663709744062111,1.3145986290355263,0.11347263778670948,0.23495523151193465,0.00880434737887032,0.04761572777653462,0.004188736097686802
7.57,reset_to_initial,0.48502277074713995,-0.3783124211690554,0.6282722700562875,0.053517515311350496,0.22760689834679454,0.0510333428673174,0,0.33527425801711186,-0.8053333669719773,1,204.7,-0.15879779042643852,1.3210876770192828,0.1074008556135084,0.22760689834679454,0.008496195220609858,0.04594917730435591,0.004042130334267764
7.575,reset_to_initial,0.4815008242251505,-0.3767204251622625,0.6272756235019606,0.05595245355365359,0.22051231650097528,0.053517515311350496,0,0.3234988718720777,-0.856083630836149,1,433.2,-0.15149654856887607,1.3273496083236078,0.10154984263587108,0.22051231650097528,0.008198828387888513,0.04434095609870345,0.0039006557725683923
7.58,reset_to_initial,0.4780726553819311,-0.37518643693003767,0.626344225039522,0.05833607477931919,0.21366260467830064,0.05595245355365359,0,0.3121525103279235,-0.8351808004748276,1,362.6,-0.14445773085924637,1.3333923720322816,0.09591187193195277,0.21366260467830064,0.007911869394312415,0.04278902263524883,0.0037641328205284988
7.585,reset_to_initial,0.47473752230533944,-0.37370824458065544,0.625474118120549,0.06066674691436697,0.20704919242796058,0.05833607477931919,0,0.3012196741382766,-0.8139435967149948,1,394.2,-0.13767215245237183,1.3392236390111516,0.09047948702217332,0.20704919242796058,0.00763495396551148,0.04129140684301512,0.0036323881718100014
7.59,reset_to_initial,0.47149451700880557,-0.37228373291273814,0.6246615568993282,0.06294323368605337,0.2006638092649234,0.06066674691436697,0,0.29068573259423536,-0.7934152916721653,1,354.0,-0.13113094997265598,1.3448508116457614,0.08524549240373785,0.2006638092649234,0.007367730576718578,0.03984620760350959,0.0035052545857966514
7.595,reset_to_initial,0.4683425854122719,-0.37091087839876974,0.6239029979603875,0.06516464568855884,0.19449847417113345,0.06294323368605337,0,0.2805369261947129,-0.7735710738912442,1,354.7,-0.12482557026264827,1.3502810332381596,0.08020294441644933,0.19449847417113345,0.007109860006533427,0.03845159033738676,0.0033825706752937685
7.6000000000000005,reset_to_initial,0.46528054563965293,-0.36958774442572806,0.6231950920359915,0.06733039685345249,0.1885454854641671,0.06516464568855884,0,0.27076037119458346,-0.7543870003180648,1,354.9,-0.11874775952540895,1.355521197074824,0.07534514242821763,0.1885454854641671,0.006861014906304757,0.03710578467557822,0.0032641807016584867
7.605,reset_to_initial,0.46232701683298666,-0.36831787908140917,0.6225369435783078,0.06942522011516367,0.18277840495557227,0.06733039685345249,0,0.2612325060172201,-0.7320387529227015,1,361.1,-0.11292756497671763,1.360577955177205,0.07071123488486761,0.18277840495557227,0.006620879384584091,0.03580708221193298,0.0031499343771004395
7.61,reset_to_initial,0.459480126280686,-0.3670992766951672,0.6219252191949769,0.07144935679095943,0.17719072585840592,0.06942522011516367,0,0.2520568555619937,-0.7102482301224529,1,365.7,-0.10735597004997516,1.3654577267460029,0.06629338548082842,0.17719072585840592,0.006389148606123648,0.03455383433451533,0.003039686673901924
7.615,reset_to_initial,0.4567379175992474,-0.36593002008481035,0.6213567865678212,0.07340326141878395,0.17177616912326807,0.07144935679095943,0,0.24322020406903538,-0.6889959115564892,1,363.1,-0.10202427375841332,1.3701667063098928,0.06208403218122416,0.17177616912326807,0.00616552840490932,0.03334445013280729,0.002933297640315357
7.62,reset_to_initial,0.45409836519497326,-0.3648082754883207,0.6208287047098346,0.07528757070803344,0.16652867546748773,0.07340326141878395,0,0.23471026413571186,-0.6682629600766115,1,356.8,-0.09692407964980078,1.3747108715890466,0.05807587762239962,0.16652867546748773,0.005949734910737493,0.03217739437815904,0.002830632222904319
7.625,reset_to_initial,0.4515593873630823,-0.36373228785038153,0.6203382144475489,0.07710307623367757,0.1614423976832874,0.07528757070803344,0,0.2265156923084274,-0.6480311978348061,1,356.5,-0.09204728514773432,1.37909599108343,0.05426187984842752,0.1614423976832874,0.005741494188861681,0.031051185574923472,0.002731560095102668
7.63,reset_to_initial,0.4491188581298336,-0.3627003764400987,0.6198827291552463,0.0788507004329908,0.15651169321516173,0.07710307623367757,0,0.21862610688516518,-0.6282830832077408,1,358.9,-0.08738607126598483,1.3833276313955098,0.050635243371838015,0.15651169321516173,0.005540541892251522,0.02996439407980115,0.0026359554917740747
7.635,reset_to_initial,0.446781802023249,-0.3617128179019873,0.6194604542484302,0.08052606982014948,0.15172439380600825,0.0788507004329908,0,0.21099149512464377,-0.6076570503209218,1,367.1,-0.082946339064921,1.387411164296667,0.04720554620571844,0.15172439380600825,0.005346622926022719,0.02891564028700811,0.0025436970495619823
7.640000000000001,reset_to_initial,0.4445602509919212,-0.36077176061316246,0.6190702317087857,0.08211960810215896,0.14706203792979114,0.08052606982014948,0,0.2035632399163359,-0.584772762816661,1,351.3,-0.0787472213836624,1.3913517735462837,0.04399815711173466,0.14706203792979114,0.005159491123611924,0.027903592876962827,0.002454667652827313
7.6450000000000005,reset_to_initial,0.4424514339764903,-0.35987550494559295,0.6187096707084154,0.08363294232631874,0.14252025256285764,0.08211960810215896,0,0.19641489630420136,-0.562263305911211,1,345.6,-0.07478029671401584,1.3951544614721638,0.04100529530736189,0.14252025256285764,0.004978908934285506,0.026926967126269127,0.0023687542849783567
7.65,reset_to_initial,0.44045258045532254,-0.35902242280244673,0.6183765505408804,0.08506775897543273,0.1380948177373828,0.08363294232631874,0,0.18953576410170708,-0.5401155605336121,1,353.3,-0.07103743830057489,1.3988240553206381,0.03821945233746375,0.1380948177373828,0.004804647121585514,0.02598452327684971,0.0022858478850041144
7.655,reset_to_initial,0.4385609282351047,-0.35821095357624155,0.6180688105210199,0.08642578956042374,0.13378166118441562,0.08506775897543273,0,0.18291624149425642,-0.518316866780389,1,352.7,-0.06751080382437237,1.4023652133844158,0.03563338254283364,0.13378166118441562,0.004636484472330021,0.025075064962159967,0.00220584320902897
7.66,reset_to_initial,0.4367737303405865,-0.3574396004143067,0.6177845403254232,0.08770879812653587,0.12957685316441828,0.08642578956042374,0,0.17654785950718332,-0.4968550078446887,1,348.5,-0.06419282544760492,1.4057824309159612,0.03324009386233716,0.12957685316441828,0.004474207515798471,0.02419743768848437,0.0021286386967129564
7.665,reset_to_initial,0.43508826108295506,-0.35670692676520294,0.6175219707714815,0.08891857043394058,0.12547660147873685,0.08770879812653587,0,0.17042331897510637,-0.4757181945078981,1,349.3,-0.06107620020679232,1.4090800458339026,0.031032838956979638,0.12547660147873685,0.0043176102527455245,0.023350527369387416,0.002054136342328003
7.67,reset_to_initial,0.4335154874508415,-0.35601504688707947,0.617280364087859,0.08998434642706493,0.1214646948692696,0.08891857043394058,0,0.16444505975367504,-0.4523846928939179,1,359.1,-0.05817898431497751,1.412262244229716,0.02903523093199286,0.1214646948692696,0.004166493893899431,0.022533258911458857,0.001982241570346523
7.675,reset_to_initial,0.4320592138559373,-0.35536425101850033,0.6170585227319999,0.09088402956204311,0.11753176348219242,0.08998434642706493,0,0.15865285310929791,-0.42806067127726033,1,352.8,-0.05550605399725879,1.4153330656816758,0.02725499880933969,0.11753176348219242,0.004020666607612951,0.021744594849557798,0.0019128631153843949
7.68,reset_to_initial,0.4307162461405472,-0.35475307638218984,0.6168548938251653,0.09171163781135933,0.11367504318472166,0.09088402956204311,0,0.15308418836428223,-0.4039735753277728,1,345.6,-0.053049559258542774,1.4182964083828171,0.025684534432438455,0.11367504318472166,0.003879943276346498,0.020983534029823274,0.0018459129063459411
7.6850000000000005,reset_to_initial,0.42948344277064615,-0.3541801179784479,0.6166680598004748,0.09246900744662828,0.10989186658872109,0.09171163781135933,0,0.14773045235433874,-0.3801151126471024,1,350.4,-0.050801924853564405,1.4211560340894185,0.02431649593018786,0.10989186658872109,0.0037441452616743705,0.02024911033877946,0.0017813059546238333
7.69,reset_to_initial,0.42835771788121585,-0.35364402551290913,0.6164967290222767,0.09315797086752148,0.10617965966463926,0.09246900744662828,0,0.14258436006972572,-0.35647728107084475,1,348.0,-0.048755840670642835,1.423915572896289,0.02314379839697511,0.10617965966463926,0.0036131001775157674,0.01954039147692218,0.0017189602462119992
7.695,reset_to_initial,0.4273360437897397,-0.3531435005530511,0.6163397269386016,0.09378035054133216,0.102535938473959,0.09315797086752148,0,0.1376400092668386,-0.3330523585103432,1,345.4,-0.04690425245200608,1.4265785278449188,0.022159604898883876,0.102535938473959,0.0034866416713027156,0.018856477775229905,0.0016587966375945793
7.7,reset_to_initial,0.4273360437897397,-0.3531435005530511,0.6163397269386016,0.09378035054133216,0.102535938473959,0.09378035054133216,0,0.13771660491759055,-0.3098328931500466,1,350.0,-0.04690425245200608,1.4265785278449188,0.022159604898883876,0.102535938473959,0.0034866416713027156,0.018856477775229905,0.0016587966375945793
